pos	n_partitions	T_obs	null_q95	empirical_p	licensed	shuffleable_frac	enough_pooled_depth	top	feasible_0.005	feasible_0.01	feasible_0.02	feasible_0.05	feasible_0.1	per_cluster	sample
588	9	4.7252587159526793e-07	1.3251289614384907e-06	0.74	False	1.0	True	sub8	False	True	True	True	True	"{""sub1"": {""vaf"": 0.00991, ""n"": 1086, ""pooled_depth"": 19353.0, ""callable"": true}, ""sub2"": {""vaf"": 0.00987, ""n"": 953, ""pooled_depth"": 17208.0, ""callable"": true}, ""sub3"": {""vaf"": 0.00846, ""n"": 769, ""pooled_depth"": 4617.0, ""callable"": false}, ""sub4"": {""vaf"": 0.00952, ""n"": 856, ""pooled_depth"": 17147.0, ""callable"": true}, ""sub5"": {""vaf"": 0.00972, ""n"": 636, ""pooled_depth"": 13924.0, ""callable"": true}, ""sub6"": {""vaf"": 0.00985, ""n"": 408, ""pooled_depth"": 8113.0, ""callable"": true}, ""sub7"": {""vaf"": 0.00967, ""n"": 366, ""pooled_depth"": 2027.0, ""callable"": true}, ""sub8"": {""vaf"": 0.00992, ""n"": 324, ""pooled_depth"": 6212.0, ""callable"": true}, ""sub9"": {""vaf"": 0.00848, ""n"": 227, ""pooled_depth"": 1063.0, ""callable"": false}}"	cll9_2
598	9	7.709643003035017e-07	9.158466732241567e-07	0.14	False	1.0	True	sub7	False	True	True	True	True	"{""sub1"": {""vaf"": 0.0049, ""n"": 1087, ""pooled_depth"": 18885.0, ""callable"": false}, ""sub2"": {""vaf"": 0.00481, ""n"": 952, ""pooled_depth"": 16980.0, ""callable"": false}, ""sub3"": {""vaf"": 0.00557, ""n"": 771, ""pooled_depth"": 4585.0, ""callable"": false}, ""sub4"": {""vaf"": 0.00452, ""n"": 856, ""pooled_depth"": 16839.0, ""callable"": false}, ""sub5"": {""vaf"": 0.00532, ""n"": 637, ""pooled_depth"": 13521.0, ""callable"": false}, ""sub6"": {""vaf"": 0.00584, ""n"": 408, ""pooled_depth"": 7895.0, ""callable"": false}, ""sub7"": {""vaf"": 0.00766, ""n"": 363, ""pooled_depth"": 1996.0, ""callable"": true}, ""sub8"": {""vaf"": 0.00432, ""n"": 324, ""pooled_depth"": 6125.0, ""callable"": false}, ""sub9"": {""vaf"": 0.00429, ""n"": 227, ""pooled_depth"": 1057.0, ""callable"": false}}"	cll9_2
685	9	2.8902015601374164e-07	9.250264279900369e-07	0.815	False	1.0	True	sub9	False	True	True	True	True	"{""sub1"": {""vaf"": 0.0057, ""n"": 1087, ""pooled_depth"": 16889.0, ""callable"": false}, ""sub2"": {""vaf"": 0.00532, ""n"": 952, ""pooled_depth"": 14878.0, ""callable"": false}, ""sub3"": {""vaf"": 0.00586, ""n"": 756, ""pooled_depth"": 4168.0, ""callable"": false}, ""sub4"": {""vaf"": 0.00548, ""n"": 856, ""pooled_depth"": 14823.0, ""callable"": false}, ""sub5"": {""vaf"": 0.00504, ""n"": 632, ""pooled_depth"": 12189.0, ""callable"": false}, ""sub6"": {""vaf"": 0.00504, ""n"": 411, ""pooled_depth"": 6838.0, ""callable"": false}, ""sub7"": {""vaf"": 0.00578, ""n"": 346, ""pooled_depth"": 1691.0, ""callable"": false}, ""sub8"": {""vaf"": 0.00585, ""n"": 323, ""pooled_depth"": 5378.0, ""callable"": false}, ""sub9"": {""vaf"": 0.0061, ""n"": 219, ""pooled_depth"": 851.0, ""callable"": false}}"	cll9_2
686	9	1.4637851083018544e-06	1.7532630745313303e-06	0.13	False	1.0	True	sub7	False	True	True	True	True	"{""sub1"": {""vaf"": 0.00956, ""n"": 1090, ""pooled_depth"": 17819.0, ""callable"": true}, ""sub2"": {""vaf"": 0.00848, ""n"": 954, ""pooled_depth"": 15710.0, ""callable"": true}, ""sub3"": {""vaf"": 0.00996, ""n"": 765, ""pooled_depth"": 4422.0, ""callable"": true}, ""sub4"": {""vaf"": 0.00992, ""n"": 857, ""pooled_depth"": 15654.0, ""callable"": true}, ""sub5"": {""vaf"": 0.01052, ""n"": 632, ""pooled_depth"": 12841.0, ""callable"": true}, ""sub6"": {""vaf"": 0.01024, ""n"": 411, ""pooled_depth"": 7233.0, ""callable"": true}, ""sub7"": {""vaf"": 0.01069, ""n"": 352, ""pooled_depth"": 1828.0, ""callable"": true}, ""sub8"": {""vaf"": 0.00784, ""n"": 323, ""pooled_depth"": 5651.0, ""callable"": false}, ""sub9"": {""vaf"": 0.00949, ""n"": 223, ""pooled_depth"": 916.0, ""callable"": true}}"	cll9_2
735	9	1.0004782026771759e-06	1.112887369431856e-06	0.085	False	1.0	True	sub3	False	True	True	True	True	"{""sub1"": {""vaf"": 0.00771, ""n"": 1095, ""pooled_depth"": 22187.0, ""callable"": false}, ""sub2"": {""vaf"": 0.00694, ""n"": 953, ""pooled_depth"": 19209.0, ""callable"": false}, ""sub3"": {""vaf"": 0.00901, ""n"": 807, ""pooled_depth"": 5539.0, ""callable"": true}, ""sub4"": {""vaf"": 0.00816, ""n"": 857, ""pooled_depth"": 19662.0, ""callable"": true}, ""sub5"": {""vaf"": 0.00806, ""n"": 642, ""pooled_depth"": 16213.0, ""callable"": true}, ""sub6"": {""vaf"": 0.0073, ""n"": 410, ""pooled_depth"": 9014.0, ""callable"": false}, ""sub7"": {""vaf"": 0.0077, ""n"": 378, ""pooled_depth"": 2363.0, ""callable"": false}, ""sub8"": {""vaf"": 0.00612, ""n"": 326, ""pooled_depth"": 6798.0, ""callable"": false}, ""sub9"": {""vaf"": 0.00806, ""n"": 226, ""pooled_depth"": 1208.0, ""callable"": true}}"	cll9_2
826	9	5.482910114637662e-07	1.2348104501082654e-06	0.535	False	1.0	True	sub9	False	True	True	True	True	"{""sub1"": {""vaf"": 0.0059, ""n"": 1095, ""pooled_depth"": 15066.0, ""callable"": false}, ""sub2"": {""vaf"": 0.00515, ""n"": 947, ""pooled_depth"": 13313.0, ""callable"": false}, ""sub3"": {""vaf"": 0.00576, ""n"": 730, ""pooled_depth"": 3711.0, ""callable"": false}, ""sub4"": {""vaf"": 0.00443, ""n"": 854, ""pooled_depth"": 13378.0, ""callable"": false}, ""sub5"": {""vaf"": 0.00534, ""n"": 633, ""pooled_depth"": 10853.0, ""callable"": false}, ""sub6"": {""vaf"": 0.00501, ""n"": 410, ""pooled_depth"": 6218.0, ""callable"": false}, ""sub7"": {""vaf"": 0.00565, ""n"": 358, ""pooled_depth"": 1555.0, ""callable"": false}, ""sub8"": {""vaf"": 0.0053, ""n"": 317, ""pooled_depth"": 4910.0, ""callable"": false}, ""sub9"": {""vaf"": 0.00612, ""n"": 212, ""pooled_depth"": 829.0, ""callable"": false}}"	cll9_2
827	9	5.363291528794584e-07	1.118620202403158e-06	0.48	False	1.0	True	sub3	False	True	True	True	True	"{""sub1"": {""vaf"": 0.00622, ""n"": 1095, ""pooled_depth"": 16109.0, ""callable"": false}, ""sub2"": {""vaf"": 0.00565, ""n"": 948, ""pooled_depth"": 14191.0, ""callable"": false}, ""sub3"": {""vaf"": 0.00659, ""n"": 744, ""pooled_depth"": 3962.0, ""callable"": false}, ""sub4"": {""vaf"": 0.00606, ""n"": 854, ""pooled_depth"": 14364.0, ""callable"": false}, ""sub5"": {""vaf"": 0.00508, ""n"": 634, ""pooled_depth"": 11638.0, ""callable"": false}, ""sub6"": {""vaf"": 0.00596, ""n"": 410, ""pooled_depth"": 6623.0, ""callable"": false}, ""sub7"": {""vaf"": 0.00646, ""n"": 362, ""pooled_depth"": 1682.0, ""callable"": false}, ""sub8"": {""vaf"": 0.00626, ""n"": 321, ""pooled_depth"": 5260.0, ""callable"": false}, ""sub9"": {""vaf"": 0.00585, ""n"": 214, ""pooled_depth"": 870.0, ""callable"": false}}"	cll9_2
876	9	1.8387773709137492e-06	1.98648779469159e-06	0.075	False	1.0	True	sub7	False	True	True	True	True	"{""sub1"": {""vaf"": 0.00899, ""n"": 1088, ""pooled_depth"": 13697.0, ""callable"": true}, ""sub2"": {""vaf"": 0.0095, ""n"": 948, ""pooled_depth"": 12062.0, ""callable"": true}, ""sub3"": {""vaf"": 0.00724, ""n"": 737, ""pooled_depth"": 3444.0, ""callable"": false}, ""sub4"": {""vaf"": 0.00954, ""n"": 854, ""pooled_depth"": 12322.0, ""callable"": true}, ""sub5"": {""vaf"": 0.00949, ""n"": 630, ""pooled_depth"": 9872.0, ""callable"": true}, ""sub6"": {""vaf"": 0.01087, ""n"": 409, ""pooled_depth"": 5727.0, ""callable"": true}, ""sub7"": {""vaf"": 0.01242, ""n"": 355, ""pooled_depth"": 1421.0, ""callable"": true}, ""sub8"": {""vaf"": 0.00839, ""n"": 322, ""pooled_depth"": 4504.0, ""callable"": true}, ""sub9"": {""vaf"": 0.0069, ""n"": 206, ""pooled_depth"": 769.0, ""callable"": false}}"	cll9_2
1061	9	3.886117541333688e-06	3.600032120345842e-06	0.02	True	1.0	True	sub7	False	False	True	True	True	"{""sub1"": {""vaf"": 0.00558, ""n"": 1072, ""pooled_depth"": 7565.0, ""callable"": false}, ""sub2"": {""vaf"": 0.00733, ""n"": 942, ""pooled_depth"": 7026.0, ""callable"": false}, ""sub3"": {""vaf"": 0.00867, ""n"": 618, ""pooled_depth"": 1946.0, ""callable"": true}, ""sub4"": {""vaf"": 0.00588, ""n"": 848, ""pooled_depth"": 6987.0, ""callable"": false}, ""sub5"": {""vaf"": 0.00566, ""n"": 626, ""pooled_depth"": 5334.0, ""callable"": false}, ""sub6"": {""vaf"": 0.0058, ""n"": 403, ""pooled_depth"": 3131.0, ""callable"": false}, ""sub7"": {""vaf"": 0.01369, ""n"": 279, ""pooled_depth"": 702.0, ""callable"": true}, ""sub8"": {""vaf"": 0.00646, ""n"": 314, ""pooled_depth"": 2762.0, ""callable"": false}, ""sub9"": {""vaf"": 0.01112, ""n"": 174, ""pooled_depth"": 428.0, ""callable"": true}}"	cll9_2
1071	9	2.979064078163099e-06	3.158461201414981e-06	0.07	False	1.0	True	sub9	False	False	True	True	True	"{""sub1"": {""vaf"": 0.00543, ""n"": 1063, ""pooled_depth"": 6738.0, ""callable"": false}, ""sub2"": {""vaf"": 0.00574, ""n"": 933, ""pooled_depth"": 6153.0, ""callable"": false}, ""sub3"": {""vaf"": 0.00626, ""n"": 596, ""pooled_depth"": 1740.0, ""callable"": false}, ""sub4"": {""vaf"": 0.00528, ""n"": 840, ""pooled_depth"": 6186.0, ""callable"": false}, ""sub5"": {""vaf"": 0.00856, ""n"": 622, ""pooled_depth"": 4800.0, ""callable"": true}, ""sub6"": {""vaf"": 0.00744, ""n"": 402, ""pooled_depth"": 2815.0, ""callable"": false}, ""sub7"": {""vaf"": 0.00907, ""n"": 263, ""pooled_depth"": 625.0, ""callable"": true}, ""sub8"": {""vaf"": 0.00522, ""n"": 310, ""pooled_depth"": 2435.0, ""callable"": false}, ""sub9"": {""vaf"": 0.00924, ""n"": 170, ""pooled_depth"": 382.0, ""callable"": true}}"	cll9_2
1736	9	7.933057986142326e-07	9.055375009826056e-07	0.11	False	1.0	True	sub7	False	True	True	True	True	"{""sub1"": {""vaf"": 0.00594, ""n"": 1088, ""pooled_depth"": 19059.0, ""callable"": false}, ""sub2"": {""vaf"": 0.00523, ""n"": 952, ""pooled_depth"": 16729.0, ""callable"": false}, ""sub3"": {""vaf"": 0.00698, ""n"": 791, ""pooled_depth"": 4871.0, ""callable"": false}, ""sub4"": {""vaf"": 0.00664, ""n"": 857, ""pooled_depth"": 16973.0, ""callable"": false}, ""sub5"": {""vaf"": 0.00638, ""n"": 636, ""pooled_depth"": 13673.0, ""callable"": false}, ""sub6"": {""vaf"": 0.0052, ""n"": 410, ""pooled_depth"": 7818.0, ""callable"": false}, ""sub7"": {""vaf"": 0.00744, ""n"": 376, ""pooled_depth"": 2151.0, ""callable"": true}, ""sub8"": {""vaf"": 0.00585, ""n"": 329, ""pooled_depth"": 6211.0, ""callable"": false}, ""sub9"": {""vaf"": 0.00487, ""n"": 219, ""pooled_depth"": 1095.0, ""callable"": false}}"	cll9_2
1972	9	6.556714386728653e-07	1.403775929803061e-06	0.43	False	1.0	True	sub6	False	True	True	True	True	"{""sub1"": {""vaf"": 0.00495, ""n"": 1092, ""pooled_depth"": 13442.0, ""callable"": false}, ""sub2"": {""vaf"": 0.00531, ""n"": 951, ""pooled_depth"": 11684.0, ""callable"": false}, ""sub3"": {""vaf"": 0.00559, ""n"": 745, ""pooled_depth"": 3394.0, ""callable"": false}, ""sub4"": {""vaf"": 0.0057, ""n"": 852, ""pooled_depth"": 11858.0, ""callable"": false}, ""sub5"": {""vaf"": 0.00593, ""n"": 638, ""pooled_depth"": 9707.0, ""callable"": false}, ""sub6"": {""vaf"": 0.00663, ""n"": 408, ""pooled_depth"": 5537.0, ""callable"": false}, ""sub7"": {""vaf"": 0.0059, ""n"": 352, ""pooled_depth"": 1477.0, ""callable"": false}, ""sub8"": {""vaf"": 0.00506, ""n"": 324, ""pooled_depth"": 4382.0, ""callable"": false}, ""sub9"": {""vaf"": 0.00618, ""n"": 213, ""pooled_depth"": 743.0, ""callable"": false}}"	cll9_2
2097	9	4.126821987196822e-07	1.1245437114510826e-06	0.66	False	1.0	True	sub7	False	True	True	True	True	"{""sub1"": {""vaf"": 0.00625, ""n"": 1091, ""pooled_depth"": 18027.0, ""callable"": false}, ""sub2"": {""vaf"": 0.00585, ""n"": 949, ""pooled_depth"": 15689.0, ""callable"": false}, ""sub3"": {""vaf"": 0.00662, ""n"": 762, ""pooled_depth"": 4497.0, ""callable"": false}, ""sub4"": {""vaf"": 0.00569, ""n"": 857, ""pooled_depth"": 15935.0, ""callable"": false}, ""sub5"": {""vaf"": 0.00597, ""n"": 638, ""pooled_depth"": 12590.0, ""callable"": false}, ""sub6"": {""vaf"": 0.00548, ""n"": 410, ""pooled_depth"": 7246.0, ""callable"": false}, ""sub7"": {""vaf"": 0.00678, ""n"": 361, ""pooled_depth"": 1902.0, ""callable"": true}, ""sub8"": {""vaf"": 0.00563, ""n"": 321, ""pooled_depth"": 5666.0, ""callable"": false}, ""sub9"": {""vaf"": 0.00627, ""n"": 224, ""pooled_depth"": 1051.0, ""callable"": false}}"	cll9_2
2146	9	5.877832224970003e-07	1.2243435874320354e-06	0.575	False	1.0	True	sub3	False	True	True	True	True	"{""sub1"": {""vaf"": 0.00704, ""n"": 1088, ""pooled_depth"": 17029.0, ""callable"": false}, ""sub2"": {""vaf"": 0.00811, ""n"": 949, ""pooled_depth"": 14897.0, ""callable"": true}, ""sub3"": {""vaf"": 0.00851, ""n"": 779, ""pooled_depth"": 4314.0, ""callable"": true}, ""sub4"": {""vaf"": 0.00793, ""n"": 854, ""pooled_depth"": 15006.0, ""callable"": true}, ""sub5"": {""vaf"": 0.00766, ""n"": 638, ""pooled_depth"": 12307.0, ""callable"": false}, ""sub6"": {""vaf"": 0.00785, ""n"": 407, ""pooled_depth"": 6974.0, ""callable"": false}, ""sub7"": {""vaf"": 0.00827, ""n"": 362, ""pooled_depth"": 1878.0, ""callable"": true}, ""sub8"": {""vaf"": 0.00766, ""n"": 323, ""pooled_depth"": 5373.0, ""callable"": false}, ""sub9"": {""vaf"": 0.00786, ""n"": 220, ""pooled_depth"": 976.0, ""callable"": false}}"	cll9_2
2402	9	2.118666023229001e-06	1.4133134712263288e-06	0.0	True	1.0	True	sub7	False	True	True	True	True	"{""sub1"": {""vaf"": 0.00776, ""n"": 1093, ""pooled_depth"": 19015.0, ""callable"": false}, ""sub2"": {""vaf"": 0.00691, ""n"": 955, ""pooled_depth"": 16867.0, ""callable"": false}, ""sub3"": {""vaf"": 0.00837, ""n"": 768, ""pooled_depth"": 4768.0, ""callable"": true}, ""sub4"": {""vaf"": 0.00683, ""n"": 855, ""pooled_depth"": 17236.0, ""callable"": false}, ""sub5"": {""vaf"": 0.00893, ""n"": 637, ""pooled_depth"": 13468.0, ""callable"": true}, ""sub6"": {""vaf"": 0.00858, ""n"": 408, ""pooled_depth"": 7885.0, ""callable"": true}, ""sub7"": {""vaf"": 0.01228, ""n"": 368, ""pooled_depth"": 1977.0, ""callable"": true}, ""sub8"": {""vaf"": 0.00593, ""n"": 324, ""pooled_depth"": 6198.0, ""callable"": false}, ""sub9"": {""vaf"": 0.00767, ""n"": 226, ""pooled_depth"": 1004.0, ""callable"": false}}"	cll9_2
2512	9	3.4672455585958696e-07	8.547720403164701e-07	0.665	False	1.0	True	sub7	False	True	True	True	True	"{""sub1"": {""vaf"": 0.00519, ""n"": 1091, ""pooled_depth"": 20069.0, ""callable"": false}, ""sub2"": {""vaf"": 0.00584, ""n"": 955, ""pooled_depth"": 17781.0, ""callable"": false}, ""sub3"": {""vaf"": 0.0053, ""n"": 793, ""pooled_depth"": 5007.0, ""callable"": false}, ""sub4"": {""vaf"": 0.00531, ""n"": 855, ""pooled_depth"": 17997.0, ""callable"": false}, ""sub5"": {""vaf"": 0.00592, ""n"": 635, ""pooled_depth"": 14617.0, ""callable"": false}, ""sub6"": {""vaf"": 0.00564, ""n"": 409, ""pooled_depth"": 8488.0, ""callable"": false}, ""sub7"": {""vaf"": 0.00651, ""n"": 374, ""pooled_depth"": 2094.0, ""callable"": false}, ""sub8"": {""vaf"": 0.00536, ""n"": 328, ""pooled_depth"": 6396.0, ""callable"": false}, ""sub9"": {""vaf"": 0.00605, ""n"": 221, ""pooled_depth"": 1146.0, ""callable"": false}}"	cll9_2
2514	9	6.722516944512383e-07	1.1412533975451259e-06	0.365	False	1.0	True	sub6	False	True	True	True	True	"{""sub1"": {""vaf"": 0.00656, ""n"": 1095, ""pooled_depth"": 24173.0, ""callable"": false}, ""sub2"": {""vaf"": 0.00581, ""n"": 958, ""pooled_depth"": 21321.0, ""callable"": false}, ""sub3"": {""vaf"": 0.00468, ""n"": 823, ""pooled_depth"": 6052.0, ""callable"": false}, ""sub4"": {""vaf"": 0.00599, ""n"": 856, ""pooled_depth"": 21561.0, ""callable"": false}, ""sub5"": {""vaf"": 0.00588, ""n"": 638, ""pooled_depth"": 17626.0, ""callable"": false}, ""sub6"": {""vaf"": 0.00682, ""n"": 410, ""pooled_depth"": 10210.0, ""callable"": false}, ""sub7"": {""vaf"": 0.00437, ""n"": 379, ""pooled_depth"": 2577.0, ""callable"": false}, ""sub8"": {""vaf"": 0.00533, ""n"": 328, ""pooled_depth"": 7743.0, ""callable"": false}, ""sub9"": {""vaf"": 0.00505, ""n"": 231, ""pooled_depth"": 1416.0, ""callable"": false}}"	cll9_2
2560	9	3.163986519240301e-07	6.472420368996552e-07	0.455	False	1.0	True	sub2	False	True	True	True	True	"{""sub1"": {""vaf"": 0.00582, ""n"": 1092, ""pooled_depth"": 25258.0, ""callable"": false}, ""sub2"": {""vaf"": 0.0067, ""n"": 956, ""pooled_depth"": 22502.0, ""callable"": false}, ""sub3"": {""vaf"": 0.00653, ""n"": 805, ""pooled_depth"": 6239.0, ""callable"": false}, ""sub4"": {""vaf"": 0.00663, ""n"": 857, ""pooled_depth"": 22633.0, ""callable"": false}, ""sub5"": {""vaf"": 0.00658, ""n"": 640, ""pooled_depth"": 18462.0, ""callable"": false}, ""sub6"": {""vaf"": 0.0067, ""n"": 410, ""pooled_depth"": 10416.0, ""callable"": false}, ""sub7"": {""vaf"": 0.00579, ""n"": 382, ""pooled_depth"": 2818.0, ""callable"": false}, ""sub8"": {""vaf"": 0.00601, ""n"": 329, ""pooled_depth"": 7981.0, ""callable"": false}, ""sub9"": {""vaf"": 0.00589, ""n"": 234, ""pooled_depth"": 1482.0, ""callable"": false}}"	cll9_2
2685	9	3.800323888936884e-07	8.118043140741324e-07	0.43	False	1.0	True	sub1	False	True	True	True	True	"{""sub1"": {""vaf"": 0.00627, ""n"": 1093, ""pooled_depth"": 21880.0, ""callable"": false}, ""sub2"": {""vaf"": 0.00568, ""n"": 955, ""pooled_depth"": 19417.0, ""callable"": false}, ""sub3"": {""vaf"": 0.00554, ""n"": 808, ""pooled_depth"": 5622.0, ""callable"": false}, ""sub4"": {""vaf"": 0.00598, ""n"": 859, ""pooled_depth"": 19672.0, ""callable"": false}, ""sub5"": {""vaf"": 0.0054, ""n"": 642, ""pooled_depth"": 15723.0, ""callable"": false}, ""sub6"": {""vaf"": 0.00492, ""n"": 412, ""pooled_depth"": 9036.0, ""callable"": false}, ""sub7"": {""vaf"": 0.00514, ""n"": 382, ""pooled_depth"": 2399.0, ""callable"": false}, ""sub8"": {""vaf"": 0.00538, ""n"": 328, ""pooled_depth"": 6866.0, ""callable"": false}, ""sub9"": {""vaf"": 0.00582, ""n"": 234, ""pooled_depth"": 1295.0, ""callable"": false}}"	cll9_2
2734	9	1.6869138965836897e-06	1.1652992503841478e-06	0.005	True	1.0	True	sub7	False	True	True	True	True	"{""sub1"": {""vaf"": 0.00571, ""n"": 1087, ""pooled_depth"": 18661.0, ""callable"": false}, ""sub2"": {""vaf"": 0.00791, ""n"": 952, ""pooled_depth"": 16735.0, ""callable"": true}, ""sub3"": {""vaf"": 0.00789, ""n"": 761, ""pooled_depth"": 4735.0, ""callable"": true}, ""sub4"": {""vaf"": 0.00656, ""n"": 858, ""pooled_depth"": 16832.0, ""callable"": false}, ""sub5"": {""vaf"": 0.0066, ""n"": 641, ""pooled_depth"": 13529.0, ""callable"": false}, ""sub6"": {""vaf"": 0.00647, ""n"": 410, ""pooled_depth"": 7802.0, ""callable"": false}, ""sub7"": {""vaf"": 0.01047, ""n"": 380, ""pooled_depth"": 2057.0, ""callable"": true}, ""sub8"": {""vaf"": 0.00577, ""n"": 327, ""pooled_depth"": 6158.0, ""callable"": false}, ""sub9"": {""vaf"": 0.00789, ""n"": 226, ""pooled_depth"": 1062.0, ""callable"": false}}"	cll9_2
2863	9	6.193340000075224e-07	1.557316434594688e-06	0.635	False	1.0	True	sub9	False	True	True	True	True	"{""sub1"": {""vaf"": 0.00777, ""n"": 1086, ""pooled_depth"": 17253.0, ""callable"": false}, ""sub2"": {""vaf"": 0.00831, ""n"": 950, ""pooled_depth"": 15534.0, ""callable"": true}, ""sub3"": {""vaf"": 0.00897, ""n"": 780, ""pooled_depth"": 4414.0, ""callable"": true}, ""sub4"": {""vaf"": 0.0079, ""n"": 855, ""pooled_depth"": 15624.0, ""callable"": false}, ""sub5"": {""vaf"": 0.00915, ""n"": 636, ""pooled_depth"": 12667.0, ""callable"": true}, ""sub6"": {""vaf"": 0.00822, ""n"": 408, ""pooled_depth"": 7212.0, ""callable"": true}, ""sub7"": {""vaf"": 0.00802, ""n"": 370, ""pooled_depth"": 1879.0, ""callable"": false}, ""sub8"": {""vaf"": 0.00821, ""n"": 325, ""pooled_depth"": 6007.0, ""callable"": true}, ""sub9"": {""vaf"": 0.00939, ""n"": 222, ""pooled_depth"": 1073.0, ""callable"": true}}"	cll9_2
2935	9	6.309085910633763e-07	1.0927242986438337e-06	0.465	False	1.0	True	sub5	False	True	True	True	True	"{""sub1"": {""vaf"": 0.00632, ""n"": 1093, ""pooled_depth"": 15642.0, ""callable"": false}, ""sub2"": {""vaf"": 0.00619, ""n"": 948, ""pooled_depth"": 14001.0, ""callable"": false}, ""sub3"": {""vaf"": 0.00721, ""n"": 749, ""pooled_depth"": 3945.0, ""callable"": true}, ""sub4"": {""vaf"": 0.00622, ""n"": 854, ""pooled_depth"": 14242.0, ""callable"": false}, ""sub5"": {""vaf"": 0.00736, ""n"": 636, ""pooled_depth"": 11203.0, ""callable"": false}, ""sub6"": {""vaf"": 0.00612, ""n"": 406, ""pooled_depth"": 6387.0, ""callable"": false}, ""sub7"": {""vaf"": 0.00693, ""n"": 365, ""pooled_depth"": 1608.0, ""callable"": false}, ""sub8"": {""vaf"": 0.00638, ""n"": 322, ""pooled_depth"": 5247.0, ""callable"": false}, ""sub9"": {""vaf"": 0.00651, ""n"": 220, ""pooled_depth"": 875.0, ""callable"": false}}"	cll9_2
3044	9	7.039580881308193e-07	8.469252524178293e-07	0.105	False	1.0	True	sub5	False	True	True	True	True	"{""sub1"": {""vaf"": 0.00507, ""n"": 1088, ""pooled_depth"": 19437.0, ""callable"": false}, ""sub2"": {""vaf"": 0.00511, ""n"": 949, ""pooled_depth"": 17320.0, ""callable"": false}, ""sub3"": {""vaf"": 0.00531, ""n"": 775, ""pooled_depth"": 4863.0, ""callable"": false}, ""sub4"": {""vaf"": 0.00577, ""n"": 855, ""pooled_depth"": 17400.0, ""callable"": false}, ""sub5"": {""vaf"": 0.0064, ""n"": 631, ""pooled_depth"": 13959.0, ""callable"": false}, ""sub6"": {""vaf"": 0.00617, ""n"": 406, ""pooled_depth"": 8125.0, ""callable"": false}, ""sub7"": {""vaf"": 0.00562, ""n"": 380, ""pooled_depth"": 2109.0, ""callable"": false}, ""sub8"": {""vaf"": 0.0043, ""n"": 326, ""pooled_depth"": 6292.0, ""callable"": false}, ""sub9"": {""vaf"": 0.00462, ""n"": 215, ""pooled_depth"": 1085.0, ""callable"": false}}"	cll9_2
3107	9	1.954815328616133e-06	4.507083757146307e-06	0.54	False	1.0	True	sub3	False	True	True	True	True	"{""sub1"": {""vaf"": 0.02636, ""n"": 1088, ""pooled_depth"": 19104.0, ""callable"": true}, ""sub2"": {""vaf"": 0.02559, ""n"": 952, ""pooled_depth"": 17198.0, ""callable"": true}, ""sub3"": {""vaf"": 0.02789, ""n"": 792, ""pooled_depth"": 4927.0, ""callable"": true}, ""sub4"": {""vaf"": 0.02617, ""n"": 855, ""pooled_depth"": 17434.0, ""callable"": true}, ""sub5"": {""vaf"": 0.02466, ""n"": 634, ""pooled_depth"": 13961.0, ""callable"": true}, ""sub6"": {""vaf"": 0.02679, ""n"": 411, ""pooled_depth"": 7992.0, ""callable"": true}, ""sub7"": {""vaf"": 0.02726, ""n"": 371, ""pooled_depth"": 2183.0, ""callable"": true}, ""sub8"": {""vaf"": 0.02529, ""n"": 328, ""pooled_depth"": 6136.0, ""callable"": true}, ""sub9"": {""vaf"": 0.02452, ""n"": 232, ""pooled_depth"": 1134.0, ""callable"": true}}"	cll9_2
3321	9	4.209871446513751e-07	1.0239136508688214e-06	0.625	False	1.0	True	sub9	False	True	True	True	True	"{""sub1"": {""vaf"": 0.00695, ""n"": 1092, ""pooled_depth"": 19130.0, ""callable"": false}, ""sub2"": {""vaf"": 0.00731, ""n"": 948, ""pooled_depth"": 16927.0, ""callable"": false}, ""sub3"": {""vaf"": 0.00663, ""n"": 805, ""pooled_depth"": 4863.0, ""callable"": false}, ""sub4"": {""vaf"": 0.00667, ""n"": 860, ""pooled_depth"": 16939.0, ""callable"": false}, ""sub5"": {""vaf"": 0.00742, ""n"": 637, ""pooled_depth"": 13770.0, ""callable"": false}, ""sub6"": {""vaf"": 0.00705, ""n"": 410, ""pooled_depth"": 8027.0, ""callable"": false}, ""sub7"": {""vaf"": 0.00624, ""n"": 369, ""pooled_depth"": 2029.0, ""callable"": false}, ""sub8"": {""vaf"": 0.00624, ""n"": 322, ""pooled_depth"": 6355.0, ""callable"": false}, ""sub9"": {""vaf"": 0.00761, ""n"": 226, ""pooled_depth"": 1120.0, ""callable"": true}}"	cll9_2
3361	9	1.2666003148120202e-06	9.254035652303224e-07	0.005	True	1.0	True	sub9	False	True	True	True	True	"{""sub1"": {""vaf"": 0.00526, ""n"": 1092, ""pooled_depth"": 18654.0, ""callable"": false}, ""sub2"": {""vaf"": 0.00565, ""n"": 952, ""pooled_depth"": 16568.0, ""callable"": false}, ""sub3"": {""vaf"": 0.0053, ""n"": 782, ""pooled_depth"": 4732.0, ""callable"": false}, ""sub4"": {""vaf"": 0.0041, ""n"": 857, ""pooled_depth"": 16693.0, ""callable"": false}, ""sub5"": {""vaf"": 0.00611, ""n"": 634, ""pooled_depth"": 13442.0, ""callable"": false}, ""sub6"": {""vaf"": 0.00657, ""n"": 407, ""pooled_depth"": 7700.0, ""callable"": false}, ""sub7"": {""vaf"": 0.00682, ""n"": 372, ""pooled_depth"": 2095.0, ""callable"": false}, ""sub8"": {""vaf"": 0.00477, ""n"": 323, ""pooled_depth"": 6229.0, ""callable"": false}, ""sub9"": {""vaf"": 0.00886, ""n"": 227, ""pooled_depth"": 1113.0, ""callable"": true}}"	cll9_2
3371	9	3.481682837173753e-06	2.0305292848861983e-06	0.005	True	1.0	True	sub7	False	True	True	True	True	"{""sub1"": {""vaf"": 0.0113, ""n"": 1088, ""pooled_depth"": 18478.0, ""callable"": true}, ""sub2"": {""vaf"": 0.01104, ""n"": 953, ""pooled_depth"": 16489.0, ""callable"": true}, ""sub3"": {""vaf"": 0.01208, ""n"": 786, ""pooled_depth"": 4656.0, ""callable"": true}, ""sub4"": {""vaf"": 0.01086, ""n"": 855, ""pooled_depth"": 16497.0, ""callable"": true}, ""sub5"": {""vaf"": 0.01033, ""n"": 634, ""pooled_depth"": 13316.0, ""callable"": true}, ""sub6"": {""vaf"": 0.01124, ""n"": 408, ""pooled_depth"": 7552.0, ""callable"": true}, ""sub7"": {""vaf"": 0.01984, ""n"": 372, ""pooled_depth"": 2072.0, ""callable"": true}, ""sub8"": {""vaf"": 0.0123, ""n"": 323, ""pooled_depth"": 6186.0, ""callable"": true}, ""sub9"": {""vaf"": 0.01104, ""n"": 227, ""pooled_depth"": 1092.0, ""callable"": true}}"	cll9_2
3412	9	0.0024427073547236234	0.0001960738059135672	0.0	True	1.0	True	sub3	False	True	True	True	True	"{""sub1"": {""vaf"": 0.10639, ""n"": 1088, ""pooled_depth"": 20098.0, ""callable"": true}, ""sub2"": {""vaf"": 0.13765, ""n"": 955, ""pooled_depth"": 17724.0, ""callable"": true}, ""sub3"": {""vaf"": 0.31427, ""n"": 801, ""pooled_depth"": 5047.0, ""callable"": true}, ""sub4"": {""vaf"": 0.14395, ""n"": 856, ""pooled_depth"": 17914.0, ""callable"": true}, ""sub5"": {""vaf"": 0.10775, ""n"": 636, ""pooled_depth"": 14295.0, ""callable"": true}, ""sub6"": {""vaf"": 0.1195, ""n"": 407, ""pooled_depth"": 8185.0, ""callable"": true}, ""sub7"": {""vaf"": 0.03388, ""n"": 381, ""pooled_depth"": 2165.0, ""callable"": true}, ""sub8"": {""vaf"": 0.11953, ""n"": 327, ""pooled_depth"": 6643.0, ""callable"": true}, ""sub9"": {""vaf"": 0.03387, ""n"": 226, ""pooled_depth"": 1103.0, ""callable"": true}}"	cll9_2
3459	9	5.031555738311229e-07	8.715742987366897e-07	0.38	False	1.0	True	sub9	False	True	True	True	True	"{""sub1"": {""vaf"": 0.00716, ""n"": 1090, ""pooled_depth"": 23836.0, ""callable"": false}, ""sub2"": {""vaf"": 0.0069, ""n"": 954, ""pooled_depth"": 21673.0, ""callable"": false}, ""sub3"": {""vaf"": 0.00655, ""n"": 808, ""pooled_depth"": 6080.0, ""callable"": false}, ""sub4"": {""vaf"": 0.0074, ""n"": 853, ""pooled_depth"": 21321.0, ""callable"": false}, ""sub5"": {""vaf"": 0.00712, ""n"": 637, ""pooled_depth"": 17260.0, ""callable"": false}, ""sub6"": {""vaf"": 0.00751, ""n"": 411, ""pooled_depth"": 10046.0, ""callable"": false}, ""sub7"": {""vaf"": 0.00782, ""n"": 384, ""pooled_depth"": 2478.0, ""callable"": true}, ""sub8"": {""vaf"": 0.00593, ""n"": 324, ""pooled_depth"": 7577.0, ""callable"": false}, ""sub9"": {""vaf"": 0.00821, ""n"": 232, ""pooled_depth"": 1347.0, ""callable"": true}}"	cll9_2
3509	9	2.508082884051987e-07	5.728521216856619e-07	0.545	False	1.0	True	sub9	False	True	True	True	True	"{""sub1"": {""vaf"": 0.00527, ""n"": 1096, ""pooled_depth"": 27655.0, ""callable"": false}, ""sub2"": {""vaf"": 0.0054, ""n"": 956, ""pooled_depth"": 24291.0, ""callable"": false}, ""sub3"": {""vaf"": 0.00449, ""n"": 838, ""pooled_depth"": 6744.0, ""callable"": false}, ""sub4"": {""vaf"": 0.00542, ""n"": 856, ""pooled_depth"": 24577.0, ""callable"": false}, ""sub5"": {""vaf"": 0.00497, ""n"": 640, ""pooled_depth"": 19560.0, ""callable"": false}, ""sub6"": {""vaf"": 0.00548, ""n"": 410, ""pooled_depth"": 11487.0, ""callable"": false}, ""sub7"": {""vaf"": 0.00571, ""n"": 387, ""pooled_depth"": 2968.0, ""callable"": false}, ""sub8"": {""vaf"": 0.00512, ""n"": 330, ""pooled_depth"": 8502.0, ""callable"": false}, ""sub9"": {""vaf"": 0.00612, ""n"": 235, ""pooled_depth"": 1501.0, ""callable"": false}}"	cll9_2
3560	9	2.9454900473889526e-07	6.932854944887868e-07	0.595	False	1.0	True	sub7	False	True	True	True	True	"{""sub1"": {""vaf"": 0.00529, ""n"": 1091, ""pooled_depth"": 23680.0, ""callable"": false}, ""sub2"": {""vaf"": 0.00461, ""n"": 953, ""pooled_depth"": 20612.0, ""callable"": false}, ""sub3"": {""vaf"": 0.00499, ""n"": 809, ""pooled_depth"": 5713.0, ""callable"": false}, ""sub4"": {""vaf"": 0.00535, ""n"": 857, ""pooled_depth"": 21096.0, ""callable"": false}, ""sub5"": {""vaf"": 0.00493, ""n"": 635, ""pooled_depth"": 16791.0, ""callable"": false}, ""sub6"": {""vaf"": 0.00556, ""n"": 409, ""pooled_depth"": 9706.0, ""callable"": false}, ""sub7"": {""vaf"": 0.00586, ""n"": 379, ""pooled_depth"": 2514.0, ""callable"": false}, ""sub8"": {""vaf"": 0.00494, ""n"": 329, ""pooled_depth"": 7413.0, ""callable"": false}, ""sub9"": {""vaf"": 0.00462, ""n"": 230, ""pooled_depth"": 1304.0, ""callable"": false}}"	cll9_2
3572	9	7.997333337343794e-07	2.7027006500869462e-06	0.79	False	1.0	True	sub8	False	True	True	True	True	"{""sub1"": {""vaf"": 0.01368, ""n"": 1087, ""pooled_depth"": 16138.0, ""callable"": true}, ""sub2"": {""vaf"": 0.01365, ""n"": 946, ""pooled_depth"": 14153.0, ""callable"": true}, ""sub3"": {""vaf"": 0.01427, ""n"": 754, ""pooled_depth"": 3990.0, ""callable"": true}, ""sub4"": {""vaf"": 0.01363, ""n"": 854, ""pooled_depth"": 14473.0, ""callable"": true}, ""sub5"": {""vaf"": 0.01455, ""n"": 627, ""pooled_depth"": 11356.0, ""callable"": true}, ""sub6"": {""vaf"": 0.01441, ""n"": 406, ""pooled_depth"": 6565.0, ""callable"": true}, ""sub7"": {""vaf"": 0.01466, ""n"": 363, ""pooled_depth"": 1778.0, ""callable"": true}, ""sub8"": {""vaf"": 0.01481, ""n"": 326, ""pooled_depth"": 4968.0, ""callable"": true}, ""sub9"": {""vaf"": 0.01438, ""n"": 214, ""pooled_depth"": 893.0, ""callable"": true}}"	cll9_2
3578	9	1.857400044486991e-06	5.233589618065371e-06	0.74	False	1.0	True	sub5	False	True	True	True	True	"{""sub1"": {""vaf"": 0.03273, ""n"": 1091, ""pooled_depth"": 19836.0, ""callable"": true}, ""sub2"": {""vaf"": 0.03117, ""n"": 951, ""pooled_depth"": 17358.0, ""callable"": true}, ""sub3"": {""vaf"": 0.03222, ""n"": 778, ""pooled_depth"": 4910.0, ""callable"": true}, ""sub4"": {""vaf"": 0.0313, ""n"": 856, ""pooled_depth"": 18056.0, ""callable"": true}, ""sub5"": {""vaf"": 0.03315, ""n"": 632, ""pooled_depth"": 14062.0, ""callable"": true}, ""sub6"": {""vaf"": 0.03212, ""n"": 407, ""pooled_depth"": 8126.0, ""callable"": true}, ""sub7"": {""vaf"": 0.03067, ""n"": 372, ""pooled_depth"": 2149.0, ""callable"": true}, ""sub8"": {""vaf"": 0.03169, ""n"": 331, ""pooled_depth"": 6094.0, ""callable"": true}, ""sub9"": {""vaf"": 0.03177, ""n"": 225, ""pooled_depth"": 1119.0, ""callable"": true}}"	cll9_2
3590	9	1.3142963010485548e-06	3.995743216753159e-06	0.715	False	1.0	True	sub2	False	True	True	True	True	"{""sub1"": {""vaf"": 0.02221, ""n"": 1088, ""pooled_depth"": 20424.0, ""callable"": true}, ""sub2"": {""vaf"": 0.02286, ""n"": 949, ""pooled_depth"": 17998.0, ""callable"": true}, ""sub3"": {""vaf"": 0.02112, ""n"": 791, ""pooled_depth"": 4987.0, ""callable"": true}, ""sub4"": {""vaf"": 0.02218, ""n"": 857, ""pooled_depth"": 18477.0, ""callable"": true}, ""sub5"": {""vaf"": 0.02128, ""n"": 635, ""pooled_depth"": 14632.0, ""callable"": true}, ""sub6"": {""vaf"": 0.02103, ""n"": 407, ""pooled_depth"": 8498.0, ""callable"": true}, ""sub7"": {""vaf"": 0.02021, ""n"": 383, ""pooled_depth"": 2222.0, ""callable"": true}, ""sub8"": {""vaf"": 0.02197, ""n"": 327, ""pooled_depth"": 6276.0, ""callable"": true}, ""sub9"": {""vaf"": 0.02205, ""n"": 223, ""pooled_depth"": 1158.0, ""callable"": true}}"	cll9_2
3599	9	6.173951224108129e-07	1.3594740436683279e-06	0.645	False	1.0	True	sub9	False	True	True	True	True	"{""sub1"": {""vaf"": 0.01032, ""n"": 1090, ""pooled_depth"": 22853.0, ""callable"": true}, ""sub2"": {""vaf"": 0.00931, ""n"": 952, ""pooled_depth"": 19939.0, ""callable"": true}, ""sub3"": {""vaf"": 0.01036, ""n"": 806, ""pooled_depth"": 5569.0, ""callable"": true}, ""sub4"": {""vaf"": 0.01032, ""n"": 858, ""pooled_depth"": 20716.0, ""callable"": true}, ""sub5"": {""vaf"": 0.01007, ""n"": 637, ""pooled_depth"": 16436.0, ""callable"": true}, ""sub6"": {""vaf"": 0.01033, ""n"": 407, ""pooled_depth"": 9558.0, ""callable"": true}, ""sub7"": {""vaf"": 0.00887, ""n"": 383, ""pooled_depth"": 2477.0, ""callable"": false}, ""sub8"": {""vaf"": 0.00998, ""n"": 327, ""pooled_depth"": 7095.0, ""callable"": true}, ""sub9"": {""vaf"": 0.01158, ""n"": 229, ""pooled_depth"": 1311.0, ""callable"": true}}"	cll9_2
3712	9	1.742719155520529e-07	7.96342385394983e-07	0.905	False	1.0	True	sub4	False	True	True	True	True	"{""sub1"": {""vaf"": 0.00641, ""n"": 1091, ""pooled_depth"": 22998.0, ""callable"": false}, ""sub2"": {""vaf"": 0.00636, ""n"": 954, ""pooled_depth"": 20234.0, ""callable"": false}, ""sub3"": {""vaf"": 0.00598, ""n"": 805, ""pooled_depth"": 5840.0, ""callable"": false}, ""sub4"": {""vaf"": 0.00647, ""n"": 858, ""pooled_depth"": 20413.0, ""callable"": false}, ""sub5"": {""vaf"": 0.00601, ""n"": 635, ""pooled_depth"": 16445.0, ""callable"": false}, ""sub6"": {""vaf"": 0.00585, ""n"": 408, ""pooled_depth"": 9517.0, ""callable"": false}, ""sub7"": {""vaf"": 0.00615, ""n"": 378, ""pooled_depth"": 2427.0, ""callable"": false}, ""sub8"": {""vaf"": 0.0056, ""n"": 329, ""pooled_depth"": 7361.0, ""callable"": false}, ""sub9"": {""vaf"": 0.00627, ""n"": 231, ""pooled_depth"": 1298.0, ""callable"": false}}"	cll9_2
3855	9	1.0459098852715797e-06	1.1008227043758576e-06	0.085	False	1.0	True	sub7	False	True	True	True	True	"{""sub1"": {""vaf"": 0.00626, ""n"": 1086, ""pooled_depth"": 16202.0, ""callable"": false}, ""sub2"": {""vaf"": 0.00617, ""n"": 953, ""pooled_depth"": 14687.0, ""callable"": false}, ""sub3"": {""vaf"": 0.00686, ""n"": 768, ""pooled_depth"": 4127.0, ""callable"": false}, ""sub4"": {""vaf"": 0.00505, ""n"": 856, ""pooled_depth"": 15039.0, ""callable"": false}, ""sub5"": {""vaf"": 0.00685, ""n"": 633, ""pooled_depth"": 11725.0, ""callable"": false}, ""sub6"": {""vaf"": 0.00622, ""n"": 409, ""pooled_depth"": 6850.0, ""callable"": false}, ""sub7"": {""vaf"": 0.00731, ""n"": 364, ""pooled_depth"": 1696.0, ""callable"": true}, ""sub8"": {""vaf"": 0.0046, ""n"": 324, ""pooled_depth"": 5811.0, ""callable"": false}, ""sub9"": {""vaf"": 0.00503, ""n"": 227, ""pooled_depth"": 977.0, ""callable"": false}}"	cll9_2
3894	9	2.5151818696157414e-07	7.07253041372439e-07	0.79	False	1.0	True	sub1	False	True	True	True	True	"{""sub1"": {""vaf"": 0.00651, ""n"": 1088, ""pooled_depth"": 21704.0, ""callable"": false}, ""sub2"": {""vaf"": 0.0061, ""n"": 951, ""pooled_depth"": 18972.0, ""callable"": false}, ""sub3"": {""vaf"": 0.0058, ""n"": 797, ""pooled_depth"": 5595.0, ""callable"": false}, ""sub4"": {""vaf"": 0.00546, ""n"": 857, ""pooled_depth"": 19515.0, ""callable"": false}, ""sub5"": {""vaf"": 0.00616, ""n"": 635, ""pooled_depth"": 15792.0, ""callable"": false}, ""sub6"": {""vaf"": 0.00603, ""n"": 409, ""pooled_depth"": 8968.0, ""callable"": false}, ""sub7"": {""vaf"": 0.00569, ""n"": 384, ""pooled_depth"": 2304.0, ""callable"": false}, ""sub8"": {""vaf"": 0.00559, ""n"": 329, ""pooled_depth"": 7098.0, ""callable"": false}, ""sub9"": {""vaf"": 0.00592, ""n"": 228, ""pooled_depth"": 1317.0, ""callable"": false}}"	cll9_2
3943	9	1.0647574835686846e-06	3.744239196722442e-06	0.745	False	1.0	True	sub9	False	True	True	True	True	"{""sub1"": {""vaf"": 0.01922, ""n"": 1084, ""pooled_depth"": 16413.0, ""callable"": true}, ""sub2"": {""vaf"": 0.01837, ""n"": 953, ""pooled_depth"": 14418.0, ""callable"": true}, ""sub3"": {""vaf"": 0.01939, ""n"": 775, ""pooled_depth"": 4124.0, ""callable"": true}, ""sub4"": {""vaf"": 0.01837, ""n"": 856, ""pooled_depth"": 14749.0, ""callable"": true}, ""sub5"": {""vaf"": 0.01844, ""n"": 629, ""pooled_depth"": 11914.0, ""callable"": true}, ""sub6"": {""vaf"": 0.01862, ""n"": 407, ""pooled_depth"": 6725.0, ""callable"": true}, ""sub7"": {""vaf"": 0.01966, ""n"": 355, ""pooled_depth"": 1636.0, ""callable"": true}, ""sub8"": {""vaf"": 0.01785, ""n"": 323, ""pooled_depth"": 5290.0, ""callable"": true}, ""sub9"": {""vaf"": 0.02094, ""n"": 218, ""pooled_depth"": 931.0, ""callable"": true}}"	cll9_2
4002	9	1.355644333028099e-06	1.8579350086427049e-06	0.185	False	1.0	True	sub7	False	True	True	True	True	"{""sub1"": {""vaf"": 0.00615, ""n"": 1084, ""pooled_depth"": 10700.0, ""callable"": false}, ""sub2"": {""vaf"": 0.0067, ""n"": 945, ""pooled_depth"": 9505.0, ""callable"": false}, ""sub3"": {""vaf"": 0.00704, ""n"": 693, ""pooled_depth"": 2715.0, ""callable"": false}, ""sub4"": {""vaf"": 0.00652, ""n"": 854, ""pooled_depth"": 9669.0, ""callable"": false}, ""sub5"": {""vaf"": 0.0074, ""n"": 633, ""pooled_depth"": 7621.0, ""callable"": false}, ""sub6"": {""vaf"": 0.00615, ""n"": 407, ""pooled_depth"": 4353.0, ""callable"": false}, ""sub7"": {""vaf"": 0.00788, ""n"": 325, ""pooled_depth"": 1080.0, ""callable"": true}, ""sub8"": {""vaf"": 0.00441, ""n"": 314, ""pooled_depth"": 3629.0, ""callable"": false}, ""sub9"": {""vaf"": 0.00626, ""n"": 199, ""pooled_depth"": 570.0, ""callable"": false}}"	cll9_2
4142	9	2.5297916841172e-06	2.458007314998488e-06	0.05	True	1.0	True	sub9	False	True	True	True	True	"{""sub1"": {""vaf"": 0.00749, ""n"": 1076, ""pooled_depth"": 10390.0, ""callable"": false}, ""sub2"": {""vaf"": 0.008, ""n"": 950, ""pooled_depth"": 9439.0, ""callable"": true}, ""sub3"": {""vaf"": 0.00788, ""n"": 675, ""pooled_depth"": 2744.0, ""callable"": false}, ""sub4"": {""vaf"": 0.0084, ""n"": 848, ""pooled_depth"": 9810.0, ""callable"": true}, ""sub5"": {""vaf"": 0.00878, ""n"": 633, ""pooled_depth"": 7651.0, ""callable"": true}, ""sub6"": {""vaf"": 0.00582, ""n"": 403, ""pooled_depth"": 4408.0, ""callable"": false}, ""sub7"": {""vaf"": 0.00957, ""n"": 333, ""pooled_depth"": 1021.0, ""callable"": true}, ""sub8"": {""vaf"": 0.00705, ""n"": 321, ""pooled_depth"": 3550.0, ""callable"": false}, ""sub9"": {""vaf"": 0.0148, ""n"": 185, ""pooled_depth"": 551.0, ""callable"": true}}"	cll9_2
4218	9	7.8833181626169e-06	7.985746799145194e-06	0.06	False	1.0	True	sub2	False	False	True	True	True	"{""sub1"": {""vaf"": 0.00761, ""n"": 934, ""pooled_depth"": 2677.0, ""callable"": false}, ""sub2"": {""vaf"": 0.00957, ""n"": 803, ""pooled_depth"": 2362.0, ""callable"": true}, ""sub3"": {""vaf"": 0.00941, ""n"": 350, ""pooled_depth"": 602.0, ""callable"": true}, ""sub4"": {""vaf"": 0.00547, ""n"": 750, ""pooled_depth"": 2418.0, ""callable"": false}, ""sub5"": {""vaf"": 0.00507, ""n"": 574, ""pooled_depth"": 1852.0, ""callable"": false}, ""sub6"": {""vaf"": 0.00773, ""n"": 361, ""pooled_depth"": 1079.0, ""callable"": false}, ""sub7"": {""vaf"": 0.00585, ""n"": 130, ""pooled_depth"": 186.0, ""callable"": false}, ""sub8"": {""vaf"": 0.00247, ""n"": 275, ""pooled_depth"": 986.0, ""callable"": false}, ""sub9"": {""vaf"": 0.00466, ""n"": 67, ""pooled_depth"": 120.0, ""callable"": false}}"	cll9_2
4459	9	1.761108845240999e-07	8.786106284965208e-07	0.91	False	1.0	True	sub9	False	True	True	True	True	"{""sub1"": {""vaf"": 0.005, ""n"": 1090, ""pooled_depth"": 19114.0, ""callable"": false}, ""sub2"": {""vaf"": 0.00522, ""n"": 953, ""pooled_depth"": 16982.0, ""callable"": false}, ""sub3"": {""vaf"": 0.00479, ""n"": 807, ""pooled_depth"": 4925.0, ""callable"": false}, ""sub4"": {""vaf"": 0.00517, ""n"": 853, ""pooled_depth"": 17170.0, ""callable"": false}, ""sub5"": {""vaf"": 0.00513, ""n"": 629, ""pooled_depth"": 14020.0, ""callable"": false}, ""sub6"": {""vaf"": 0.00495, ""n"": 410, ""pooled_depth"": 7835.0, ""callable"": false}, ""sub7"": {""vaf"": 0.00561, ""n"": 377, ""pooled_depth"": 2084.0, ""callable"": false}, ""sub8"": {""vaf"": 0.005, ""n"": 323, ""pooled_depth"": 6329.0, ""callable"": false}, ""sub9"": {""vaf"": 0.00577, ""n"": 222, ""pooled_depth"": 1029.0, ""callable"": false}}"	cll9_2
4539	9	1.4585985431002815e-06	4.286249892027205e-06	0.805	False	1.0	True	sub5	False	False	True	True	True	"{""sub1"": {""vaf"": 0.00627, ""n"": 1039, ""pooled_depth"": 5069.0, ""callable"": false}, ""sub2"": {""vaf"": 0.00756, ""n"": 918, ""pooled_depth"": 4452.0, ""callable"": false}, ""sub3"": {""vaf"": 0.00707, ""n"": 535, ""pooled_depth"": 1248.0, ""callable"": false}, ""sub4"": {""vaf"": 0.00688, ""n"": 830, ""pooled_depth"": 4408.0, ""callable"": false}, ""sub5"": {""vaf"": 0.00824, ""n"": 606, ""pooled_depth"": 3634.0, ""callable"": true}, ""sub6"": {""vaf"": 0.00787, ""n"": 399, ""pooled_depth"": 2017.0, ""callable"": true}, ""sub7"": {""vaf"": 0.00676, ""n"": 254, ""pooled_depth"": 532.0, ""callable"": false}, ""sub8"": {""vaf"": 0.00729, ""n"": 292, ""pooled_depth"": 1547.0, ""callable"": false}, ""sub9"": {""vaf"": 0.0067, ""n"": 131, ""pooled_depth"": 261.0, ""callable"": false}}"	cll9_2
4639	9	2.550684763732628e-07	2.6335061456239296e-06	0.98	False	1.0	True	sub8	False	False	True	True	True	"{""sub1"": {""vaf"": 0.00535, ""n"": 1065, ""pooled_depth"": 7029.0, ""callable"": false}, ""sub2"": {""vaf"": 0.00519, ""n"": 929, ""pooled_depth"": 6212.0, ""callable"": false}, ""sub3"": {""vaf"": 0.00541, ""n"": 589, ""pooled_depth"": 1741.0, ""callable"": false}, ""sub4"": {""vaf"": 0.00503, ""n"": 840, ""pooled_depth"": 6324.0, ""callable"": false}, ""sub5"": {""vaf"": 0.00537, ""n"": 624, ""pooled_depth"": 4943.0, ""callable"": false}, ""sub6"": {""vaf"": 0.00521, ""n"": 403, ""pooled_depth"": 2917.0, ""callable"": false}, ""sub7"": {""vaf"": 0.00548, ""n"": 293, ""pooled_depth"": 751.0, ""callable"": false}, ""sub8"": {""vaf"": 0.00563, ""n"": 310, ""pooled_depth"": 2230.0, ""callable"": false}, ""sub9"": {""vaf"": 0.005, ""n"": 156, ""pooled_depth"": 395.0, ""callable"": false}}"	cll9_2
4689	9	3.598874769079592e-06	2.7142853320047304e-06	0.015	True	1.0	True	sub8	False	False	True	True	True	"{""sub1"": {""vaf"": 0.00796, ""n"": 1059, ""pooled_depth"": 6776.0, ""callable"": true}, ""sub2"": {""vaf"": 0.00536, ""n"": 927, ""pooled_depth"": 5941.0, ""callable"": false}, ""sub3"": {""vaf"": 0.00587, ""n"": 603, ""pooled_depth"": 1714.0, ""callable"": false}, ""sub4"": {""vaf"": 0.0043, ""n"": 839, ""pooled_depth"": 6131.0, ""callable"": false}, ""sub5"": {""vaf"": 0.00606, ""n"": 625, ""pooled_depth"": 4747.0, ""callable"": false}, ""sub6"": {""vaf"": 0.00694, ""n"": 397, ""pooled_depth"": 2803.0, ""callable"": false}, ""sub7"": {""vaf"": 0.00743, ""n"": 285, ""pooled_depth"": 769.0, ""callable"": true}, ""sub8"": {""vaf"": 0.00849, ""n"": 303, ""pooled_depth"": 2255.0, ""callable"": true}, ""sub9"": {""vaf"": 0.00622, ""n"": 168, ""pooled_depth"": 406.0, ""callable"": false}}"	cll9_2
4749	9	1.598046656231648e-06	3.382179882554433e-06	0.485	False	1.0	True	sub9	False	False	True	True	True	"{""sub1"": {""vaf"": 0.00519, ""n"": 1058, ""pooled_depth"": 5734.0, ""callable"": false}, ""sub2"": {""vaf"": 0.00503, ""n"": 931, ""pooled_depth"": 5348.0, ""callable"": false}, ""sub3"": {""vaf"": 0.00707, ""n"": 577, ""pooled_depth"": 1469.0, ""callable"": false}, ""sub4"": {""vaf"": 0.00502, ""n"": 832, ""pooled_depth"": 5362.0, ""callable"": false}, ""sub5"": {""vaf"": 0.00471, ""n"": 619, ""pooled_depth"": 4277.0, ""callable"": false}, ""sub6"": {""vaf"": 0.00584, ""n"": 399, ""pooled_depth"": 2449.0, ""callable"": false}, ""sub7"": {""vaf"": 0.00488, ""n"": 262, ""pooled_depth"": 617.0, ""callable"": false}, ""sub8"": {""vaf"": 0.00717, ""n"": 299, ""pooled_depth"": 2136.0, ""callable"": false}, ""sub9"": {""vaf"": 0.00823, ""n"": 157, ""pooled_depth"": 307.0, ""callable"": true}}"	cll9_2
4837	9	3.627241348709637e-07	8.48569511513129e-07	0.605	False	1.0	True	sub5	False	True	True	True	True	"{""sub1"": {""vaf"": 0.00537, ""n"": 1088, ""pooled_depth"": 20281.0, ""callable"": false}, ""sub2"": {""vaf"": 0.00542, ""n"": 955, ""pooled_depth"": 18023.0, ""callable"": false}, ""sub3"": {""vaf"": 0.00409, ""n"": 792, ""pooled_depth"": 5201.0, ""callable"": false}, ""sub4"": {""vaf"": 0.00519, ""n"": 856, ""pooled_depth"": 18098.0, ""callable"": false}, ""sub5"": {""vaf"": 0.00563, ""n"": 638, ""pooled_depth"": 14685.0, ""callable"": false}, ""sub6"": {""vaf"": 0.00497, ""n"": 410, ""pooled_depth"": 8436.0, ""callable"": false}, ""sub7"": {""vaf"": 0.00457, ""n"": 372, ""pooled_depth"": 2162.0, ""callable"": false}, ""sub8"": {""vaf"": 0.00508, ""n"": 327, ""pooled_depth"": 6380.0, ""callable"": false}, ""sub9"": {""vaf"": 0.00503, ""n"": 226, ""pooled_depth"": 1117.0, ""callable"": false}}"	cll9_2
5111	9	6.056424967875876e-07	3.1199918747386828e-06	0.94	False	1.0	True	sub9	False	True	True	True	True	"{""sub1"": {""vaf"": 0.00972, ""n"": 1084, ""pooled_depth"": 10476.0, ""callable"": true}, ""sub2"": {""vaf"": 0.00937, ""n"": 948, ""pooled_depth"": 9641.0, ""callable"": true}, ""sub3"": {""vaf"": 0.01003, ""n"": 705, ""pooled_depth"": 2744.0, ""callable"": true}, ""sub4"": {""vaf"": 0.00927, ""n"": 851, ""pooled_depth"": 9785.0, ""callable"": true}, ""sub5"": {""vaf"": 0.00948, ""n"": 628, ""pooled_depth"": 7363.0, ""callable"": true}, ""sub6"": {""vaf"": 0.01051, ""n"": 407, ""pooled_depth"": 4337.0, ""callable"": true}, ""sub7"": {""vaf"": 0.01049, ""n"": 323, ""pooled_depth"": 1016.0, ""callable"": true}, ""sub8"": {""vaf"": 0.00964, ""n"": 315, ""pooled_depth"": 3649.0, ""callable"": true}, ""sub9"": {""vaf"": 0.01057, ""n"": 200, ""pooled_depth"": 598.0, ""callable"": true}}"	cll9_2
5184	9	8.58008460728518e-07	1.5779106211822009e-06	0.43	False	1.0	True	sub1	False	True	True	True	True	"{""sub1"": {""vaf"": 0.00607, ""n"": 1083, ""pooled_depth"": 9721.0, ""callable"": false}, ""sub2"": {""vaf"": 0.00443, ""n"": 941, ""pooled_depth"": 8834.0, ""callable"": false}, ""sub3"": {""vaf"": 0.00478, ""n"": 676, ""pooled_depth"": 2575.0, ""callable"": false}, ""sub4"": {""vaf"": 0.00489, ""n"": 848, ""pooled_depth"": 8787.0, ""callable"": false}, ""sub5"": {""vaf"": 0.00523, ""n"": 634, ""pooled_depth"": 6923.0, ""callable"": false}, ""sub6"": {""vaf"": 0.00605, ""n"": 405, ""pooled_depth"": 3986.0, ""callable"": false}, ""sub7"": {""vaf"": 0.005, ""n"": 315, ""pooled_depth"": 951.0, ""callable"": false}, ""sub8"": {""vaf"": 0.00471, ""n"": 316, ""pooled_depth"": 3289.0, ""callable"": false}, ""sub9"": {""vaf"": 0.00437, ""n"": 181, ""pooled_depth"": 527.0, ""callable"": false}}"	cll9_2
5217	9	1.8211026218524435e-06	2.8686033092163928e-06	0.325	False	1.0	True	sub9	False	False	True	True	True	"{""sub1"": {""vaf"": 0.00753, ""n"": 1061, ""pooled_depth"": 6424.0, ""callable"": false}, ""sub2"": {""vaf"": 0.00546, ""n"": 928, ""pooled_depth"": 5872.0, ""callable"": false}, ""sub3"": {""vaf"": 0.006, ""n"": 575, ""pooled_depth"": 1603.0, ""callable"": false}, ""sub4"": {""vaf"": 0.00497, ""n"": 834, ""pooled_depth"": 5726.0, ""callable"": false}, ""sub5"": {""vaf"": 0.00578, ""n"": 622, ""pooled_depth"": 4634.0, ""callable"": false}, ""sub6"": {""vaf"": 0.00621, ""n"": 395, ""pooled_depth"": 2646.0, ""callable"": false}, ""sub7"": {""vaf"": 0.00669, ""n"": 256, ""pooled_depth"": 606.0, ""callable"": false}, ""sub8"": {""vaf"": 0.0057, ""n"": 305, ""pooled_depth"": 2083.0, ""callable"": false}, ""sub9"": {""vaf"": 0.00894, ""n"": 155, ""pooled_depth"": 357.0, ""callable"": true}}"	cll9_2
5265	9	1.0031431621028904e-06	2.1297799580796625e-06	0.535	False	1.0	True	sub1	False	False	True	True	True	"{""sub1"": {""vaf"": 0.00652, ""n"": 1073, ""pooled_depth"": 8903.0, ""callable"": false}, ""sub2"": {""vaf"": 0.00627, ""n"": 941, ""pooled_depth"": 7947.0, ""callable"": false}, ""sub3"": {""vaf"": 0.006, ""n"": 662, ""pooled_depth"": 2264.0, ""callable"": false}, ""sub4"": {""vaf"": 0.00461, ""n"": 847, ""pooled_depth"": 7937.0, ""callable"": false}, ""sub5"": {""vaf"": 0.00574, ""n"": 628, ""pooled_depth"": 6332.0, ""callable"": false}, ""sub6"": {""vaf"": 0.00606, ""n"": 402, ""pooled_depth"": 3699.0, ""callable"": false}, ""sub7"": {""vaf"": 0.00527, ""n"": 314, ""pooled_depth"": 896.0, ""callable"": false}, ""sub8"": {""vaf"": 0.00583, ""n"": 309, ""pooled_depth"": 2927.0, ""callable"": false}, ""sub9"": {""vaf"": 0.0062, ""n"": 179, ""pooled_depth"": 488.0, ""callable"": false}}"	cll9_2
5266	9	3.0947054270389866e-07	2.9717847232077533e-06	0.995	False	1.0	True	sub2	False	True	True	True	True	"{""sub1"": {""vaf"": 0.00932, ""n"": 1075, ""pooled_depth"": 9374.0, ""callable"": true}, ""sub2"": {""vaf"": 0.00992, ""n"": 944, ""pooled_depth"": 8434.0, ""callable"": true}, ""sub3"": {""vaf"": 0.00939, ""n"": 670, ""pooled_depth"": 2421.0, ""callable"": true}, ""sub4"": {""vaf"": 0.00933, ""n"": 851, ""pooled_depth"": 8390.0, ""callable"": true}, ""sub5"": {""vaf"": 0.00976, ""n"": 628, ""pooled_depth"": 6692.0, ""callable"": true}, ""sub6"": {""vaf"": 0.0097, ""n"": 402, ""pooled_depth"": 3892.0, ""callable"": true}, ""sub7"": {""vaf"": 0.00956, ""n"": 324, ""pooled_depth"": 960.0, ""callable"": true}, ""sub8"": {""vaf"": 0.00963, ""n"": 312, ""pooled_depth"": 3058.0, ""callable"": true}, ""sub9"": {""vaf"": 0.00959, ""n"": 184, ""pooled_depth"": 508.0, ""callable"": true}}"	cll9_2
5400	9	3.437949761754966e-07	9.031380726426165e-07	0.665	False	1.0	True	sub5	False	True	True	True	True	"{""sub1"": {""vaf"": 0.00552, ""n"": 1088, ""pooled_depth"": 16391.0, ""callable"": false}, ""sub2"": {""vaf"": 0.00492, ""n"": 952, ""pooled_depth"": 14765.0, ""callable"": false}, ""sub3"": {""vaf"": 0.00505, ""n"": 774, ""pooled_depth"": 4351.0, ""callable"": false}, ""sub4"": {""vaf"": 0.00468, ""n"": 854, ""pooled_depth"": 15114.0, ""callable"": false}, ""sub5"": {""vaf"": 0.00577, ""n"": 631, ""pooled_depth"": 11855.0, ""callable"": false}, ""sub6"": {""vaf"": 0.00542, ""n"": 405, ""pooled_depth"": 6850.0, ""callable"": false}, ""sub7"": {""vaf"": 0.00497, ""n"": 370, ""pooled_depth"": 1875.0, ""callable"": false}, ""sub8"": {""vaf"": 0.00472, ""n"": 322, ""pooled_depth"": 5637.0, ""callable"": false}, ""sub9"": {""vaf"": 0.0049, ""n"": 220, ""pooled_depth"": 961.0, ""callable"": false}}"	cll9_2
5508	9	2.087992286107117e-06	1.733303978599903e-06	0.03	True	1.0	True	sub7	False	True	True	True	True	"{""sub1"": {""vaf"": 0.00518, ""n"": 1079, ""pooled_depth"": 10171.0, ""callable"": false}, ""sub2"": {""vaf"": 0.00526, ""n"": 942, ""pooled_depth"": 9063.0, ""callable"": false}, ""sub3"": {""vaf"": 0.00524, ""n"": 701, ""pooled_depth"": 2799.0, ""callable"": false}, ""sub4"": {""vaf"": 0.00421, ""n"": 851, ""pooled_depth"": 9373.0, ""callable"": false}, ""sub5"": {""vaf"": 0.00652, ""n"": 630, ""pooled_depth"": 7469.0, ""callable"": false}, ""sub6"": {""vaf"": 0.00518, ""n"": 402, ""pooled_depth"": 4193.0, ""callable"": false}, ""sub7"": {""vaf"": 0.0102, ""n"": 328, ""pooled_depth"": 1066.0, ""callable"": true}, ""sub8"": {""vaf"": 0.00433, ""n"": 315, ""pooled_depth"": 3548.0, ""callable"": false}, ""sub9"": {""vaf"": 0.00645, ""n"": 191, ""pooled_depth"": 578.0, ""callable"": false}}"	cll9_2
6069	9	2.976300555354356e-06	5.317256029979096e-06	0.515	False	1.0	True	sub9	False	False	True	True	True	"{""sub1"": {""vaf"": 0.01464, ""n"": 1073, ""pooled_depth"": 9108.0, ""callable"": true}, ""sub2"": {""vaf"": 0.01424, ""n"": 940, ""pooled_depth"": 7979.0, ""callable"": true}, ""sub3"": {""vaf"": 0.01322, ""n"": 630, ""pooled_depth"": 2215.0, ""callable"": true}, ""sub4"": {""vaf"": 0.01475, ""n"": 850, ""pooled_depth"": 8018.0, ""callable"": true}, ""sub5"": {""vaf"": 0.01377, ""n"": 633, ""pooled_depth"": 6311.0, ""callable"": true}, ""sub6"": {""vaf"": 0.01228, ""n"": 406, ""pooled_depth"": 3742.0, ""callable"": true}, ""sub7"": {""vaf"": 0.01541, ""n"": 303, ""pooled_depth"": 829.0, ""callable"": true}, ""sub8"": {""vaf"": 0.01233, ""n"": 313, ""pooled_depth"": 2911.0, ""callable"": true}, ""sub9"": {""vaf"": 0.01973, ""n"": 180, ""pooled_depth"": 446.0, ""callable"": true}}"	cll9_2
6070	9	1.979864447009734e-06	4.611293950443349e-06	0.48	False	1.0	True	sub3	False	False	True	True	True	"{""sub1"": {""vaf"": 0.0103, ""n"": 1068, ""pooled_depth"": 7899.0, ""callable"": true}, ""sub2"": {""vaf"": 0.01034, ""n"": 934, ""pooled_depth"": 6996.0, ""callable"": true}, ""sub3"": {""vaf"": 0.01224, ""n"": 600, ""pooled_depth"": 1915.0, ""callable"": true}, ""sub4"": {""vaf"": 0.00885, ""n"": 847, ""pooled_depth"": 6983.0, ""callable"": true}, ""sub5"": {""vaf"": 0.00944, ""n"": 629, ""pooled_depth"": 5425.0, ""callable"": true}, ""sub6"": {""vaf"": 0.00902, ""n"": 402, ""pooled_depth"": 3284.0, ""callable"": true}, ""sub7"": {""vaf"": 0.01083, ""n"": 287, ""pooled_depth"": 724.0, ""callable"": true}, ""sub8"": {""vaf"": 0.01026, ""n"": 310, ""pooled_depth"": 2571.0, ""callable"": true}, ""sub9"": {""vaf"": 0.00758, ""n"": 171, ""pooled_depth"": 399.0, ""callable"": false}}"	cll9_2
6188	9	1.2725328266407088e-06	1.6721521970468074e-06	0.16	False	1.0	True	sub3	False	True	True	True	True	"{""sub1"": {""vaf"": 0.0059, ""n"": 1085, ""pooled_depth"": 12382.0, ""callable"": false}, ""sub2"": {""vaf"": 0.00549, ""n"": 948, ""pooled_depth"": 11288.0, ""callable"": false}, ""sub3"": {""vaf"": 0.00787, ""n"": 731, ""pooled_depth"": 3148.0, ""callable"": true}, ""sub4"": {""vaf"": 0.00629, ""n"": 854, ""pooled_depth"": 11166.0, ""callable"": false}, ""sub5"": {""vaf"": 0.00615, ""n"": 635, ""pooled_depth"": 8870.0, ""callable"": false}, ""sub6"": {""vaf"": 0.00568, ""n"": 408, ""pooled_depth"": 5198.0, ""callable"": false}, ""sub7"": {""vaf"": 0.00632, ""n"": 350, ""pooled_depth"": 1295.0, ""callable"": false}, ""sub8"": {""vaf"": 0.00413, ""n"": 320, ""pooled_depth"": 4099.0, ""callable"": false}, ""sub9"": {""vaf"": 0.00565, ""n"": 199, ""pooled_depth"": 643.0, ""callable"": false}}"	cll9_2
6246	9	7.594857802658522e-07	1.5894498432890513e-06	0.495	False	1.0	True	sub7	False	True	True	True	True	"{""sub1"": {""vaf"": 0.01271, ""n"": 1091, ""pooled_depth"": 24522.0, ""callable"": true}, ""sub2"": {""vaf"": 0.01245, ""n"": 956, ""pooled_depth"": 21358.0, ""callable"": true}, ""sub3"": {""vaf"": 0.01308, ""n"": 807, ""pooled_depth"": 5899.0, ""callable"": true}, ""sub4"": {""vaf"": 0.01237, ""n"": 857, ""pooled_depth"": 21048.0, ""callable"": true}, ""sub5"": {""vaf"": 0.01253, ""n"": 640, ""pooled_depth"": 17604.0, ""callable"": true}, ""sub6"": {""vaf"": 0.01225, ""n"": 411, ""pooled_depth"": 10027.0, ""callable"": true}, ""sub7"": {""vaf"": 0.01466, ""n"": 377, ""pooled_depth"": 2476.0, ""callable"": true}, ""sub8"": {""vaf"": 0.01371, ""n"": 327, ""pooled_depth"": 7689.0, ""callable"": true}, ""sub9"": {""vaf"": 0.0138, ""n"": 227, ""pooled_depth"": 1307.0, ""callable"": true}}"	cll9_2
6342	9	6.938139350329697e-07	9.810942403370857e-07	0.27	False	1.0	True	sub3	False	True	True	True	True	"{""sub1"": {""vaf"": 0.00636, ""n"": 1086, ""pooled_depth"": 20225.0, ""callable"": false}, ""sub2"": {""vaf"": 0.00652, ""n"": 953, ""pooled_depth"": 17610.0, ""callable"": false}, ""sub3"": {""vaf"": 0.00714, ""n"": 795, ""pooled_depth"": 4917.0, ""callable"": false}, ""sub4"": {""vaf"": 0.00691, ""n"": 857, ""pooled_depth"": 17565.0, ""callable"": false}, ""sub5"": {""vaf"": 0.00561, ""n"": 636, ""pooled_depth"": 14468.0, ""callable"": false}, ""sub6"": {""vaf"": 0.00681, ""n"": 409, ""pooled_depth"": 8512.0, ""callable"": false}, ""sub7"": {""vaf"": 0.00639, ""n"": 372, ""pooled_depth"": 2114.0, ""callable"": false}, ""sub8"": {""vaf"": 0.00549, ""n"": 324, ""pooled_depth"": 6529.0, ""callable"": false}, ""sub9"": {""vaf"": 0.00661, ""n"": 227, ""pooled_depth"": 1087.0, ""callable"": false}}"	cll9_2
6464	9	1.11401921057259e-06	1.53781292236699e-06	0.175	False	1.0	True	sub1	False	True	True	True	True	"{""sub1"": {""vaf"": 0.0113, ""n"": 1091, ""pooled_depth"": 19242.0, ""callable"": true}, ""sub2"": {""vaf"": 0.01031, ""n"": 952, ""pooled_depth"": 16740.0, ""callable"": true}, ""sub3"": {""vaf"": 0.01056, ""n"": 788, ""pooled_depth"": 4652.0, ""callable"": true}, ""sub4"": {""vaf"": 0.01092, ""n"": 858, ""pooled_depth"": 16920.0, ""callable"": true}, ""sub5"": {""vaf"": 0.0106, ""n"": 631, ""pooled_depth"": 13569.0, ""callable"": true}, ""sub6"": {""vaf"": 0.01059, ""n"": 413, ""pooled_depth"": 7920.0, ""callable"": true}, ""sub7"": {""vaf"": 0.01055, ""n"": 372, ""pooled_depth"": 1911.0, ""callable"": true}, ""sub8"": {""vaf"": 0.00881, ""n"": 324, ""pooled_depth"": 6146.0, ""callable"": false}, ""sub9"": {""vaf"": 0.01042, ""n"": 229, ""pooled_depth"": 1053.0, ""callable"": true}}"	cll9_2
6513	9	1.0022497519780114e-06	1.0060506231146308e-06	0.06	False	1.0	True	sub7	False	True	True	True	True	"{""sub1"": {""vaf"": 0.00836, ""n"": 1086, ""pooled_depth"": 21469.0, ""callable"": true}, ""sub2"": {""vaf"": 0.00939, ""n"": 954, ""pooled_depth"": 18581.0, ""callable"": true}, ""sub3"": {""vaf"": 0.00735, ""n"": 807, ""pooled_depth"": 5357.0, ""callable"": false}, ""sub4"": {""vaf"": 0.00843, ""n"": 858, ""pooled_depth"": 18779.0, ""callable"": true}, ""sub5"": {""vaf"": 0.00792, ""n"": 639, ""pooled_depth"": 15253.0, ""callable"": false}, ""sub6"": {""vaf"": 0.00751, ""n"": 413, ""pooled_depth"": 8777.0, ""callable"": false}, ""sub7"": {""vaf"": 0.00979, ""n"": 377, ""pooled_depth"": 2270.0, ""callable"": true}, ""sub8"": {""vaf"": 0.00928, ""n"": 331, ""pooled_depth"": 6869.0, ""callable"": true}, ""sub9"": {""vaf"": 0.00966, ""n"": 227, ""pooled_depth"": 1199.0, ""callable"": true}}"	cll9_2
6544	9	1.8581777008462067e-06	2.181993490203361e-06	0.11	False	1.0	True	sub7	False	True	True	True	True	"{""sub1"": {""vaf"": 0.0168, ""n"": 1085, ""pooled_depth"": 21187.0, ""callable"": true}, ""sub2"": {""vaf"": 0.01494, ""n"": 951, ""pooled_depth"": 18174.0, ""callable"": true}, ""sub3"": {""vaf"": 0.01427, ""n"": 804, ""pooled_depth"": 5228.0, ""callable"": true}, ""sub4"": {""vaf"": 0.01649, ""n"": 857, ""pooled_depth"": 18375.0, ""callable"": true}, ""sub5"": {""vaf"": 0.01593, ""n"": 638, ""pooled_depth"": 15231.0, ""callable"": true}, ""sub6"": {""vaf"": 0.01636, ""n"": 408, ""pooled_depth"": 8699.0, ""callable"": true}, ""sub7"": {""vaf"": 0.01833, ""n"": 384, ""pooled_depth"": 2205.0, ""callable"": true}, ""sub8"": {""vaf"": 0.01472, ""n"": 327, ""pooled_depth"": 6740.0, ""callable"": true}, ""sub9"": {""vaf"": 0.01612, ""n"": 228, ""pooled_depth"": 1120.0, ""callable"": true}}"	cll9_2
6726	9	2.637372651912429e-06	3.3836265941677356e-06	0.155	False	1.0	True	sub7	False	True	True	True	True	"{""sub1"": {""vaf"": 0.01116, ""n"": 1074, ""pooled_depth"": 9725.0, ""callable"": true}, ""sub2"": {""vaf"": 0.01023, ""n"": 944, ""pooled_depth"": 8623.0, ""callable"": true}, ""sub3"": {""vaf"": 0.01111, ""n"": 665, ""pooled_depth"": 2387.0, ""callable"": true}, ""sub4"": {""vaf"": 0.00988, ""n"": 850, ""pooled_depth"": 8347.0, ""callable"": true}, ""sub5"": {""vaf"": 0.0114, ""n"": 630, ""pooled_depth"": 6784.0, ""callable"": true}, ""sub6"": {""vaf"": 0.0098, ""n"": 405, ""pooled_depth"": 4034.0, ""callable"": true}, ""sub7"": {""vaf"": 0.015, ""n"": 328, ""pooled_depth"": 1103.0, ""callable"": true}, ""sub8"": {""vaf"": 0.00897, ""n"": 318, ""pooled_depth"": 3141.0, ""callable"": true}, ""sub9"": {""vaf"": 0.00788, ""n"": 192, ""pooled_depth"": 507.0, ""callable"": false}}"	cll9_2
6780	9	1.1761583237736188e-05	1.7488391525312387e-05	0.185	False	1.0	True	sub5	False	False	True	True	True	"{""sub1"": {""vaf"": 0.01876, ""n"": 981, ""pooled_depth"": 3264.0, ""callable"": true}, ""sub2"": {""vaf"": 0.01527, ""n"": 857, ""pooled_depth"": 2974.0, ""callable"": true}, ""sub3"": {""vaf"": 0.0165, ""n"": 399, ""pooled_depth"": 745.0, ""callable"": true}, ""sub4"": {""vaf"": 0.01801, ""n"": 784, ""pooled_depth"": 2884.0, ""callable"": true}, ""sub5"": {""vaf"": 0.0199, ""n"": 595, ""pooled_depth"": 2171.0, ""callable"": true}, ""sub6"": {""vaf"": 0.01692, ""n"": 375, ""pooled_depth"": 1355.0, ""callable"": true}, ""sub7"": {""vaf"": 0.01811, ""n"": 159, ""pooled_depth"": 267.0, ""callable"": true}, ""sub8"": {""vaf"": 0.01194, ""n"": 289, ""pooled_depth"": 1210.0, ""callable"": false}, ""sub9"": {""vaf"": 0.01644, ""n"": 85, ""pooled_depth"": 143.0, ""callable"": false}}"	cll9_2
6832	9	5.502869502654052e-06	8.039380008598323e-06	0.16	False	1.0	True	sub3	False	False	True	True	True	"{""sub1"": {""vaf"": 0.00508, ""n"": 984, ""pooled_depth"": 3533.0, ""callable"": false}, ""sub2"": {""vaf"": 0.00444, ""n"": 869, ""pooled_depth"": 3055.0, ""callable"": false}, ""sub3"": {""vaf"": 0.00907, ""n"": 401, ""pooled_depth"": 775.0, ""callable"": true}, ""sub4"": {""vaf"": 0.0079, ""n"": 783, ""pooled_depth"": 3059.0, ""callable"": true}, ""sub5"": {""vaf"": 0.00753, ""n"": 590, ""pooled_depth"": 2462.0, ""callable"": false}, ""sub6"": {""vaf"": 0.00785, ""n"": 384, ""pooled_depth"": 1431.0, ""callable"": true}, ""sub7"": {""vaf"": 0.00733, ""n"": 153, ""pooled_depth"": 237.0, ""callable"": false}, ""sub8"": {""vaf"": 0.00518, ""n"": 281, ""pooled_depth"": 1131.0, ""callable"": false}, ""sub9"": {""vaf"": 0.00712, ""n"": 86, ""pooled_depth"": 132.0, ""callable"": false}}"	cll9_2
6996	9	2.15586174132191e-06	4.837669860999821e-06	0.605	False	1.0	True	sub7	False	False	True	True	True	"{""sub1"": {""vaf"": 0.011, ""n"": 1064, ""pooled_depth"": 6481.0, ""callable"": true}, ""sub2"": {""vaf"": 0.01104, ""n"": 932, ""pooled_depth"": 5638.0, ""callable"": true}, ""sub3"": {""vaf"": 0.00834, ""n"": 577, ""pooled_depth"": 1612.0, ""callable"": false}, ""sub4"": {""vaf"": 0.0095, ""n"": 839, ""pooled_depth"": 5921.0, ""callable"": true}, ""sub5"": {""vaf"": 0.01053, ""n"": 618, ""pooled_depth"": 4674.0, ""callable"": true}, ""sub6"": {""vaf"": 0.00986, ""n"": 402, ""pooled_depth"": 2691.0, ""callable"": true}, ""sub7"": {""vaf"": 0.0112, ""n"": 268, ""pooled_depth"": 619.0, ""callable"": true}, ""sub8"": {""vaf"": 0.00929, ""n"": 306, ""pooled_depth"": 2218.0, ""callable"": true}, ""sub9"": {""vaf"": 0.01006, ""n"": 148, ""pooled_depth"": 312.0, ""callable"": false}}"	cll9_2
7046	9	4.20586985890032e-06	4.179416238362493e-06	0.05	True	1.0	True	sub7	False	False	True	True	True	"{""sub1"": {""vaf"": 0.00623, ""n"": 1053, ""pooled_depth"": 5344.0, ""callable"": false}, ""sub2"": {""vaf"": 0.00813, ""n"": 910, ""pooled_depth"": 4691.0, ""callable"": true}, ""sub3"": {""vaf"": 0.00774, ""n"": 550, ""pooled_depth"": 1344.0, ""callable"": false}, ""sub4"": {""vaf"": 0.00546, ""n"": 835, ""pooled_depth"": 4709.0, ""callable"": false}, ""sub5"": {""vaf"": 0.00723, ""n"": 619, ""pooled_depth"": 3831.0, ""callable"": false}, ""sub6"": {""vaf"": 0.00937, ""n"": 399, ""pooled_depth"": 2180.0, ""callable"": true}, ""sub7"": {""vaf"": 0.01103, ""n"": 242, ""pooled_depth"": 495.0, ""callable"": true}, ""sub8"": {""vaf"": 0.00484, ""n"": 300, ""pooled_depth"": 1880.0, ""callable"": false}, ""sub9"": {""vaf"": 0.01035, ""n"": 138, ""pooled_depth"": 276.0, ""callable"": true}}"	cll9_2
7106	9	2.7202712233665115e-06	3.927663358428916e-06	0.15	False	1.0	True	sub7	False	False	True	True	True	"{""sub1"": {""vaf"": 0.01123, ""n"": 1084, ""pooled_depth"": 9417.0, ""callable"": true}, ""sub2"": {""vaf"": 0.00953, ""n"": 936, ""pooled_depth"": 7906.0, ""callable"": true}, ""sub3"": {""vaf"": 0.01112, ""n"": 655, ""pooled_depth"": 2328.0, ""callable"": true}, ""sub4"": {""vaf"": 0.01081, ""n"": 850, ""pooled_depth"": 8158.0, ""callable"": true}, ""sub5"": {""vaf"": 0.00934, ""n"": 627, ""pooled_depth"": 6694.0, ""callable"": true}, ""sub6"": {""vaf"": 0.01042, ""n"": 402, ""pooled_depth"": 3791.0, ""callable"": true}, ""sub7"": {""vaf"": 0.01485, ""n"": 322, ""pooled_depth"": 906.0, ""callable"": true}, ""sub8"": {""vaf"": 0.01159, ""n"": 312, ""pooled_depth"": 2886.0, ""callable"": true}, ""sub9"": {""vaf"": 0.01439, ""n"": 177, ""pooled_depth"": 478.0, ""callable"": true}}"	cll9_2
7112	9	3.319258888663923e-07	1.5454416301818153e-06	0.9	False	1.0	True	sub6	False	True	True	True	True	"{""sub1"": {""vaf"": 0.00536, ""n"": 1087, ""pooled_depth"": 12596.0, ""callable"": false}, ""sub2"": {""vaf"": 0.00543, ""n"": 947, ""pooled_depth"": 10714.0, ""callable"": false}, ""sub3"": {""vaf"": 0.00521, ""n"": 701, ""pooled_depth"": 3091.0, ""callable"": false}, ""sub4"": {""vaf"": 0.00511, ""n"": 855, ""pooled_depth"": 10872.0, ""callable"": false}, ""sub5"": {""vaf"": 0.00581, ""n"": 633, ""pooled_depth"": 8896.0, ""callable"": false}, ""sub6"": {""vaf"": 0.00593, ""n"": 403, ""pooled_depth"": 5091.0, ""callable"": false}, ""sub7"": {""vaf"": 0.0059, ""n"": 343, ""pooled_depth"": 1238.0, ""callable"": false}, ""sub8"": {""vaf"": 0.0058, ""n"": 318, ""pooled_depth"": 3916.0, ""callable"": false}, ""sub9"": {""vaf"": 0.00516, ""n"": 200, ""pooled_depth"": 641.0, ""callable"": false}}"	cll9_2
7191	9	4.65940938558105e-07	1.043805622685173e-06	0.625	False	1.0	True	sub7	False	True	True	True	True	"{""sub1"": {""vaf"": 0.00607, ""n"": 1091, ""pooled_depth"": 17044.0, ""callable"": false}, ""sub2"": {""vaf"": 0.00669, ""n"": 949, ""pooled_depth"": 14792.0, ""callable"": false}, ""sub3"": {""vaf"": 0.00563, ""n"": 749, ""pooled_depth"": 4113.0, ""callable"": false}, ""sub4"": {""vaf"": 0.00627, ""n"": 857, ""pooled_depth"": 14767.0, ""callable"": false}, ""sub5"": {""vaf"": 0.00568, ""n"": 637, ""pooled_depth"": 12158.0, ""callable"": false}, ""sub6"": {""vaf"": 0.0059, ""n"": 406, ""pooled_depth"": 6959.0, ""callable"": false}, ""sub7"": {""vaf"": 0.00714, ""n"": 369, ""pooled_depth"": 1696.0, ""callable"": true}, ""sub8"": {""vaf"": 0.00627, ""n"": 325, ""pooled_depth"": 5358.0, ""callable"": false}, ""sub9"": {""vaf"": 0.0067, ""n"": 219, ""pooled_depth"": 880.0, ""callable"": false}}"	cll9_2
7315	9	1.4607357289599999e-06	1.7131008556583388e-06	0.145	False	1.0	True	sub7	False	True	True	True	True	"{""sub1"": {""vaf"": 0.0096, ""n"": 1092, ""pooled_depth"": 17346.0, ""callable"": true}, ""sub2"": {""vaf"": 0.00928, ""n"": 948, ""pooled_depth"": 14889.0, ""callable"": true}, ""sub3"": {""vaf"": 0.00895, ""n"": 768, ""pooled_depth"": 4316.0, ""callable"": true}, ""sub4"": {""vaf"": 0.00959, ""n"": 854, ""pooled_depth"": 14764.0, ""callable"": true}, ""sub5"": {""vaf"": 0.00866, ""n"": 635, ""pooled_depth"": 12372.0, ""callable"": true}, ""sub6"": {""vaf"": 0.00834, ""n"": 410, ""pooled_depth"": 6905.0, ""callable"": true}, ""sub7"": {""vaf"": 0.01316, ""n"": 365, ""pooled_depth"": 1893.0, ""callable"": true}, ""sub8"": {""vaf"": 0.00898, ""n"": 323, ""pooled_depth"": 5192.0, ""callable"": true}, ""sub9"": {""vaf"": 0.01072, ""n"": 208, ""pooled_depth"": 917.0, ""callable"": true}}"	cll9_2
7361	9	1.7752032073469441e-06	2.0081399520103787e-06	0.115	False	1.0	True	sub6	False	True	True	True	True	"{""sub1"": {""vaf"": 0.00664, ""n"": 1084, ""pooled_depth"": 10978.0, ""callable"": false}, ""sub2"": {""vaf"": 0.00733, ""n"": 946, ""pooled_depth"": 9594.0, ""callable"": false}, ""sub3"": {""vaf"": 0.00561, ""n"": 697, ""pooled_depth"": 2630.0, ""callable"": false}, ""sub4"": {""vaf"": 0.0081, ""n"": 849, ""pooled_depth"": 9349.0, ""callable"": true}, ""sub5"": {""vaf"": 0.00621, ""n"": 633, ""pooled_depth"": 7772.0, ""callable"": false}, ""sub6"": {""vaf"": 0.00893, ""n"": 408, ""pooled_depth"": 4372.0, ""callable"": true}, ""sub7"": {""vaf"": 0.00809, ""n"": 321, ""pooled_depth"": 1080.0, ""callable"": true}, ""sub8"": {""vaf"": 0.0064, ""n"": 313, ""pooled_depth"": 3296.0, ""callable"": false}, ""sub9"": {""vaf"": 0.00385, ""n"": 194, ""pooled_depth"": 569.0, ""callable"": false}}"	cll9_2
7773	9	1.057230660529388e-06	1.49595515068606e-06	0.185	False	1.0	True	sub6	False	True	True	True	True	"{""sub1"": {""vaf"": 0.00649, ""n"": 1086, ""pooled_depth"": 12315.0, ""callable"": false}, ""sub2"": {""vaf"": 0.00584, ""n"": 945, ""pooled_depth"": 10960.0, ""callable"": false}, ""sub3"": {""vaf"": 0.00492, ""n"": 714, ""pooled_depth"": 2926.0, ""callable"": false}, ""sub4"": {""vaf"": 0.00494, ""n"": 852, ""pooled_depth"": 11008.0, ""callable"": false}, ""sub5"": {""vaf"": 0.00627, ""n"": 633, ""pooled_depth"": 8820.0, ""callable"": false}, ""sub6"": {""vaf"": 0.00702, ""n"": 406, ""pooled_depth"": 5011.0, ""callable"": false}, ""sub7"": {""vaf"": 0.0044, ""n"": 334, ""pooled_depth"": 1178.0, ""callable"": false}, ""sub8"": {""vaf"": 0.00522, ""n"": 319, ""pooled_depth"": 4011.0, ""callable"": false}, ""sub9"": {""vaf"": 0.00408, ""n"": 202, ""pooled_depth"": 650.0, ""callable"": false}}"	cll9_2
7775	9	8.971765208341773e-07	1.4108612993553646e-06	0.305	False	1.0	True	sub2	False	True	True	True	True	"{""sub1"": {""vaf"": 0.00615, ""n"": 1088, ""pooled_depth"": 14613.0, ""callable"": false}, ""sub2"": {""vaf"": 0.007, ""n"": 948, ""pooled_depth"": 12953.0, ""callable"": false}, ""sub3"": {""vaf"": 0.00532, ""n"": 747, ""pooled_depth"": 3526.0, ""callable"": false}, ""sub4"": {""vaf"": 0.00585, ""n"": 855, ""pooled_depth"": 13021.0, ""callable"": false}, ""sub5"": {""vaf"": 0.00695, ""n"": 633, ""pooled_depth"": 10512.0, ""callable"": false}, ""sub6"": {""vaf"": 0.00621, ""n"": 408, ""pooled_depth"": 6046.0, ""callable"": false}, ""sub7"": {""vaf"": 0.00632, ""n"": 356, ""pooled_depth"": 1423.0, ""callable"": false}, ""sub8"": {""vaf"": 0.00528, ""n"": 323, ""pooled_depth"": 4719.0, ""callable"": false}, ""sub9"": {""vaf"": 0.00614, ""n"": 210, ""pooled_depth"": 788.0, ""callable"": false}}"	cll9_2
7783	9	1.0306053209019564e-06	1.1041296023329506e-06	0.1	False	1.0	True	sub9	False	True	True	True	True	"{""sub1"": {""vaf"": 0.00641, ""n"": 1086, ""pooled_depth"": 15839.0, ""callable"": false}, ""sub2"": {""vaf"": 0.00495, ""n"": 947, ""pooled_depth"": 14011.0, ""callable"": false}, ""sub3"": {""vaf"": 0.00536, ""n"": 758, ""pooled_depth"": 3834.0, ""callable"": false}, ""sub4"": {""vaf"": 0.0063, ""n"": 856, ""pooled_depth"": 13936.0, ""callable"": false}, ""sub5"": {""vaf"": 0.00716, ""n"": 629, ""pooled_depth"": 11337.0, ""callable"": false}, ""sub6"": {""vaf"": 0.00544, ""n"": 409, ""pooled_depth"": 6508.0, ""callable"": false}, ""sub7"": {""vaf"": 0.00571, ""n"": 360, ""pooled_depth"": 1559.0, ""callable"": false}, ""sub8"": {""vaf"": 0.00536, ""n"": 325, ""pooled_depth"": 5139.0, ""callable"": false}, ""sub9"": {""vaf"": 0.00748, ""n"": 220, ""pooled_depth"": 869.0, ""callable"": true}}"	cll9_2
7832	9	4.374509636041788e-07	1.0230326936670968e-06	0.63	False	1.0	True	sub9	False	True	True	True	True	"{""sub1"": {""vaf"": 0.00696, ""n"": 1093, ""pooled_depth"": 21744.0, ""callable"": false}, ""sub2"": {""vaf"": 0.00632, ""n"": 953, ""pooled_depth"": 18797.0, ""callable"": false}, ""sub3"": {""vaf"": 0.00596, ""n"": 797, ""pooled_depth"": 5230.0, ""callable"": false}, ""sub4"": {""vaf"": 0.00695, ""n"": 859, ""pooled_depth"": 18903.0, ""callable"": false}, ""sub5"": {""vaf"": 0.00654, ""n"": 635, ""pooled_depth"": 15731.0, ""callable"": false}, ""sub6"": {""vaf"": 0.00706, ""n"": 411, ""pooled_depth"": 9054.0, ""callable"": false}, ""sub7"": {""vaf"": 0.00565, ""n"": 386, ""pooled_depth"": 2361.0, ""callable"": false}, ""sub8"": {""vaf"": 0.00608, ""n"": 325, ""pooled_depth"": 6700.0, ""callable"": false}, ""sub9"": {""vaf"": 0.00711, ""n"": 228, ""pooled_depth"": 1233.0, ""callable"": true}}"	cll9_2
7903	9	2.4856073681877854e-07	7.648485067958083e-07	0.755	False	1.0	True	sub4	False	True	True	True	True	"{""sub1"": {""vaf"": 0.007, ""n"": 1090, ""pooled_depth"": 24210.0, ""callable"": false}, ""sub2"": {""vaf"": 0.00686, ""n"": 955, ""pooled_depth"": 21195.0, ""callable"": false}, ""sub3"": {""vaf"": 0.00672, ""n"": 813, ""pooled_depth"": 6003.0, ""callable"": false}, ""sub4"": {""vaf"": 0.00735, ""n"": 858, ""pooled_depth"": 21365.0, ""callable"": false}, ""sub5"": {""vaf"": 0.00638, ""n"": 639, ""pooled_depth"": 17345.0, ""callable"": false}, ""sub6"": {""vaf"": 0.00667, ""n"": 410, ""pooled_depth"": 9989.0, ""callable"": false}, ""sub7"": {""vaf"": 0.0072, ""n"": 389, ""pooled_depth"": 2635.0, ""callable"": false}, ""sub8"": {""vaf"": 0.00703, ""n"": 330, ""pooled_depth"": 7707.0, ""callable"": false}, ""sub9"": {""vaf"": 0.00733, ""n"": 233, ""pooled_depth"": 1365.0, ""callable"": true}}"	cll9_2
7953	9	2.2635281754962286e-06	4.13231825848347e-06	0.42	False	1.0	True	sub7	False	True	True	True	True	"{""sub1"": {""vaf"": 0.01852, ""n"": 1088, ""pooled_depth"": 12364.0, ""callable"": true}, ""sub2"": {""vaf"": 0.01647, ""n"": 946, ""pooled_depth"": 10938.0, ""callable"": true}, ""sub3"": {""vaf"": 0.01712, ""n"": 721, ""pooled_depth"": 2972.0, ""callable"": true}, ""sub4"": {""vaf"": 0.01621, ""n"": 851, ""pooled_depth"": 10921.0, ""callable"": true}, ""sub5"": {""vaf"": 0.01821, ""n"": 631, ""pooled_depth"": 8849.0, ""callable"": true}, ""sub6"": {""vaf"": 0.0169, ""n"": 407, ""pooled_depth"": 5126.0, ""callable"": true}, ""sub7"": {""vaf"": 0.01886, ""n"": 331, ""pooled_depth"": 1156.0, ""callable"": true}, ""sub8"": {""vaf"": 0.01832, ""n"": 318, ""pooled_depth"": 4077.0, ""callable"": true}, ""sub9"": {""vaf"": 0.01735, ""n"": 207, ""pooled_depth"": 638.0, ""callable"": true}}"	cll9_2
7996	9	7.763415566557889e-07	1.2177019190767815e-06	0.22	False	1.0	True	sub6	False	True	True	True	True	"{""sub1"": {""vaf"": 0.00584, ""n"": 1086, ""pooled_depth"": 14877.0, ""callable"": false}, ""sub2"": {""vaf"": 0.00566, ""n"": 948, ""pooled_depth"": 13028.0, ""callable"": false}, ""sub3"": {""vaf"": 0.00626, ""n"": 750, ""pooled_depth"": 3708.0, ""callable"": false}, ""sub4"": {""vaf"": 0.00552, ""n"": 852, ""pooled_depth"": 13090.0, ""callable"": false}, ""sub5"": {""vaf"": 0.00604, ""n"": 635, ""pooled_depth"": 10611.0, ""callable"": false}, ""sub6"": {""vaf"": 0.00702, ""n"": 409, ""pooled_depth"": 6286.0, ""callable"": false}, ""sub7"": {""vaf"": 0.0065, ""n"": 354, ""pooled_depth"": 1428.0, ""callable"": false}, ""sub8"": {""vaf"": 0.0048, ""n"": 323, ""pooled_depth"": 4827.0, ""callable"": false}, ""sub9"": {""vaf"": 0.00613, ""n"": 215, ""pooled_depth"": 777.0, ""callable"": false}}"	cll9_2
8117	9	7.866266121454205e-07	1.6146567629450544e-06	0.585	False	1.0	True	sub9	False	True	True	True	True	"{""sub1"": {""vaf"": 0.01414, ""n"": 1098, ""pooled_depth"": 20981.0, ""callable"": true}, ""sub2"": {""vaf"": 0.01296, ""n"": 952, ""pooled_depth"": 18080.0, ""callable"": true}, ""sub3"": {""vaf"": 0.01332, ""n"": 806, ""pooled_depth"": 5172.0, ""callable"": true}, ""sub4"": {""vaf"": 0.01283, ""n"": 859, ""pooled_depth"": 18219.0, ""callable"": true}, ""sub5"": {""vaf"": 0.01326, ""n"": 637, ""pooled_depth"": 14863.0, ""callable"": true}, ""sub6"": {""vaf"": 0.01362, ""n"": 410, ""pooled_depth"": 8639.0, ""callable"": true}, ""sub7"": {""vaf"": 0.01442, ""n"": 375, ""pooled_depth"": 2117.0, ""callable"": true}, ""sub8"": {""vaf"": 0.01407, ""n"": 329, ""pooled_depth"": 6460.0, ""callable"": true}, ""sub9"": {""vaf"": 0.01504, ""n"": 225, ""pooled_depth"": 1135.0, ""callable"": true}}"	cll9_2
8165	9	1.1630958036349444e-06	2.065332993875838e-06	0.46	False	1.0	True	sub7	False	True	True	True	True	"{""sub1"": {""vaf"": 0.01183, ""n"": 1093, ""pooled_depth"": 23816.0, ""callable"": true}, ""sub2"": {""vaf"": 0.01198, ""n"": 956, ""pooled_depth"": 20645.0, ""callable"": true}, ""sub3"": {""vaf"": 0.01445, ""n"": 815, ""pooled_depth"": 5885.0, ""callable"": true}, ""sub4"": {""vaf"": 0.01239, ""n"": 855, ""pooled_depth"": 20659.0, ""callable"": true}, ""sub5"": {""vaf"": 0.01234, ""n"": 640, ""pooled_depth"": 16957.0, ""callable"": true}, ""sub6"": {""vaf"": 0.01258, ""n"": 409, ""pooled_depth"": 9727.0, ""callable"": true}, ""sub7"": {""vaf"": 0.01462, ""n"": 386, ""pooled_depth"": 2565.0, ""callable"": true}, ""sub8"": {""vaf"": 0.01227, ""n"": 326, ""pooled_depth"": 7367.0, ""callable"": true}, ""sub9"": {""vaf"": 0.01406, ""n"": 234, ""pooled_depth"": 1307.0, ""callable"": true}}"	cll9_2
8167	9	1.4066149032974585e-06	1.2130469577443442e-06	0.03	True	1.0	True	sub7	False	True	True	True	True	"{""sub1"": {""vaf"": 0.00745, ""n"": 1091, ""pooled_depth"": 21590.0, ""callable"": false}, ""sub2"": {""vaf"": 0.00647, ""n"": 954, ""pooled_depth"": 18724.0, ""callable"": false}, ""sub3"": {""vaf"": 0.00863, ""n"": 803, ""pooled_depth"": 5370.0, ""callable"": true}, ""sub4"": {""vaf"": 0.00814, ""n"": 854, ""pooled_depth"": 18726.0, ""callable"": true}, ""sub5"": {""vaf"": 0.00665, ""n"": 639, ""pooled_depth"": 15295.0, ""callable"": false}, ""sub6"": {""vaf"": 0.00827, ""n"": 409, ""pooled_depth"": 8845.0, ""callable"": true}, ""sub7"": {""vaf"": 0.01003, ""n"": 382, ""pooled_depth"": 2325.0, ""callable"": true}, ""sub8"": {""vaf"": 0.00617, ""n"": 326, ""pooled_depth"": 6590.0, ""callable"": false}, ""sub9"": {""vaf"": 0.00774, ""n"": 233, ""pooled_depth"": 1199.0, ""callable"": false}}"	cll9_2
8201	9	4.0905312680886997e-07	6.205969229976488e-07	0.26	False	1.0	True	sub3	False	True	True	True	True	"{""sub1"": {""vaf"": 0.00513, ""n"": 1094, ""pooled_depth"": 24467.0, ""callable"": false}, ""sub2"": {""vaf"": 0.00487, ""n"": 957, ""pooled_depth"": 21015.0, ""callable"": false}, ""sub3"": {""vaf"": 0.00581, ""n"": 825, ""pooled_depth"": 6244.0, ""callable"": false}, ""sub4"": {""vaf"": 0.00554, ""n"": 857, ""pooled_depth"": 21316.0, ""callable"": false}, ""sub5"": {""vaf"": 0.00538, ""n"": 640, ""pooled_depth"": 17394.0, ""callable"": false}, ""sub6"": {""vaf"": 0.00416, ""n"": 410, ""pooled_depth"": 10011.0, ""callable"": false}, ""sub7"": {""vaf"": 0.0053, ""n"": 380, ""pooled_depth"": 2629.0, ""callable"": false}, ""sub8"": {""vaf"": 0.0054, ""n"": 326, ""pooled_depth"": 7520.0, ""callable"": false}, ""sub9"": {""vaf"": 0.00414, ""n"": 229, ""pooled_depth"": 1372.0, ""callable"": false}}"	cll9_2
8322	9	1.4632218118960989e-06	1.98906656246124e-06	0.22	False	1.0	True	sub9	False	False	True	True	True	"{""sub1"": {""vaf"": 0.00427, ""n"": 1079, ""pooled_depth"": 7873.0, ""callable"": false}, ""sub2"": {""vaf"": 0.00445, ""n"": 936, ""pooled_depth"": 7305.0, ""callable"": false}, ""sub3"": {""vaf"": 0.00651, ""n"": 634, ""pooled_depth"": 1983.0, ""callable"": false}, ""sub4"": {""vaf"": 0.00551, ""n"": 845, ""pooled_depth"": 7199.0, ""callable"": false}, ""sub5"": {""vaf"": 0.00514, ""n"": 627, ""pooled_depth"": 5636.0, ""callable"": false}, ""sub6"": {""vaf"": 0.00635, ""n"": 405, ""pooled_depth"": 3312.0, ""callable"": false}, ""sub7"": {""vaf"": 0.007, ""n"": 270, ""pooled_depth"": 647.0, ""callable"": false}, ""sub8"": {""vaf"": 0.00506, ""n"": 311, ""pooled_depth"": 2767.0, ""callable"": false}, ""sub9"": {""vaf"": 0.00868, ""n"": 164, ""pooled_depth"": 374.0, ""callable"": true}}"	cll9_2
8425	9	6.818274531214458e-08	1.2423927224197434e-06	1.0	False	1.0	True	sub7	False	True	True	True	True	"{""sub1"": {""vaf"": 0.00698, ""n"": 1091, ""pooled_depth"": 18595.0, ""callable"": false}, ""sub2"": {""vaf"": 0.00697, ""n"": 953, ""pooled_depth"": 16335.0, ""callable"": false}, ""sub3"": {""vaf"": 0.00692, ""n"": 799, ""pooled_depth"": 4801.0, ""callable"": false}, ""sub4"": {""vaf"": 0.00691, ""n"": 856, ""pooled_depth"": 16530.0, ""callable"": false}, ""sub5"": {""vaf"": 0.00682, ""n"": 633, ""pooled_depth"": 13332.0, ""callable"": false}, ""sub6"": {""vaf"": 0.00655, ""n"": 410, ""pooled_depth"": 7596.0, ""callable"": false}, ""sub7"": {""vaf"": 0.00713, ""n"": 372, ""pooled_depth"": 1936.0, ""callable"": false}, ""sub8"": {""vaf"": 0.00696, ""n"": 331, ""pooled_depth"": 6035.0, ""callable"": false}, ""sub9"": {""vaf"": 0.00699, ""n"": 217, ""pooled_depth"": 968.0, ""callable"": false}}"	cll9_2
8623	9	2.1974588636513434e-06	2.2875662333233224e-06	0.06	False	1.0	True	sub7	False	True	True	True	True	"{""sub1"": {""vaf"": 0.00666, ""n"": 1091, ""pooled_depth"": 14493.0, ""callable"": false}, ""sub2"": {""vaf"": 0.0061, ""n"": 948, ""pooled_depth"": 12797.0, ""callable"": false}, ""sub3"": {""vaf"": 0.00963, ""n"": 749, ""pooled_depth"": 3600.0, ""callable"": true}, ""sub4"": {""vaf"": 0.00665, ""n"": 857, ""pooled_depth"": 13018.0, ""callable"": false}, ""sub5"": {""vaf"": 0.00571, ""n"": 633, ""pooled_depth"": 10221.0, ""callable"": false}, ""sub6"": {""vaf"": 0.00559, ""n"": 407, ""pooled_depth"": 5819.0, ""callable"": false}, ""sub7"": {""vaf"": 0.01068, ""n"": 348, ""pooled_depth"": 1372.0, ""callable"": true}, ""sub8"": {""vaf"": 0.0051, ""n"": 317, ""pooled_depth"": 4704.0, ""callable"": false}, ""sub9"": {""vaf"": 0.00684, ""n"": 209, ""pooled_depth"": 779.0, ""callable"": false}}"	cll9_2
8749	9	1.1962986986166954e-05	8.924453522657525e-06	0.01	True	1.0	True	sub7	False	False	True	True	True	"{""sub1"": {""vaf"": 0.01643, ""n"": 1080, ""pooled_depth"": 7255.0, ""callable"": true}, ""sub2"": {""vaf"": 0.01409, ""n"": 934, ""pooled_depth"": 6466.0, ""callable"": true}, ""sub3"": {""vaf"": 0.01733, ""n"": 633, ""pooled_depth"": 1893.0, ""callable"": true}, ""sub4"": {""vaf"": 0.0175, ""n"": 846, ""pooled_depth"": 6556.0, ""callable"": true}, ""sub5"": {""vaf"": 0.01989, ""n"": 628, ""pooled_depth"": 5167.0, ""callable"": true}, ""sub6"": {""vaf"": 0.01408, ""n"": 403, ""pooled_depth"": 3062.0, ""callable"": true}, ""sub7"": {""vaf"": 0.02841, ""n"": 281, ""pooled_depth"": 718.0, ""callable"": true}, ""sub8"": {""vaf"": 0.01558, ""n"": 304, ""pooled_depth"": 2536.0, ""callable"": true}, ""sub9"": {""vaf"": 0.02371, ""n"": 164, ""pooled_depth"": 391.0, ""callable"": true}}"	cll9_2
8797	9	6.628716928330327e-07	3.2867264521908044e-06	0.895	False	1.0	True	sub6	False	False	True	True	True	"{""sub1"": {""vaf"": 0.00573, ""n"": 1048, ""pooled_depth"": 4902.0, ""callable"": false}, ""sub2"": {""vaf"": 0.00545, ""n"": 905, ""pooled_depth"": 4261.0, ""callable"": false}, ""sub3"": {""vaf"": 0.00563, ""n"": 520, ""pooled_depth"": 1156.0, ""callable"": false}, ""sub4"": {""vaf"": 0.00493, ""n"": 832, ""pooled_depth"": 4531.0, ""callable"": false}, ""sub5"": {""vaf"": 0.00522, ""n"": 614, ""pooled_depth"": 3478.0, ""callable"": false}, ""sub6"": {""vaf"": 0.00608, ""n"": 389, ""pooled_depth"": 2091.0, ""callable"": false}, ""sub7"": {""vaf"": 0.00589, ""n"": 214, ""pooled_depth"": 423.0, ""callable"": false}, ""sub8"": {""vaf"": 0.00566, ""n"": 293, ""pooled_depth"": 1665.0, ""callable"": false}, ""sub9"": {""vaf"": 0.00588, ""n"": 137, ""pooled_depth"": 257.0, ""callable"": false}}"	cll9_2
8836	9	6.056994165700233e-06	7.84656510471574e-06	0.17	False	1.0	True	sub7	False	False	True	True	True	"{""sub1"": {""vaf"": 0.00727, ""n"": 885, ""pooled_depth"": 2207.0, ""callable"": false}, ""sub2"": {""vaf"": 0.00407, ""n"": 766, ""pooled_depth"": 1974.0, ""callable"": false}, ""sub3"": {""vaf"": 0.00516, ""n"": 321, ""pooled_depth"": 523.0, ""callable"": false}, ""sub4"": {""vaf"": 0.00556, ""n"": 738, ""pooled_depth"": 2082.0, ""callable"": false}, ""sub5"": {""vaf"": 0.00678, ""n"": 560, ""pooled_depth"": 1652.0, ""callable"": false}, ""sub6"": {""vaf"": 0.00341, ""n"": 348, ""pooled_depth"": 949.0, ""callable"": false}, ""sub7"": {""vaf"": 0.01065, ""n"": 128, ""pooled_depth"": 190.0, ""callable"": true}, ""sub8"": {""vaf"": 0.00732, ""n"": 258, ""pooled_depth"": 825.0, ""callable"": false}, ""sub9"": {""vaf"": 0.00979, ""n"": 80, ""pooled_depth"": 131.0, ""callable"": false}}"	cll9_2
8860	9	0.00012228004432843814	0.00022984904083992838	0.4	False	1.0	False	sub9	False	False	False	False	False	"{""sub1"": {""vaf"": 0.05831, ""n"": 497, ""pooled_depth"": 726.0, ""callable"": true}, ""sub2"": {""vaf"": 0.05639, ""n"": 448, ""pooled_depth"": 664.0, ""callable"": true}, ""sub3"": {""vaf"": 0.04808, ""n"": 145, ""pooled_depth"": 186.0, ""callable"": true}, ""sub4"": {""vaf"": 0.05018, ""n"": 432, ""pooled_depth"": 654.0, ""callable"": true}, ""sub5"": {""vaf"": 0.04165, ""n"": 357, ""pooled_depth"": 560.0, ""callable"": true}, ""sub6"": {""vaf"": 0.05837, ""n"": 217, ""pooled_depth"": 314.0, ""callable"": true}, ""sub7"": {""vaf"": 0.07011, ""n"": 55, ""pooled_depth"": 66.0, ""callable"": true}, ""sub8"": {""vaf"": 0.05589, ""n"": 169, ""pooled_depth"": 259.0, ""callable"": true}, ""sub9"": {""vaf"": 0.0891, ""n"": 24, ""pooled_depth"": 28.0, ""callable"": true}}"	cll9_2
8862	9	3.841861944979557e-05	2.918550274683809e-05	0.03	True	1.0	False	sub9	False	False	False	False	False	"{""sub1"": {""vaf"": 0.00472, ""n"": 578, ""pooled_depth"": 915.0, ""callable"": false}, ""sub2"": {""vaf"": 0.01175, ""n"": 490, ""pooled_depth"": 765.0, ""callable"": true}, ""sub3"": {""vaf"": 0.00561, ""n"": 172, ""pooled_depth"": 228.0, ""callable"": false}, ""sub4"": {""vaf"": 0.01152, ""n"": 485, ""pooled_depth"": 781.0, ""callable"": true}, ""sub5"": {""vaf"": 0.00347, ""n"": 405, ""pooled_depth"": 686.0, ""callable"": false}, ""sub6"": {""vaf"": 0.00361, ""n"": 244, ""pooled_depth"": 381.0, ""callable"": false}, ""sub7"": {""vaf"": 0.00439, ""n"": 59, ""pooled_depth"": 77.0, ""callable"": false}, ""sub8"": {""vaf"": 0.01561, ""n"": 185, ""pooled_depth"": 308.0, ""callable"": true}, ""sub9"": {""vaf"": 0.02917, ""n"": 32, ""pooled_depth"": 40.0, ""callable"": false}}"	cll9_2
8866	9	4.818822481309315e-06	1.4220913856489159e-05	0.755	False	1.0	True	sub4	False	False	True	True	True	"{""sub1"": {""vaf"": 0.00879, ""n"": 900, ""pooled_depth"": 2392.0, ""callable"": false}, ""sub2"": {""vaf"": 0.01104, ""n"": 788, ""pooled_depth"": 1980.0, ""callable"": true}, ""sub3"": {""vaf"": 0.01171, ""n"": 356, ""pooled_depth"": 592.0, ""callable"": true}, ""sub4"": {""vaf"": 0.01199, ""n"": 725, ""pooled_depth"": 2045.0, ""callable"": true}, ""sub5"": {""vaf"": 0.00958, ""n"": 556, ""pooled_depth"": 1766.0, ""callable"": true}, ""sub6"": {""vaf"": 0.01063, ""n"": 350, ""pooled_depth"": 982.0, ""callable"": true}, ""sub7"": {""vaf"": 0.01172, ""n"": 160, ""pooled_depth"": 249.0, ""callable"": true}, ""sub8"": {""vaf"": 0.01086, ""n"": 259, ""pooled_depth"": 749.0, ""callable"": true}, ""sub9"": {""vaf"": 0.01074, ""n"": 87, ""pooled_depth"": 121.0, ""callable"": false}}"	cll9_2
8895	9	1.3639166353867744e-06	3.904659017529087e-06	0.755	False	1.0	True	sub4	False	False	True	True	True	"{""sub1"": {""vaf"": 0.0052, ""n"": 1025, ""pooled_depth"": 4359.0, ""callable"": false}, ""sub2"": {""vaf"": 0.00524, ""n"": 877, ""pooled_depth"": 3556.0, ""callable"": false}, ""sub3"": {""vaf"": 0.00383, ""n"": 508, ""pooled_depth"": 1015.0, ""callable"": false}, ""sub4"": {""vaf"": 0.00568, ""n"": 809, ""pooled_depth"": 3736.0, ""callable"": false}, ""sub5"": {""vaf"": 0.00545, ""n"": 599, ""pooled_depth"": 3199.0, ""callable"": false}, ""sub6"": {""vaf"": 0.00425, ""n"": 387, ""pooled_depth"": 1765.0, ""callable"": false}, ""sub7"": {""vaf"": 0.00311, ""n"": 252, ""pooled_depth"": 494.0, ""callable"": false}, ""sub8"": {""vaf"": 0.00559, ""n"": 289, ""pooled_depth"": 1306.0, ""callable"": false}, ""sub9"": {""vaf"": 0.00552, ""n"": 129, ""pooled_depth"": 246.0, ""callable"": false}}"	cll9_2
8901	9	5.192215446228231e-07	3.2656269804798507e-06	0.955	False	1.0	True	sub3	False	False	True	True	True	"{""sub1"": {""vaf"": 0.00564, ""n"": 1055, ""pooled_depth"": 5828.0, ""callable"": false}, ""sub2"": {""vaf"": 0.00585, ""n"": 917, ""pooled_depth"": 4901.0, ""callable"": false}, ""sub3"": {""vaf"": 0.00638, ""n"": 567, ""pooled_depth"": 1335.0, ""callable"": false}, ""sub4"": {""vaf"": 0.00545, ""n"": 835, ""pooled_depth"": 4968.0, ""callable"": false}, ""sub5"": {""vaf"": 0.00571, ""n"": 608, ""pooled_depth"": 4297.0, ""callable"": false}, ""sub6"": {""vaf"": 0.00592, ""n"": 404, ""pooled_depth"": 2415.0, ""callable"": false}, ""sub7"": {""vaf"": 0.00601, ""n"": 275, ""pooled_depth"": 615.0, ""callable"": false}, ""sub8"": {""vaf"": 0.00591, ""n"": 300, ""pooled_depth"": 1748.0, ""callable"": false}, ""sub9"": {""vaf"": 0.00598, ""n"": 146, ""pooled_depth"": 323.0, ""callable"": false}}"	cll9_2
8908	9	1.745880239276623e-06	3.879252103018828e-06	0.565	False	1.0	True	sub3	False	False	True	True	True	"{""sub1"": {""vaf"": 0.00923, ""n"": 1076, ""pooled_depth"": 8425.0, ""callable"": true}, ""sub2"": {""vaf"": 0.00847, ""n"": 938, ""pooled_depth"": 7072.0, ""callable"": true}, ""sub3"": {""vaf"": 0.0106, ""n"": 645, ""pooled_depth"": 1946.0, ""callable"": true}, ""sub4"": {""vaf"": 0.01001, ""n"": 848, ""pooled_depth"": 7145.0, ""callable"": true}, ""sub5"": {""vaf"": 0.00963, ""n"": 620, ""pooled_depth"": 6036.0, ""callable"": true}, ""sub6"": {""vaf"": 0.0093, ""n"": 406, ""pooled_depth"": 3509.0, ""callable"": true}, ""sub7"": {""vaf"": 0.01007, ""n"": 309, ""pooled_depth"": 840.0, ""callable"": true}, ""sub8"": {""vaf"": 0.00729, ""n"": 314, ""pooled_depth"": 2563.0, ""callable"": false}, ""sub9"": {""vaf"": 0.00801, ""n"": 169, ""pooled_depth"": 447.0, ""callable"": false}}"	cll9_2
9033	9	7.105587392421786e-07	1.1329886418110726e-06	0.22	False	1.0	True	sub7	False	True	True	True	True	"{""sub1"": {""vaf"": 0.00744, ""n"": 1092, ""pooled_depth"": 20780.0, ""callable"": false}, ""sub2"": {""vaf"": 0.00688, ""n"": 954, ""pooled_depth"": 18138.0, ""callable"": false}, ""sub3"": {""vaf"": 0.00669, ""n"": 796, ""pooled_depth"": 5259.0, ""callable"": false}, ""sub4"": {""vaf"": 0.00663, ""n"": 856, ""pooled_depth"": 18589.0, ""callable"": false}, ""sub5"": {""vaf"": 0.00654, ""n"": 640, ""pooled_depth"": 15068.0, ""callable"": false}, ""sub6"": {""vaf"": 0.00701, ""n"": 412, ""pooled_depth"": 8634.0, ""callable"": false}, ""sub7"": {""vaf"": 0.00957, ""n"": 375, ""pooled_depth"": 2098.0, ""callable"": true}, ""sub8"": {""vaf"": 0.00721, ""n"": 322, ""pooled_depth"": 6532.0, ""callable"": false}, ""sub9"": {""vaf"": 0.00661, ""n"": 228, ""pooled_depth"": 1110.0, ""callable"": false}}"	cll9_2
9076	9	8.564455363243146e-07	9.317450013259937e-07	0.105	False	1.0	True	sub7	False	True	True	True	True	"{""sub1"": {""vaf"": 0.00632, ""n"": 1085, ""pooled_depth"": 21288.0, ""callable"": false}, ""sub2"": {""vaf"": 0.00617, ""n"": 954, ""pooled_depth"": 18614.0, ""callable"": false}, ""sub3"": {""vaf"": 0.00556, ""n"": 806, ""pooled_depth"": 5302.0, ""callable"": false}, ""sub4"": {""vaf"": 0.00653, ""n"": 857, ""pooled_depth"": 19141.0, ""callable"": false}, ""sub5"": {""vaf"": 0.00623, ""n"": 637, ""pooled_depth"": 15534.0, ""callable"": false}, ""sub6"": {""vaf"": 0.00595, ""n"": 412, ""pooled_depth"": 8828.0, ""callable"": false}, ""sub7"": {""vaf"": 0.00765, ""n"": 373, ""pooled_depth"": 2241.0, ""callable"": true}, ""sub8"": {""vaf"": 0.00413, ""n"": 327, ""pooled_depth"": 6817.0, ""callable"": false}, ""sub9"": {""vaf"": 0.00609, ""n"": 222, ""pooled_depth"": 1168.0, ""callable"": false}}"	cll9_2
9213	9	3.1250109141171766e-06	4.0035301723714126e-06	0.16	False	1.0	True	sub3	False	False	True	True	True	"{""sub1"": {""vaf"": 0.00744, ""n"": 1060, ""pooled_depth"": 6444.0, ""callable"": false}, ""sub2"": {""vaf"": 0.00611, ""n"": 931, ""pooled_depth"": 5821.0, ""callable"": false}, ""sub3"": {""vaf"": 0.01057, ""n"": 580, ""pooled_depth"": 1518.0, ""callable"": true}, ""sub4"": {""vaf"": 0.006, ""n"": 836, ""pooled_depth"": 5784.0, ""callable"": false}, ""sub5"": {""vaf"": 0.00745, ""n"": 620, ""pooled_depth"": 4684.0, ""callable"": false}, ""sub6"": {""vaf"": 0.00854, ""n"": 398, ""pooled_depth"": 2760.0, ""callable"": true}, ""sub7"": {""vaf"": 0.00942, ""n"": 257, ""pooled_depth"": 583.0, ""callable"": true}, ""sub8"": {""vaf"": 0.00695, ""n"": 307, ""pooled_depth"": 2236.0, ""callable"": false}, ""sub9"": {""vaf"": 0.00827, ""n"": 157, ""pooled_depth"": 352.0, ""callable"": false}}"	cll9_2
9280	9	3.1367803754638194e-06	2.6736064029672517e-06	0.02	True	1.0	True	sub7	False	True	True	True	True	"{""sub1"": {""vaf"": 0.00849, ""n"": 1078, ""pooled_depth"": 10516.0, ""callable"": true}, ""sub2"": {""vaf"": 0.009, ""n"": 943, ""pooled_depth"": 9095.0, ""callable"": true}, ""sub3"": {""vaf"": 0.00927, ""n"": 692, ""pooled_depth"": 2554.0, ""callable"": true}, ""sub4"": {""vaf"": 0.01027, ""n"": 852, ""pooled_depth"": 9248.0, ""callable"": true}, ""sub5"": {""vaf"": 0.00906, ""n"": 627, ""pooled_depth"": 7380.0, ""callable"": true}, ""sub6"": {""vaf"": 0.00946, ""n"": 407, ""pooled_depth"": 4390.0, ""callable"": true}, ""sub7"": {""vaf"": 0.01618, ""n"": 312, ""pooled_depth"": 1099.0, ""callable"": true}, ""sub8"": {""vaf"": 0.01013, ""n"": 317, ""pooled_depth"": 3167.0, ""callable"": true}, ""sub9"": {""vaf"": 0.0089, ""n"": 189, ""pooled_depth"": 556.0, ""callable"": false}}"	cll9_2
9465	9	2.8234799682645245e-06	2.8651057161225054e-06	0.065	False	1.0	True	sub7	False	True	True	True	True	"{""sub1"": {""vaf"": 0.01473, ""n"": 1085, ""pooled_depth"": 16099.0, ""callable"": true}, ""sub2"": {""vaf"": 0.01248, ""n"": 951, ""pooled_depth"": 14116.0, ""callable"": true}, ""sub3"": {""vaf"": 0.01377, ""n"": 774, ""pooled_depth"": 3951.0, ""callable"": true}, ""sub4"": {""vaf"": 0.0135, ""n"": 854, ""pooled_depth"": 14275.0, ""callable"": true}, ""sub5"": {""vaf"": 0.01454, ""n"": 632, ""pooled_depth"": 11300.0, ""callable"": true}, ""sub6"": {""vaf"": 0.01377, ""n"": 410, ""pooled_depth"": 6635.0, ""callable"": true}, ""sub7"": {""vaf"": 0.01827, ""n"": 358, ""pooled_depth"": 1607.0, ""callable"": true}, ""sub8"": {""vaf"": 0.01182, ""n"": 320, ""pooled_depth"": 4909.0, ""callable"": true}, ""sub9"": {""vaf"": 0.01659, ""n"": 216, ""pooled_depth"": 881.0, ""callable"": true}}"	cll9_2
9553	9	0.0029782169433072267	0.00016882525997428044	0.0	True	1.0	True	sub3	False	True	True	True	True	"{""sub1"": {""vaf"": 0.10339, ""n"": 1095, ""pooled_depth"": 24473.0, ""callable"": true}, ""sub2"": {""vaf"": 0.14276, ""n"": 957, ""pooled_depth"": 21111.0, ""callable"": true}, ""sub3"": {""vaf"": 0.33211, ""n"": 823, ""pooled_depth"": 5972.0, ""callable"": true}, ""sub4"": {""vaf"": 0.15442, ""n"": 858, ""pooled_depth"": 21277.0, ""callable"": true}, ""sub5"": {""vaf"": 0.10545, ""n"": 640, ""pooled_depth"": 17394.0, ""callable"": true}, ""sub6"": {""vaf"": 0.11598, ""n"": 409, ""pooled_depth"": 9960.0, ""callable"": true}, ""sub7"": {""vaf"": 0.03369, ""n"": 381, ""pooled_depth"": 2558.0, ""callable"": true}, ""sub8"": {""vaf"": 0.11469, ""n"": 326, ""pooled_depth"": 7186.0, ""callable"": true}, ""sub9"": {""vaf"": 0.02563, ""n"": 230, ""pooled_depth"": 1415.0, ""callable"": true}}"	cll9_2
9718	9	2.853029152691975e-06	3.00378840675965e-06	0.065	False	1.0	True	sub7	False	True	True	True	True	"{""sub1"": {""vaf"": 0.00866, ""n"": 1084, ""pooled_depth"": 12131.0, ""callable"": true}, ""sub2"": {""vaf"": 0.01027, ""n"": 947, ""pooled_depth"": 10485.0, ""callable"": true}, ""sub3"": {""vaf"": 0.0116, ""n"": 710, ""pooled_depth"": 2891.0, ""callable"": true}, ""sub4"": {""vaf"": 0.01033, ""n"": 852, ""pooled_depth"": 10713.0, ""callable"": true}, ""sub5"": {""vaf"": 0.01081, ""n"": 631, ""pooled_depth"": 8529.0, ""callable"": true}, ""sub6"": {""vaf"": 0.00974, ""n"": 405, ""pooled_depth"": 4842.0, ""callable"": true}, ""sub7"": {""vaf"": 0.01613, ""n"": 326, ""pooled_depth"": 1093.0, ""callable"": true}, ""sub8"": {""vaf"": 0.01017, ""n"": 321, ""pooled_depth"": 3812.0, ""callable"": true}, ""sub9"": {""vaf"": 0.01, ""n"": 204, ""pooled_depth"": 592.0, ""callable"": false}}"	cll9_2
9829	9	4.86670701739527e-07	9.281334160210226e-07	0.455	False	1.0	True	sub7	False	True	True	True	True	"{""sub1"": {""vaf"": 0.00612, ""n"": 1100, ""pooled_depth"": 25642.0, ""callable"": false}, ""sub2"": {""vaf"": 0.00563, ""n"": 954, ""pooled_depth"": 22036.0, ""callable"": false}, ""sub3"": {""vaf"": 0.00591, ""n"": 828, ""pooled_depth"": 6384.0, ""callable"": false}, ""sub4"": {""vaf"": 0.00559, ""n"": 857, ""pooled_depth"": 22040.0, ""callable"": false}, ""sub5"": {""vaf"": 0.0057, ""n"": 644, ""pooled_depth"": 18011.0, ""callable"": false}, ""sub6"": {""vaf"": 0.00448, ""n"": 412, ""pooled_depth"": 10518.0, ""callable"": false}, ""sub7"": {""vaf"": 0.00647, ""n"": 379, ""pooled_depth"": 2661.0, ""callable"": false}, ""sub8"": {""vaf"": 0.00523, ""n"": 326, ""pooled_depth"": 7801.0, ""callable"": false}, ""sub9"": {""vaf"": 0.00536, ""n"": 236, ""pooled_depth"": 1338.0, ""callable"": false}}"	cll9_2
9899	9	3.060488286235005e-07	6.587608624039727e-07	0.43	False	1.0	True	sub9	False	True	True	True	True	"{""sub1"": {""vaf"": 0.00471, ""n"": 1103, ""pooled_depth"": 25927.0, ""callable"": false}, ""sub2"": {""vaf"": 0.00491, ""n"": 959, ""pooled_depth"": 22198.0, ""callable"": false}, ""sub3"": {""vaf"": 0.00556, ""n"": 825, ""pooled_depth"": 6531.0, ""callable"": false}, ""sub4"": {""vaf"": 0.00551, ""n"": 858, ""pooled_depth"": 22627.0, ""callable"": false}, ""sub5"": {""vaf"": 0.0056, ""n"": 644, ""pooled_depth"": 18256.0, ""callable"": false}, ""sub6"": {""vaf"": 0.00567, ""n"": 411, ""pooled_depth"": 10706.0, ""callable"": false}, ""sub7"": {""vaf"": 0.00593, ""n"": 380, ""pooled_depth"": 2747.0, ""callable"": false}, ""sub8"": {""vaf"": 0.00543, ""n"": 332, ""pooled_depth"": 7934.0, ""callable"": false}, ""sub9"": {""vaf"": 0.00596, ""n"": 232, ""pooled_depth"": 1524.0, ""callable"": false}}"	cll9_2
10003	9	9.747408546342489e-07	1.1673471064431854e-06	0.14	False	1.0	True	sub7	False	True	True	True	True	"{""sub1"": {""vaf"": 0.00532, ""n"": 1090, ""pooled_depth"": 13964.0, ""callable"": false}, ""sub2"": {""vaf"": 0.00533, ""n"": 946, ""pooled_depth"": 12448.0, ""callable"": false}, ""sub3"": {""vaf"": 0.00592, ""n"": 739, ""pooled_depth"": 3620.0, ""callable"": false}, ""sub4"": {""vaf"": 0.00448, ""n"": 853, ""pooled_depth"": 12642.0, ""callable"": false}, ""sub5"": {""vaf"": 0.00481, ""n"": 635, ""pooled_depth"": 10003.0, ""callable"": false}, ""sub6"": {""vaf"": 0.0049, ""n"": 408, ""pooled_depth"": 5918.0, ""callable"": false}, ""sub7"": {""vaf"": 0.00785, ""n"": 344, ""pooled_depth"": 1467.0, ""callable"": true}, ""sub8"": {""vaf"": 0.00402, ""n"": 324, ""pooled_depth"": 4806.0, ""callable"": false}, ""sub9"": {""vaf"": 0.00559, ""n"": 207, ""pooled_depth"": 704.0, ""callable"": false}}"	cll9_2
10277	9	1.1371752528472785e-06	1.0752210658824912e-06	0.025	True	1.0	True	sub7	False	True	True	True	True	"{""sub1"": {""vaf"": 0.00691, ""n"": 1092, ""pooled_depth"": 22126.0, ""callable"": false}, ""sub2"": {""vaf"": 0.00532, ""n"": 955, ""pooled_depth"": 19261.0, ""callable"": false}, ""sub3"": {""vaf"": 0.00643, ""n"": 810, ""pooled_depth"": 5596.0, ""callable"": false}, ""sub4"": {""vaf"": 0.00676, ""n"": 857, ""pooled_depth"": 19564.0, ""callable"": false}, ""sub5"": {""vaf"": 0.00567, ""n"": 635, ""pooled_depth"": 15638.0, ""callable"": false}, ""sub6"": {""vaf"": 0.006, ""n"": 407, ""pooled_depth"": 8995.0, ""callable"": false}, ""sub7"": {""vaf"": 0.00849, ""n"": 379, ""pooled_depth"": 2413.0, ""callable"": true}, ""sub8"": {""vaf"": 0.00475, ""n"": 326, ""pooled_depth"": 7094.0, ""callable"": false}, ""sub9"": {""vaf"": 0.00643, ""n"": 218, ""pooled_depth"": 1242.0, ""callable"": false}}"	cll9_2
10413	9	1.1635460594208763e-06	1.5000143903234592e-06	0.115	False	1.0	True	sub1	False	True	True	True	True	"{""sub1"": {""vaf"": 0.0079, ""n"": 1089, ""pooled_depth"": 13484.0, ""callable"": true}, ""sub2"": {""vaf"": 0.00665, ""n"": 950, ""pooled_depth"": 11877.0, ""callable"": false}, ""sub3"": {""vaf"": 0.00726, ""n"": 748, ""pooled_depth"": 3561.0, ""callable"": false}, ""sub4"": {""vaf"": 0.00718, ""n"": 854, ""pooled_depth"": 12002.0, ""callable"": false}, ""sub5"": {""vaf"": 0.00617, ""n"": 632, ""pooled_depth"": 9512.0, ""callable"": false}, ""sub6"": {""vaf"": 0.00614, ""n"": 407, ""pooled_depth"": 5512.0, ""callable"": false}, ""sub7"": {""vaf"": 0.00715, ""n"": 359, ""pooled_depth"": 1569.0, ""callable"": false}, ""sub8"": {""vaf"": 0.00561, ""n"": 320, ""pooled_depth"": 4761.0, ""callable"": false}, ""sub9"": {""vaf"": 0.00732, ""n"": 206, ""pooled_depth"": 771.0, ""callable"": true}}"	cll9_2
10743	9	5.004073867378838e-07	1.0732068467331784e-06	0.485	False	1.0	True	sub4	False	True	True	True	True	"{""sub1"": {""vaf"": 0.00547, ""n"": 1090, ""pooled_depth"": 16748.0, ""callable"": false}, ""sub2"": {""vaf"": 0.00529, ""n"": 952, ""pooled_depth"": 14784.0, ""callable"": false}, ""sub3"": {""vaf"": 0.00525, ""n"": 762, ""pooled_depth"": 4259.0, ""callable"": false}, ""sub4"": {""vaf"": 0.0061, ""n"": 855, ""pooled_depth"": 14837.0, ""callable"": false}, ""sub5"": {""vaf"": 0.00593, ""n"": 637, ""pooled_depth"": 11972.0, ""callable"": false}, ""sub6"": {""vaf"": 0.00531, ""n"": 408, ""pooled_depth"": 6991.0, ""callable"": false}, ""sub7"": {""vaf"": 0.0041, ""n"": 361, ""pooled_depth"": 1766.0, ""callable"": false}, ""sub8"": {""vaf"": 0.00484, ""n"": 326, ""pooled_depth"": 5732.0, ""callable"": false}, ""sub9"": {""vaf"": 0.00491, ""n"": 223, ""pooled_depth"": 919.0, ""callable"": false}}"	cll9_2
11055	9	8.375371877099288e-07	1.1556203960935053e-06	0.17	False	1.0	True	sub6	False	True	True	True	True	"{""sub1"": {""vaf"": 0.00687, ""n"": 1091, ""pooled_depth"": 18498.0, ""callable"": false}, ""sub2"": {""vaf"": 0.00691, ""n"": 951, ""pooled_depth"": 16627.0, ""callable"": false}, ""sub3"": {""vaf"": 0.00722, ""n"": 793, ""pooled_depth"": 4671.0, ""callable"": false}, ""sub4"": {""vaf"": 0.0074, ""n"": 858, ""pooled_depth"": 16478.0, ""callable"": false}, ""sub5"": {""vaf"": 0.00802, ""n"": 635, ""pooled_depth"": 13179.0, ""callable"": true}, ""sub6"": {""vaf"": 0.00837, ""n"": 410, ""pooled_depth"": 7688.0, ""callable"": true}, ""sub7"": {""vaf"": 0.00704, ""n"": 371, ""pooled_depth"": 1901.0, ""callable"": false}, ""sub8"": {""vaf"": 0.0061, ""n"": 326, ""pooled_depth"": 6384.0, ""callable"": false}, ""sub9"": {""vaf"": 0.00794, ""n"": 218, ""pooled_depth"": 1005.0, ""callable"": true}}"	cll9_2
11109	9	5.267459431419373e-07	1.0074563684792534e-06	0.485	False	1.0	True	sub9	False	True	True	True	True	"{""sub1"": {""vaf"": 0.00592, ""n"": 1088, ""pooled_depth"": 15926.0, ""callable"": false}, ""sub2"": {""vaf"": 0.00538, ""n"": 947, ""pooled_depth"": 14355.0, ""callable"": false}, ""sub3"": {""vaf"": 0.00599, ""n"": 782, ""pooled_depth"": 4028.0, ""callable"": false}, ""sub4"": {""vaf"": 0.00582, ""n"": 855, ""pooled_depth"": 13995.0, ""callable"": false}, ""sub5"": {""vaf"": 0.00575, ""n"": 633, ""pooled_depth"": 11232.0, ""callable"": false}, ""sub6"": {""vaf"": 0.00513, ""n"": 411, ""pooled_depth"": 6550.0, ""callable"": false}, ""sub7"": {""vaf"": 0.00603, ""n"": 366, ""pooled_depth"": 1672.0, ""callable"": false}, ""sub8"": {""vaf"": 0.00475, ""n"": 317, ""pooled_depth"": 5323.0, ""callable"": false}, ""sub9"": {""vaf"": 0.00762, ""n"": 214, ""pooled_depth"": 831.0, ""callable"": true}}"	cll9_2
11243	9	4.7059599414733754e-07	8.260228284199499e-07	0.38	False	1.0	True	sub5	False	True	True	True	True	"{""sub1"": {""vaf"": 0.00557, ""n"": 1091, ""pooled_depth"": 21869.0, ""callable"": false}, ""sub2"": {""vaf"": 0.00564, ""n"": 955, ""pooled_depth"": 19394.0, ""callable"": false}, ""sub3"": {""vaf"": 0.00503, ""n"": 797, ""pooled_depth"": 5519.0, ""callable"": false}, ""sub4"": {""vaf"": 0.00572, ""n"": 857, ""pooled_depth"": 19251.0, ""callable"": false}, ""sub5"": {""vaf"": 0.00645, ""n"": 639, ""pooled_depth"": 15667.0, ""callable"": false}, ""sub6"": {""vaf"": 0.00509, ""n"": 411, ""pooled_depth"": 9137.0, ""callable"": false}, ""sub7"": {""vaf"": 0.006, ""n"": 376, ""pooled_depth"": 2238.0, ""callable"": false}, ""sub8"": {""vaf"": 0.00496, ""n"": 330, ""pooled_depth"": 7083.0, ""callable"": false}, ""sub9"": {""vaf"": 0.00545, ""n"": 223, ""pooled_depth"": 1186.0, ""callable"": false}}"	cll9_2
11266	9	1.57921440140758e-07	9.696496230020665e-07	0.985	False	1.0	True	sub7	False	True	True	True	True	"{""sub1"": {""vaf"": 0.00575, ""n"": 1092, ""pooled_depth"": 21811.0, ""callable"": false}, ""sub2"": {""vaf"": 0.00586, ""n"": 954, ""pooled_depth"": 19765.0, ""callable"": false}, ""sub3"": {""vaf"": 0.00605, ""n"": 799, ""pooled_depth"": 5560.0, ""callable"": false}, ""sub4"": {""vaf"": 0.00608, ""n"": 859, ""pooled_depth"": 19328.0, ""callable"": false}, ""sub5"": {""vaf"": 0.00609, ""n"": 637, ""pooled_depth"": 15649.0, ""callable"": false}, ""sub6"": {""vaf"": 0.00576, ""n"": 409, ""pooled_depth"": 9089.0, ""callable"": false}, ""sub7"": {""vaf"": 0.00667, ""n"": 379, ""pooled_depth"": 2224.0, ""callable"": false}, ""sub8"": {""vaf"": 0.00587, ""n"": 328, ""pooled_depth"": 7108.0, ""callable"": false}, ""sub9"": {""vaf"": 0.00623, ""n"": 226, ""pooled_depth"": 1201.0, ""callable"": false}}"	cll9_2
11443	9	2.9098100234339135e-07	5.944458515170207e-07	0.52	False	1.0	True	sub6	False	True	True	True	True	"{""sub1"": {""vaf"": 0.00491, ""n"": 1098, ""pooled_depth"": 25392.0, ""callable"": false}, ""sub2"": {""vaf"": 0.00497, ""n"": 955, ""pooled_depth"": 22010.0, ""callable"": false}, ""sub3"": {""vaf"": 0.00481, ""n"": 841, ""pooled_depth"": 6239.0, ""callable"": false}, ""sub4"": {""vaf"": 0.00499, ""n"": 858, ""pooled_depth"": 22257.0, ""callable"": false}, ""sub5"": {""vaf"": 0.0054, ""n"": 637, ""pooled_depth"": 18190.0, ""callable"": false}, ""sub6"": {""vaf"": 0.00542, ""n"": 409, ""pooled_depth"": 10541.0, ""callable"": false}, ""sub7"": {""vaf"": 0.00506, ""n"": 387, ""pooled_depth"": 2742.0, ""callable"": false}, ""sub8"": {""vaf"": 0.00398, ""n"": 328, ""pooled_depth"": 8055.0, ""callable"": false}, ""sub9"": {""vaf"": 0.00449, ""n"": 236, ""pooled_depth"": 1467.0, ""callable"": false}}"	cll9_2
11500	9	1.2013019583853813e-06	9.64659599233155e-07	0.015	True	1.0	True	sub4	False	True	True	True	True	"{""sub1"": {""vaf"": 0.00786, ""n"": 1091, ""pooled_depth"": 21405.0, ""callable"": true}, ""sub2"": {""vaf"": 0.00713, ""n"": 953, ""pooled_depth"": 18177.0, ""callable"": false}, ""sub3"": {""vaf"": 0.00767, ""n"": 804, ""pooled_depth"": 5466.0, ""callable"": false}, ""sub4"": {""vaf"": 0.00828, ""n"": 854, ""pooled_depth"": 18609.0, ""callable"": true}, ""sub5"": {""vaf"": 0.00787, ""n"": 632, ""pooled_depth"": 15280.0, ""callable"": true}, ""sub6"": {""vaf"": 0.0067, ""n"": 411, ""pooled_depth"": 8804.0, ""callable"": false}, ""sub7"": {""vaf"": 0.00688, ""n"": 374, ""pooled_depth"": 2239.0, ""callable"": false}, ""sub8"": {""vaf"": 0.00522, ""n"": 327, ""pooled_depth"": 7008.0, ""callable"": false}, ""sub9"": {""vaf"": 0.00792, ""n"": 222, ""pooled_depth"": 1152.0, ""callable"": true}}"	cll9_2
11550	9	3.761876620819308e-07	1.3445444777182785e-06	0.875	False	1.0	True	sub7	False	True	True	True	True	"{""sub1"": {""vaf"": 0.0085, ""n"": 1087, ""pooled_depth"": 18055.0, ""callable"": true}, ""sub2"": {""vaf"": 0.00853, ""n"": 953, ""pooled_depth"": 15630.0, ""callable"": true}, ""sub3"": {""vaf"": 0.0088, ""n"": 778, ""pooled_depth"": 4423.0, ""callable"": true}, ""sub4"": {""vaf"": 0.00799, ""n"": 858, ""pooled_depth"": 16008.0, ""callable"": false}, ""sub5"": {""vaf"": 0.00876, ""n"": 637, ""pooled_depth"": 12709.0, ""callable"": true}, ""sub6"": {""vaf"": 0.0087, ""n"": 409, ""pooled_depth"": 7457.0, ""callable"": true}, ""sub7"": {""vaf"": 0.00888, ""n"": 370, ""pooled_depth"": 1832.0, ""callable"": true}, ""sub8"": {""vaf"": 0.00803, ""n"": 328, ""pooled_depth"": 5927.0, ""callable"": false}, ""sub9"": {""vaf"": 0.00883, ""n"": 215, ""pooled_depth"": 985.0, ""callable"": true}}"	cll9_2
11633	9	1.0545492306775314e-06	1.7371530240896088e-06	0.225	False	1.0	True	sub7	False	True	True	True	True	"{""sub1"": {""vaf"": 0.00789, ""n"": 1088, ""pooled_depth"": 18090.0, ""callable"": false}, ""sub2"": {""vaf"": 0.00879, ""n"": 952, ""pooled_depth"": 15893.0, ""callable"": true}, ""sub3"": {""vaf"": 0.01042, ""n"": 794, ""pooled_depth"": 4556.0, ""callable"": true}, ""sub4"": {""vaf"": 0.00891, ""n"": 858, ""pooled_depth"": 15854.0, ""callable"": true}, ""sub5"": {""vaf"": 0.00887, ""n"": 637, ""pooled_depth"": 13019.0, ""callable"": true}, ""sub6"": {""vaf"": 0.00874, ""n"": 408, ""pooled_depth"": 7314.0, ""callable"": true}, ""sub7"": {""vaf"": 0.01046, ""n"": 375, ""pooled_depth"": 1849.0, ""callable"": true}, ""sub8"": {""vaf"": 0.0081, ""n"": 321, ""pooled_depth"": 5798.0, ""callable"": false}, ""sub9"": {""vaf"": 0.00959, ""n"": 219, ""pooled_depth"": 952.0, ""callable"": true}}"	cll9_2
11726	9	8.85021800740618e-07	1.951862541382224e-06	0.395	False	1.0	True	sub3	False	True	True	True	True	"{""sub1"": {""vaf"": 0.00807, ""n"": 1090, ""pooled_depth"": 16043.0, ""callable"": true}, ""sub2"": {""vaf"": 0.00725, ""n"": 951, ""pooled_depth"": 14430.0, ""callable"": false}, ""sub3"": {""vaf"": 0.00933, ""n"": 760, ""pooled_depth"": 3862.0, ""callable"": true}, ""sub4"": {""vaf"": 0.00784, ""n"": 854, ""pooled_depth"": 14276.0, ""callable"": false}, ""sub5"": {""vaf"": 0.00745, ""n"": 629, ""pooled_depth"": 11544.0, ""callable"": false}, ""sub6"": {""vaf"": 0.00671, ""n"": 409, ""pooled_depth"": 6569.0, ""callable"": false}, ""sub7"": {""vaf"": 0.00841, ""n"": 353, ""pooled_depth"": 1603.0, ""callable"": true}, ""sub8"": {""vaf"": 0.00751, ""n"": 322, ""pooled_depth"": 5050.0, ""callable"": false}, ""sub9"": {""vaf"": 0.00907, ""n"": 215, ""pooled_depth"": 852.0, ""callable"": true}}"	cll9_2
11838	9	9.08014086582409e-07	1.1178779734944963e-06	0.13	False	1.0	True	sub5	False	True	True	True	True	"{""sub1"": {""vaf"": 0.00862, ""n"": 1092, ""pooled_depth"": 26326.0, ""callable"": true}, ""sub2"": {""vaf"": 0.00824, ""n"": 955, ""pooled_depth"": 23272.0, ""callable"": true}, ""sub3"": {""vaf"": 0.00614, ""n"": 819, ""pooled_depth"": 6697.0, ""callable"": false}, ""sub4"": {""vaf"": 0.00805, ""n"": 857, ""pooled_depth"": 23306.0, ""callable"": true}, ""sub5"": {""vaf"": 0.00876, ""n"": 639, ""pooled_depth"": 18765.0, ""callable"": true}, ""sub6"": {""vaf"": 0.0087, ""n"": 411, ""pooled_depth"": 11111.0, ""callable"": true}, ""sub7"": {""vaf"": 0.0075, ""n"": 383, ""pooled_depth"": 2801.0, ""callable"": false}, ""sub8"": {""vaf"": 0.00733, ""n"": 326, ""pooled_depth"": 8151.0, ""callable"": false}, ""sub9"": {""vaf"": 0.00751, ""n"": 232, ""pooled_depth"": 1460.0, ""callable"": false}}"	cll9_2
11988	9	9.322910973248855e-07	8.901544889252626e-07	0.045	True	1.0	True	sub3	False	True	True	True	True	"{""sub1"": {""vaf"": 0.00548, ""n"": 1091, ""pooled_depth"": 20185.0, ""callable"": false}, ""sub2"": {""vaf"": 0.00593, ""n"": 954, ""pooled_depth"": 17678.0, ""callable"": false}, ""sub3"": {""vaf"": 0.00719, ""n"": 785, ""pooled_depth"": 4982.0, ""callable"": true}, ""sub4"": {""vaf"": 0.00605, ""n"": 856, ""pooled_depth"": 17910.0, ""callable"": false}, ""sub5"": {""vaf"": 0.00699, ""n"": 639, ""pooled_depth"": 14399.0, ""callable"": false}, ""sub6"": {""vaf"": 0.00566, ""n"": 410, ""pooled_depth"": 8440.0, ""callable"": false}, ""sub7"": {""vaf"": 0.00614, ""n"": 379, ""pooled_depth"": 2103.0, ""callable"": false}, ""sub8"": {""vaf"": 0.00466, ""n"": 326, ""pooled_depth"": 6819.0, ""callable"": false}, ""sub9"": {""vaf"": 0.00635, ""n"": 231, ""pooled_depth"": 1118.0, ""callable"": false}}"	cll9_2
12033	9	2.7487454443428877e-07	8.370560927632516e-07	0.765	False	1.0	True	sub9	False	True	True	True	True	"{""sub1"": {""vaf"": 0.00707, ""n"": 1092, ""pooled_depth"": 24045.0, ""callable"": false}, ""sub2"": {""vaf"": 0.00654, ""n"": 953, ""pooled_depth"": 21008.0, ""callable"": false}, ""sub3"": {""vaf"": 0.00661, ""n"": 812, ""pooled_depth"": 5897.0, ""callable"": false}, ""sub4"": {""vaf"": 0.00711, ""n"": 856, ""pooled_depth"": 21214.0, ""callable"": false}, ""sub5"": {""vaf"": 0.00737, ""n"": 637, ""pooled_depth"": 17260.0, ""callable"": false}, ""sub6"": {""vaf"": 0.00725, ""n"": 412, ""pooled_depth"": 9930.0, ""callable"": false}, ""sub7"": {""vaf"": 0.00731, ""n"": 380, ""pooled_depth"": 2540.0, ""callable"": false}, ""sub8"": {""vaf"": 0.00704, ""n"": 330, ""pooled_depth"": 7710.0, ""callable"": false}, ""sub9"": {""vaf"": 0.00768, ""n"": 228, ""pooled_depth"": 1332.0, ""callable"": true}}"	cll9_2
12082	9	1.4497036559233876e-06	2.1671730990336786e-06	0.235	False	1.0	True	sub9	False	True	True	True	True	"{""sub1"": {""vaf"": 0.0134, ""n"": 1091, ""pooled_depth"": 19660.0, ""callable"": true}, ""sub2"": {""vaf"": 0.0124, ""n"": 947, ""pooled_depth"": 17249.0, ""callable"": true}, ""sub3"": {""vaf"": 0.01283, ""n"": 790, ""pooled_depth"": 4817.0, ""callable"": true}, ""sub4"": {""vaf"": 0.01364, ""n"": 857, ""pooled_depth"": 17367.0, ""callable"": true}, ""sub5"": {""vaf"": 0.01365, ""n"": 630, ""pooled_depth"": 14124.0, ""callable"": true}, ""sub6"": {""vaf"": 0.01223, ""n"": 411, ""pooled_depth"": 8195.0, ""callable"": true}, ""sub7"": {""vaf"": 0.01486, ""n"": 368, ""pooled_depth"": 2142.0, ""callable"": true}, ""sub8"": {""vaf"": 0.01133, ""n"": 323, ""pooled_depth"": 6305.0, ""callable"": true}, ""sub9"": {""vaf"": 0.01497, ""n"": 227, ""pooled_depth"": 1106.0, ""callable"": true}}"	cll9_2
12157	9	5.87337631270085e-07	1.2966259812987192e-06	0.52	False	1.0	True	sub7	False	True	True	True	True	"{""sub1"": {""vaf"": 0.006, ""n"": 1088, ""pooled_depth"": 17069.0, ""callable"": false}, ""sub2"": {""vaf"": 0.0058, ""n"": 948, ""pooled_depth"": 15008.0, ""callable"": false}, ""sub3"": {""vaf"": 0.00577, ""n"": 779, ""pooled_depth"": 4372.0, ""callable"": false}, ""sub4"": {""vaf"": 0.0059, ""n"": 857, ""pooled_depth"": 14884.0, ""callable"": false}, ""sub5"": {""vaf"": 0.00695, ""n"": 638, ""pooled_depth"": 11910.0, ""callable"": false}, ""sub6"": {""vaf"": 0.00539, ""n"": 411, ""pooled_depth"": 7159.0, ""callable"": false}, ""sub7"": {""vaf"": 0.00715, ""n"": 359, ""pooled_depth"": 1692.0, ""callable"": true}, ""sub8"": {""vaf"": 0.00611, ""n"": 319, ""pooled_depth"": 5552.0, ""callable"": false}, ""sub9"": {""vaf"": 0.00666, ""n"": 219, ""pooled_depth"": 891.0, ""callable"": false}}"	cll9_2
12243	9	1.3873712686221053e-06	1.1492199469925253e-06	0.03	True	1.0	True	sub9	False	True	True	True	True	"{""sub1"": {""vaf"": 0.00621, ""n"": 1092, ""pooled_depth"": 21012.0, ""callable"": false}, ""sub2"": {""vaf"": 0.00676, ""n"": 955, ""pooled_depth"": 18472.0, ""callable"": false}, ""sub3"": {""vaf"": 0.00786, ""n"": 802, ""pooled_depth"": 5464.0, ""callable"": false}, ""sub4"": {""vaf"": 0.00727, ""n"": 856, ""pooled_depth"": 18492.0, ""callable"": false}, ""sub5"": {""vaf"": 0.0064, ""n"": 635, ""pooled_depth"": 15029.0, ""callable"": false}, ""sub6"": {""vaf"": 0.00593, ""n"": 407, ""pooled_depth"": 8715.0, ""callable"": false}, ""sub7"": {""vaf"": 0.00897, ""n"": 378, ""pooled_depth"": 2223.0, ""callable"": true}, ""sub8"": {""vaf"": 0.00594, ""n"": 324, ""pooled_depth"": 6675.0, ""callable"": false}, ""sub9"": {""vaf"": 0.01188, ""n"": 230, ""pooled_depth"": 1206.0, ""callable"": true}}"	cll9_2
12351	9	5.806291593307596e-07	8.263022982916511e-07	0.245	False	1.0	True	sub9	False	True	True	True	True	"{""sub1"": {""vaf"": 0.00505, ""n"": 1082, ""pooled_depth"": 18858.0, ""callable"": false}, ""sub2"": {""vaf"": 0.0052, ""n"": 956, ""pooled_depth"": 16313.0, ""callable"": false}, ""sub3"": {""vaf"": 0.00587, ""n"": 790, ""pooled_depth"": 4823.0, ""callable"": false}, ""sub4"": {""vaf"": 0.00591, ""n"": 857, ""pooled_depth"": 16957.0, ""callable"": false}, ""sub5"": {""vaf"": 0.00541, ""n"": 634, ""pooled_depth"": 13739.0, ""callable"": false}, ""sub6"": {""vaf"": 0.00458, ""n"": 409, ""pooled_depth"": 7928.0, ""callable"": false}, ""sub7"": {""vaf"": 0.00692, ""n"": 377, ""pooled_depth"": 2007.0, ""callable"": false}, ""sub8"": {""vaf"": 0.00577, ""n"": 320, ""pooled_depth"": 6164.0, ""callable"": false}, ""sub9"": {""vaf"": 0.00696, ""n"": 217, ""pooled_depth"": 973.0, ""callable"": true}}"	cll9_2
12489	9	5.144627493093885e-07	7.683493458581117e-07	0.265	False	1.0	True	sub6	False	True	True	True	True	"{""sub1"": {""vaf"": 0.00475, ""n"": 1093, ""pooled_depth"": 20044.0, ""callable"": false}, ""sub2"": {""vaf"": 0.00526, ""n"": 954, ""pooled_depth"": 17747.0, ""callable"": false}, ""sub3"": {""vaf"": 0.00516, ""n"": 799, ""pooled_depth"": 5012.0, ""callable"": false}, ""sub4"": {""vaf"": 0.00513, ""n"": 857, ""pooled_depth"": 17734.0, ""callable"": false}, ""sub5"": {""vaf"": 0.00549, ""n"": 641, ""pooled_depth"": 14416.0, ""callable"": false}, ""sub6"": {""vaf"": 0.00634, ""n"": 411, ""pooled_depth"": 8431.0, ""callable"": false}, ""sub7"": {""vaf"": 0.00592, ""n"": 373, ""pooled_depth"": 2141.0, ""callable"": false}, ""sub8"": {""vaf"": 0.00487, ""n"": 330, ""pooled_depth"": 6658.0, ""callable"": false}, ""sub9"": {""vaf"": 0.00562, ""n"": 229, ""pooled_depth"": 1122.0, ""callable"": false}}"	cll9_2
12793	9	8.885296648101082e-07	9.886979662856148e-07	0.09	False	1.0	True	sub7	False	True	True	True	True	"{""sub1"": {""vaf"": 0.00694, ""n"": 1092, ""pooled_depth"": 20648.0, ""callable"": false}, ""sub2"": {""vaf"": 0.00553, ""n"": 954, ""pooled_depth"": 18093.0, ""callable"": false}, ""sub3"": {""vaf"": 0.0063, ""n"": 792, ""pooled_depth"": 5320.0, ""callable"": false}, ""sub4"": {""vaf"": 0.00538, ""n"": 858, ""pooled_depth"": 18308.0, ""callable"": false}, ""sub5"": {""vaf"": 0.0068, ""n"": 639, ""pooled_depth"": 15108.0, ""callable"": false}, ""sub6"": {""vaf"": 0.00571, ""n"": 411, ""pooled_depth"": 8672.0, ""callable"": false}, ""sub7"": {""vaf"": 0.00736, ""n"": 367, ""pooled_depth"": 2157.0, ""callable"": true}, ""sub8"": {""vaf"": 0.00544, ""n"": 326, ""pooled_depth"": 6692.0, ""callable"": false}, ""sub9"": {""vaf"": 0.00686, ""n"": 229, ""pooled_depth"": 1105.0, ""callable"": false}}"	cll9_2
12812	9	3.1101109043975326e-07	7.529564745103704e-07	0.6	False	1.0	True	sub8	False	True	True	True	True	"{""sub1"": {""vaf"": 0.00571, ""n"": 1089, ""pooled_depth"": 21670.0, ""callable"": false}, ""sub2"": {""vaf"": 0.00601, ""n"": 953, ""pooled_depth"": 19153.0, ""callable"": false}, ""sub3"": {""vaf"": 0.00531, ""n"": 802, ""pooled_depth"": 5604.0, ""callable"": false}, ""sub4"": {""vaf"": 0.00584, ""n"": 856, ""pooled_depth"": 19176.0, ""callable"": false}, ""sub5"": {""vaf"": 0.00545, ""n"": 636, ""pooled_depth"": 15953.0, ""callable"": false}, ""sub6"": {""vaf"": 0.00556, ""n"": 410, ""pooled_depth"": 9085.0, ""callable"": false}, ""sub7"": {""vaf"": 0.00621, ""n"": 380, ""pooled_depth"": 2268.0, ""callable"": false}, ""sub8"": {""vaf"": 0.00648, ""n"": 331, ""pooled_depth"": 7044.0, ""callable"": false}, ""sub9"": {""vaf"": 0.00646, ""n"": 230, ""pooled_depth"": 1210.0, ""callable"": false}}"	cll9_2
12849	9	5.142127239358528e-07	9.465605722022353e-07	0.375	False	1.0	True	sub9	False	True	True	True	True	"{""sub1"": {""vaf"": 0.00693, ""n"": 1090, ""pooled_depth"": 19771.0, ""callable"": false}, ""sub2"": {""vaf"": 0.00634, ""n"": 952, ""pooled_depth"": 17660.0, ""callable"": false}, ""sub3"": {""vaf"": 0.00748, ""n"": 811, ""pooled_depth"": 5213.0, ""callable"": false}, ""sub4"": {""vaf"": 0.00724, ""n"": 857, ""pooled_depth"": 17670.0, ""callable"": false}, ""sub5"": {""vaf"": 0.00622, ""n"": 634, ""pooled_depth"": 14541.0, ""callable"": false}, ""sub6"": {""vaf"": 0.0064, ""n"": 411, ""pooled_depth"": 8243.0, ""callable"": false}, ""sub7"": {""vaf"": 0.00701, ""n"": 374, ""pooled_depth"": 2095.0, ""callable"": false}, ""sub8"": {""vaf"": 0.00736, ""n"": 329, ""pooled_depth"": 6577.0, ""callable"": false}, ""sub9"": {""vaf"": 0.00805, ""n"": 229, ""pooled_depth"": 1126.0, ""callable"": true}}"	cll9_2
12933	9	1.695175893031237e-07	8.400316679239887e-07	0.9	False	1.0	True	sub9	False	True	True	True	True	"{""sub1"": {""vaf"": 0.00584, ""n"": 1092, ""pooled_depth"": 24925.0, ""callable"": false}, ""sub2"": {""vaf"": 0.00561, ""n"": 952, ""pooled_depth"": 21908.0, ""callable"": false}, ""sub3"": {""vaf"": 0.00553, ""n"": 820, ""pooled_depth"": 6239.0, ""callable"": false}, ""sub4"": {""vaf"": 0.00618, ""n"": 857, ""pooled_depth"": 21932.0, ""callable"": false}, ""sub5"": {""vaf"": 0.00583, ""n"": 640, ""pooled_depth"": 17967.0, ""callable"": false}, ""sub6"": {""vaf"": 0.00594, ""n"": 411, ""pooled_depth"": 10275.0, ""callable"": false}, ""sub7"": {""vaf"": 0.00604, ""n"": 381, ""pooled_depth"": 2553.0, ""callable"": false}, ""sub8"": {""vaf"": 0.00543, ""n"": 331, ""pooled_depth"": 7734.0, ""callable"": false}, ""sub9"": {""vaf"": 0.0063, ""n"": 234, ""pooled_depth"": 1418.0, ""callable"": false}}"	cll9_2
12972	9	1.192755498624988e-07	6.068842190516728e-07	0.905	False	1.0	True	sub9	False	True	True	True	True	"{""sub1"": {""vaf"": 0.00513, ""n"": 1090, ""pooled_depth"": 27225.0, ""callable"": false}, ""sub2"": {""vaf"": 0.00531, ""n"": 954, ""pooled_depth"": 23501.0, ""callable"": false}, ""sub3"": {""vaf"": 0.00536, ""n"": 834, ""pooled_depth"": 6627.0, ""callable"": false}, ""sub4"": {""vaf"": 0.00487, ""n"": 858, ""pooled_depth"": 23640.0, ""callable"": false}, ""sub5"": {""vaf"": 0.00491, ""n"": 638, ""pooled_depth"": 19343.0, ""callable"": false}, ""sub6"": {""vaf"": 0.00488, ""n"": 411, ""pooled_depth"": 11077.0, ""callable"": false}, ""sub7"": {""vaf"": 0.00509, ""n"": 383, ""pooled_depth"": 2735.0, ""callable"": false}, ""sub8"": {""vaf"": 0.00533, ""n"": 333, ""pooled_depth"": 8203.0, ""callable"": false}, ""sub9"": {""vaf"": 0.00569, ""n"": 235, ""pooled_depth"": 1541.0, ""callable"": false}}"	cll9_2
13117	9	3.5384813539322315e-07	7.627433294530182e-07	0.49	False	1.0	True	sub7	False	True	True	True	True	"{""sub1"": {""vaf"": 0.00609, ""n"": 1092, ""pooled_depth"": 22983.0, ""callable"": false}, ""sub2"": {""vaf"": 0.00551, ""n"": 957, ""pooled_depth"": 19656.0, ""callable"": false}, ""sub3"": {""vaf"": 0.00538, ""n"": 810, ""pooled_depth"": 5756.0, ""callable"": false}, ""sub4"": {""vaf"": 0.00564, ""n"": 858, ""pooled_depth"": 20134.0, ""callable"": false}, ""sub5"": {""vaf"": 0.00626, ""n"": 638, ""pooled_depth"": 16464.0, ""callable"": false}, ""sub6"": {""vaf"": 0.00603, ""n"": 410, ""pooled_depth"": 9178.0, ""callable"": false}, ""sub7"": {""vaf"": 0.00662, ""n"": 381, ""pooled_depth"": 2418.0, ""callable"": true}, ""sub8"": {""vaf"": 0.00543, ""n"": 327, ""pooled_depth"": 7104.0, ""callable"": false}, ""sub9"": {""vaf"": 0.00579, ""n"": 228, ""pooled_depth"": 1311.0, ""callable"": false}}"	cll9_2
13120	9	5.663587324291662e-07	9.589481360030588e-07	0.355	False	1.0	True	sub6	False	True	True	True	True	"{""sub1"": {""vaf"": 0.00752, ""n"": 1094, ""pooled_depth"": 23426.0, ""callable"": false}, ""sub2"": {""vaf"": 0.0065, ""n"": 956, ""pooled_depth"": 20064.0, ""callable"": false}, ""sub3"": {""vaf"": 0.00765, ""n"": 810, ""pooled_depth"": 5859.0, ""callable"": false}, ""sub4"": {""vaf"": 0.00774, ""n"": 857, ""pooled_depth"": 20488.0, ""callable"": true}, ""sub5"": {""vaf"": 0.00723, ""n"": 638, ""pooled_depth"": 16763.0, ""callable"": false}, ""sub6"": {""vaf"": 0.00813, ""n"": 411, ""pooled_depth"": 9376.0, ""callable"": true}, ""sub7"": {""vaf"": 0.00804, ""n"": 381, ""pooled_depth"": 2430.0, ""callable"": true}, ""sub8"": {""vaf"": 0.0073, ""n"": 329, ""pooled_depth"": 7251.0, ""callable"": false}, ""sub9"": {""vaf"": 0.00624, ""n"": 228, ""pooled_depth"": 1324.0, ""callable"": false}}"	cll9_2
13159	9	5.712626879832781e-07	9.508253434825895e-07	0.325	False	1.0	True	sub3	False	True	True	True	True	"{""sub1"": {""vaf"": 0.00494, ""n"": 1088, ""pooled_depth"": 20662.0, ""callable"": false}, ""sub2"": {""vaf"": 0.00453, ""n"": 952, ""pooled_depth"": 17631.0, ""callable"": false}, ""sub3"": {""vaf"": 0.00624, ""n"": 793, ""pooled_depth"": 5036.0, ""callable"": false}, ""sub4"": {""vaf"": 0.00573, ""n"": 859, ""pooled_depth"": 18079.0, ""callable"": false}, ""sub5"": {""vaf"": 0.00511, ""n"": 637, ""pooled_depth"": 14759.0, ""callable"": false}, ""sub6"": {""vaf"": 0.00548, ""n"": 410, ""pooled_depth"": 8339.0, ""callable"": false}, ""sub7"": {""vaf"": 0.00546, ""n"": 379, ""pooled_depth"": 2173.0, ""callable"": false}, ""sub8"": {""vaf"": 0.00459, ""n"": 326, ""pooled_depth"": 6461.0, ""callable"": false}, ""sub9"": {""vaf"": 0.00487, ""n"": 226, ""pooled_depth"": 1112.0, ""callable"": false}}"	cll9_2
13311	9	5.379345573972302e-07	8.384957648682316e-07	0.275	False	1.0	True	sub3	False	True	True	True	True	"{""sub1"": {""vaf"": 0.00522, ""n"": 1090, ""pooled_depth"": 19683.0, ""callable"": false}, ""sub2"": {""vaf"": 0.00458, ""n"": 951, ""pooled_depth"": 17071.0, ""callable"": false}, ""sub3"": {""vaf"": 0.00649, ""n"": 778, ""pooled_depth"": 4779.0, ""callable"": false}, ""sub4"": {""vaf"": 0.00476, ""n"": 857, ""pooled_depth"": 17114.0, ""callable"": false}, ""sub5"": {""vaf"": 0.00539, ""n"": 635, ""pooled_depth"": 13953.0, ""callable"": false}, ""sub6"": {""vaf"": 0.00503, ""n"": 409, ""pooled_depth"": 8046.0, ""callable"": false}, ""sub7"": {""vaf"": 0.00543, ""n"": 373, ""pooled_depth"": 2024.0, ""callable"": false}, ""sub8"": {""vaf"": 0.00466, ""n"": 331, ""pooled_depth"": 6424.0, ""callable"": false}, ""sub9"": {""vaf"": 0.00589, ""n"": 224, ""pooled_depth"": 1068.0, ""callable"": false}}"	cll9_2
13382	9	1.880743574229522e-06	1.351418731187183e-06	0.0	True	1.0	True	sub7	False	True	True	True	True	"{""sub1"": {""vaf"": 0.00829, ""n"": 1090, ""pooled_depth"": 21055.0, ""callable"": true}, ""sub2"": {""vaf"": 0.00836, ""n"": 953, ""pooled_depth"": 18584.0, ""callable"": true}, ""sub3"": {""vaf"": 0.01057, ""n"": 812, ""pooled_depth"": 5300.0, ""callable"": true}, ""sub4"": {""vaf"": 0.01049, ""n"": 859, ""pooled_depth"": 18404.0, ""callable"": true}, ""sub5"": {""vaf"": 0.0091, ""n"": 638, ""pooled_depth"": 15155.0, ""callable"": true}, ""sub6"": {""vaf"": 0.0088, ""n"": 409, ""pooled_depth"": 8583.0, ""callable"": true}, ""sub7"": {""vaf"": 0.01286, ""n"": 376, ""pooled_depth"": 2211.0, ""callable"": true}, ""sub8"": {""vaf"": 0.00986, ""n"": 325, ""pooled_depth"": 6835.0, ""callable"": true}, ""sub9"": {""vaf"": 0.01017, ""n"": 231, ""pooled_depth"": 1258.0, ""callable"": true}}"	cll9_2
13426	9	4.3760349739227735e-07	8.3565176902463e-07	0.41	False	1.0	True	sub3	False	True	True	True	True	"{""sub1"": {""vaf"": 0.00484, ""n"": 1088, ""pooled_depth"": 19647.0, ""callable"": false}, ""sub2"": {""vaf"": 0.00537, ""n"": 954, ""pooled_depth"": 17442.0, ""callable"": false}, ""sub3"": {""vaf"": 0.00598, ""n"": 791, ""pooled_depth"": 5033.0, ""callable"": false}, ""sub4"": {""vaf"": 0.0053, ""n"": 856, ""pooled_depth"": 17558.0, ""callable"": false}, ""sub5"": {""vaf"": 0.00508, ""n"": 635, ""pooled_depth"": 14174.0, ""callable"": false}, ""sub6"": {""vaf"": 0.0043, ""n"": 408, ""pooled_depth"": 8220.0, ""callable"": false}, ""sub7"": {""vaf"": 0.00551, ""n"": 368, ""pooled_depth"": 2021.0, ""callable"": false}, ""sub8"": {""vaf"": 0.00472, ""n"": 327, ""pooled_depth"": 6474.0, ""callable"": false}, ""sub9"": {""vaf"": 0.00474, ""n"": 227, ""pooled_depth"": 1156.0, ""callable"": false}}"	cll9_2
13538	9	6.259568807773688e-07	1.0238454127593687e-06	0.31	False	1.0	True	sub3	False	True	True	True	True	"{""sub1"": {""vaf"": 0.00721, ""n"": 1090, ""pooled_depth"": 20795.0, ""callable"": false}, ""sub2"": {""vaf"": 0.00661, ""n"": 950, ""pooled_depth"": 18399.0, ""callable"": false}, ""sub3"": {""vaf"": 0.00851, ""n"": 806, ""pooled_depth"": 5268.0, ""callable"": true}, ""sub4"": {""vaf"": 0.00728, ""n"": 859, ""pooled_depth"": 18330.0, ""callable"": false}, ""sub5"": {""vaf"": 0.00774, ""n"": 638, ""pooled_depth"": 14641.0, ""callable"": true}, ""sub6"": {""vaf"": 0.00714, ""n"": 408, ""pooled_depth"": 8569.0, ""callable"": false}, ""sub7"": {""vaf"": 0.00727, ""n"": 377, ""pooled_depth"": 2148.0, ""callable"": false}, ""sub8"": {""vaf"": 0.00668, ""n"": 326, ""pooled_depth"": 6636.0, ""callable"": false}, ""sub9"": {""vaf"": 0.00678, ""n"": 227, ""pooled_depth"": 1163.0, ""callable"": false}}"	cll9_2
13606	9	2.0836113339143574e-07	7.08176718570409e-07	0.855	False	1.0	True	sub3	False	True	True	True	True	"{""sub1"": {""vaf"": 0.00543, ""n"": 1094, ""pooled_depth"": 22033.0, ""callable"": false}, ""sub2"": {""vaf"": 0.00578, ""n"": 954, ""pooled_depth"": 19498.0, ""callable"": false}, ""sub3"": {""vaf"": 0.0063, ""n"": 824, ""pooled_depth"": 5647.0, ""callable"": false}, ""sub4"": {""vaf"": 0.00613, ""n"": 855, ""pooled_depth"": 19512.0, ""callable"": false}, ""sub5"": {""vaf"": 0.00617, ""n"": 633, ""pooled_depth"": 15789.0, ""callable"": false}, ""sub6"": {""vaf"": 0.0058, ""n"": 410, ""pooled_depth"": 9226.0, ""callable"": false}, ""sub7"": {""vaf"": 0.00587, ""n"": 379, ""pooled_depth"": 2234.0, ""callable"": false}, ""sub8"": {""vaf"": 0.00541, ""n"": 328, ""pooled_depth"": 6988.0, ""callable"": false}, ""sub9"": {""vaf"": 0.00593, ""n"": 233, ""pooled_depth"": 1308.0, ""callable"": false}}"	cll9_2
13671	9	8.783008419941533e-07	8.793317416086242e-07	0.05	False	1.0	True	sub7	False	True	True	True	True	"{""sub1"": {""vaf"": 0.00602, ""n"": 1092, ""pooled_depth"": 19894.0, ""callable"": false}, ""sub2"": {""vaf"": 0.00477, ""n"": 956, ""pooled_depth"": 17236.0, ""callable"": false}, ""sub3"": {""vaf"": 0.00716, ""n"": 801, ""pooled_depth"": 4985.0, ""callable"": false}, ""sub4"": {""vaf"": 0.00518, ""n"": 857, ""pooled_depth"": 17408.0, ""callable"": false}, ""sub5"": {""vaf"": 0.00557, ""n"": 633, ""pooled_depth"": 14186.0, ""callable"": false}, ""sub6"": {""vaf"": 0.00613, ""n"": 409, ""pooled_depth"": 8234.0, ""callable"": false}, ""sub7"": {""vaf"": 0.00718, ""n"": 374, ""pooled_depth"": 2040.0, ""callable"": true}, ""sub8"": {""vaf"": 0.00516, ""n"": 330, ""pooled_depth"": 6036.0, ""callable"": false}, ""sub9"": {""vaf"": 0.00564, ""n"": 226, ""pooled_depth"": 1042.0, ""callable"": false}}"	cll9_2
13733	9	8.714249422654315e-07	7.396755349813857e-07	0.02	True	1.0	True	sub9	False	True	True	True	True	"{""sub1"": {""vaf"": 0.00614, ""n"": 1093, ""pooled_depth"": 23052.0, ""callable"": false}, ""sub2"": {""vaf"": 0.00478, ""n"": 952, ""pooled_depth"": 19909.0, ""callable"": false}, ""sub3"": {""vaf"": 0.00707, ""n"": 815, ""pooled_depth"": 5780.0, ""callable"": false}, ""sub4"": {""vaf"": 0.00551, ""n"": 858, ""pooled_depth"": 20333.0, ""callable"": false}, ""sub5"": {""vaf"": 0.00685, ""n"": 642, ""pooled_depth"": 16280.0, ""callable"": false}, ""sub6"": {""vaf"": 0.00608, ""n"": 410, ""pooled_depth"": 9628.0, ""callable"": false}, ""sub7"": {""vaf"": 0.00557, ""n"": 377, ""pooled_depth"": 2329.0, ""callable"": false}, ""sub8"": {""vaf"": 0.00604, ""n"": 326, ""pooled_depth"": 6902.0, ""callable"": false}, ""sub9"": {""vaf"": 0.00729, ""n"": 228, ""pooled_depth"": 1268.0, ""callable"": true}}"	cll9_2
13951	9	4.901253497662395e-07	6.556972147365828e-07	0.185	False	1.0	True	sub7	False	True	True	True	True	"{""sub1"": {""vaf"": 0.00774, ""n"": 1097, ""pooled_depth"": 26766.0, ""callable"": true}, ""sub2"": {""vaf"": 0.00678, ""n"": 955, ""pooled_depth"": 23409.0, ""callable"": false}, ""sub3"": {""vaf"": 0.00681, ""n"": 825, ""pooled_depth"": 6696.0, ""callable"": false}, ""sub4"": {""vaf"": 0.00693, ""n"": 857, ""pooled_depth"": 23955.0, ""callable"": false}, ""sub5"": {""vaf"": 0.00736, ""n"": 641, ""pooled_depth"": 19300.0, ""callable"": false}, ""sub6"": {""vaf"": 0.00691, ""n"": 409, ""pooled_depth"": 11162.0, ""callable"": false}, ""sub7"": {""vaf"": 0.00805, ""n"": 386, ""pooled_depth"": 2694.0, ""callable"": true}, ""sub8"": {""vaf"": 0.00633, ""n"": 330, ""pooled_depth"": 8356.0, ""callable"": false}, ""sub9"": {""vaf"": 0.00782, ""n"": 237, ""pooled_depth"": 1507.0, ""callable"": true}}"	cll9_2
14000	9	5.46091943654136e-07	1.052593907223064e-06	0.51	False	1.0	True	sub1	False	True	True	True	True	"{""sub1"": {""vaf"": 0.00963, ""n"": 1089, ""pooled_depth"": 21973.0, ""callable"": true}, ""sub2"": {""vaf"": 0.00855, ""n"": 953, ""pooled_depth"": 19079.0, ""callable"": true}, ""sub3"": {""vaf"": 0.00877, ""n"": 805, ""pooled_depth"": 5378.0, ""callable"": true}, ""sub4"": {""vaf"": 0.00875, ""n"": 858, ""pooled_depth"": 19343.0, ""callable"": true}, ""sub5"": {""vaf"": 0.00894, ""n"": 639, ""pooled_depth"": 15642.0, ""callable"": true}, ""sub6"": {""vaf"": 0.00875, ""n"": 410, ""pooled_depth"": 9070.0, ""callable"": true}, ""sub7"": {""vaf"": 0.00887, ""n"": 383, ""pooled_depth"": 2177.0, ""callable"": true}, ""sub8"": {""vaf"": 0.00801, ""n"": 327, ""pooled_depth"": 6843.0, ""callable"": false}, ""sub9"": {""vaf"": 0.00886, ""n"": 226, ""pooled_depth"": 1177.0, ""callable"": true}}"	cll9_2
14267	9	1.4523439247349948e-06	1.157197353632347e-06	0.01	True	1.0	True	sub3	False	True	True	True	True	"{""sub1"": {""vaf"": 0.00701, ""n"": 1091, ""pooled_depth"": 21410.0, ""callable"": false}, ""sub2"": {""vaf"": 0.00763, ""n"": 952, ""pooled_depth"": 18752.0, ""callable"": false}, ""sub3"": {""vaf"": 0.01071, ""n"": 801, ""pooled_depth"": 5245.0, ""callable"": true}, ""sub4"": {""vaf"": 0.00686, ""n"": 856, ""pooled_depth"": 18844.0, ""callable"": false}, ""sub5"": {""vaf"": 0.00704, ""n"": 639, ""pooled_depth"": 15625.0, ""callable"": false}, ""sub6"": {""vaf"": 0.00718, ""n"": 407, ""pooled_depth"": 8891.0, ""callable"": false}, ""sub7"": {""vaf"": 0.0094, ""n"": 374, ""pooled_depth"": 2156.0, ""callable"": true}, ""sub8"": {""vaf"": 0.00726, ""n"": 327, ""pooled_depth"": 6842.0, ""callable"": false}, ""sub9"": {""vaf"": 0.0063, ""n"": 224, ""pooled_depth"": 1149.0, ""callable"": false}}"	cll9_2
14452	9	3.4786226887590006e-07	9.740699363727082e-07	0.655	False	1.0	True	sub7	False	True	True	True	True	"{""sub1"": {""vaf"": 0.00577, ""n"": 1083, ""pooled_depth"": 18049.0, ""callable"": false}, ""sub2"": {""vaf"": 0.00622, ""n"": 953, ""pooled_depth"": 15770.0, ""callable"": false}, ""sub3"": {""vaf"": 0.0059, ""n"": 790, ""pooled_depth"": 4678.0, ""callable"": false}, ""sub4"": {""vaf"": 0.00584, ""n"": 858, ""pooled_depth"": 16233.0, ""callable"": false}, ""sub5"": {""vaf"": 0.00569, ""n"": 637, ""pooled_depth"": 13089.0, ""callable"": false}, ""sub6"": {""vaf"": 0.00556, ""n"": 409, ""pooled_depth"": 7408.0, ""callable"": false}, ""sub7"": {""vaf"": 0.00686, ""n"": 360, ""pooled_depth"": 1915.0, ""callable"": true}, ""sub8"": {""vaf"": 0.00541, ""n"": 329, ""pooled_depth"": 5888.0, ""callable"": false}, ""sub9"": {""vaf"": 0.00603, ""n"": 218, ""pooled_depth"": 994.0, ""callable"": false}}"	cll9_2
14628	9	1.2735419898779663e-06	1.5217282633869199e-06	0.135	False	1.0	True	sub9	False	True	True	True	True	"{""sub1"": {""vaf"": 0.00501, ""n"": 1092, ""pooled_depth"": 18405.0, ""callable"": false}, ""sub2"": {""vaf"": 0.00588, ""n"": 955, ""pooled_depth"": 16399.0, ""callable"": false}, ""sub3"": {""vaf"": 0.00757, ""n"": 785, ""pooled_depth"": 4511.0, ""callable"": false}, ""sub4"": {""vaf"": 0.00573, ""n"": 855, ""pooled_depth"": 16340.0, ""callable"": false}, ""sub5"": {""vaf"": 0.00559, ""n"": 633, ""pooled_depth"": 13184.0, ""callable"": false}, ""sub6"": {""vaf"": 0.00467, ""n"": 410, ""pooled_depth"": 7594.0, ""callable"": false}, ""sub7"": {""vaf"": 0.0057, ""n"": 368, ""pooled_depth"": 1687.0, ""callable"": false}, ""sub8"": {""vaf"": 0.00523, ""n"": 329, ""pooled_depth"": 5732.0, ""callable"": false}, ""sub9"": {""vaf"": 0.01052, ""n"": 225, ""pooled_depth"": 1025.0, ""callable"": true}}"	cll9_2
14989	9	2.2398031440946315e-06	1.5947771004993436e-06	0.0	True	1.0	True	sub7	False	True	True	True	True	"{""sub1"": {""vaf"": 0.0126, ""n"": 1093, ""pooled_depth"": 24210.0, ""callable"": true}, ""sub2"": {""vaf"": 0.01178, ""n"": 956, ""pooled_depth"": 20984.0, ""callable"": true}, ""sub3"": {""vaf"": 0.01329, ""n"": 818, ""pooled_depth"": 6019.0, ""callable"": true}, ""sub4"": {""vaf"": 0.01274, ""n"": 857, ""pooled_depth"": 20860.0, ""callable"": true}, ""sub5"": {""vaf"": 0.01121, ""n"": 644, ""pooled_depth"": 17122.0, ""callable"": true}, ""sub6"": {""vaf"": 0.01249, ""n"": 411, ""pooled_depth"": 9943.0, ""callable"": true}, ""sub7"": {""vaf"": 0.01682, ""n"": 384, ""pooled_depth"": 2496.0, ""callable"": true}, ""sub8"": {""vaf"": 0.01017, ""n"": 327, ""pooled_depth"": 7420.0, ""callable"": true}, ""sub9"": {""vaf"": 0.01547, ""n"": 233, ""pooled_depth"": 1353.0, ""callable"": true}}"	cll9_2
15038	9	3.2096866344947256e-06	2.5315410575093336e-06	0.005	True	1.0	True	sub7	False	True	True	True	True	"{""sub1"": {""vaf"": 0.01689, ""n"": 1097, ""pooled_depth"": 19500.0, ""callable"": true}, ""sub2"": {""vaf"": 0.01578, ""n"": 951, ""pooled_depth"": 16991.0, ""callable"": true}, ""sub3"": {""vaf"": 0.01752, ""n"": 794, ""pooled_depth"": 4993.0, ""callable"": true}, ""sub4"": {""vaf"": 0.01583, ""n"": 856, ""pooled_depth"": 17439.0, ""callable"": true}, ""sub5"": {""vaf"": 0.01469, ""n"": 643, ""pooled_depth"": 14217.0, ""callable"": true}, ""sub6"": {""vaf"": 0.01724, ""n"": 411, ""pooled_depth"": 8117.0, ""callable"": true}, ""sub7"": {""vaf"": 0.0211, ""n"": 374, ""pooled_depth"": 2078.0, ""callable"": true}, ""sub8"": {""vaf"": 0.0138, ""n"": 321, ""pooled_depth"": 6182.0, ""callable"": true}, ""sub9"": {""vaf"": 0.01838, ""n"": 228, ""pooled_depth"": 1148.0, ""callable"": true}}"	cll9_2
15061	9	2.3873997974736015e-07	9.51460392053991e-07	0.895	False	1.0	True	sub3	False	True	True	True	True	"{""sub1"": {""vaf"": 0.00652, ""n"": 1098, ""pooled_depth"": 18392.0, ""callable"": false}, ""sub2"": {""vaf"": 0.00636, ""n"": 952, ""pooled_depth"": 16212.0, ""callable"": false}, ""sub3"": {""vaf"": 0.00678, ""n"": 789, ""pooled_depth"": 4633.0, ""callable"": false}, ""sub4"": {""vaf"": 0.00611, ""n"": 856, ""pooled_depth"": 16455.0, ""callable"": false}, ""sub5"": {""vaf"": 0.00621, ""n"": 640, ""pooled_depth"": 13357.0, ""callable"": false}, ""sub6"": {""vaf"": 0.00674, ""n"": 411, ""pooled_depth"": 7517.0, ""callable"": false}, ""sub7"": {""vaf"": 0.00649, ""n"": 369, ""pooled_depth"": 1888.0, ""callable"": false}, ""sub8"": {""vaf"": 0.0058, ""n"": 321, ""pooled_depth"": 5960.0, ""callable"": false}, ""sub9"": {""vaf"": 0.00628, ""n"": 230, ""pooled_depth"": 1046.0, ""callable"": false}}"	cll9_2
15210	9	1.1624516410350726e-06	1.116973439073939e-06	0.03	True	1.0	True	sub3	False	True	True	True	True	"{""sub1"": {""vaf"": 0.00666, ""n"": 1097, ""pooled_depth"": 20357.0, ""callable"": false}, ""sub2"": {""vaf"": 0.00736, ""n"": 951, ""pooled_depth"": 18107.0, ""callable"": false}, ""sub3"": {""vaf"": 0.00852, ""n"": 805, ""pooled_depth"": 5227.0, ""callable"": true}, ""sub4"": {""vaf"": 0.00763, ""n"": 857, ""pooled_depth"": 18143.0, ""callable"": false}, ""sub5"": {""vaf"": 0.00839, ""n"": 636, ""pooled_depth"": 14782.0, ""callable"": true}, ""sub6"": {""vaf"": 0.00663, ""n"": 408, ""pooled_depth"": 8250.0, ""callable"": false}, ""sub7"": {""vaf"": 0.00719, ""n"": 378, ""pooled_depth"": 2205.0, ""callable"": false}, ""sub8"": {""vaf"": 0.00575, ""n"": 325, ""pooled_depth"": 6695.0, ""callable"": false}, ""sub9"": {""vaf"": 0.00803, ""n"": 226, ""pooled_depth"": 1137.0, ""callable"": true}}"	cll9_2
15220	9	7.849262382048295e-07	1.116747405630153e-06	0.185	False	1.0	True	sub4	False	True	True	True	True	"{""sub1"": {""vaf"": 0.00648, ""n"": 1095, ""pooled_depth"": 18373.0, ""callable"": false}, ""sub2"": {""vaf"": 0.00648, ""n"": 952, ""pooled_depth"": 16372.0, ""callable"": false}, ""sub3"": {""vaf"": 0.00449, ""n"": 775, ""pooled_depth"": 4647.0, ""callable"": false}, ""sub4"": {""vaf"": 0.00706, ""n"": 858, ""pooled_depth"": 16474.0, ""callable"": false}, ""sub5"": {""vaf"": 0.00644, ""n"": 637, ""pooled_depth"": 13221.0, ""callable"": false}, ""sub6"": {""vaf"": 0.00663, ""n"": 408, ""pooled_depth"": 7367.0, ""callable"": false}, ""sub7"": {""vaf"": 0.00662, ""n"": 375, ""pooled_depth"": 1940.0, ""callable"": false}, ""sub8"": {""vaf"": 0.00631, ""n"": 326, ""pooled_depth"": 6063.0, ""callable"": false}, ""sub9"": {""vaf"": 0.00376, ""n"": 222, ""pooled_depth"": 1023.0, ""callable"": false}}"	cll9_2
15260	9	7.738582979577819e-07	1.0329115757759394e-06	0.22	False	1.0	True	sub3	False	True	True	True	True	"{""sub1"": {""vaf"": 0.00621, ""n"": 1093, ""pooled_depth"": 20420.0, ""callable"": false}, ""sub2"": {""vaf"": 0.00721, ""n"": 957, ""pooled_depth"": 18110.0, ""callable"": false}, ""sub3"": {""vaf"": 0.00852, ""n"": 798, ""pooled_depth"": 5295.0, ""callable"": true}, ""sub4"": {""vaf"": 0.00703, ""n"": 853, ""pooled_depth"": 18391.0, ""callable"": false}, ""sub5"": {""vaf"": 0.00731, ""n"": 636, ""pooled_depth"": 14655.0, ""callable"": false}, ""sub6"": {""vaf"": 0.00723, ""n"": 408, ""pooled_depth"": 8498.0, ""callable"": false}, ""sub7"": {""vaf"": 0.00811, ""n"": 381, ""pooled_depth"": 2195.0, ""callable"": true}, ""sub8"": {""vaf"": 0.00671, ""n"": 328, ""pooled_depth"": 6496.0, ""callable"": false}, ""sub9"": {""vaf"": 0.00708, ""n"": 228, ""pooled_depth"": 1141.0, ""callable"": false}}"	cll9_2
15270	9	1.2884566267556866e-06	1.7883862512992996e-06	0.165	False	1.0	True	sub9	False	True	True	True	True	"{""sub1"": {""vaf"": 0.00806, ""n"": 1093, ""pooled_depth"": 20747.0, ""callable"": true}, ""sub2"": {""vaf"": 0.0082, ""n"": 958, ""pooled_depth"": 18531.0, ""callable"": true}, ""sub3"": {""vaf"": 0.01037, ""n"": 801, ""pooled_depth"": 5394.0, ""callable"": true}, ""sub4"": {""vaf"": 0.00832, ""n"": 853, ""pooled_depth"": 18741.0, ""callable"": true}, ""sub5"": {""vaf"": 0.00851, ""n"": 634, ""pooled_depth"": 15110.0, ""callable"": true}, ""sub6"": {""vaf"": 0.00815, ""n"": 409, ""pooled_depth"": 8725.0, ""callable"": true}, ""sub7"": {""vaf"": 0.01135, ""n"": 378, ""pooled_depth"": 2163.0, ""callable"": true}, ""sub8"": {""vaf"": 0.00821, ""n"": 326, ""pooled_depth"": 6700.0, ""callable"": true}, ""sub9"": {""vaf"": 0.01214, ""n"": 231, ""pooled_depth"": 1190.0, ""callable"": true}}"	cll9_2
15288	9	5.546499595160032e-07	8.479077642879769e-07	0.24	False	1.0	True	sub5	False	True	True	True	True	"{""sub1"": {""vaf"": 0.00539, ""n"": 1092, ""pooled_depth"": 19894.0, ""callable"": false}, ""sub2"": {""vaf"": 0.00464, ""n"": 952, ""pooled_depth"": 17613.0, ""callable"": false}, ""sub3"": {""vaf"": 0.00578, ""n"": 794, ""pooled_depth"": 5064.0, ""callable"": false}, ""sub4"": {""vaf"": 0.00502, ""n"": 855, ""pooled_depth"": 17909.0, ""callable"": false}, ""sub5"": {""vaf"": 0.00594, ""n"": 634, ""pooled_depth"": 14384.0, ""callable"": false}, ""sub6"": {""vaf"": 0.00541, ""n"": 410, ""pooled_depth"": 8339.0, ""callable"": false}, ""sub7"": {""vaf"": 0.00481, ""n"": 372, ""pooled_depth"": 2080.0, ""callable"": false}, ""sub8"": {""vaf"": 0.00438, ""n"": 328, ""pooled_depth"": 6424.0, ""callable"": false}, ""sub9"": {""vaf"": 0.00544, ""n"": 228, ""pooled_depth"": 1085.0, ""callable"": false}}"	cll9_2
15295	9	1.266620510670592e-06	1.1372160560506038e-06	0.03	True	1.0	True	sub7	False	True	True	True	True	"{""sub1"": {""vaf"": 0.00772, ""n"": 1095, ""pooled_depth"": 21498.0, ""callable"": false}, ""sub2"": {""vaf"": 0.00648, ""n"": 955, ""pooled_depth"": 19013.0, ""callable"": false}, ""sub3"": {""vaf"": 0.00621, ""n"": 791, ""pooled_depth"": 5414.0, ""callable"": false}, ""sub4"": {""vaf"": 0.00643, ""n"": 855, ""pooled_depth"": 19329.0, ""callable"": false}, ""sub5"": {""vaf"": 0.0067, ""n"": 634, ""pooled_depth"": 15482.0, ""callable"": false}, ""sub6"": {""vaf"": 0.00722, ""n"": 409, ""pooled_depth"": 8990.0, ""callable"": false}, ""sub7"": {""vaf"": 0.01058, ""n"": 376, ""pooled_depth"": 2291.0, ""callable"": true}, ""sub8"": {""vaf"": 0.008, ""n"": 331, ""pooled_depth"": 6953.0, ""callable"": true}, ""sub9"": {""vaf"": 0.00839, ""n"": 229, ""pooled_depth"": 1184.0, ""callable"": true}}"	cll9_2
15299	9	1.2221113353201552e-06	1.0979596863560007e-06	0.025	True	1.0	True	sub3	False	True	True	True	True	"{""sub1"": {""vaf"": 0.00652, ""n"": 1093, ""pooled_depth"": 22592.0, ""callable"": false}, ""sub2"": {""vaf"": 0.00687, ""n"": 956, ""pooled_depth"": 19872.0, ""callable"": false}, ""sub3"": {""vaf"": 0.00888, ""n"": 797, ""pooled_depth"": 5674.0, ""callable"": true}, ""sub4"": {""vaf"": 0.00725, ""n"": 856, ""pooled_depth"": 20250.0, ""callable"": false}, ""sub5"": {""vaf"": 0.00645, ""n"": 635, ""pooled_depth"": 16355.0, ""callable"": false}, ""sub6"": {""vaf"": 0.00581, ""n"": 407, ""pooled_depth"": 9422.0, ""callable"": false}, ""sub7"": {""vaf"": 0.00754, ""n"": 376, ""pooled_depth"": 2411.0, ""callable"": false}, ""sub8"": {""vaf"": 0.00494, ""n"": 329, ""pooled_depth"": 7204.0, ""callable"": false}, ""sub9"": {""vaf"": 0.00831, ""n"": 232, ""pooled_depth"": 1275.0, ""callable"": true}}"	cll9_2
15301	9	3.9908125321590657e-07	7.792292765389497e-07	0.43	False	1.0	True	sub7	False	True	True	True	True	"{""sub1"": {""vaf"": 0.00483, ""n"": 1090, ""pooled_depth"": 22026.0, ""callable"": false}, ""sub2"": {""vaf"": 0.00495, ""n"": 956, ""pooled_depth"": 19314.0, ""callable"": false}, ""sub3"": {""vaf"": 0.00527, ""n"": 794, ""pooled_depth"": 5536.0, ""callable"": false}, ""sub4"": {""vaf"": 0.00557, ""n"": 856, ""pooled_depth"": 19709.0, ""callable"": false}, ""sub5"": {""vaf"": 0.00538, ""n"": 635, ""pooled_depth"": 15899.0, ""callable"": false}, ""sub6"": {""vaf"": 0.00447, ""n"": 407, ""pooled_depth"": 9195.0, ""callable"": false}, ""sub7"": {""vaf"": 0.00591, ""n"": 377, ""pooled_depth"": 2376.0, ""callable"": false}, ""sub8"": {""vaf"": 0.00461, ""n"": 328, ""pooled_depth"": 7031.0, ""callable"": false}, ""sub9"": {""vaf"": 0.00555, ""n"": 232, ""pooled_depth"": 1225.0, ""callable"": false}}"	cll9_2
15344	9	6.981316429934056e-07	9.62685233980956e-07	0.145	False	1.0	True	sub7	False	True	True	True	True	"{""sub1"": {""vaf"": 0.00666, ""n"": 1097, ""pooled_depth"": 23911.0, ""callable"": false}, ""sub2"": {""vaf"": 0.0072, ""n"": 955, ""pooled_depth"": 20954.0, ""callable"": false}, ""sub3"": {""vaf"": 0.00587, ""n"": 811, ""pooled_depth"": 6023.0, ""callable"": false}, ""sub4"": {""vaf"": 0.00584, ""n"": 857, ""pooled_depth"": 20977.0, ""callable"": false}, ""sub5"": {""vaf"": 0.00659, ""n"": 636, ""pooled_depth"": 17208.0, ""callable"": false}, ""sub6"": {""vaf"": 0.00666, ""n"": 410, ""pooled_depth"": 9956.0, ""callable"": false}, ""sub7"": {""vaf"": 0.00849, ""n"": 384, ""pooled_depth"": 2517.0, ""callable"": true}, ""sub8"": {""vaf"": 0.00683, ""n"": 327, ""pooled_depth"": 7441.0, ""callable"": false}, ""sub9"": {""vaf"": 0.008, ""n"": 226, ""pooled_depth"": 1335.0, ""callable"": true}}"	cll9_2
15467	9	8.848319730264497e-07	1.7361384597437454e-06	0.41	False	1.0	True	sub7	False	True	True	True	True	"{""sub1"": {""vaf"": 0.00828, ""n"": 1084, ""pooled_depth"": 18092.0, ""callable"": true}, ""sub2"": {""vaf"": 0.00814, ""n"": 954, ""pooled_depth"": 15993.0, ""callable"": true}, ""sub3"": {""vaf"": 0.00889, ""n"": 773, ""pooled_depth"": 4540.0, ""callable"": true}, ""sub4"": {""vaf"": 0.00814, ""n"": 857, ""pooled_depth"": 16239.0, ""callable"": true}, ""sub5"": {""vaf"": 0.00894, ""n"": 633, ""pooled_depth"": 13007.0, ""callable"": true}, ""sub6"": {""vaf"": 0.00884, ""n"": 412, ""pooled_depth"": 7526.0, ""callable"": true}, ""sub7"": {""vaf"": 0.01032, ""n"": 365, ""pooled_depth"": 1841.0, ""callable"": true}, ""sub8"": {""vaf"": 0.00717, ""n"": 326, ""pooled_depth"": 5787.0, ""callable"": false}, ""sub9"": {""vaf"": 0.01009, ""n"": 225, ""pooled_depth"": 1044.0, ""callable"": true}}"	cll9_2
15585	9	8.374394567747379e-07	7.533164652440508e-07	0.03	True	1.0	True	sub2	False	True	True	True	True	"{""sub1"": {""vaf"": 0.00507, ""n"": 1094, ""pooled_depth"": 22136.0, ""callable"": false}, ""sub2"": {""vaf"": 0.00633, ""n"": 954, ""pooled_depth"": 19475.0, ""callable"": false}, ""sub3"": {""vaf"": 0.0063, ""n"": 809, ""pooled_depth"": 5753.0, ""callable"": false}, ""sub4"": {""vaf"": 0.00629, ""n"": 858, ""pooled_depth"": 19775.0, ""callable"": false}, ""sub5"": {""vaf"": 0.00577, ""n"": 632, ""pooled_depth"": 16007.0, ""callable"": false}, ""sub6"": {""vaf"": 0.00478, ""n"": 408, ""pooled_depth"": 9294.0, ""callable"": false}, ""sub7"": {""vaf"": 0.00537, ""n"": 378, ""pooled_depth"": 2429.0, ""callable"": false}, ""sub8"": {""vaf"": 0.00441, ""n"": 328, ""pooled_depth"": 7031.0, ""callable"": false}, ""sub9"": {""vaf"": 0.00504, ""n"": 232, ""pooled_depth"": 1272.0, ""callable"": false}}"	cll9_2
15644	9	5.990898180404689e-07	7.733276831291175e-07	0.17	False	1.0	True	sub5	False	True	True	True	True	"{""sub1"": {""vaf"": 0.00482, ""n"": 1088, ""pooled_depth"": 17977.0, ""callable"": false}, ""sub2"": {""vaf"": 0.00544, ""n"": 953, ""pooled_depth"": 15632.0, ""callable"": false}, ""sub3"": {""vaf"": 0.00454, ""n"": 775, ""pooled_depth"": 4572.0, ""callable"": false}, ""sub4"": {""vaf"": 0.00467, ""n"": 859, ""pooled_depth"": 15902.0, ""callable"": false}, ""sub5"": {""vaf"": 0.00593, ""n"": 629, ""pooled_depth"": 13011.0, ""callable"": false}, ""sub6"": {""vaf"": 0.00503, ""n"": 410, ""pooled_depth"": 7503.0, ""callable"": false}, ""sub7"": {""vaf"": 0.00584, ""n"": 374, ""pooled_depth"": 1966.0, ""callable"": false}, ""sub8"": {""vaf"": 0.00438, ""n"": 322, ""pooled_depth"": 6038.0, ""callable"": false}, ""sub9"": {""vaf"": 0.00543, ""n"": 225, ""pooled_depth"": 953.0, ""callable"": false}}"	cll9_2
15677	9	4.4723012772629597e-07	1.4782515671169452e-06	0.825	False	1.0	True	sub8	False	True	True	True	True	"{""sub1"": {""vaf"": 0.00705, ""n"": 1090, ""pooled_depth"": 18534.0, ""callable"": false}, ""sub2"": {""vaf"": 0.00732, ""n"": 954, ""pooled_depth"": 16257.0, ""callable"": false}, ""sub3"": {""vaf"": 0.00803, ""n"": 778, ""pooled_depth"": 4647.0, ""callable"": true}, ""sub4"": {""vaf"": 0.0078, ""n"": 854, ""pooled_depth"": 16532.0, ""callable"": false}, ""sub5"": {""vaf"": 0.00702, ""n"": 635, ""pooled_depth"": 13379.0, ""callable"": false}, ""sub6"": {""vaf"": 0.00775, ""n"": 410, ""pooled_depth"": 7643.0, ""callable"": false}, ""sub7"": {""vaf"": 0.00757, ""n"": 375, ""pooled_depth"": 2030.0, ""callable"": false}, ""sub8"": {""vaf"": 0.00814, ""n"": 319, ""pooled_depth"": 6100.0, ""callable"": true}, ""sub9"": {""vaf"": 0.00808, ""n"": 226, ""pooled_depth"": 994.0, ""callable"": true}}"	cll9_2
15701	9	7.113686305465489e-07	1.3887167653451135e-06	0.565	False	1.0	True	sub3	False	True	True	True	True	"{""sub1"": {""vaf"": 0.00812, ""n"": 1090, ""pooled_depth"": 19123.0, ""callable"": true}, ""sub2"": {""vaf"": 0.00798, ""n"": 954, ""pooled_depth"": 16903.0, ""callable"": true}, ""sub3"": {""vaf"": 0.00974, ""n"": 783, ""pooled_depth"": 4849.0, ""callable"": true}, ""sub4"": {""vaf"": 0.00811, ""n"": 853, ""pooled_depth"": 17066.0, ""callable"": true}, ""sub5"": {""vaf"": 0.0075, ""n"": 635, ""pooled_depth"": 13959.0, ""callable"": false}, ""sub6"": {""vaf"": 0.00819, ""n"": 408, ""pooled_depth"": 7820.0, ""callable"": true}, ""sub7"": {""vaf"": 0.00832, ""n"": 371, ""pooled_depth"": 2107.0, ""callable"": false}, ""sub8"": {""vaf"": 0.00749, ""n"": 321, ""pooled_depth"": 6234.0, ""callable"": false}, ""sub9"": {""vaf"": 0.00908, ""n"": 226, ""pooled_depth"": 1066.0, ""callable"": true}}"	cll9_2
15750	9	1.6986385141991897e-07	6.791592247201627e-07	0.885	False	1.0	True	sub3	False	True	True	True	True	"{""sub1"": {""vaf"": 0.00529, ""n"": 1095, ""pooled_depth"": 23321.0, ""callable"": false}, ""sub2"": {""vaf"": 0.00577, ""n"": 956, ""pooled_depth"": 20243.0, ""callable"": false}, ""sub3"": {""vaf"": 0.00627, ""n"": 824, ""pooled_depth"": 5866.0, ""callable"": false}, ""sub4"": {""vaf"": 0.00572, ""n"": 857, ""pooled_depth"": 20780.0, ""callable"": false}, ""sub5"": {""vaf"": 0.00592, ""n"": 640, ""pooled_depth"": 17183.0, ""callable"": false}, ""sub6"": {""vaf"": 0.00558, ""n"": 408, ""pooled_depth"": 9626.0, ""callable"": false}, ""sub7"": {""vaf"": 0.00582, ""n"": 380, ""pooled_depth"": 2475.0, ""callable"": false}, ""sub8"": {""vaf"": 0.00538, ""n"": 328, ""pooled_depth"": 7417.0, ""callable"": false}, ""sub9"": {""vaf"": 0.00562, ""n"": 228, ""pooled_depth"": 1341.0, ""callable"": false}}"	cll9_2
15966	9	2.298547148747536e-06	1.7133993146769397e-06	0.005	True	1.0	True	sub9	False	True	True	True	True	"{""sub1"": {""vaf"": 0.00992, ""n"": 1087, ""pooled_depth"": 17515.0, ""callable"": true}, ""sub2"": {""vaf"": 0.00786, ""n"": 949, ""pooled_depth"": 15313.0, ""callable"": false}, ""sub3"": {""vaf"": 0.01131, ""n"": 789, ""pooled_depth"": 4418.0, ""callable"": true}, ""sub4"": {""vaf"": 0.00901, ""n"": 854, ""pooled_depth"": 15298.0, ""callable"": true}, ""sub5"": {""vaf"": 0.01112, ""n"": 633, ""pooled_depth"": 12605.0, ""callable"": true}, ""sub6"": {""vaf"": 0.00963, ""n"": 410, ""pooled_depth"": 7279.0, ""callable"": true}, ""sub7"": {""vaf"": 0.01031, ""n"": 368, ""pooled_depth"": 1864.0, ""callable"": true}, ""sub8"": {""vaf"": 0.00863, ""n"": 322, ""pooled_depth"": 5484.0, ""callable"": true}, ""sub9"": {""vaf"": 0.01348, ""n"": 226, ""pooled_depth"": 981.0, ""callable"": true}}"	cll9_2
16015	9	1.459598022356363e-06	1.5010207374361742e-06	0.065	False	1.0	True	sub9	False	True	True	True	True	"{""sub1"": {""vaf"": 0.00592, ""n"": 1095, ""pooled_depth"": 16696.0, ""callable"": false}, ""sub2"": {""vaf"": 0.00495, ""n"": 952, ""pooled_depth"": 14654.0, ""callable"": false}, ""sub3"": {""vaf"": 0.00736, ""n"": 778, ""pooled_depth"": 4045.0, ""callable"": false}, ""sub4"": {""vaf"": 0.00582, ""n"": 856, ""pooled_depth"": 14749.0, ""callable"": false}, ""sub5"": {""vaf"": 0.00583, ""n"": 640, ""pooled_depth"": 11825.0, ""callable"": false}, ""sub6"": {""vaf"": 0.00591, ""n"": 409, ""pooled_depth"": 6910.0, ""callable"": false}, ""sub7"": {""vaf"": 0.00812, ""n"": 356, ""pooled_depth"": 1626.0, ""callable"": true}, ""sub8"": {""vaf"": 0.00502, ""n"": 327, ""pooled_depth"": 5280.0, ""callable"": false}, ""sub9"": {""vaf"": 0.01119, ""n"": 217, ""pooled_depth"": 890.0, ""callable"": true}}"	cll9_2
