pos	n_partitions	T_obs	null_q95	empirical_p	licensed	shuffleable_frac	enough_pooled_depth	top	feasible_0.005	feasible_0.01	feasible_0.02	feasible_0.05	feasible_0.1	per_cluster	sample	ref	alt_allele	region	region_class	artifact_prone
629	3	5.423534656593121e-05	0.0002807287740179346	0.3233333333333333	False	1.0	False	Stromal	False	False	False	False	False	"{""Epithelial_other"": {""vaf"": 0.00617, ""n"": 25, ""pooled_depth"": 37.0, ""callable"": false}, ""Immune"": {""vaf"": 0.0068, ""n"": 127, ""pooled_depth"": 175.0, ""callable"": false}, ""Stromal"": {""vaf"": 0.01548, ""n"": 32, ""pooled_depth"": 42.0, ""callable"": false}}"	PDAC05	T	G	tRNA/intergenic	tRNA	True
685	3	2.4717514124293788e-05	0.00018394795657726695	0.96	False	1.0	False	Immune	False	False	False	False	False	"{""Epithelial_other"": {""vaf"": 0.00285, ""n"": 23, ""pooled_depth"": 28.0, ""callable"": false}, ""Immune"": {""vaf"": 0.00881, ""n"": 134, ""pooled_depth"": 177.0, ""callable"": false}, ""Stromal"": {""vaf"": 0.00269, ""n"": 30, ""pooled_depth"": 35.0, ""callable"": false}}"	PDAC05	A	G	MT-RNR1	rRNA	True
686	3	5.484398096497936e-05	0.0003339144491880712	0.7633333333333333	False	1.0	False	Immune	False	False	False	False	False	"{""Epithelial_other"": {""vaf"": 0.00383, ""n"": 22, ""pooled_depth"": 27.0, ""callable"": false}, ""Immune"": {""vaf"": 0.01409, ""n"": 135, ""pooled_depth"": 178.0, ""callable"": true}, ""Stromal"": {""vaf"": 0.00347, ""n"": 30, ""pooled_depth"": 36.0, ""callable"": false}}"	PDAC05	A	G	MT-RNR1	rRNA	True
735	3	1.634419318141712e-05	6.071780678526097e-05	0.6266666666666667	False	1.0	False	Immune	False	False	False	False	False	"{""Epithelial_other"": {""vaf"": 0.00222, ""n"": 27, ""pooled_depth"": 40.0, ""callable"": false}, ""Immune"": {""vaf"": 0.00712, ""n"": 149, ""pooled_depth"": 219.0, ""callable"": false}, ""Stromal"": {""vaf"": 0.00222, ""n"": 31, ""pooled_depth"": 40.0, ""callable"": false}}"	PDAC05	A	C	MT-RNR1	rRNA	True
907	3	2.490190739856096e-05	0.0002737630252993441	0.47	False	1.0	False	Immune	False	False	False	False	False	"{""Epithelial_other"": {""vaf"": 0.00318, ""n"": 12, ""pooled_depth"": 16.0, ""callable"": false}, ""Immune"": {""vaf"": 0.00881, ""n"": 146, ""pooled_depth"": 177.0, ""callable"": false}, ""Stromal"": {""vaf"": 0.00243, ""n"": 35, ""pooled_depth"": 48.0, ""callable"": false}}"	PDAC05	A	G	MT-RNR1	rRNA	True
1058	3	0.00020061728395061727	0.00019135802469135807	0.04	True	1.0	False	Stromal	False	False	False	False	False	"{""Epithelial_other"": {""vaf"": 0.00647, ""n"": 19, ""pooled_depth"": 26.0, ""callable"": false}, ""Immune"": {""vaf"": 0.00206, ""n"": 103, ""pooled_depth"": 130.0, ""callable"": false}, ""Stromal"": {""vaf"": 0.02817, ""n"": 21, ""pooled_depth"": 24.0, ""callable"": false}}"	PDAC05	C	A	MT-RNR1	rRNA	True
1061	3	1.9236328169678972e-05	0.0003098088636841	0.5733333333333334	False	1.0	False	Immune	False	False	False	False	False	"{""Epithelial_other"": {""vaf"": 0.00277, ""n"": 14, ""pooled_depth"": 19.0, ""callable"": false}, ""Immune"": {""vaf"": 0.00662, ""n"": 84, ""pooled_depth"": 101.0, ""callable"": false}, ""Stromal"": {""vaf"": 0.0028, ""n"": 17, ""pooled_depth"": 18.0, ""callable"": false}}"	PDAC05	A	C	MT-RNR1	rRNA	True
1073	3	1.9472989170455787e-05	0.00034792310036862594	0.8233333333333334	False	1.0	False	Immune	False	False	False	False	False	"{""Epithelial_other"": {""vaf"": 0.00275, ""n"": 15, ""pooled_depth"": 20.0, ""callable"": false}, ""Immune"": {""vaf"": 0.00662, ""n"": 82, ""pooled_depth"": 101.0, ""callable"": false}, ""Stromal"": {""vaf"": 0.0028, ""n"": 16, ""pooled_depth"": 18.0, ""callable"": false}}"	PDAC05	G	A	MT-RNR1	rRNA	True
1074	3	1.9472989170455787e-05	0.00034792310036862594	0.8133333333333334	False	1.0	False	Immune	False	False	False	False	False	"{""Epithelial_other"": {""vaf"": 0.00275, ""n"": 15, ""pooled_depth"": 20.0, ""callable"": false}, ""Immune"": {""vaf"": 0.00662, ""n"": 83, ""pooled_depth"": 101.0, ""callable"": false}, ""Stromal"": {""vaf"": 0.0028, ""n"": 16, ""pooled_depth"": 18.0, ""callable"": false}}"	PDAC05	G	A	MT-RNR1	rRNA	True
1077	3	1.877465441950291e-05	0.00034792310036862594	1.0	False	1.0	False	Immune	False	False	False	False	False	"{""Epithelial_other"": {""vaf"": 0.00277, ""n"": 14, ""pooled_depth"": 18.0, ""callable"": false}, ""Immune"": {""vaf"": 0.00656, ""n"": 84, ""pooled_depth"": 102.0, ""callable"": false}, ""Stromal"": {""vaf"": 0.00275, ""n"": 17, ""pooled_depth"": 19.0, ""callable"": false}}"	PDAC05	T	C	MT-RNR1	rRNA	True
1221	3	0.00044511473486871735	0.0005125365255914789	0.2	False	1.0	False	Stromal	False	False	False	False	False	"{""Epithelial_other"": {""vaf"": 0.00945, ""n"": 14, ""pooled_depth"": 16.0, ""callable"": false}, ""Immune"": {""vaf"": 0.0036, ""n"": 55, ""pooled_depth"": 69.0, ""callable"": false}, ""Stromal"": {""vaf"": 0.03775, ""n"": 16, ""pooled_depth"": 18.0, ""callable"": false}}"	PDAC05	A	G	MT-RNR1	rRNA	True
1228	3	3.331133727570367e-05	0.00035941179692206574	0.72	False	1.0	False	Immune	False	False	False	False	False	"{""Epithelial_other"": {""vaf"": 0.00326, ""n"": 15, ""pooled_depth"": 20.0, ""callable"": false}, ""Immune"": {""vaf"": 0.00816, ""n"": 64, ""pooled_depth"": 82.0, ""callable"": false}, ""Stromal"": {""vaf"": 0.00319, ""n"": 19, ""pooled_depth"": 22.0, ""callable"": false}}"	PDAC05	A	C	MT-RNR1	rRNA	True
1239	3	2.0901883770662675e-05	0.0002792447434969484	0.5533333333333333	False	1.0	False	Immune	False	False	False	False	False	"{""Epithelial_other"": {""vaf"": 0.00266, ""n"": 18, ""pooled_depth"": 24.0, ""callable"": false}, ""Immune"": {""vaf"": 0.00662, ""n"": 79, ""pooled_depth"": 101.0, ""callable"": false}, ""Stromal"": {""vaf"": 0.00273, ""n"": 16, ""pooled_depth"": 21.0, ""callable"": false}}"	PDAC05	C	G	MT-RNR1	rRNA	True
1241	3	0.00019636928727837825	0.00021579430670339762	0.2	False	1.0	False	Stromal	False	False	False	False	False	"{""Epithelial_other"": {""vaf"": 0.00624, ""n"": 20, ""pooled_depth"": 26.0, ""callable"": false}, ""Immune"": {""vaf"": 0.0023, ""n"": 87, ""pooled_depth"": 113.0, ""callable"": false}, ""Stromal"": {""vaf"": 0.02598, ""n"": 21, ""pooled_depth"": 26.0, ""callable"": false}}"	PDAC05	C	G	MT-RNR1	rRNA	True
1249	3	1.2096903942598737e-05	0.00019225367497893324	0.52	False	1.0	False	Immune	False	False	False	False	False	"{""Epithelial_other"": {""vaf"": 0.00219, ""n"": 17, ""pooled_depth"": 23.0, ""callable"": false}, ""Immune"": {""vaf"": 0.00518, ""n"": 98, ""pooled_depth"": 129.0, ""callable"": false}, ""Stromal"": {""vaf"": 0.00213, ""n"": 21, ""pooled_depth"": 27.0, ""callable"": false}}"	PDAC05	T	A	MT-RNR1	rRNA	True
1251	3	1.2499765629394448e-05	0.0002303528237416977	0.5433333333333333	False	1.0	False	Immune	False	False	False	False	False	"{""Epithelial_other"": {""vaf"": 0.00218, ""n"": 19, ""pooled_depth"": 24.0, ""callable"": false}, ""Immune"": {""vaf"": 0.00518, ""n"": 96, ""pooled_depth"": 129.0, ""callable"": false}, ""Stromal"": {""vaf"": 0.00209, ""n"": 23, ""pooled_depth"": 30.0, ""callable"": false}}"	PDAC05	A	G	MT-RNR1	rRNA	True
1294	3	1.3676663835760068e-05	0.00015629827655420217	0.9066666666666666	False	1.0	False	Immune	False	False	False	False	False	"{""Epithelial_other"": {""vaf"": 0.0021, ""n"": 32, ""pooled_depth"": 44.0, ""callable"": false}, ""Immune"": {""vaf"": 0.00681, ""n"": 159, ""pooled_depth"": 229.0, ""callable"": false}, ""Stromal"": {""vaf"": 0.00237, ""n"": 20, ""pooled_depth"": 26.0, ""callable"": false}}"	PDAC05	A	G	MT-RNR1	rRNA	True
1763	3	7.120147098765819e-06	0.00024548009588927874	0.35333333333333333	False	1.0	False	Immune	False	False	False	False	False	"{""Epithelial_other"": {""vaf"": 0.00191, ""n"": 14, ""pooled_depth"": 21.0, ""callable"": false}, ""Immune"": {""vaf"": 0.00437, ""n"": 115, ""pooled_depth"": 153.0, ""callable"": false}, ""Stromal"": {""vaf"": 0.00193, ""n"": 19, ""pooled_depth"": 20.0, ""callable"": false}}"	PDAC05	A	G	MT-RNR2	rRNA	True
1789	3	8.473787778052516e-06	0.00016840872316744148	0.93	False	1.0	False	Immune	False	False	False	False	False	"{""Epithelial_other"": {""vaf"": 0.00194, ""n"": 17, ""pooled_depth"": 23.0, ""callable"": false}, ""Immune"": {""vaf"": 0.00448, ""n"": 109, ""pooled_depth"": 149.0, ""callable"": false}, ""Stromal"": {""vaf"": 0.00189, ""n"": 22, ""pooled_depth"": 27.0, ""callable"": false}}"	PDAC05	A	T	MT-RNR2	rRNA	True
1907	3	7.849616367064442e-06	0.00018573870322176125	0.6166666666666667	False	1.0	False	Immune	False	False	False	False	False	"{""Epithelial_other"": {""vaf"": 0.00191, ""n"": 17, ""pooled_depth"": 23.0, ""callable"": false}, ""Immune"": {""vaf"": 0.00442, ""n"": 106, ""pooled_depth"": 151.0, ""callable"": false}, ""Stromal"": {""vaf"": 0.00191, ""n"": 18, ""pooled_depth"": 23.0, ""callable"": false}}"	PDAC05	A	T	MT-RNR2	rRNA	True
1931	3	1.4332921439732808e-05	0.0002051761261915132	0.7	False	1.0	False	Immune	False	False	False	False	False	"{""Epithelial_other"": {""vaf"": 0.00233, ""n"": 18, ""pooled_depth"": 24.0, ""callable"": false}, ""Immune"": {""vaf"": 0.00562, ""n"": 93, ""pooled_depth"": 119.0, ""callable"": false}, ""Stromal"": {""vaf"": 0.00234, ""n"": 17, ""pooled_depth"": 23.0, ""callable"": false}}"	PDAC05	A	T	MT-RNR2	rRNA	True
1934	3	1.0862418889174743e-05	0.00017094017094017094	0.6766666666666666	False	1.0	False	Immune	False	False	False	False	False	"{""Epithelial_other"": {""vaf"": 0.00199, ""n"": 22, ""pooled_depth"": 29.0, ""callable"": false}, ""Immune"": {""vaf"": 0.00484, ""n"": 104, ""pooled_depth"": 138.0, ""callable"": false}, ""Stromal"": {""vaf"": 0.00201, ""n"": 20, ""pooled_depth"": 28.0, ""callable"": false}}"	PDAC05	T	G	MT-RNR2	rRNA	True
1936	3	1.137070844589827e-05	0.00018201255448041447	0.59	False	1.0	False	Immune	False	False	False	False	False	"{""Epithelial_other"": {""vaf"": 0.00203, ""n"": 22, ""pooled_depth"": 29.0, ""callable"": false}, ""Immune"": {""vaf"": 0.00495, ""n"": 104, ""pooled_depth"": 135.0, ""callable"": false}, ""Stromal"": {""vaf"": 0.00205, ""n"": 20, ""pooled_depth"": 27.0, ""callable"": false}}"	PDAC05	A	C	MT-RNR2	rRNA	True
1972	3	1.0595074236468816e-05	0.00019666695251979532	0.8966666666666666	False	1.0	False	Immune	False	False	False	False	False	"{""Epithelial_other"": {""vaf"": 0.00206, ""n"": 19, ""pooled_depth"": 23.0, ""callable"": false}, ""Immune"": {""vaf"": 0.00481, ""n"": 100, ""pooled_depth"": 139.0, ""callable"": false}, ""Stromal"": {""vaf"": 0.00194, ""n"": 24, ""pooled_depth"": 33.0, ""callable"": false}}"	PDAC05	A	T	MT-RNR2	rRNA	True
1990	3	2.2519615060484198e-05	0.00045517111154176794	0.7366666666666667	False	1.0	False	Immune	False	False	False	False	False	"{""Epithelial_other"": {""vaf"": 0.0027, ""n"": 24, ""pooled_depth"": 29.0, ""callable"": false}, ""Immune"": {""vaf"": 0.0083, ""n"": 132, ""pooled_depth"": 188.0, ""callable"": false}, ""Stromal"": {""vaf"": 0.00244, ""n"": 29, ""pooled_depth"": 42.0, ""callable"": false}}"	PDAC05	G	A	MT-RNR2	rRNA	True
2020	3	3.297457001160705e-05	0.000244402802273175	0.92	False	1.0	False	Immune	False	False	False	False	False	"{""Epithelial_other"": {""vaf"": 0.0031, ""n"": 24, ""pooled_depth"": 29.0, ""callable"": false}, ""Immune"": {""vaf"": 0.01, ""n"": 126, ""pooled_depth"": 156.0, ""callable"": false}, ""Stromal"": {""vaf"": 0.00304, ""n"": 24, ""pooled_depth"": 31.0, ""callable"": false}}"	PDAC05	T	C	MT-RNR2	rRNA	True
2083	3	8.70166396289474e-06	0.00020316291370052638	0.92	False	1.0	False	Immune	False	False	False	False	False	"{""Epithelial_other"": {""vaf"": 0.00197, ""n"": 16, ""pooled_depth"": 21.0, ""callable"": false}, ""Immune"": {""vaf"": 0.00451, ""n"": 110, ""pooled_depth"": 148.0, ""callable"": false}, ""Stromal"": {""vaf"": 0.00187, ""n"": 25, ""pooled_depth"": 30.0, ""callable"": false}}"	PDAC05	T	G	MT-RNR2	rRNA	True
2285	3	9.800137777031006e-05	0.0007373746904735308	0.8366666666666667	False	1.0	False	Immune	False	False	False	False	False	"{""Epithelial_other"": {""vaf"": 0.01349, ""n"": 23, ""pooled_depth"": 30.0, ""callable"": false}, ""Immune"": {""vaf"": 0.02682, ""n"": 127, ""pooled_depth"": 169.0, ""callable"": true}, ""Stromal"": {""vaf"": 0.023, ""n"": 27, ""pooled_depth"": 34.0, ""callable"": false}}"	PDAC05	T	C	MT-RNR2	rRNA	True
2394	3	2.9984445568861154e-05	0.00019998341631069958	0.7633333333333333	False	1.0	False	Immune	False	False	False	False	False	"{""Epithelial_other"": {""vaf"": 0.00292, ""n"": 24, ""pooled_depth"": 31.0, ""callable"": false}, ""Immune"": {""vaf"": 0.00946, ""n"": 126, ""pooled_depth"": 165.0, ""callable"": false}, ""Stromal"": {""vaf"": 0.00282, ""n"": 30, ""pooled_depth"": 35.0, ""callable"": false}}"	PDAC05	A	G	MT-RNR2	rRNA	True
2444	3	1.641366468067186e-05	0.0001503803659842567	0.9133333333333333	False	1.0	False	Immune	False	False	False	False	False	"{""Epithelial_other"": {""vaf"": 0.00238, ""n"": 23, ""pooled_depth"": 33.0, ""callable"": false}, ""Immune"": {""vaf"": 0.00732, ""n"": 137, ""pooled_depth"": 213.0, ""callable"": false}, ""Stromal"": {""vaf"": 0.00232, ""n"": 26, ""pooled_depth"": 37.0, ""callable"": false}}"	PDAC05	A	C	MT-RNR2	rRNA	True
2446	3	1.7127201433377906e-05	0.00016362050995306462	0.92	False	1.0	False	Immune	False	False	False	False	False	"{""Epithelial_other"": {""vaf"": 0.00239, ""n"": 23, ""pooled_depth"": 34.0, ""callable"": false}, ""Immune"": {""vaf"": 0.00743, ""n"": 137, ""pooled_depth"": 210.0, ""callable"": false}, ""Stromal"": {""vaf"": 0.00234, ""n"": 27, ""pooled_depth"": 37.0, ""callable"": false}}"	PDAC05	A	G	MT-RNR2	rRNA	True
2492	3	9.974838666262185e-05	0.0001920344362989437	0.18666666666666668	False	1.0	False	Stromal	False	False	False	False	False	"{""Epithelial_other"": {""vaf"": 0.00684, ""n"": 28, ""pooled_depth"": 37.0, ""callable"": false}, ""Immune"": {""vaf"": 0.00734, ""n"": 124, ""pooled_depth"": 168.0, ""callable"": false}, ""Stromal"": {""vaf"": 0.02255, ""n"": 22, ""pooled_depth"": 29.0, ""callable"": false}}"	PDAC05	G	T	MT-RNR2	rRNA	True
2666	3	6.0818266592591996e-05	0.0002969665964450894	0.41	False	1.0	False	Stromal	False	False	False	False	False	"{""Epithelial_other"": {""vaf"": 0.00659, ""n"": 21, ""pooled_depth"": 30.0, ""callable"": false}, ""Immune"": {""vaf"": 0.00604, ""n"": 149, ""pooled_depth"": 203.0, ""callable"": false}, ""Stromal"": {""vaf"": 0.01715, ""n"": 28, ""pooled_depth"": 38.0, ""callable"": false}}"	PDAC05	T	C	MT-RNR2	rRNA	True
2685	3	8.233362022025889e-05	0.00027015283655313976	0.45	False	1.0	False	Immune	False	False	False	False	False	"{""Epithelial_other"": {""vaf"": 0.00382, ""n"": 26, ""pooled_depth"": 37.0, ""callable"": false}, ""Immune"": {""vaf"": 0.01766, ""n"": 138, ""pooled_depth"": 197.0, ""callable"": true}, ""Stromal"": {""vaf"": 0.00378, ""n"": 32, ""pooled_depth"": 38.0, ""callable"": false}}"	PDAC05	T	A	MT-RNR2	rRNA	True
2880	3	5.943979812825388e-05	0.00029523872474497104	0.27	False	1.0	False	Stromal	False	False	False	False	False	"{""Epithelial_other"": {""vaf"": 0.00638, ""n"": 24, ""pooled_depth"": 36.0, ""callable"": false}, ""Immune"": {""vaf"": 0.00701, ""n"": 132, ""pooled_depth"": 170.0, ""callable"": false}, ""Stromal"": {""vaf"": 0.01626, ""n"": 32, ""pooled_depth"": 40.0, ""callable"": false}}"	PDAC05	A	G	MT-RNR2	rRNA	True
2930	3	5.7670032740442344e-05	0.00014799654611907096	0.38	False	1.0	False	Stromal	False	False	False	False	False	"{""Epithelial_other"": {""vaf"": 0.00614, ""n"": 25, ""pooled_depth"": 37.0, ""callable"": false}, ""Immune"": {""vaf"": 0.00649, ""n"": 142, ""pooled_depth"": 186.0, ""callable"": false}, ""Stromal"": {""vaf"": 0.01627, ""n"": 29, ""pooled_depth"": 40.0, ""callable"": false}}"	PDAC05	T	C	MT-RNR2	rRNA	True
2973	3	3.982031954059925e-05	0.0002560399002964543	0.7566666666666667	False	1.0	False	Immune	False	False	False	False	False	"{""Epithelial_other"": {""vaf"": 0.00319, ""n"": 22, ""pooled_depth"": 34.0, ""callable"": false}, ""Immune"": {""vaf"": 0.01194, ""n"": 157, ""pooled_depth"": 210.0, ""callable"": true}, ""Stromal"": {""vaf"": 0.00296, ""n"": 30, ""pooled_depth"": 42.0, ""callable"": false}}"	PDAC05	T	C	MT-RNR2	rRNA	True
3025	3	5.889405461152317e-05	0.00032941568732424846	0.43	False	1.0	False	Stromal	False	False	False	False	False	"{""Epithelial_other"": {""vaf"": 0.00849, ""n"": 31, ""pooled_depth"": 41.0, ""callable"": false}, ""Immune"": {""vaf"": 0.01285, ""n"": 160, ""pooled_depth"": 242.0, ""callable"": true}, ""Stromal"": {""vaf"": 0.02119, ""n"": 27, ""pooled_depth"": 31.0, ""callable"": false}}"	PDAC05	A	G	MT-RNR2	rRNA	True
3026	3	1.2947770911759833e-05	0.00013480107935521385	0.9266666666666666	False	1.0	False	Immune	False	False	False	False	False	"{""Epithelial_other"": {""vaf"": 0.00215, ""n"": 29, ""pooled_depth"": 38.0, ""callable"": false}, ""Immune"": {""vaf"": 0.00666, ""n"": 156, ""pooled_depth"": 234.0, ""callable"": false}, ""Stromal"": {""vaf"": 0.00223, ""n"": 28, ""pooled_depth"": 32.0, ""callable"": false}}"	PDAC05	T	G	MT-RNR2	rRNA	True
3078	3	9.987082213662727e-05	0.00016503606632276252	0.19	False	1.0	False	Stromal	False	False	False	False	False	"{""Epithelial_other"": {""vaf"": 0.006, ""n"": 29, ""pooled_depth"": 44.0, ""callable"": false}, ""Immune"": {""vaf"": 0.0062, ""n"": 140, ""pooled_depth"": 203.0, ""callable"": false}, ""Stromal"": {""vaf"": 0.02434, ""n"": 22, ""pooled_depth"": 27.0, ""callable"": false}}"	PDAC05	C	A	MT-RNR2	rRNA	True
3107	3	9.565914620983092e-05	0.0005616124056956805	0.5033333333333333	False	1.0	False	Immune	False	False	False	False	False	"{""Epithelial_other"": {""vaf"": 0.02304, ""n"": 24, ""pooled_depth"": 32.0, ""callable"": false}, ""Immune"": {""vaf"": 0.02416, ""n"": 138, ""pooled_depth"": 193.0, ""callable"": true}, ""Stromal"": {""vaf"": 0.01175, ""n"": 31, ""pooled_depth"": 41.0, ""callable"": false}}"	PDAC05	C	T	MT-RNR2	rRNA	True
3127	3	0.00022999051015488563	0.0011900258204163108	0.6466666666666666	False	1.0	False	Stromal	False	False	False	False	False	"{""Epithelial_other"": {""vaf"": 0.05262, ""n"": 25, ""pooled_depth"": 34.0, ""callable"": false}, ""Immune"": {""vaf"": 0.03724, ""n"": 149, ""pooled_depth"": 208.0, ""callable"": true}, ""Stromal"": {""vaf"": 0.05475, ""n"": 33, ""pooled_depth"": 46.0, ""callable"": true}}"	PDAC05	G	A	MT-RNR2	rRNA	True
3130	3	6.027410964385754e-05	0.0002795629451251471	0.22666666666666666	False	1.0	False	Epithelial_other	False	False	False	False	False	"{""Epithelial_other"": {""vaf"": 0.01921, ""n"": 26, ""pooled_depth"": 34.0, ""callable"": false}, ""Immune"": {""vaf"": 0.01051, ""n"": 149, ""pooled_depth"": 204.0, ""callable"": false}, ""Stromal"": {""vaf"": 0.0075, ""n"": 29, ""pooled_depth"": 42.0, ""callable"": false}}"	PDAC05	A	C	MT-RNR2	rRNA	True
3150	3	2.295652173913043e-05	0.00018155619818777715	0.86	False	1.0	False	Immune	False	False	False	False	False	"{""Epithelial_other"": {""vaf"": 0.00277, ""n"": 21, ""pooled_depth"": 28.0, ""callable"": false}, ""Immune"": {""vaf"": 0.00848, ""n"": 141, ""pooled_depth"": 184.0, ""callable"": false}, ""Stromal"": {""vaf"": 0.00255, ""n"": 29, ""pooled_depth"": 38.0, ""callable"": false}}"	PDAC05	T	G	MT-RNR2	rRNA	True
3202	3	1.9310184247143492e-05	0.00015753663535660048	1.0	False	1.0	False	Immune	False	False	False	False	False	"{""Epithelial_other"": {""vaf"": 0.00247, ""n"": 26, ""pooled_depth"": 35.0, ""callable"": false}, ""Immune"": {""vaf"": 0.00784, ""n"": 132, ""pooled_depth"": 199.0, ""callable"": false}, ""Stromal"": {""vaf"": 0.00249, ""n"": 24, ""pooled_depth"": 34.0, ""callable"": false}}"	PDAC05	T	G	MT-RNR2	rRNA	True
3252	3	1.981765594603544e-05	0.0002375099540165841	0.9266666666666666	False	1.0	False	Immune	False	False	False	False	False	"{""Epithelial_other"": {""vaf"": 0.00272, ""n"": 22, ""pooled_depth"": 28.0, ""callable"": false}, ""Immune"": {""vaf"": 0.0083, ""n"": 134, ""pooled_depth"": 188.0, ""callable"": false}, ""Stromal"": {""vaf"": 0.00275, ""n"": 17, ""pooled_depth"": 27.0, ""callable"": false}}"	PDAC05	A	C	tRNA/intergenic	tRNA	True
3321	3	1.9700949686805417e-05	0.000247245637385389	0.9633333333333334	False	1.0	False	Immune	False	False	False	False	False	"{""Epithelial_other"": {""vaf"": 0.00234, ""n"": 29, ""pooled_depth"": 41.0, ""callable"": false}, ""Immune"": {""vaf"": 0.00772, ""n"": 135, ""pooled_depth"": 202.0, ""callable"": false}, ""Stromal"": {""vaf"": 0.00241, ""n"": 27, ""pooled_depth"": 37.0, ""callable"": false}}"	PDAC05	C	G	MT-ND1	coding	False
3355	3	6.973992359274187e-05	0.0003292738008716244	0.26	False	1.0	False	Stromal	False	False	False	False	False	"{""Epithelial_other"": {""vaf"": 0.00858, ""n"": 24, ""pooled_depth"": 33.0, ""callable"": false}, ""Immune"": {""vaf"": 0.01111, ""n"": 141, ""pooled_depth"": 194.0, ""callable"": false}, ""Stromal"": {""vaf"": 0.02106, ""n"": 24, ""pooled_depth"": 31.0, ""callable"": false}}"	PDAC05	A	G	MT-ND1	coding	False
3361	3	6.165612773619302e-05	0.00033720007189262034	0.3933333333333333	False	1.0	False	Epithelial_other	False	False	False	False	False	"{""Epithelial_other"": {""vaf"": 0.01979, ""n"": 25, ""pooled_depth"": 33.0, ""callable"": false}, ""Immune"": {""vaf"": 0.01083, ""n"": 144, ""pooled_depth"": 198.0, ""callable"": false}, ""Stromal"": {""vaf"": 0.0086, ""n"": 24, ""pooled_depth"": 31.0, ""callable"": false}}"	PDAC05	T	G	MT-ND1	coding	False
3371	3	2.1390029331077718e-05	9.580228560061816e-05	0.89	False	1.0	False	Immune	False	False	False	False	False	"{""Epithelial_other"": {""vaf"": 0.00271, ""n"": 22, ""pooled_depth"": 29.0, ""callable"": false}, ""Immune"": {""vaf"": 0.00834, ""n"": 142, ""pooled_depth"": 187.0, ""callable"": false}, ""Stromal"": {""vaf"": 0.00263, ""n"": 23, ""pooled_depth"": 33.0, ""callable"": false}}"	PDAC05	T	C	MT-ND1	coding	False
3420	3	1.9788473434096564e-05	0.00012888991920629466	0.8866666666666667	False	1.0	False	Immune	False	False	False	False	False	"{""Epithelial_other"": {""vaf"": 0.00231, ""n"": 27, ""pooled_depth"": 42.0, ""callable"": false}, ""Immune"": {""vaf"": 0.00768, ""n"": 144, ""pooled_depth"": 203.0, ""callable"": false}, ""Stromal"": {""vaf"": 0.00236, ""n"": 27, ""pooled_depth"": 39.0, ""callable"": false}}"	PDAC05	C	A	MT-ND1	coding	False
3441	3	1.4357689195186259e-05	8.817880323882878e-05	0.7933333333333333	False	1.0	False	Immune	False	False	False	False	False	"{""Epithelial_other"": {""vaf"": 0.00198, ""n"": 30, ""pooled_depth"": 48.0, ""callable"": false}, ""Immune"": {""vaf"": 0.00649, ""n"": 162, ""pooled_depth"": 240.0, ""callable"": false}, ""Stromal"": {""vaf"": 0.00194, ""n"": 35, ""pooled_depth"": 51.0, ""callable"": false}}"	PDAC05	A	C	MT-ND1	coding	False
3459	3	4.455117652783583e-05	0.00010995166398999286	0.4066666666666667	False	1.0	False	Stromal	False	False	False	False	False	"{""Epithelial_other"": {""vaf"": 0.0055, ""n"": 29, ""pooled_depth"": 39.0, ""callable"": false}, ""Immune"": {""vaf"": 0.00546, ""n"": 148, ""pooled_depth"": 223.0, ""callable"": false}, ""Stromal"": {""vaf"": 0.01446, ""n"": 31, ""pooled_depth"": 45.0, ""callable"": false}}"	PDAC05	C	A	MT-ND1	coding	False
3485	3	3.741569444920615e-05	0.0001769766449508506	0.14	False	1.0	False	Stromal	False	False	False	False	False	"{""Epithelial_other"": {""vaf"": 0.00461, ""n"": 43, ""pooled_depth"": 53.0, ""callable"": false}, ""Immune"": {""vaf"": 0.00499, ""n"": 159, ""pooled_depth"": 244.0, ""callable"": false}, ""Stromal"": {""vaf"": 0.01327, ""n"": 33, ""pooled_depth"": 49.0, ""callable"": false}}"	PDAC05	C	G	MT-ND1	coding	False
3496	3	3.316464019876935e-05	0.00019881102681919302	0.7266666666666667	False	1.0	False	Immune	False	False	False	False	False	"{""Epithelial_other"": {""vaf"": 0.00274, ""n"": 38, ""pooled_depth"": 44.0, ""callable"": false}, ""Immune"": {""vaf"": 0.01085, ""n"": 156, ""pooled_depth"": 231.0, ""callable"": true}, ""Stromal"": {""vaf"": 0.00281, ""n"": 29, ""pooled_depth"": 41.0, ""callable"": false}}"	PDAC05	G	T	MT-ND1	coding	False
3535	3	6.283561459797083e-05	0.000125138708224728	0.23333333333333334	False	1.0	False	Stromal	False	False	False	False	False	"{""Epithelial_other"": {""vaf"": 0.00585, ""n"": 26, ""pooled_depth"": 39.0, ""callable"": false}, ""Immune"": {""vaf"": 0.0055, ""n"": 158, ""pooled_depth"": 226.0, ""callable"": false}, ""Stromal"": {""vaf"": 0.01816, ""n"": 26, ""pooled_depth"": 36.0, ""callable"": false}}"	PDAC05	T	C	MT-ND1	coding	False
3590	3	4.716561199783982e-05	0.0002706860973441268	0.7233333333333334	False	1.0	False	Epithelial_other	False	False	False	False	False	"{""Epithelial_other"": {""vaf"": 0.01695, ""n"": 26, ""pooled_depth"": 39.0, ""callable"": false}, ""Immune"": {""vaf"": 0.01149, ""n"": 126, ""pooled_depth"": 179.0, ""callable"": false}, ""Stromal"": {""vaf"": 0.00867, ""n"": 23, ""pooled_depth"": 30.0, ""callable"": false}}"	PDAC05	T	A	MT-ND1	coding	False
3768	3	0.00017255892255892258	0.0001919934640522876	0.09666666666666666	False	1.0	False	Epithelial_other	False	False	False	False	False	"{""Epithelial_other"": {""vaf"": 0.023, ""n"": 23, ""pooled_depth"": 33.0, ""callable"": false}, ""Immune"": {""vaf"": 0.0054, ""n"": 131, ""pooled_depth"": 171.0, ""callable"": false}, ""Stromal"": {""vaf"": 0.02233, ""n"": 28, ""pooled_depth"": 36.0, ""callable"": false}}"	PDAC05	A	G	MT-ND1	coding	False
3818	3	0.0007010425471963934	0.000591212406386664	0.016666666666666666	True	1.0	False	Epithelial_other	False	False	False	False	False	"{""Epithelial_other"": {""vaf"": 0.05463, ""n"": 23, ""pooled_depth"": 28.0, ""callable"": false}, ""Immune"": {""vaf"": 0.00592, ""n"": 107, ""pooled_depth"": 142.0, ""callable"": false}, ""Stromal"": {""vaf"": 0.03852, ""n"": 22, ""pooled_depth"": 25.0, ""callable"": false}}"	PDAC05	A	C	MT-ND1	coding	False
3912	3	1.8971768331341003e-05	0.00011139026894688	0.9633333333333334	False	1.0	False	Immune	False	False	False	False	False	"{""Epithelial_other"": {""vaf"": 0.00244, ""n"": 27, ""pooled_depth"": 33.0, ""callable"": false}, ""Immune"": {""vaf"": 0.00753, ""n"": 149, ""pooled_depth"": 207.0, ""callable"": false}, ""Stromal"": {""vaf"": 0.00218, ""n"": 35, ""pooled_depth"": 49.0, ""callable"": false}}"	PDAC05	A	G	MT-ND1	coding	False
3943	3	8.42665999589491e-05	0.0005117337796741617	0.93	False	1.0	False	Stromal	False	False	False	False	False	"{""Epithelial_other"": {""vaf"": 0.01129, ""n"": 21, ""pooled_depth"": 23.0, ""callable"": false}, ""Immune"": {""vaf"": 0.01482, ""n"": 106, ""pooled_depth"": 140.0, ""callable"": false}, ""Stromal"": {""vaf"": 0.02276, ""n"": 26, ""pooled_depth"": 29.0, ""callable"": false}}"	PDAC05	A	C	MT-ND1	coding	False
3951	3	1.1353806228373702e-05	0.0002921953094963475	0.84	False	1.0	False	Immune	False	False	False	False	False	"{""Epithelial_other"": {""vaf"": 0.00228, ""n"": 16, ""pooled_depth"": 18.0, ""callable"": false}, ""Immune"": {""vaf"": 0.00522, ""n"": 103, ""pooled_depth"": 128.0, ""callable"": false}, ""Stromal"": {""vaf"": 0.00219, ""n"": 21, ""pooled_depth"": 24.0, ""callable"": false}}"	PDAC05	C	A	MT-ND1	coding	False
3976	3	0.00025993546819463517	0.0003304039071425414	0.28	False	1.0	False	Stromal	False	False	False	False	False	"{""Epithelial_other"": {""vaf"": 0.00851, ""n"": 16, ""pooled_depth"": 17.0, ""callable"": false}, ""Immune"": {""vaf"": 0.00222, ""n"": 94, ""pooled_depth"": 121.0, ""callable"": false}, ""Stromal"": {""vaf"": 0.03227, ""n"": 20, ""pooled_depth"": 21.0, ""callable"": false}}"	PDAC05	T	C	MT-ND1	coding	False
3991	3	1.8064215372064565e-05	0.00048698460795657916	0.8466666666666667	False	1.0	False	Immune	False	False	False	False	False	"{""Epithelial_other"": {""vaf"": 0.00289, ""n"": 11, ""pooled_depth"": 15.0, ""callable"": false}, ""Immune"": {""vaf"": 0.00669, ""n"": 83, ""pooled_depth"": 100.0, ""callable"": false}, ""Stromal"": {""vaf"": 0.00287, ""n"": 13, ""pooled_depth"": 16.0, ""callable"": false}}"	PDAC05	A	T	MT-ND1	coding	False
4003	3	1.4614262170869952e-05	0.0003417488999957282	0.6766666666666666	False	1.0	False	Immune	False	False	False	False	False	"{""Epithelial_other"": {""vaf"": 0.00248, ""n"": 16, ""pooled_depth"": 20.0, ""callable"": false}, ""Immune"": {""vaf"": 0.00586, ""n"": 91, ""pooled_depth"": 114.0, ""callable"": false}, ""Stromal"": {""vaf"": 0.0025, ""n"": 14, ""pooled_depth"": 19.0, ""callable"": false}}"	PDAC05	A	C	MT-ND1	coding	False
4004	3	0.00028250969809411367	0.0003185847341691497	0.18	False	1.0	False	Stromal	False	False	False	False	False	"{""Epithelial_other"": {""vaf"": 0.00805, ""n"": 16, ""pooled_depth"": 20.0, ""callable"": false}, ""Immune"": {""vaf"": 0.00235, ""n"": 91, ""pooled_depth"": 114.0, ""callable"": false}, ""Stromal"": {""vaf"": 0.03391, ""n"": 15, ""pooled_depth"": 20.0, ""callable"": false}}"	PDAC05	T	G	MT-ND1	coding	False
4009	3	1.536922466453174e-05	0.0004562863322483059	0.6333333333333333	False	1.0	False	Immune	False	False	False	False	False	"{""Epithelial_other"": {""vaf"": 0.00266, ""n"": 14, ""pooled_depth"": 17.0, ""callable"": false}, ""Immune"": {""vaf"": 0.00619, ""n"": 84, ""pooled_depth"": 108.0, ""callable"": false}, ""Stromal"": {""vaf"": 0.00268, ""n"": 12, ""pooled_depth"": 16.0, ""callable"": false}}"	PDAC05	A	C	MT-ND1	coding	False
4028	3	9.166781107298727e-06	0.00018412834692726614	0.5633333333333334	False	1.0	False	Immune	False	False	False	False	False	"{""Epithelial_other"": {""vaf"": 0.00195, ""n"": 20, ""pooled_depth"": 25.0, ""callable"": false}, ""Immune"": {""vaf"": 0.00458, ""n"": 114, ""pooled_depth"": 146.0, ""callable"": false}, ""Stromal"": {""vaf"": 0.00191, ""n"": 21, ""pooled_depth"": 28.0, ""callable"": false}}"	PDAC05	T	G	MT-ND1	coding	False
4116	3	0.00016723094285421152	0.00018326408125577109	0.15333333333333332	False	1.0	False	Stromal	False	False	False	False	False	"{""Epithelial_other"": {""vaf"": 0.00625, ""n"": 19, ""pooled_depth"": 25.0, ""callable"": false}, ""Immune"": {""vaf"": 0.00194, ""n"": 113, ""pooled_depth"": 138.0, ""callable"": false}, ""Stromal"": {""vaf"": 0.025, ""n"": 19, ""pooled_depth"": 27.0, ""callable"": false}}"	PDAC05	C	G	MT-ND1	coding	False
4136	3	1.5110186104935642e-05	0.00025584079082021467	0.5333333333333333	False	1.0	False	Immune	False	False	False	False	False	"{""Epithelial_other"": {""vaf"": 0.00239, ""n"": 18, ""pooled_depth"": 23.0, ""callable"": false}, ""Immune"": {""vaf"": 0.00576, ""n"": 98, ""pooled_depth"": 116.0, ""callable"": false}, ""Stromal"": {""vaf"": 0.00239, ""n"": 15, ""pooled_depth"": 23.0, ""callable"": false}}"	PDAC05	A	C	MT-ND1	coding	False
4148	3	0.00044418946319517324	0.0005247718002925904	0.3433333333333333	False	1.0	False	Stromal	False	False	False	False	False	"{""Epithelial_other"": {""vaf"": 0.01636, ""n"": 11, ""pooled_depth"": 13.0, ""callable"": false}, ""Immune"": {""vaf"": 0.01603, ""n"": 64, ""pooled_depth"": 76.0, ""callable"": false}, ""Stromal"": {""vaf"": 0.04713, ""n"": 11, ""pooled_depth"": 14.0, ""callable"": false}}"	PDAC05	G	T	MT-ND1	coding	False
4348	3	2.0210526315789472e-05	0.0005513846153846154	1.0	False	1.0	False	Immune	False	False	False	False	False	"{""Epithelial_other"": {""vaf"": 0.00308, ""n"": 13, ""pooled_depth"": 13.0, ""callable"": false}, ""Immune"": {""vaf"": 0.00704, ""n"": 79, ""pooled_depth"": 95.0, ""callable"": false}, ""Stromal"": {""vaf"": 0.00297, ""n"": 15, ""pooled_depth"": 17.0, ""callable"": false}}"	PDAC05	A	G	tRNA/intergenic	tRNA	True
4434	3	9.104468938263952e-06	0.00026469682979378265	0.5466666666666666	False	1.0	False	Immune	False	False	False	False	False	"{""Epithelial_other"": {""vaf"": 0.00206, ""n"": 17, ""pooled_depth"": 19.0, ""callable"": false}, ""Immune"": {""vaf"": 0.00467, ""n"": 117, ""pooled_depth"": 143.0, ""callable"": false}, ""Stromal"": {""vaf"": 0.00195, ""n"": 19, ""pooled_depth"": 28.0, ""callable"": false}}"	PDAC05	T	G	tRNA/intergenic	tRNA	True
4480	3	7.572537581771191e-06	0.00035566499093738244	1.0	False	1.0	False	Immune	False	False	False	False	False	"{""Epithelial_other"": {""vaf"": 0.00209, ""n"": 15, ""pooled_depth"": 19.0, ""callable"": false}, ""Immune"": {""vaf"": 0.00477, ""n"": 117, ""pooled_depth"": 140.0, ""callable"": false}, ""Stromal"": {""vaf"": 0.00219, ""n"": 9, ""pooled_depth"": 12.0, ""callable"": false}}"	PDAC05	T	A	MT-ND2	coding	False
4668	3	2.2606649437659595e-05	0.0007622737992202575	1.0	False	1.0	False	Immune	False	False	False	False	False	"{""Epithelial_other"": {""vaf"": 0.00347, ""n"": 11, ""pooled_depth"": 11.0, ""callable"": false}, ""Immune"": {""vaf"": 0.00787, ""n"": 67, ""pooled_depth"": 85.0, ""callable"": false}, ""Stromal"": {""vaf"": 0.00347, ""n"": 10, ""pooled_depth"": 11.0, ""callable"": false}}"	PDAC05	T	A	MT-ND2	coding	False
4697	3	3.5190247274326835e-05	0.0006525663986310608	0.6933333333333334	False	1.0	False	Immune	False	False	False	False	False	"{""Epithelial_other"": {""vaf"": 0.00369, ""n"": 9, ""pooled_depth"": 15.0, ""callable"": false}, ""Immune"": {""vaf"": 0.00893, ""n"": 60, ""pooled_depth"": 75.0, ""callable"": false}, ""Stromal"": {""vaf"": 0.00378, ""n"": 12, ""pooled_depth"": 13.0, ""callable"": false}}"	PDAC05	C	T	MT-ND2	coding	False
4741	3	0.00024145302717089488	0.0003203895937459951	0.2733333333333333	False	1.0	False	Epithelial_other	False	False	False	False	False	"{""Epithelial_other"": {""vaf"": 0.02942, ""n"": 17, ""pooled_depth"": 23.0, ""callable"": false}, ""Immune"": {""vaf"": 0.00235, ""n"": 94, ""pooled_depth"": 112.0, ""callable"": false}, ""Stromal"": {""vaf"": 0.00792, ""n"": 16, ""pooled_depth"": 18.0, ""callable"": false}}"	PDAC05	A	C	MT-ND2	coding	False
4804	3	2.0481927710843377e-05	0.00115	1.0	False	0.8764044943820225	False	Immune	False	False	False	False	False	"{""Epithelial_other"": {""vaf"": 0.00366, ""n"": 8, ""pooled_depth"": 8.0, ""callable"": false}, ""Immune"": {""vaf"": 0.00806, ""n"": 72, ""pooled_depth"": 83.0, ""callable"": false}, ""Stromal"": {""vaf"": 0.00362, ""n"": 9, ""pooled_depth"": 9.0, ""callable"": false}}"	PDAC05	A	G	MT-ND2	coding	False
4810	3	1.890359168241966e-05	0.0005932819543405554	1.0	False	1.0	False	Immune	False	False	False	False	False	"{""Epithelial_other"": {""vaf"": 0.00326, ""n"": 10, ""pooled_depth"": 10.0, ""callable"": false}, ""Immune"": {""vaf"": 0.00727, ""n"": 79, ""pooled_depth"": 92.0, ""callable"": false}, ""Stromal"": {""vaf"": 0.00317, ""n"": 12, ""pooled_depth"": 13.0, ""callable"": false}}"	PDAC05	G	A	MT-ND2	coding	False
4811	3	0.0005732973194634371	0.0011350327351476448	0.27	False	1.0	False	Epithelial_other	False	False	False	False	False	"{""Epithelial_other"": {""vaf"": 0.06086, ""n"": 11, ""pooled_depth"": 11.0, ""callable"": false}, ""Immune"": {""vaf"": 0.01331, ""n"": 80, ""pooled_depth"": 94.0, ""callable"": false}, ""Stromal"": {""vaf"": 0.01641, ""n"": 12, ""pooled_depth"": 13.0, ""callable"": false}}"	PDAC05	A	G	MT-ND2	coding	False
4813	3	0.00038580246913580245	0.0004147376543209876	0.21666666666666667	False	1.0	False	Epithelial_other	False	False	False	False	False	"{""Epithelial_other"": {""vaf"": 0.04257, ""n"": 15, ""pooled_depth"": 16.0, ""callable"": false}, ""Immune"": {""vaf"": 0.00239, ""n"": 93, ""pooled_depth"": 113.0, ""callable"": false}, ""Stromal"": {""vaf"": 0.0103, ""n"": 13, ""pooled_depth"": 15.0, ""callable"": false}}"	PDAC05	T	G	MT-ND2	coding	False
4823	3	1.3578875614783594e-05	0.00031155975716142356	0.3233333333333333	False	1.0	False	Immune	False	False	False	False	False	"{""Epithelial_other"": {""vaf"": 0.00239, ""n"": 19, ""pooled_depth"": 21.0, ""callable"": false}, ""Immune"": {""vaf"": 0.00567, ""n"": 98, ""pooled_depth"": 118.0, ""callable"": false}, ""Stromal"": {""vaf"": 0.00243, ""n"": 13, ""pooled_depth"": 19.0, ""callable"": false}}"	PDAC05	T	G	MT-ND2	coding	False
4824	3	1.009988562440635e-05	0.0002325645621027325	0.49333333333333335	False	1.0	False	Immune	False	False	False	False	False	"{""Epithelial_other"": {""vaf"": 0.00211, ""n"": 19, ""pooled_depth"": 22.0, ""callable"": false}, ""Immune"": {""vaf"": 0.00491, ""n"": 113, ""pooled_depth"": 136.0, ""callable"": false}, ""Stromal"": {""vaf"": 0.00209, ""n"": 15, ""pooled_depth"": 23.0, ""callable"": false}}"	PDAC05	A	G	MT-ND2	coding	False
4861	3	6.211050853907996e-05	0.00026922737645195975	0.34	False	1.0	False	Epithelial_other	False	False	False	False	False	"{""Epithelial_other"": {""vaf"": 0.01977, ""n"": 26, ""pooled_depth"": 33.0, ""callable"": false}, ""Immune"": {""vaf"": 0.01037, ""n"": 147, ""pooled_depth"": 208.0, ""callable"": false}, ""Stromal"": {""vaf"": 0.00771, ""n"": 26, ""pooled_depth"": 39.0, ""callable"": false}}"	PDAC05	T	C	MT-ND2	coding	False
4905	3	2.5787520071927932e-05	0.000164204862842747	0.86	False	1.0	False	Immune	False	False	False	False	False	"{""Epithelial_other"": {""vaf"": 0.00274, ""n"": 23, ""pooled_depth"": 33.0, ""callable"": false}, ""Immune"": {""vaf"": 0.00886, ""n"": 134, ""pooled_depth"": 176.0, ""callable"": false}, ""Stromal"": {""vaf"": 0.00272, ""n"": 26, ""pooled_depth"": 34.0, ""callable"": false}}"	PDAC05	T	C	MT-ND2	coding	False
5005	3	2.4070784852359754e-05	0.00017892552138040304	0.8266666666666667	False	1.0	False	Immune	False	False	False	False	False	"{""Epithelial_other"": {""vaf"": 0.00282, ""n"": 25, ""pooled_depth"": 27.0, ""callable"": false}, ""Immune"": {""vaf"": 0.00857, ""n"": 134, ""pooled_depth"": 182.0, ""callable"": false}, ""Stromal"": {""vaf"": 0.0025, ""n"": 31, ""pooled_depth"": 42.0, ""callable"": false}}"	PDAC05	T	G	MT-ND2	coding	False
5101	3	0.00022619682355032073	0.00029255558556125666	0.18	False	1.0	False	Epithelial_other	False	False	False	False	False	"{""Epithelial_other"": {""vaf"": 0.02598, ""n"": 18, ""pooled_depth"": 26.0, ""callable"": false}, ""Immune"": {""vaf"": 0.00281, ""n"": 73, ""pooled_depth"": 88.0, ""callable"": false}, ""Stromal"": {""vaf"": 0.0065, ""n"": 17, ""pooled_depth"": 24.0, ""callable"": false}}"	PDAC05	T	C	MT-ND2	coding	False
5108	3	0.0001403236406502483	0.0007154262488853866	0.28	False	1.0	False	Epithelial_other	False	False	False	False	False	"{""Epithelial_other"": {""vaf"": 0.0251, ""n"": 20, ""pooled_depth"": 26.0, ""callable"": false}, ""Immune"": {""vaf"": 0.01065, ""n"": 89, ""pooled_depth"": 112.0, ""callable"": false}, ""Stromal"": {""vaf"": 0.00903, ""n"": 18, ""pooled_depth"": 28.0, ""callable"": false}}"	PDAC05	T	G	MT-ND2	coding	False
5158	3	0.00011256571023334871	0.0003091509622755662	0.3933333333333333	False	1.0	False	Epithelial_other	False	False	False	False	False	"{""Epithelial_other"": {""vaf"": 0.02333, ""n"": 22, ""pooled_depth"": 28.0, ""callable"": false}, ""Immune"": {""vaf"": 0.00826, ""n"": 108, ""pooled_depth"": 148.0, ""callable"": false}, ""Stromal"": {""vaf"": 0.00926, ""n"": 15, ""pooled_depth"": 20.0, ""callable"": false}}"	PDAC05	T	C	MT-ND2	coding	False
5189	3	1.1908726027390985e-05	0.0005477632282663077	1.0	False	1.0	False	Immune	False	False	False	False	False	"{""Epithelial_other"": {""vaf"": 0.00266, ""n"": 12, ""pooled_depth"": 12.0, ""callable"": false}, ""Immune"": {""vaf"": 0.00592, ""n"": 86, ""pooled_depth"": 113.0, ""callable"": false}, ""Stromal"": {""vaf"": 0.00262, ""n"": 12, ""pooled_depth"": 14.0, ""callable"": false}}"	PDAC05	A	C	MT-ND2	coding	False
5197	3	1.78742677378793e-05	0.0007039494218981398	1.0	False	1.0	False	Immune	False	False	False	False	False	"{""Epithelial_other"": {""vaf"": 0.00317, ""n"": 11, ""pooled_depth"": 11.0, ""callable"": false}, ""Immune"": {""vaf"": 0.00712, ""n"": 72, ""pooled_depth"": 94.0, ""callable"": false}, ""Stromal"": {""vaf"": 0.00314, ""n"": 11, ""pooled_depth"": 12.0, ""callable"": false}}"	PDAC05	T	G	MT-ND2	coding	False
5215	3	0.000507848568790397	0.0008977121165486816	0.12333333333333334	False	1.0	False	Stromal	False	False	False	False	False	"{""Epithelial_other"": {""vaf"": 0.0134, ""n"": 8, ""pooled_depth"": 9.0, ""callable"": false}, ""Immune"": {""vaf"": 0.00293, ""n"": 75, ""pooled_depth"": 90.0, ""callable"": false}, ""Stromal"": {""vaf"": 0.04548, ""n"": 12, ""pooled_depth"": 15.0, ""callable"": false}}"	PDAC05	T	G	MT-ND2	coding	False
5225	3	0.00019540111146665052	0.0009111131218989885	0.41333333333333333	False	1.0	False	Stromal	False	False	False	False	False	"{""Epithelial_other"": {""vaf"": 0.01181, ""n"": 16, ""pooled_depth"": 16.0, ""callable"": false}, ""Immune"": {""vaf"": 0.0104, ""n"": 95, ""pooled_depth"": 118.0, ""callable"": false}, ""Stromal"": {""vaf"": 0.03124, ""n"": 19, ""pooled_depth"": 21.0, ""callable"": false}}"	PDAC05	A	G	MT-ND2	coding	False
5265	3	0.0002824625220458553	0.0003375771604938271	0.20666666666666667	False	1.0	False	Stromal	False	False	False	False	False	"{""Epithelial_other"": {""vaf"": 0.00829, ""n"": 16, ""pooled_depth"": 18.0, ""callable"": false}, ""Immune"": {""vaf"": 0.0025, ""n"": 82, ""pooled_depth"": 105.0, ""callable"": false}, ""Stromal"": {""vaf"": 0.03227, ""n"": 18, ""pooled_depth"": 21.0, ""callable"": false}}"	PDAC05	A	C	MT-ND2	coding	False
5275	3	0.0007641697247341235	0.0007652337437781058	0.23333333333333334	False	1.0	False	Stromal	False	False	False	False	False	"{""Epithelial_other"": {""vaf"": 0.01962, ""n"": 9, ""pooled_depth"": 10.0, ""callable"": false}, ""Immune"": {""vaf"": 0.01335, ""n"": 79, ""pooled_depth"": 94.0, ""callable"": false}, ""Stromal"": {""vaf"": 0.07516, ""n"": 9, ""pooled_depth"": 9.0, ""callable"": false}}"	PDAC05	A	C	MT-ND2	coding	False
5277	3	1.7837855675693518e-05	0.0008197386575764954	1.0	False	1.0	False	Immune	False	False	False	False	False	"{""Epithelial_other"": {""vaf"": 0.00326, ""n"": 10, ""pooled_depth"": 11.0, ""callable"": false}, ""Immune"": {""vaf"": 0.00735, ""n"": 77, ""pooled_depth"": 91.0, ""callable"": false}, ""Stromal"": {""vaf"": 0.00333, ""n"": 8, ""pooled_depth"": 9.0, ""callable"": false}}"	PDAC05	T	G	MT-ND2	coding	False
5288	3	1.0828828371530337e-05	0.00033788333231315413	1.0	False	1.0	False	Immune	False	False	False	False	False	"{""Epithelial_other"": {""vaf"": 0.00238, ""n"": 17, ""pooled_depth"": 17.0, ""callable"": false}, ""Immune"": {""vaf"": 0.00543, ""n"": 101, ""pooled_depth"": 123.0, ""callable"": false}, ""Stromal"": {""vaf"": 0.00241, ""n"": 15, ""pooled_depth"": 15.0, ""callable"": false}}"	PDAC05	C	T	MT-ND2	coding	False
5300	3	7.378798318421056e-06	0.00022600439382843872	0.6266666666666667	False	1.0	False	Immune	False	False	False	False	False	"{""Epithelial_other"": {""vaf"": 0.00187, ""n"": 22, ""pooled_depth"": 24.0, ""callable"": false}, ""Immune"": {""vaf"": 0.00434, ""n"": 115, ""pooled_depth"": 154.0, ""callable"": false}, ""Stromal"": {""vaf"": 0.0019, ""n"": 17, ""pooled_depth"": 21.0, ""callable"": false}}"	PDAC05	C	T	MT-ND2	coding	False
5442	3	0.00091572995123738	0.00018890357377322002	0.0033333333333333335	True	1.0	False	Epithelial_other	False	False	False	False	False	"{""Epithelial_other"": {""vaf"": 0.08417, ""n"": 16, ""pooled_depth"": 19.0, ""callable"": false}, ""Immune"": {""vaf"": 0.00163, ""n"": 130, ""pooled_depth"": 168.0, ""callable"": false}, ""Stromal"": {""vaf"": 0.0095, ""n"": 20, ""pooled_depth"": 22.0, ""callable"": false}}"	PDAC05	T	G	MT-ND2	coding	False
5508	3	1.0211185065742273e-05	0.00025899490908166435	0.8666666666666667	False	1.0	False	Immune	False	False	False	False	False	"{""Epithelial_other"": {""vaf"": 0.00215, ""n"": 16, ""pooled_depth"": 19.0, ""callable"": false}, ""Immune"": {""vaf"": 0.00491, ""n"": 107, ""pooled_depth"": 136.0, ""callable"": false}, ""Stromal"": {""vaf"": 0.00204, ""n"": 21, ""pooled_depth"": 27.0, ""callable"": false}}"	PDAC05	T	G	MT-ND2	coding	False
5526	3	1.3911065950549185e-05	0.00023753282571688732	0.9033333333333333	False	1.0	False	Immune	False	False	False	False	False	"{""Epithelial_other"": {""vaf"": 0.00236, ""n"": 18, ""pooled_depth"": 21.0, ""callable"": false}, ""Immune"": {""vaf"": 0.00557, ""n"": 90, ""pooled_depth"": 120.0, ""callable"": false}, ""Stromal"": {""vaf"": 0.0023, ""n"": 18, ""pooled_depth"": 25.0, ""callable"": false}}"	PDAC05	A	T	tRNA/intergenic	tRNA	True
5529	3	0.0002053309282109344	0.00024084539625884066	0.18	False	1.0	False	Stromal	False	False	False	False	False	"{""Epithelial_other"": {""vaf"": 0.01082, ""n"": 17, ""pooled_depth"": 20.0, ""callable"": false}, ""Immune"": {""vaf"": 0.00998, ""n"": 94, ""pooled_depth"": 124.0, ""callable"": false}, ""Stromal"": {""vaf"": 0.03287, ""n"": 15, ""pooled_depth"": 20.0, ""callable"": false}}"	PDAC05	A	C	tRNA/intergenic	tRNA	True
5542	3	1.1988541889922677e-05	0.00022380094340705375	0.63	False	1.0	False	Immune	False	False	False	False	False	"{""Epithelial_other"": {""vaf"": 0.00213, ""n"": 22, ""pooled_depth"": 27.0, ""callable"": false}, ""Immune"": {""vaf"": 0.00518, ""n"": 97, ""pooled_depth"": 129.0, ""callable"": false}, ""Stromal"": {""vaf"": 0.0022, ""n"": 18, ""pooled_depth"": 22.0, ""callable"": false}}"	PDAC05	C	G	tRNA/intergenic	tRNA	True
5592	3	1.774110231973783e-05	0.0001978014634635304	0.7833333333333333	False	1.0	False	Immune	False	False	False	False	False	"{""Epithelial_other"": {""vaf"": 0.00241, ""n"": 24, ""pooled_depth"": 25.0, ""callable"": false}, ""Immune"": {""vaf"": 0.00592, ""n"": 90, ""pooled_depth"": 113.0, ""callable"": false}, ""Stromal"": {""vaf"": 0.00225, ""n"": 25, ""pooled_depth"": 35.0, ""callable"": false}}"	PDAC05	A	C	tRNA/intergenic	tRNA	True
5598	3	0.0001997905643738977	0.0002824625220458553	0.3233333333333333	False	1.0	False	Stromal	False	False	False	False	False	"{""Epithelial_other"": {""vaf"": 0.00666, ""n"": 20, ""pooled_depth"": 21.0, ""callable"": false}, ""Immune"": {""vaf"": 0.00261, ""n"": 80, ""pooled_depth"": 95.0, ""callable"": false}, ""Stromal"": {""vaf"": 0.0241, ""n"": 20, ""pooled_depth"": 28.0, ""callable"": false}}"	PDAC05	A	C	tRNA/intergenic	tRNA	True
5859	3	9.72450720436376e-06	0.00021790701762286688	0.79	False	1.0	False	Immune	False	False	False	False	False	"{""Epithelial_other"": {""vaf"": 0.00224, ""n"": 14, ""pooled_depth"": 15.0, ""callable"": false}, ""Immune"": {""vaf"": 0.00499, ""n"": 105, ""pooled_depth"": 134.0, ""callable"": false}, ""Stromal"": {""vaf"": 0.00211, ""n"": 21, ""pooled_depth"": 24.0, ""callable"": false}}"	PDAC05	T	G	tRNA/intergenic	tRNA	True
5876	3	1.2190716994762505e-05	0.0003249194414607948	1.0	False	1.0	False	Immune	False	False	False	False	False	"{""Epithelial_other"": {""vaf"": 0.00275, ""n"": 7, ""pooled_depth"": 8.0, ""callable"": false}, ""Immune"": {""vaf"": 0.00592, ""n"": 85, ""pooled_depth"": 113.0, ""callable"": false}, ""Stromal"": {""vaf"": 0.00252, ""n"": 17, ""pooled_depth"": 19.0, ""callable"": false}}"	PDAC05	A	T	tRNA/intergenic	tRNA	True
6069	3	8.316771077786998e-06	0.0003501123001717532	0.8533333333333334	False	1.0	False	Immune	False	False	False	False	False	"{""Epithelial_other"": {""vaf"": 0.00218, ""n"": 12, ""pooled_depth"": 14.0, ""callable"": false}, ""Immune"": {""vaf"": 0.00481, ""n"": 100, ""pooled_depth"": 139.0, ""callable"": false}, ""Stromal"": {""vaf"": 0.00208, ""n"": 18, ""pooled_depth"": 21.0, ""callable"": false}}"	PDAC05	G	C	MT-CO1	coding	False
6070	3	8.14961055048582e-06	0.00025056656771681196	0.75	False	1.0	False	Immune	False	False	False	False	False	"{""Epithelial_other"": {""vaf"": 0.00214, ""n"": 13, ""pooled_depth"": 15.0, ""callable"": false}, ""Immune"": {""vaf"": 0.00474, ""n"": 101, ""pooled_depth"": 141.0, ""callable"": false}, ""Stromal"": {""vaf"": 0.00206, ""n"": 18, ""pooled_depth"": 21.0, ""callable"": false}}"	PDAC05	T	C	MT-CO1	coding	False
6103	3	2.2350636789960912e-05	0.0004330435878054926	1.0	False	1.0	False	Immune	False	False	False	False	False	"{""Epithelial_other"": {""vaf"": 0.00311, ""n"": 11, ""pooled_depth"": 14.0, ""callable"": false}, ""Immune"": {""vaf"": 0.00719, ""n"": 73, ""pooled_depth"": 93.0, ""callable"": false}, ""Stromal"": {""vaf"": 0.00297, ""n"": 18, ""pooled_depth"": 19.0, ""callable"": false}}"	PDAC05	T	A	MT-CO1	coding	False
6108	3	0.00047423084460121494	0.00038222181876866005	0.023333333333333334	True	1.0	False	Epithelial_other	False	False	False	False	False	"{""Epithelial_other"": {""vaf"": 0.04881, ""n"": 11, ""pooled_depth"": 14.0, ""callable"": false}, ""Immune"": {""vaf"": 0.00268, ""n"": 77, ""pooled_depth"": 100.0, ""callable"": false}, ""Stromal"": {""vaf"": 0.00896, ""n"": 19, ""pooled_depth"": 21.0, ""callable"": false}}"	PDAC05	A	G	MT-CO1	coding	False
6137	3	2.5195263290501386e-05	0.00046611237087427565	0.99	False	1.0	False	Immune	False	False	False	False	False	"{""Epithelial_other"": {""vaf"": 0.0032, ""n"": 14, ""pooled_depth"": 14.0, ""callable"": false}, ""Immune"": {""vaf"": 0.00743, ""n"": 75, ""pooled_depth"": 90.0, ""callable"": false}, ""Stromal"": {""vaf"": 0.00297, ""n"": 21, ""pooled_depth"": 22.0, ""callable"": false}}"	PDAC05	T	G	MT-CO1	coding	False
6143	3	2.4888888888888886e-05	0.0004359999999999999	0.93	False	1.0	False	Immune	False	False	False	False	False	"{""Epithelial_other"": {""vaf"": 0.00317, ""n"": 14, ""pooled_depth"": 15.0, ""callable"": false}, ""Immune"": {""vaf"": 0.00743, ""n"": 77, ""pooled_depth"": 90.0, ""callable"": false}, ""Stromal"": {""vaf"": 0.00302, ""n"": 19, ""pooled_depth"": 20.0, ""callable"": false}}"	PDAC05	C	G	MT-CO1	coding	False
6152	3	1.7843196032488892e-05	0.0004650883667896899	1.0	False	1.0	False	Immune	False	False	False	False	False	"{""Epithelial_other"": {""vaf"": 0.00285, ""n"": 13, ""pooled_depth"": 14.0, ""callable"": false}, ""Immune"": {""vaf"": 0.00649, ""n"": 84, ""pooled_depth"": 103.0, ""callable"": false}, ""Stromal"": {""vaf"": 0.00268, ""n"": 20, ""pooled_depth"": 21.0, ""callable"": false}}"	PDAC05	T	C	MT-CO1	coding	False
6166	3	2.7037206926000093e-05	0.0005537965832428985	1.0	False	1.0	False	Immune	False	False	False	False	False	"{""Epithelial_other"": {""vaf"": 0.00339, ""n"": 12, ""pooled_depth"": 14.0, ""callable"": false}, ""Immune"": {""vaf"": 0.00797, ""n"": 71, ""pooled_depth"": 84.0, ""callable"": false}, ""Stromal"": {""vaf"": 0.00336, ""n"": 15, ""pooled_depth"": 15.0, ""callable"": false}}"	PDAC05	G	T	MT-CO1	coding	False
6192	3	8.304102891156463e-06	0.00023328993055555557	0.9033333333333333	False	1.0	False	Immune	False	False	False	False	False	"{""Epithelial_other"": {""vaf"": 0.00199, ""n"": 18, ""pooled_depth"": 20.0, ""callable"": false}, ""Immune"": {""vaf"": 0.00455, ""n"": 111, ""pooled_depth"": 147.0, ""callable"": false}, ""Stromal"": {""vaf"": 0.00194, ""n"": 20, ""pooled_depth"": 25.0, ""callable"": false}}"	PDAC05	A	C	MT-CO1	coding	False
6338	3	2.340438364105597e-05	0.00015796583803366848	0.8866666666666667	False	1.0	False	Immune	False	False	False	False	False	"{""Epithelial_other"": {""vaf"": 0.00281, ""n"": 23, ""pooled_depth"": 31.0, ""callable"": false}, ""Immune"": {""vaf"": 0.00897, ""n"": 130, ""pooled_depth"": 174.0, ""callable"": false}, ""Stromal"": {""vaf"": 0.00308, ""n"": 19, ""pooled_depth"": 21.0, ""callable"": false}}"	PDAC05	A	G	MT-CO1	coding	False
6342	3	2.232142857142857e-05	0.00014018511086264112	1.0	False	1.0	False	Immune	False	False	False	False	False	"{""Epithelial_other"": {""vaf"": 0.0029, ""n"": 23, ""pooled_depth"": 27.0, ""callable"": false}, ""Immune"": {""vaf"": 0.00891, ""n"": 130, ""pooled_depth"": 175.0, ""callable"": false}, ""Stromal"": {""vaf"": 0.00304, ""n"": 20, ""pooled_depth"": 22.0, ""callable"": false}}"	PDAC05	A	C	MT-CO1	coding	False
6425	3	3.609729348634992e-05	0.00031397502019511584	0.84	False	1.0	False	Immune	False	False	False	False	False	"{""Epithelial_other"": {""vaf"": 0.0033, ""n"": 22, ""pooled_depth"": 30.0, ""callable"": false}, ""Immune"": {""vaf"": 0.01188, ""n"": 147, ""pooled_depth"": 211.0, ""callable"": true}, ""Stromal"": {""vaf"": 0.00318, ""n"": 24, ""pooled_depth"": 34.0, ""callable"": false}}"	PDAC05	T	A	MT-CO1	coding	False
6544	3	1.239946860762187e-05	8.04379905074308e-05	0.6733333333333333	False	1.0	False	Immune	False	False	False	False	False	"{""Epithelial_other"": {""vaf"": 0.00226, ""n"": 27, ""pooled_depth"": 30.0, ""callable"": false}, ""Immune"": {""vaf"": 0.00663, ""n"": 164, ""pooled_depth"": 235.0, ""callable"": false}, ""Stromal"": {""vaf"": 0.00217, ""n"": 25, ""pooled_depth"": 36.0, ""callable"": false}}"	PDAC05	A	G	MT-CO1	coding	False
6750	3	1.806604094402503e-05	0.0009759204470742932	1.0	False	1.0	False	Immune	False	False	False	False	False	"{""Epithelial_other"": {""vaf"": 0.0035, ""n"": 6, ""pooled_depth"": 8.0, ""callable"": false}, ""Immune"": {""vaf"": 0.00769, ""n"": 70, ""pooled_depth"": 87.0, ""callable"": false}, ""Stromal"": {""vaf"": 0.00347, ""n"": 9, ""pooled_depth"": 9.0, ""callable"": false}}"	PDAC05	C	T	MT-CO1	coding	False
6904	3	1.8400310463420184e-05	0.0005496196631930704	1.0	False	1.0	False	Immune	False	False	False	False	False	"{""Epithelial_other"": {""vaf"": 0.00317, ""n"": 12, ""pooled_depth"": 13.0, ""callable"": false}, ""Immune"": {""vaf"": 0.00727, ""n"": 73, ""pooled_depth"": 92.0, ""callable"": false}, ""Stromal"": {""vaf"": 0.0033, ""n"": 8, ""pooled_depth"": 9.0, ""callable"": false}}"	PDAC05	G	A	MT-CO1	coding	False
6908	3	1.2367133107054691e-05	0.0004770092233649086	1.0	False	1.0	False	Immune	False	False	False	False	False	"{""Epithelial_other"": {""vaf"": 0.00247, ""n"": 16, ""pooled_depth"": 19.0, ""callable"": false}, ""Immune"": {""vaf"": 0.00576, ""n"": 92, ""pooled_depth"": 116.0, ""callable"": false}, ""Stromal"": {""vaf"": 0.0026, ""n"": 10, ""pooled_depth"": 12.0, ""callable"": false}}"	PDAC05	T	A	MT-CO1	coding	False
6911	3	8.830315060289645e-06	0.00033964257114513517	1.0	False	1.0	False	Immune	False	False	False	False	False	"{""Epithelial_other"": {""vaf"": 0.00218, ""n"": 15, ""pooled_depth"": 19.0, ""callable"": false}, ""Immune"": {""vaf"": 0.00499, ""n"": 105, ""pooled_depth"": 134.0, ""callable"": false}, ""Stromal"": {""vaf"": 0.00225, ""n"": 12, ""pooled_depth"": 14.0, ""callable"": false}}"	PDAC05	T	G	MT-CO1	coding	False
6915	3	8.621708452512682e-06	0.00029157950020463263	0.91	False	1.0	False	Immune	False	False	False	False	False	"{""Epithelial_other"": {""vaf"": 0.00201, ""n"": 18, ""pooled_depth"": 24.0, ""callable"": false}, ""Immune"": {""vaf"": 0.00471, ""n"": 108, ""pooled_depth"": 142.0, ""callable"": false}, ""Stromal"": {""vaf"": 0.0021, ""n"": 14, ""pooled_depth"": 17.0, ""callable"": false}}"	PDAC05	G	A	MT-CO1	coding	False
6916	3	8.139181554909244e-06	0.00028459776848720474	0.9566666666666667	False	1.0	False	Immune	False	False	False	False	False	"{""Epithelial_other"": {""vaf"": 0.00195, ""n"": 19, ""pooled_depth"": 25.0, ""callable"": false}, ""Immune"": {""vaf"": 0.00458, ""n"": 112, ""pooled_depth"": 146.0, ""callable"": false}, ""Stromal"": {""vaf"": 0.00204, ""n"": 14, ""pooled_depth"": 17.0, ""callable"": false}}"	PDAC05	T	A	MT-CO1	coding	False
6975	3	1.616161616161616e-05	0.0003064327485380116	0.36	False	1.0	False	Immune	False	False	False	False	False	"{""Epithelial_other"": {""vaf"": 0.00252, ""n"": 16, ""pooled_depth"": 22.0, ""callable"": false}, ""Immune"": {""vaf"": 0.00608, ""n"": 89, ""pooled_depth"": 110.0, ""callable"": false}, ""Stromal"": {""vaf"": 0.0026, ""n"": 16, ""pooled_depth"": 18.0, ""callable"": false}}"	PDAC05	T	C	MT-CO1	coding	False
7118	3	9.8156327842135e-06	0.00017882971729125575	0.92	False	1.0	False	Immune	False	False	False	False	False	"{""Epithelial_other"": {""vaf"": 0.00201, ""n"": 18, ""pooled_depth"": 24.0, ""callable"": false}, ""Immune"": {""vaf"": 0.00471, ""n"": 105, ""pooled_depth"": 142.0, ""callable"": false}, ""Stromal"": {""vaf"": 0.00195, ""n"": 23, ""pooled_depth"": 29.0, ""callable"": false}}"	PDAC05	A	G	MT-CO1	coding	False
7160	3	8.14961055048582e-06	0.0004026743469432352	1.0	False	1.0	False	Immune	False	False	False	False	False	"{""Epithelial_other"": {""vaf"": 0.00216, ""n"": 13, ""pooled_depth"": 13.0, ""callable"": false}, ""Immune"": {""vaf"": 0.00474, ""n"": 104, ""pooled_depth"": 141.0, ""callable"": false}, ""Stromal"": {""vaf"": 0.00203, ""n"": 22, ""pooled_depth"": 23.0, ""callable"": false}}"	PDAC05	C	A	MT-CO1	coding	False
7161	3	8.98129846673518e-06	0.00039852784773355303	1.0	False	1.0	False	Immune	False	False	False	False	False	"{""Epithelial_other"": {""vaf"": 0.00219, ""n"": 13, ""pooled_depth"": 13.0, ""callable"": false}, ""Immune"": {""vaf"": 0.00481, ""n"": 103, ""pooled_depth"": 139.0, ""callable"": false}, ""Stromal"": {""vaf"": 0.00201, ""n"": 23, ""pooled_depth"": 27.0, ""callable"": false}}"	PDAC05	G	T	MT-CO1	coding	False
7241	3	5.495105900950414e-05	0.00017773268940126876	0.44333333333333336	False	1.0	False	Stromal	False	False	False	False	False	"{""Epithelial_other"": {""vaf"": 0.00669, ""n"": 21, ""pooled_depth"": 28.0, ""callable"": false}, ""Immune"": {""vaf"": 0.00638, ""n"": 130, ""pooled_depth"": 189.0, ""callable"": false}, ""Stromal"": {""vaf"": 0.01587, ""n"": 32, ""pooled_depth"": 41.0, ""callable"": false}}"	PDAC05	A	T	MT-CO1	coding	False
7281	3	1.3144188461374163e-05	0.00025436991988318406	0.77	False	1.0	False	Immune	False	False	False	False	False	"{""Epithelial_other"": {""vaf"": 0.00256, ""n"": 13, ""pooled_depth"": 13.0, ""callable"": false}, ""Immune"": {""vaf"": 0.00571, ""n"": 92, ""pooled_depth"": 117.0, ""callable"": false}, ""Stromal"": {""vaf"": 0.00238, ""n"": 18, ""pooled_depth"": 23.0, ""callable"": false}}"	PDAC05	A	T	MT-CO1	coding	False
7282	3	0.00024407777690909819	0.00046556662494559966	0.18666666666666668	False	1.0	False	Stromal	False	False	False	False	False	"{""Epithelial_other"": {""vaf"": 0.00906, ""n"": 13, ""pooled_depth"": 13.0, ""callable"": false}, ""Immune"": {""vaf"": 0.0023, ""n"": 90, ""pooled_depth"": 115.0, ""callable"": false}, ""Stromal"": {""vaf"": 0.02942, ""n"": 18, ""pooled_depth"": 23.0, ""callable"": false}}"	PDAC05	T	G	MT-CO1	coding	False
7297	3	1.5299032653359743e-05	0.0004216562658121099	0.76	False	1.0	False	Immune	False	False	False	False	False	"{""Epithelial_other"": {""vaf"": 0.00262, ""n"": 11, ""pooled_depth"": 14.0, ""callable"": false}, ""Immune"": {""vaf"": 0.00592, ""n"": 88, ""pooled_depth"": 113.0, ""callable"": false}, ""Stromal"": {""vaf"": 0.00238, ""n"": 20, ""pooled_depth"": 27.0, ""callable"": false}}"	PDAC05	T	C	MT-CO1	coding	False
7315	3	1.2962502074000334e-05	0.00036139455782312923	0.38333333333333336	False	1.0	False	Immune	False	False	False	False	False	"{""Epithelial_other"": {""vaf"": 0.00241, ""n"": 10, ""pooled_depth"": 15.0, ""callable"": false}, ""Immune"": {""vaf"": 0.00543, ""n"": 99, ""pooled_depth"": 123.0, ""callable"": false}, ""Stromal"": {""vaf"": 0.00217, ""n"": 23, ""pooled_depth"": 30.0, ""callable"": false}}"	PDAC05	T	G	MT-CO1	coding	False
7324	3	1.0821632443254065e-05	0.00024105186267348432	0.7366666666666667	False	1.0	False	Immune	False	False	False	False	False	"{""Epithelial_other"": {""vaf"": 0.00218, ""n"": 13, ""pooled_depth"": 18.0, ""callable"": false}, ""Immune"": {""vaf"": 0.00495, ""n"": 103, ""pooled_depth"": 135.0, ""callable"": false}, ""Stromal"": {""vaf"": 0.00199, ""n"": 25, ""pooled_depth"": 32.0, ""callable"": false}}"	PDAC05	A	C	MT-CO1	coding	False
7485	3	2.822011691191292e-05	0.0006749311294765838	1.0	False	1.0	False	Immune	False	False	False	False	False	"{""Epithelial_other"": {""vaf"": 0.00354, ""n"": 11, ""pooled_depth"": 12.0, ""callable"": false}, ""Immune"": {""vaf"": 0.00816, ""n"": 69, ""pooled_depth"": 82.0, ""callable"": false}, ""Stromal"": {""vaf"": 0.00339, ""n"": 14, ""pooled_depth"": 16.0, ""callable"": false}}"	PDAC05	A	G	tRNA/intergenic	tRNA	True
7511	3	1.0881582269114588e-05	0.0002819538872397246	1.0	False	1.0	False	Immune	False	False	False	False	False	"{""Epithelial_other"": {""vaf"": 0.00222, ""n"": 16, ""pooled_depth"": 18.0, ""callable"": false}, ""Immune"": {""vaf"": 0.00506, ""n"": 104, ""pooled_depth"": 132.0, ""callable"": false}, ""Stromal"": {""vaf"": 0.00209, ""n"": 22, ""pooled_depth"": 27.0, ""callable"": false}}"	PDAC05	T	G	tRNA/intergenic	tRNA	True
7518	3	1.1653540248414633e-05	0.00022380094340705372	0.7466666666666667	False	1.0	False	Immune	False	False	False	False	False	"{""Epithelial_other"": {""vaf"": 0.00219, ""n"": 20, ""pooled_depth"": 22.0, ""callable"": false}, ""Immune"": {""vaf"": 0.00514, ""n"": 102, ""pooled_depth"": 130.0, ""callable"": false}, ""Stromal"": {""vaf"": 0.00213, ""n"": 22, ""pooled_depth"": 26.0, ""callable"": false}}"	PDAC05	A	G	tRNA/intergenic	tRNA	True
7535	3	2.4953088194194918e-05	0.0004160927456382002	0.9033333333333333	False	1.0	False	Immune	False	False	False	False	False	"{""Epithelial_other"": {""vaf"": 0.00311, ""n"": 12, ""pooled_depth"": 15.0, ""callable"": false}, ""Immune"": {""vaf"": 0.00727, ""n"": 77, ""pooled_depth"": 92.0, ""callable"": false}, ""Stromal"": {""vaf"": 0.00284, ""n"": 19, ""pooled_depth"": 25.0, ""callable"": false}}"	PDAC05	A	T	tRNA/intergenic	tRNA	True
7600	3	2.7736686390532546e-05	0.0008690828402366866	0.7433333333333333	False	1.0	False	Immune	False	False	False	False	False	"{""Epithelial_other"": {""vaf"": 0.0037, ""n"": 10, ""pooled_depth"": 10.0, ""callable"": false}, ""Immune"": {""vaf"": 0.00837, ""n"": 71, ""pooled_depth"": 80.0, ""callable"": false}, ""Stromal"": {""vaf"": 0.00354, ""n"": 12, ""pooled_depth"": 14.0, ""callable"": false}}"	PDAC05	G	A	MT-CO2	coding	False
7633	3	1.1731633353254974e-05	0.00019600681762843924	1.0	False	1.0	False	Immune	False	False	False	False	False	"{""Epithelial_other"": {""vaf"": 0.00213, ""n"": 19, ""pooled_depth"": 24.0, ""callable"": false}, ""Immune"": {""vaf"": 0.00506, ""n"": 110, ""pooled_depth"": 132.0, ""callable"": false}, ""Stromal"": {""vaf"": 0.00207, ""n"": 22, ""pooled_depth"": 29.0, ""callable"": false}}"	PDAC05	C	A	MT-CO2	coding	False
7635	3	9.404151236166972e-06	0.00016086387642661468	1.0	False	1.0	False	Immune	False	False	False	False	False	"{""Epithelial_other"": {""vaf"": 0.00195, ""n"": 20, ""pooled_depth"": 26.0, ""callable"": false}, ""Immune"": {""vaf"": 0.00461, ""n"": 118, ""pooled_depth"": 145.0, ""callable"": false}, ""Stromal"": {""vaf"": 0.00192, ""n"": 21, ""pooled_depth"": 28.0, ""callable"": false}}"	PDAC05	T	C	MT-CO2	coding	False
7691	3	1.1251782519230677e-05	0.00018040752771886494	0.98	False	1.0	False	Immune	False	False	False	False	False	"{""Epithelial_other"": {""vaf"": 0.00208, ""n"": 18, ""pooled_depth"": 24.0, ""callable"": false}, ""Immune"": {""vaf"": 0.00491, ""n"": 108, ""pooled_depth"": 136.0, ""callable"": false}, ""Stromal"": {""vaf"": 0.00197, ""n"": 30, ""pooled_depth"": 33.0, ""callable"": false}}"	PDAC05	T	C	MT-CO2	coding	False
7721	3	1.4935655923163362e-05	0.0002676977989292089	0.3466666666666667	False	1.0	False	Immune	False	False	False	False	False	"{""Epithelial_other"": {""vaf"": 0.00234, ""n"": 16, ""pooled_depth"": 25.0, ""callable"": false}, ""Immune"": {""vaf"": 0.00571, ""n"": 101, ""pooled_depth"": 117.0, ""callable"": false}, ""Stromal"": {""vaf"": 0.00239, ""n"": 18, ""pooled_depth"": 22.0, ""callable"": false}}"	PDAC05	C	T	MT-CO2	coding	False
7726	3	1.7493497538963564e-05	0.00032972161350539725	0.64	False	1.0	False	Immune	False	False	False	False	False	"{""Epithelial_other"": {""vaf"": 0.0026, ""n"": 14, ""pooled_depth"": 21.0, ""callable"": false}, ""Immune"": {""vaf"": 0.00625, ""n"": 91, ""pooled_depth"": 107.0, ""callable"": false}, ""Stromal"": {""vaf"": 0.00262, ""n"": 15, ""pooled_depth"": 20.0, ""callable"": false}}"	PDAC05	A	C	MT-CO2	coding	False
7749	3	2.1118562248282136e-05	0.0008066410838750097	1.0	False	1.0	False	Immune	False	False	False	False	False	"{""Epithelial_other"": {""vaf"": 0.00323, ""n"": 13, ""pooled_depth"": 14.0, ""callable"": false}, ""Immune"": {""vaf"": 0.00752, ""n"": 77, ""pooled_depth"": 89.0, ""callable"": false}, ""Stromal"": {""vaf"": 0.00336, ""n"": 10, ""pooled_depth"": 10.0, ""callable"": false}}"	PDAC05	T	C	MT-CO2	coding	False
7772	3	0.0004970005580357143	0.0004970005580357143	0.056666666666666664	False	1.0	False	Epithelial_other	False	False	False	False	False	"{""Epithelial_other"": {""vaf"": 0.04881, ""n"": 12, ""pooled_depth"": 14.0, ""callable"": false}, ""Immune"": {""vaf"": 0.0028, ""n"": 86, ""pooled_depth"": 95.0, ""callable"": false}, ""Stromal"": {""vaf"": 0.00952, ""n"": 14, ""pooled_depth"": 19.0, ""callable"": false}}"	PDAC05	A	G	MT-CO2	coding	False
7814	3	2.018454440599769e-05	0.00018217687757114784	0.97	False	1.0	False	Immune	False	False	False	False	False	"{""Epithelial_other"": {""vaf"": 0.00279, ""n"": 18, ""pooled_depth"": 23.0, ""callable"": false}, ""Immune"": {""vaf"": 0.00812, ""n"": 135, ""pooled_depth"": 192.0, ""callable"": false}, ""Stromal"": {""vaf"": 0.00244, ""n"": 29, ""pooled_depth"": 40.0, ""callable"": false}}"	PDAC05	G	T	MT-CO2	coding	False
7828	3	1.8444205577714548e-05	0.00011452408388755805	0.9833333333333333	False	1.0	False	Immune	False	False	False	False	False	"{""Epithelial_other"": {""vaf"": 0.00241, ""n"": 26, ""pooled_depth"": 34.0, ""callable"": false}, ""Immune"": {""vaf"": 0.0075, ""n"": 141, ""pooled_depth"": 208.0, ""callable"": false}, ""Stromal"": {""vaf"": 0.00223, ""n"": 30, ""pooled_depth"": 45.0, ""callable"": false}}"	PDAC05	A	G	MT-CO2	coding	False
7903	3	0.0001378252531655069	0.00033642472541415327	0.2	False	1.0	False	Epithelial_other	False	False	False	False	False	"{""Epithelial_other"": {""vaf"": 0.03124, ""n"": 33, ""pooled_depth"": 48.0, ""callable"": false}, ""Immune"": {""vaf"": 0.01424, ""n"": 152, ""pooled_depth"": 222.0, ""callable"": true}, ""Stromal"": {""vaf"": 0.00956, ""n"": 26, ""pooled_depth"": 36.0, ""callable"": false}}"	PDAC05	A	G	MT-CO2	coding	False
7953	3	0.0007572030220661865	0.0012322122671289074	0.08666666666666667	False	1.0	False	Epithelial_other	False	False	False	False	False	"{""Epithelial_other"": {""vaf"": 0.08491, ""n"": 16, ""pooled_depth"": 18.0, ""callable"": false}, ""Immune"": {""vaf"": 0.02942, ""n"": 109, ""pooled_depth"": 143.0, ""callable"": true}, ""Stromal"": {""vaf"": 0.01484, ""n"": 18, ""pooled_depth"": 26.0, ""callable"": false}}"	PDAC05	T	C	MT-CO2	coding	False
7960	3	1.0052976850098425e-05	0.00028054819116553743	0.7566666666666667	False	1.0	False	Immune	False	False	False	False	False	"{""Epithelial_other"": {""vaf"": 0.00218, ""n"": 16, ""pooled_depth"": 18.0, ""callable"": false}, ""Immune"": {""vaf"": 0.00495, ""n"": 103, ""pooled_depth"": 135.0, ""callable"": false}, ""Stromal"": {""vaf"": 0.00208, ""n"": 19, ""pooled_depth"": 25.0, ""callable"": false}}"	PDAC05	A	C	MT-CO2	coding	False
7998	3	9.644818172380607e-06	0.00021403980899953217	0.94	False	1.0	False	Immune	False	False	False	False	False	"{""Epithelial_other"": {""vaf"": 0.00202, ""n"": 19, ""pooled_depth"": 21.0, ""callable"": false}, ""Immune"": {""vaf"": 0.00464, ""n"": 103, ""pooled_depth"": 144.0, ""callable"": false}, ""Stromal"": {""vaf"": 0.00187, ""n"": 28, ""pooled_depth"": 34.0, ""callable"": false}}"	PDAC05	T	A	MT-CO2	coding	False
8102	3	9.295175310800312e-06	0.00018988715277777775	0.9833333333333333	False	1.0	False	Immune	False	False	False	False	False	"{""Epithelial_other"": {""vaf"": 0.00201, ""n"": 21, ""pooled_depth"": 23.0, ""callable"": false}, ""Immune"": {""vaf"": 0.00467, ""n"": 106, ""pooled_depth"": 143.0, ""callable"": false}, ""Stromal"": {""vaf"": 0.00197, ""n"": 19, ""pooled_depth"": 26.0, ""callable"": false}}"	PDAC05	G	A	MT-CO2	coding	False
8151	3	4.557915946404692e-05	0.0001367652754586283	0.23	False	1.0	False	Stromal	False	False	False	False	False	"{""Epithelial_other"": {""vaf"": 0.00608, ""n"": 22, ""pooled_depth"": 29.0, ""callable"": false}, ""Immune"": {""vaf"": 0.00526, ""n"": 158, ""pooled_depth"": 233.0, ""callable"": false}, ""Stromal"": {""vaf"": 0.0148, ""n"": 30, ""pooled_depth"": 44.0, ""callable"": false}}"	PDAC05	C	A	MT-CO2	coding	False
8222	3	8.956502339275566e-06	0.00022711130931734466	0.7766666666666666	False	1.0	False	Immune	False	False	False	False	False	"{""Epithelial_other"": {""vaf"": 0.00202, ""n"": 19, ""pooled_depth"": 23.0, ""callable"": false}, ""Immune"": {""vaf"": 0.00471, ""n"": 107, ""pooled_depth"": 142.0, ""callable"": false}, ""Stromal"": {""vaf"": 0.00204, ""n"": 15, ""pooled_depth"": 21.0, ""callable"": false}}"	PDAC05	T	C	MT-CO2	coding	False
8226	3	1.13309154547212e-05	0.0002096872872437137	0.78	False	1.0	False	Immune	False	False	False	False	False	"{""Epithelial_other"": {""vaf"": 0.00215, ""n"": 19, ""pooled_depth"": 23.0, ""callable"": false}, ""Immune"": {""vaf"": 0.00506, ""n"": 102, ""pooled_depth"": 132.0, ""callable"": false}, ""Stromal"": {""vaf"": 0.00211, ""n"": 21, ""pooled_depth"": 26.0, ""callable"": false}}"	PDAC05	T	C	MT-CO2	coding	False
8232	3	0.00023753282571688732	0.00023753282571688732	0.07666666666666666	False	1.0	False	Epithelial_other	False	False	False	False	False	"{""Epithelial_other"": {""vaf"": 0.03078, ""n"": 18, ""pooled_depth"": 22.0, ""callable"": false}, ""Immune"": {""vaf"": 0.00226, ""n"": 88, ""pooled_depth"": 118.0, ""callable"": false}, ""Stromal"": {""vaf"": 0.00671, ""n"": 21, ""pooled_depth"": 26.0, ""callable"": false}}"	PDAC05	T	C	MT-CO2	coding	False
8279	3	1.991154588557186e-05	0.0004160927456382002	0.7066666666666667	False	1.0	False	Immune	False	False	False	False	False	"{""Epithelial_other"": {""vaf"": 0.00287, ""n"": 14, ""pooled_depth"": 18.0, ""callable"": false}, ""Immune"": {""vaf"": 0.00683, ""n"": 75, ""pooled_depth"": 98.0, ""callable"": false}, ""Stromal"": {""vaf"": 0.00292, ""n"": 13, ""pooled_depth"": 16.0, ""callable"": false}}"	PDAC05	T	C	tRNA/intergenic	tRNA	True
8284	3	8.528802833268303e-05	0.0007968008204212149	0.7666666666666667	False	1.0	False	Immune	False	False	False	False	False	"{""Epithelial_other"": {""vaf"": 0.00521, ""n"": 15, ""pooled_depth"": 17.0, ""callable"": false}, ""Immune"": {""vaf"": 0.01682, ""n"": 77, ""pooled_depth"": 93.0, ""callable"": false}, ""Stromal"": {""vaf"": 0.00557, ""n"": 12, ""pooled_depth"": 13.0, ""callable"": false}}"	PDAC05	C	T	tRNA/intergenic	tRNA	True
8320	3	1.5812109967954123e-05	0.00028250969809411367	1.0	False	1.0	False	Immune	False	False	False	False	False	"{""Epithelial_other"": {""vaf"": 0.00248, ""n"": 18, ""pooled_depth"": 22.0, ""callable"": false}, ""Immune"": {""vaf"": 0.00597, ""n"": 88, ""pooled_depth"": 112.0, ""callable"": false}, ""Stromal"": {""vaf"": 0.00252, ""n"": 18, ""pooled_depth"": 20.0, ""callable"": false}}"	PDAC05	C	T	tRNA/intergenic	tRNA	True
8495	3	8.3526017414757e-06	0.00024336349249007142	0.5366666666666666	False	1.0	False	Immune	False	False	False	False	False	"{""Epithelial_other"": {""vaf"": 0.00207, ""n"": 17, ""pooled_depth"": 18.0, ""callable"": false}, ""Immune"": {""vaf"": 0.00467, ""n"": 106, ""pooled_depth"": 143.0, ""callable"": false}, ""Stromal"": {""vaf"": 0.00202, ""n"": 19, ""pooled_depth"": 22.0, ""callable"": false}}"	PDAC05	A	G	MT-ATP8	coding	False
8496	3	8.504110036380583e-06	0.00024453568409612365	0.5133333333333333	False	1.0	False	Immune	False	False	False	False	False	"{""Epithelial_other"": {""vaf"": 0.00208, ""n"": 17, ""pooled_depth"": 18.0, ""callable"": false}, ""Immune"": {""vaf"": 0.00471, ""n"": 107, ""pooled_depth"": 142.0, ""callable"": false}, ""Stromal"": {""vaf"": 0.00203, ""n"": 19, ""pooled_depth"": 22.0, ""callable"": false}}"	PDAC05	T	A	MT-ATP8	coding	False
8520	3	0.00019073855797081585	0.00022190285615082084	0.22666666666666666	False	1.0	False	Stromal	False	False	False	False	False	"{""Epithelial_other"": {""vaf"": 0.00721, ""n"": 20, ""pooled_depth"": 21.0, ""callable"": false}, ""Immune"": {""vaf"": 0.00187, ""n"": 111, ""pooled_depth"": 146.0, ""callable"": false}, ""Stromal"": {""vaf"": 0.02817, ""n"": 17, ""pooled_depth"": 24.0, ""callable"": false}}"	PDAC05	A	G	MT-ATP8	coding	False
8608	3	1.0712375522834066e-05	0.00041122965377033343	0.8	False	1.0	False	Immune	False	False	False	False	False	"{""Epithelial_other"": {""vaf"": 0.0023, ""n"": 11, ""pooled_depth"": 14.0, ""callable"": false}, ""Immune"": {""vaf"": 0.0051, ""n"": 100, ""pooled_depth"": 131.0, ""callable"": false}, ""Stromal"": {""vaf"": 0.00209, ""n"": 24, ""pooled_depth"": 28.0, ""callable"": false}}"	PDAC05	C	G	MT-ATP6	coding	False
8750	3	1.4674423458207243e-05	0.0003518025179392429	0.86	False	1.0	False	Immune	False	False	False	False	False	"{""Epithelial_other"": {""vaf"": 0.00258, ""n"": 13, ""pooled_depth"": 17.0, ""callable"": false}, ""Immune"": {""vaf"": 0.00597, ""n"": 89, ""pooled_depth"": 112.0, ""callable"": false}, ""Stromal"": {""vaf"": 0.00254, ""n"": 14, ""pooled_depth"": 19.0, ""callable"": false}}"	PDAC05	T	G	MT-ATP6	coding	False
8760	3	0.00043333866126769324	0.0004333386612676932	0.02666666666666667	True	1.0	False	Epithelial_other	False	False	False	False	False	"{""Epithelial_other"": {""vaf"": 0.04548, ""n"": 11, ""pooled_depth"": 15.0, ""callable"": false}, ""Immune"": {""vaf"": 0.0026, ""n"": 83, ""pooled_depth"": 103.0, ""callable"": false}, ""Stromal"": {""vaf"": 0.0093, ""n"": 15, ""pooled_depth"": 19.0, ""callable"": false}}"	PDAC05	T	G	MT-ATP6	coding	False
8785	3	0.0005496196631930703	0.0005548410499934057	0.17666666666666667	False	1.0	False	Epithelial_other	False	False	False	False	False	"{""Epithelial_other"": {""vaf"": 0.04881, ""n"": 13, ""pooled_depth"": 14.0, ""callable"": false}, ""Immune"": {""vaf"": 0.003, ""n"": 75, ""pooled_depth"": 88.0, ""callable"": false}, ""Stromal"": {""vaf"": 0.01223, ""n"": 9, ""pooled_depth"": 12.0, ""callable"": false}}"	PDAC05	C	T	MT-ATP6	coding	False
8797	3	3.6986301369863006e-05	0.0008090909090909093	0.62	False	1.0	False	Immune	False	False	False	False	False	"{""Epithelial_other"": {""vaf"": 0.00396, ""n"": 11, ""pooled_depth"": 11.0, ""callable"": false}, ""Immune"": {""vaf"": 0.00917, ""n"": 63, ""pooled_depth"": 73.0, ""callable"": false}, ""Stromal"": {""vaf"": 0.00373, ""n"": 12, ""pooled_depth"": 16.0, ""callable"": false}}"	PDAC05	T	G	MT-ATP6	coding	False
8913	3	1.8365472910927457e-05	0.00048373343827889286	1.0	False	1.0	False	Immune	False	False	False	False	False	"{""Epithelial_other"": {""vaf"": 0.00295, ""n"": 13, ""pooled_depth"": 13.0, ""callable"": false}, ""Immune"": {""vaf"": 0.00669, ""n"": 87, ""pooled_depth"": 100.0, ""callable"": false}, ""Stromal"": {""vaf"": 0.0028, ""n"": 19, ""pooled_depth"": 19.0, ""callable"": false}}"	PDAC05	A	G	MT-ATP6	coding	False
8917	3	1.8935174871909112e-05	0.0004773573497119944	0.9866666666666667	False	1.0	False	Immune	False	False	False	False	False	"{""Epithelial_other"": {""vaf"": 0.00292, ""n"": 13, ""pooled_depth"": 14.0, ""callable"": false}, ""Immune"": {""vaf"": 0.00669, ""n"": 88, ""pooled_depth"": 100.0, ""callable"": false}, ""Stromal"": {""vaf"": 0.00277, ""n"": 20, ""pooled_depth"": 20.0, ""callable"": false}}"	PDAC05	C	G	MT-ATP6	coding	False
8919	3	2.0956607495069034e-05	0.0005818540433925049	0.88	False	1.0	False	Immune	False	False	False	False	False	"{""Epithelial_other"": {""vaf"": 0.00305, ""n"": 11, ""pooled_depth"": 13.0, ""callable"": false}, ""Immune"": {""vaf"": 0.00697, ""n"": 87, ""pooled_depth"": 96.0, ""callable"": false}, ""Stromal"": {""vaf"": 0.00284, ""n"": 21, ""pooled_depth"": 21.0, ""callable"": false}}"	PDAC05	A	G	MT-ATP6	coding	False
8920	3	2.0981062842362866e-05	0.0004447208246179358	1.0	False	1.0	False	Immune	False	False	False	False	False	"{""Epithelial_other"": {""vaf"": 0.00297, ""n"": 12, ""pooled_depth"": 15.0, ""callable"": false}, ""Immune"": {""vaf"": 0.0069, ""n"": 87, ""pooled_depth"": 97.0, ""callable"": false}, ""Stromal"": {""vaf"": 0.00282, ""n"": 21, ""pooled_depth"": 21.0, ""callable"": false}}"	PDAC05	G	T	MT-ATP6	coding	False
8982	3	7.120147098765819e-06	0.0001975444417232344	0.8066666666666666	False	1.0	False	Immune	False	False	False	False	False	"{""Epithelial_other"": {""vaf"": 0.00196, ""n"": 11, ""pooled_depth"": 17.0, ""callable"": false}, ""Immune"": {""vaf"": 0.00437, ""n"": 110, ""pooled_depth"": 153.0, ""callable"": false}, ""Stromal"": {""vaf"": 0.00188, ""n"": 21, ""pooled_depth"": 24.0, ""callable"": false}}"	PDAC05	A	G	MT-ATP6	coding	False
8987	3	8.027090091209483e-06	0.00021403980899953223	0.71	False	1.0	False	Immune	False	False	False	False	False	"{""Epithelial_other"": {""vaf"": 0.00196, ""n"": 14, ""pooled_depth"": 19.0, ""callable"": false}, ""Immune"": {""vaf"": 0.00442, ""n"": 114, ""pooled_depth"": 151.0, ""callable"": false}, ""Stromal"": {""vaf"": 0.00185, ""n"": 25, ""pooled_depth"": 29.0, ""callable"": false}}"	PDAC05	T	G	MT-ATP6	coding	False
8993	3	0.00016293365418729847	0.0002290712203248647	0.17	False	1.0	False	Stromal	False	False	False	False	False	"{""Epithelial_other"": {""vaf"": 0.00743, ""n"": 13, ""pooled_depth"": 17.0, ""callable"": false}, ""Immune"": {""vaf"": 0.00178, ""n"": 119, ""pooled_depth"": 152.0, ""callable"": false}, ""Stromal"": {""vaf"": 0.025, ""n"": 22, ""pooled_depth"": 27.0, ""callable"": false}}"	PDAC05	T	C	MT-ATP6	coding	False
9095	3	1.0595074236468816e-05	0.00018737672583826425	0.7366666666666667	False	1.0	False	Immune	False	False	False	False	False	"{""Epithelial_other"": {""vaf"": 0.00197, ""n"": 21, ""pooled_depth"": 30.0, ""callable"": false}, ""Immune"": {""vaf"": 0.00481, ""n"": 111, ""pooled_depth"": 139.0, ""callable"": false}, ""Stromal"": {""vaf"": 0.00202, ""n"": 20, ""pooled_depth"": 26.0, ""callable"": false}}"	PDAC05	T	G	MT-ATP6	coding	False
9122	3	1.1619456462952948e-05	0.00015999639444744905	0.8533333333333334	False	1.0	False	Immune	False	False	False	False	False	"{""Epithelial_other"": {""vaf"": 0.0023, ""n"": 17, ""pooled_depth"": 17.0, ""callable"": false}, ""Immune"": {""vaf"": 0.00522, ""n"": 105, ""pooled_depth"": 128.0, ""callable"": false}, ""Stromal"": {""vaf"": 0.00215, ""n"": 22, ""pooled_depth"": 27.0, ""callable"": false}}"	PDAC05	T	C	MT-ATP6	coding	False
9123	3	1.157902949537211e-05	0.000334809705542523	0.9433333333333334	False	1.0	False	Immune	False	False	False	False	False	"{""Epithelial_other"": {""vaf"": 0.00233, ""n"": 15, ""pooled_depth"": 16.0, ""callable"": false}, ""Immune"": {""vaf"": 0.00526, ""n"": 104, ""pooled_depth"": 127.0, ""callable"": false}, ""Stromal"": {""vaf"": 0.00218, ""n"": 21, ""pooled_depth"": 26.0, ""callable"": false}}"	PDAC05	G	A	MT-ATP6	coding	False
9141	3	8.390440361530416e-06	0.0002516618617616925	0.4666666666666667	False	1.0	False	Immune	False	False	False	False	False	"{""Epithelial_other"": {""vaf"": 0.00203, ""n"": 17, ""pooled_depth"": 19.0, ""callable"": false}, ""Immune"": {""vaf"": 0.00461, ""n"": 116, ""pooled_depth"": 145.0, ""callable"": false}, ""Stromal"": {""vaf"": 0.00197, ""n"": 20, ""pooled_depth"": 24.0, ""callable"": false}}"	PDAC05	T	G	MT-ATP6	coding	False
9213	3	8.30084905580436e-06	0.00019493461288114477	0.8933333333333333	False	1.0	False	Immune	False	False	False	False	False	"{""Epithelial_other"": {""vaf"": 0.00196, ""n"": 16, ""pooled_depth"": 21.0, ""callable"": false}, ""Immune"": {""vaf"": 0.00448, ""n"": 114, ""pooled_depth"": 149.0, ""callable"": false}, ""Stromal"": {""vaf"": 0.00189, ""n"": 24, ""pooled_depth"": 27.0, ""callable"": false}}"	PDAC05	C	T	MT-CO3	coding	False
9303	3	0.00017232894546209159	0.0004345537339697174	0.2	False	1.0	False	Stromal	False	False	False	False	False	"{""Epithelial_other"": {""vaf"": 0.01008, ""n"": 22, ""pooled_depth"": 26.0, ""callable"": false}, ""Immune"": {""vaf"": 0.01162, ""n"": 139, ""pooled_depth"": 190.0, ""callable"": false}, ""Stromal"": {""vaf"": 0.03205, ""n"": 38, ""pooled_depth"": 47.0, ""callable"": false}}"	PDAC05	A	C	MT-CO3	coding	False
9348	3	1.2688403267908022e-05	0.0001492721649173094	0.9733333333333334	False	1.0	False	Immune	False	False	False	False	False	"{""Epithelial_other"": {""vaf"": 0.00207, ""n"": 20, ""pooled_depth"": 29.0, ""callable"": false}, ""Immune"": {""vaf"": 0.00506, ""n"": 100, ""pooled_depth"": 132.0, ""callable"": false}, ""Stromal"": {""vaf"": 0.00198, ""n"": 29, ""pooled_depth"": 36.0, ""callable"": false}}"	PDAC05	C	G	MT-CO3	coding	False
9351	3	1.1612207382214821e-05	0.00015149327732016363	0.9933333333333333	False	1.0	False	Immune	False	False	False	False	False	"{""Epithelial_other"": {""vaf"": 0.00205, ""n"": 19, ""pooled_depth"": 27.0, ""callable"": false}, ""Immune"": {""vaf"": 0.00495, ""n"": 101, ""pooled_depth"": 135.0, ""callable"": false}, ""Stromal"": {""vaf"": 0.00199, ""n"": 26, ""pooled_depth"": 32.0, ""callable"": false}}"	PDAC05	A	C	MT-CO3	coding	False
9362	3	1.4935655923163362e-05	0.0002399816126764372	0.7933333333333333	False	1.0	False	Immune	False	False	False	False	False	"{""Epithelial_other"": {""vaf"": 0.00238, ""n"": 17, ""pooled_depth"": 23.0, ""callable"": false}, ""Immune"": {""vaf"": 0.00571, ""n"": 86, ""pooled_depth"": 117.0, ""callable"": false}, ""Stromal"": {""vaf"": 0.00236, ""n"": 20, ""pooled_depth"": 24.0, ""callable"": false}}"	PDAC05	A	C	MT-CO3	coding	False
9379	3	0.0003766435354273192	0.0003766435354273192	0.056666666666666664	False	1.0	False	Stromal	False	False	False	False	False	"{""Epithelial_other"": {""vaf"": 0.00908, ""n"": 16, ""pooled_depth"": 19.0, ""callable"": false}, ""Immune"": {""vaf"": 0.00239, ""n"": 93, ""pooled_depth"": 113.0, ""callable"": false}, ""Stromal"": {""vaf"": 0.04257, ""n"": 14, ""pooled_depth"": 16.0, ""callable"": false}}"	PDAC05	G	A	MT-CO3	coding	False
9380	3	0.0006830134553650707	0.0006830134553650707	0.13666666666666666	False	1.0	False	Stromal	False	False	False	False	False	"{""Epithelial_other"": {""vaf"": 0.01238, ""n"": 13, ""pooled_depth"": 14.0, ""callable"": false}, ""Immune"": {""vaf"": 0.00277, ""n"": 81, ""pooled_depth"": 96.0, ""callable"": false}, ""Stromal"": {""vaf"": 0.06256, ""n"": 11, ""pooled_depth"": 11.0, ""callable"": false}}"	PDAC05	G	C	MT-CO3	coding	False
9381	3	0.0003744200711679655	0.0003744200711679655	0.056666666666666664	False	1.0	False	Stromal	False	False	False	False	False	"{""Epithelial_other"": {""vaf"": 0.00935, ""n"": 15, ""pooled_depth"": 18.0, ""callable"": false}, ""Immune"": {""vaf"": 0.00236, ""n"": 94, ""pooled_depth"": 115.0, ""callable"": false}, ""Stromal"": {""vaf"": 0.04257, ""n"": 14, ""pooled_depth"": 16.0, ""callable"": false}}"	PDAC05	C	G	MT-CO3	coding	False
9410	3	8.024588766574343e-06	0.00020773147566643154	1.0	False	1.0	False	Immune	False	False	False	False	False	"{""Epithelial_other"": {""vaf"": 0.00189, ""n"": 22, ""pooled_depth"": 27.0, ""callable"": false}, ""Immune"": {""vaf"": 0.00448, ""n"": 122, ""pooled_depth"": 149.0, ""callable"": false}, ""Stromal"": {""vaf"": 0.00199, ""n"": 16, ""pooled_depth"": 18.0, ""callable"": false}}"	PDAC05	A	G	MT-CO3	coding	False
9472	3	1.7099173452261736e-05	0.00031357714985531007	0.9066666666666666	False	1.0	False	Immune	False	False	False	False	False	"{""Epithelial_other"": {""vaf"": 0.00262, ""n"": 14, ""pooled_depth"": 20.0, ""callable"": false}, ""Immune"": {""vaf"": 0.00625, ""n"": 83, ""pooled_depth"": 107.0, ""callable"": false}, ""Stromal"": {""vaf"": 0.00264, ""n"": 16, ""pooled_depth"": 19.0, ""callable"": false}}"	PDAC05	C	G	MT-CO3	coding	False
9479	3	9.729970854994992e-06	0.00021888870331850452	0.47333333333333333	False	1.0	False	Immune	False	False	False	False	False	"{""Epithelial_other"": {""vaf"": 0.00192, ""n"": 21, ""pooled_depth"": 31.0, ""callable"": false}, ""Immune"": {""vaf"": 0.00471, ""n"": 103, ""pooled_depth"": 142.0, ""callable"": false}, ""Stromal"": {""vaf"": 0.00204, ""n"": 19, ""pooled_depth"": 21.0, ""callable"": false}}"	PDAC05	T	G	MT-CO3	coding	False
9518	3	5.8774649618001065e-05	0.00012270323222987118	0.23333333333333334	False	1.0	False	Epithelial_other	False	False	False	False	False	"{""Epithelial_other"": {""vaf"": 0.01717, ""n"": 26, ""pooled_depth"": 38.0, ""callable"": false}, ""Immune"": {""vaf"": 0.00569, ""n"": 158, ""pooled_depth"": 217.0, ""callable"": false}, ""Stromal"": {""vaf"": 0.00564, ""n"": 32, ""pooled_depth"": 42.0, ""callable"": false}}"	PDAC05	C	G	MT-CO3	coding	False
9523	3	4.14990058695732e-05	0.00010442605040093683	0.27	False	1.0	False	Stromal	False	False	False	False	False	"{""Epithelial_other"": {""vaf"": 0.00526, ""n"": 28, ""pooled_depth"": 40.0, ""callable"": false}, ""Immune"": {""vaf"": 0.00501, ""n"": 169, ""pooled_depth"": 245.0, ""callable"": false}, ""Stromal"": {""vaf"": 0.01415, ""n"": 33, ""pooled_depth"": 46.0, ""callable"": false}}"	PDAC05	T	G	MT-CO3	coding	False
9568	3	9.58087883518441e-05	0.00010067832920391798	0.1	False	1.0	False	Epithelial_other	False	False	False	False	False	"{""Epithelial_other"": {""vaf"": 0.02259, ""n"": 22, ""pooled_depth"": 29.0, ""callable"": false}, ""Immune"": {""vaf"": 0.00669, ""n"": 132, ""pooled_depth"": 186.0, ""callable"": false}, ""Stromal"": {""vaf"": 0.00713, ""n"": 27, ""pooled_depth"": 32.0, ""callable"": false}}"	PDAC05	T	C	MT-CO3	coding	False
9653	3	6.960456191536213e-06	0.00022600439382843872	0.97	False	1.0	False	Immune	False	False	False	False	False	"{""Epithelial_other"": {""vaf"": 0.00185, ""n"": 19, ""pooled_depth"": 24.0, ""callable"": false}, ""Immune"": {""vaf"": 0.00428, ""n"": 114, ""pooled_depth"": 156.0, ""callable"": false}, ""Stromal"": {""vaf"": 0.0019, ""n"": 16, ""pooled_depth"": 19.0, ""callable"": false}}"	PDAC05	T	G	MT-CO3	coding	False
9680	3	0.0005182938534188198	0.0005633307837016519	0.21	False	1.0	False	Epithelial_other	False	False	False	False	False	"{""Epithelial_other"": {""vaf"": 0.04881, ""n"": 14, ""pooled_depth"": 14.0, ""callable"": false}, ""Immune"": {""vaf"": 0.0028, ""n"": 72, ""pooled_depth"": 95.0, ""callable"": false}, ""Stromal"": {""vaf"": 0.01175, ""n"": 11, ""pooled_depth"": 13.0, ""callable"": false}}"	PDAC05	A	C	MT-CO3	coding	False
9718	3	8.26272459587765e-05	0.000358025042776402	1.0	False	1.0	False	Immune	False	False	False	False	False	"{""Epithelial_other"": {""vaf"": 0.00526, ""n"": 14, ""pooled_depth"": 15.0, ""callable"": false}, ""Immune"": {""vaf"": 0.01629, ""n"": 72, ""pooled_depth"": 96.0, ""callable"": false}, ""Stromal"": {""vaf"": 0.00501, ""n"": 17, ""pooled_depth"": 18.0, ""callable"": false}}"	PDAC05	T	G	MT-CO3	coding	False
9736	3	0.0001570849456421596	0.000731521564854898	0.6533333333333333	False	1.0	False	Epithelial_other	False	False	False	False	False	"{""Epithelial_other"": {""vaf"": 0.03328, ""n"": 13, ""pooled_depth"": 20.0, ""callable"": false}, ""Immune"": {""vaf"": 0.02276, ""n"": 103, ""pooled_depth"": 134.0, ""callable"": true}, ""Stromal"": {""vaf"": 0.0141, ""n"": 22, ""pooled_depth"": 26.0, ""callable"": false}}"	PDAC05	A	C	MT-CO3	coding	False
9737	3	1.033831175790965e-05	0.00023991212856977682	0.8933333333333333	False	1.0	False	Immune	False	False	False	False	False	"{""Epithelial_other"": {""vaf"": 0.00212, ""n"": 13, ""pooled_depth"": 20.0, ""callable"": false}, ""Immune"": {""vaf"": 0.00488, ""n"": 104, ""pooled_depth"": 137.0, ""callable"": false}, ""Stromal"": {""vaf"": 0.00201, ""n"": 25, ""pooled_depth"": 29.0, ""callable"": false}}"	PDAC05	A	G	MT-CO3	coding	False
9768	3	2.1972832541765e-05	0.00011780599388444482	0.5233333333333333	False	1.0	False	Immune	False	False	False	False	False	"{""Epithelial_other"": {""vaf"": 0.00258, ""n"": 29, ""pooled_depth"": 36.0, ""callable"": false}, ""Immune"": {""vaf"": 0.00843, ""n"": 136, ""pooled_depth"": 185.0, ""callable"": false}, ""Stromal"": {""vaf"": 0.0028, ""n"": 21, ""pooled_depth"": 26.0, ""callable"": false}}"	PDAC05	A	C	MT-CO3	coding	False
9781	3	1.688423471288543e-05	0.00046064596879720005	0.26	False	1.0	False	Immune	False	False	False	False	False	"{""Epithelial_other"": {""vaf"": 0.00232, ""n"": 31, ""pooled_depth"": 38.0, ""callable"": false}, ""Immune"": {""vaf"": 0.00743, ""n"": 156, ""pooled_depth"": 210.0, ""callable"": false}, ""Stromal"": {""vaf"": 0.00244, ""n"": 21, ""pooled_depth"": 31.0, ""callable"": false}}"	PDAC05	T	C	MT-CO3	coding	False
10003	3	4.601318103159766e-05	0.0003730300220207522	0.8166666666666667	False	1.0	False	Immune	False	False	False	False	False	"{""Epithelial_other"": {""vaf"": 0.00357, ""n"": 25, ""pooled_depth"": 29.0, ""callable"": false}, ""Immune"": {""vaf"": 0.01313, ""n"": 132, ""pooled_depth"": 191.0, ""callable"": true}, ""Stromal"": {""vaf"": 0.00339, ""n"": 22, ""pooled_depth"": 34.0, ""callable"": false}}"	PDAC05	T	G	tRNA/intergenic	tRNA	True
10053	3	6.514356502609301e-05	0.00042156448424244256	0.7566666666666667	False	1.0	False	Immune	False	False	False	False	False	"{""Epithelial_other"": {""vaf"": 0.00384, ""n"": 25, ""pooled_depth"": 31.0, ""callable"": false}, ""Immune"": {""vaf"": 0.01521, ""n"": 131, ""pooled_depth"": 165.0, ""callable"": true}, ""Stromal"": {""vaf"": 0.00389, ""n"": 21, ""pooled_depth"": 30.0, ""callable"": false}}"	PDAC05	A	C	tRNA/intergenic	tRNA	True
10087	3	0.00011388888888888888	0.00017500000000000003	0.23	False	1.0	False	Epithelial_other	False	False	False	False	False	"{""Epithelial_other"": {""vaf"": 0.01869, ""n"": 25, ""pooled_depth"": 36.0, ""callable"": false}, ""Immune"": {""vaf"": 0.00186, ""n"": 109, ""pooled_depth"": 138.0, ""callable"": false}, ""Stromal"": {""vaf"": 0.00529, ""n"": 18, ""pooled_depth"": 26.0, ""callable"": false}}"	PDAC05	A	C	MT-ND3	coding	False
10277	3	6.749914781615065e-05	0.0002673352675176322	0.18333333333333332	False	1.0	False	Stromal	False	False	False	False	False	"{""Epithelial_other"": {""vaf"": 0.00788, ""n"": 28, ""pooled_depth"": 37.0, ""callable"": false}, ""Immune"": {""vaf"": 0.01018, ""n"": 155, ""pooled_depth"": 214.0, ""callable"": false}, ""Stromal"": {""vaf"": 0.02103, ""n"": 25, ""pooled_depth"": 31.0, ""callable"": false}}"	PDAC05	A	G	MT-ND3	coding	False
10456	3	3.793507233430962e-05	0.00026933164821262777	0.9566666666666667	False	1.0	False	Immune	False	False	False	False	False	"{""Epithelial_other"": {""vaf"": 0.00349, ""n"": 18, ""pooled_depth"": 23.0, ""callable"": false}, ""Immune"": {""vaf"": 0.01084, ""n"": 108, ""pooled_depth"": 144.0, ""callable"": false}, ""Stromal"": {""vaf"": 0.00325, ""n"": 21, ""pooled_depth"": 30.0, ""callable"": false}}"	PDAC05	A	G	tRNA/intergenic	tRNA	True
10716	3	1.9769633507853404e-05	0.00020749321266968324	0.9266666666666666	False	1.0	False	Immune	False	False	False	False	False	"{""Epithelial_other"": {""vaf"": 0.00274, ""n"": 22, ""pooled_depth"": 26.0, ""callable"": false}, ""Immune"": {""vaf"": 0.00817, ""n"": 149, ""pooled_depth"": 191.0, ""callable"": false}, ""Stromal"": {""vaf"": 0.00259, ""n"": 24, ""pooled_depth"": 33.0, ""callable"": false}}"	PDAC05	A	G	MT-ND4L	coding	False
10779	3	0.00023784436017364378	0.0004670372103342361	0.1	False	1.0	False	Epithelial_other	False	False	False	False	False	"{""Epithelial_other"": {""vaf"": 0.02931, ""n"": 20, ""pooled_depth"": 25.0, ""callable"": false}, ""Immune"": {""vaf"": 0.00545, ""n"": 119, ""pooled_depth"": 175.0, ""callable"": false}, ""Stromal"": {""vaf"": 0.02717, ""n"": 21, ""pooled_depth"": 31.0, ""callable"": false}}"	PDAC05	C	T	MT-ND4	coding	False
10834	3	1.5935287099753695e-05	0.0001211593400186567	1.0	False	1.0	False	Immune	False	False	False	False	False	"{""Epithelial_other"": {""vaf"": 0.00255, ""n"": 20, ""pooled_depth"": 29.0, ""callable"": false}, ""Immune"": {""vaf"": 0.00768, ""n"": 147, ""pooled_depth"": 203.0, ""callable"": false}, ""Stromal"": {""vaf"": 0.00265, ""n"": 19, ""pooled_depth"": 24.0, ""callable"": false}}"	PDAC05	C	T	MT-ND4	coding	False
10999	3	0.00035255855436855236	0.00036826093330890003	0.07333333333333333	False	1.0	False	Stromal	False	False	False	False	False	"{""Epithelial_other"": {""vaf"": 0.00862, ""n"": 23, ""pooled_depth"": 28.0, ""callable"": false}, ""Immune"": {""vaf"": 0.00696, ""n"": 138, ""pooled_depth"": 183.0, ""callable"": false}, ""Stromal"": {""vaf"": 0.04548, ""n"": 25, ""pooled_depth"": 34.0, ""callable"": false}}"	PDAC05	C	G	MT-ND4	coding	False
11005	3	6.324117987275882e-05	0.0003365128205128207	0.4033333333333333	False	1.0	False	Stromal	False	False	False	False	False	"{""Epithelial_other"": {""vaf"": 0.00679, ""n"": 25, ""pooled_depth"": 30.0, ""callable"": false}, ""Immune"": {""vaf"": 0.00665, ""n"": 131, ""pooled_depth"": 182.0, ""callable"": false}, ""Stromal"": {""vaf"": 0.01713, ""n"": 26, ""pooled_depth"": 38.0, ""callable"": false}}"	PDAC05	C	G	MT-ND4	coding	False
11010	3	0.00010131505877842539	0.00028217088250436504	0.11333333333333333	False	1.0	False	Epithelial_other	False	False	False	False	False	"{""Epithelial_other"": {""vaf"": 0.02371, ""n"": 21, ""pooled_depth"": 29.0, ""callable"": false}, ""Immune"": {""vaf"": 0.00912, ""n"": 150, ""pooled_depth"": 215.0, ""callable"": false}, ""Stromal"": {""vaf"": 0.02054, ""n"": 29, ""pooled_depth"": 47.0, ""callable"": false}}"	PDAC05	T	G	MT-ND4	coding	False
11055	3	5.6860731055699485e-05	0.00033009064503205143	0.4066666666666667	False	1.0	False	Stromal	False	False	False	False	False	"{""Epithelial_other"": {""vaf"": 0.00714, ""n"": 18, ""pooled_depth"": 23.0, ""callable"": false}, ""Immune"": {""vaf"": 0.00628, ""n"": 134, ""pooled_depth"": 193.0, ""callable"": false}, ""Stromal"": {""vaf"": 0.01627, ""n"": 31, ""pooled_depth"": 40.0, ""callable"": false}}"	PDAC05	T	C	MT-ND4	coding	False
11056	3	0.0003849386961067781	0.00013650249589926017	0.02	True	1.0	False	Stromal	False	False	False	False	False	"{""Epithelial_other"": {""vaf"": 0.0077, ""n"": 18, ""pooled_depth"": 23.0, ""callable"": false}, ""Immune"": {""vaf"": 0.00159, ""n"": 122, ""pooled_depth"": 177.0, ""callable"": false}, ""Stromal"": {""vaf"": 0.04263, ""n"": 30, ""pooled_depth"": 37.0, ""callable"": false}}"	PDAC05	A	C	MT-ND4	coding	False
11060	3	9.93471817577802e-05	0.00020991619770316508	0.31333333333333335	False	1.0	False	Stromal	False	False	False	False	False	"{""Epithelial_other"": {""vaf"": 0.00924, ""n"": 17, ""pooled_depth"": 18.0, ""callable"": false}, ""Immune"": {""vaf"": 0.00796, ""n"": 110, ""pooled_depth"": 153.0, ""callable"": false}, ""Stromal"": {""vaf"": 0.02176, ""n"": 26, ""pooled_depth"": 30.0, ""callable"": false}}"	PDAC05	T	C	MT-ND4	coding	False
11198	3	1.08489499906644e-05	7.430389751777711e-05	0.99	False	1.0	False	Immune	False	False	False	False	False	"{""Epithelial_other"": {""vaf"": 0.00213, ""n"": 25, ""pooled_depth"": 31.0, ""callable"": false}, ""Immune"": {""vaf"": 0.00623, ""n"": 174, ""pooled_depth"": 250.0, ""callable"": false}, ""Stromal"": {""vaf"": 0.00204, ""n"": 32, ""pooled_depth"": 38.0, ""callable"": false}}"	PDAC05	A	T	MT-ND4	coding	False
11228	3	1.4568670930145366e-05	0.0003973763952284147	0.9433333333333334	False	1.0	False	Immune	False	False	False	False	False	"{""Epithelial_other"": {""vaf"": 0.00234, ""n"": 25, ""pooled_depth"": 31.0, ""callable"": false}, ""Immune"": {""vaf"": 0.00702, ""n"": 153, ""pooled_depth"": 222.0, ""callable"": false}, ""Stromal"": {""vaf"": 0.00225, ""n"": 29, ""pooled_depth"": 37.0, ""callable"": false}}"	PDAC05	T	C	MT-ND4	coding	False
11336	3	2.9287972122110606e-05	0.0002285173009354259	0.8266666666666667	False	1.0	False	Immune	False	False	False	False	False	"{""Epithelial_other"": {""vaf"": 0.00309, ""n"": 22, ""pooled_depth"": 27.0, ""callable"": false}, ""Immune"": {""vaf"": 0.00969, ""n"": 120, ""pooled_depth"": 161.0, ""callable"": false}, ""Stromal"": {""vaf"": 0.00306, ""n"": 22, ""pooled_depth"": 28.0, ""callable"": false}}"	PDAC05	A	G	MT-ND4	coding	False
11437	3	4.511737055092596e-05	0.0002994548706737488	0.8866666666666667	False	1.0	False	Immune	False	False	False	False	False	"{""Epithelial_other"": {""vaf"": 0.00337, ""n"": 24, ""pooled_depth"": 33.0, ""callable"": false}, ""Immune"": {""vaf"": 0.01279, ""n"": 134, ""pooled_depth"": 196.0, ""callable"": true}, ""Stromal"": {""vaf"": 0.00327, ""n"": 27, ""pooled_depth"": 36.0, ""callable"": false}}"	PDAC05	T	A	MT-ND4	coding	False
11529	3	1.957662110277037e-05	0.0002614137168904705	0.9433333333333334	False	1.0	False	Immune	False	False	False	False	False	"{""Epithelial_other"": {""vaf"": 0.00249, ""n"": 28, ""pooled_depth"": 34.0, ""callable"": false}, ""Immune"": {""vaf"": 0.00784, ""n"": 148, ""pooled_depth"": 199.0, ""callable"": false}, ""Stromal"": {""vaf"": 0.00243, ""n"": 29, ""pooled_depth"": 37.0, ""callable"": false}}"	PDAC05	T	G	MT-ND4	coding	False
11711	3	0.0002818966921948834	0.00028189669219488346	0.07	False	1.0	False	Epithelial_other	False	False	False	False	False	"{""Epithelial_other"": {""vaf"": 0.04002, ""n"": 14, ""pooled_depth"": 17.0, ""callable"": false}, ""Immune"": {""vaf"": 0.00189, ""n"": 117, ""pooled_depth"": 147.0, ""callable"": false}, ""Stromal"": {""vaf"": 0.00737, ""n"": 22, ""pooled_depth"": 26.0, ""callable"": false}}"	PDAC05	G	A	MT-ND4	coding	False
11715	3	6.867431109855351e-06	0.00024030845402456244	0.79	False	1.0	False	Immune	False	False	False	False	False	"{""Epithelial_other"": {""vaf"": 0.0019, ""n"": 17, ""pooled_depth"": 19.0, ""callable"": false}, ""Immune"": {""vaf"": 0.00428, ""n"": 124, ""pooled_depth"": 156.0, ""callable"": false}, ""Stromal"": {""vaf"": 0.00186, ""n"": 18, ""pooled_depth"": 23.0, ""callable"": false}}"	PDAC05	A	C	MT-ND4	coding	False
11750	3	2.1678806798473815e-05	0.00019626520056644295	0.96	False	1.0	False	Immune	False	False	False	False	False	"{""Epithelial_other"": {""vaf"": 0.00266, ""n"": 27, ""pooled_depth"": 32.0, ""callable"": false}, ""Immune"": {""vaf"": 0.00839, ""n"": 137, ""pooled_depth"": 186.0, ""callable"": false}, ""Stromal"": {""vaf"": 0.0027, ""n"": 22, ""pooled_depth"": 30.0, ""callable"": false}}"	PDAC05	A	G	MT-ND4	coding	False
11781	3	0.00018123821951573145	0.003363737149768192	0.6266666666666667	False	1.0	False	Immune	False	False	False	False	False	"{""Epithelial_other"": {""vaf"": 0.00437, ""n"": 26, ""pooled_depth"": 42.0, ""callable"": false}, ""Immune"": {""vaf"": 0.02824, ""n"": 157, ""pooled_depth"": 228.0, ""callable"": true}, ""Stromal"": {""vaf"": 0.00462, ""n"": 28, ""pooled_depth"": 38.0, ""callable"": false}}"	PDAC05	T	C	MT-ND4	coding	False
11909	3	0.00030521396638847037	0.00044019985422746893	0.12333333333333334	False	1.0	False	Epithelial_other	False	False	False	False	False	"{""Epithelial_other"": {""vaf"": 0.03939, ""n"": 30, ""pooled_depth"": 40.0, ""callable"": false}, ""Immune"": {""vaf"": 0.00137, ""n"": 152, ""pooled_depth"": 208.0, ""callable"": false}, ""Stromal"": {""vaf"": 0.00602, ""n"": 25, ""pooled_depth"": 33.0, ""callable"": false}}"	PDAC05	A	G	MT-ND4	coding	False
12082	3	0.0005642533139560486	0.00020043018997946177	0.01	True	1.0	False	Epithelial_other	False	False	False	False	False	"{""Epithelial_other"": {""vaf"": 0.05873, ""n"": 23, ""pooled_depth"": 27.0, ""callable"": false}, ""Immune"": {""vaf"": 0.00163, ""n"": 131, ""pooled_depth"": 172.0, ""callable"": false}, ""Stromal"": {""vaf"": 0.00665, ""n"": 28, ""pooled_depth"": 33.0, ""callable"": false}}"	PDAC05	A	G	MT-ND4	coding	False
12160	3	9.987419620116245e-06	0.00021888870331850452	0.7433333333333333	False	1.0	False	Immune	False	False	False	False	False	"{""Epithelial_other"": {""vaf"": 0.00203, ""n"": 17, ""pooled_depth"": 23.0, ""callable"": false}, ""Immune"": {""vaf"": 0.00474, ""n"": 107, ""pooled_depth"": 141.0, ""callable"": false}, ""Stromal"": {""vaf"": 0.00195, ""n"": 26, ""pooled_depth"": 30.0, ""callable"": false}}"	PDAC05	A	G	tRNA/intergenic	tRNA	True
12165	3	1.0723783922903144e-05	0.0002260505563431011	0.8633333333333333	False	1.0	False	Immune	False	False	False	False	False	"{""Epithelial_other"": {""vaf"": 0.00211, ""n"": 17, ""pooled_depth"": 22.0, ""callable"": false}, ""Immune"": {""vaf"": 0.00491, ""n"": 108, ""pooled_depth"": 136.0, ""callable"": false}, ""Stromal"": {""vaf"": 0.00202, ""n"": 26, ""pooled_depth"": 29.0, ""callable"": false}}"	PDAC05	A	T	tRNA/intergenic	tRNA	True
12170	3	0.00016831113706991486	0.00026282115513182936	0.25	False	1.0	False	Stromal	False	False	False	False	False	"{""Epithelial_other"": {""vaf"": 0.00695, ""n"": 17, ""pooled_depth"": 19.0, ""callable"": false}, ""Immune"": {""vaf"": 0.002, ""n"": 106, ""pooled_depth"": 132.0, ""callable"": false}, ""Stromal"": {""vaf"": 0.0241, ""n"": 26, ""pooled_depth"": 28.0, ""callable"": false}}"	PDAC05	G	T	tRNA/intergenic	tRNA	True
12172	3	1.0424774824863784e-05	0.0002565043279275694	1.0	False	1.0	False	Immune	False	False	False	False	False	"{""Epithelial_other"": {""vaf"": 0.00215, ""n"": 17, ""pooled_depth"": 19.0, ""callable"": false}, ""Immune"": {""vaf"": 0.00491, ""n"": 108, ""pooled_depth"": 136.0, ""callable"": false}, ""Stromal"": {""vaf"": 0.00202, ""n"": 26, ""pooled_depth"": 29.0, ""callable"": false}}"	PDAC05	A	G	tRNA/intergenic	tRNA	True
12196	3	7.147158632370258e-05	0.0003920766100142929	0.61	False	1.0	False	Stromal	False	False	False	False	False	"{""Epithelial_other"": {""vaf"": 0.00948, ""n"": 24, ""pooled_depth"": 31.0, ""callable"": false}, ""Immune"": {""vaf"": 0.01312, ""n"": 111, ""pooled_depth"": 159.0, ""callable"": false}, ""Stromal"": {""vaf"": 0.02058, ""n"": 23, ""pooled_depth"": 32.0, ""callable"": false}}"	PDAC05	C	G	tRNA/intergenic	tRNA	True
12414	3	2.0996052742084487e-05	0.00046611237087427565	0.7633333333333333	False	1.0	False	Immune	False	False	False	False	False	"{""Epithelial_other"": {""vaf"": 0.00269, ""n"": 27, ""pooled_depth"": 29.0, ""callable"": false}, ""Immune"": {""vaf"": 0.00825, ""n"": 134, ""pooled_depth"": 189.0, ""callable"": false}, ""Stromal"": {""vaf"": 0.00259, ""n"": 21, ""pooled_depth"": 34.0, ""callable"": false}}"	PDAC05	T	C	MT-ND5	coding	False
12690	3	3.6190784853886456e-05	0.00036081435194517227	0.9833333333333333	False	1.0	False	Immune	False	False	False	False	False	"{""Epithelial_other"": {""vaf"": 0.00284, ""n"": 31, ""pooled_depth"": 40.0, ""callable"": false}, ""Immune"": {""vaf"": 0.0102, ""n"": 111, ""pooled_depth"": 153.0, ""callable"": false}, ""Stromal"": {""vaf"": 0.00321, ""n"": 22, ""pooled_depth"": 27.0, ""callable"": false}}"	PDAC05	C	A	MT-ND5	coding	False
12812	3	6.344275940935516e-05	0.00014105923380003437	0.17	False	1.0	False	Epithelial_other	False	False	False	False	False	"{""Epithelial_other"": {""vaf"": 0.01763, ""n"": 26, ""pooled_depth"": 37.0, ""callable"": false}, ""Immune"": {""vaf"": 0.00606, ""n"": 138, ""pooled_depth"": 203.0, ""callable"": false}, ""Stromal"": {""vaf"": 0.00657, ""n"": 25, ""pooled_depth"": 31.0, ""callable"": false}}"	PDAC05	A	G	MT-ND5	coding	False
12897	3	2.251027535274358e-05	0.00017192213453202368	0.9533333333333334	False	1.0	False	Immune	False	False	False	False	False	"{""Epithelial_other"": {""vaf"": 0.00264, ""n"": 25, ""pooled_depth"": 33.0, ""callable"": false}, ""Immune"": {""vaf"": 0.00839, ""n"": 132, ""pooled_depth"": 186.0, ""callable"": false}, ""Stromal"": {""vaf"": 0.00262, ""n"": 25, ""pooled_depth"": 34.0, ""callable"": false}}"	PDAC05	A	C	MT-ND5	coding	False
12940	3	2.1788493790868148e-05	0.00034988915083889366	0.88	False	1.0	False	Immune	False	False	False	False	False	"{""Epithelial_other"": {""vaf"": 0.00252, ""n"": 26, ""pooled_depth"": 36.0, ""callable"": false}, ""Immune"": {""vaf"": 0.00812, ""n"": 132, ""pooled_depth"": 192.0, ""callable"": false}, ""Stromal"": {""vaf"": 0.00248, ""n"": 27, ""pooled_depth"": 38.0, ""callable"": false}}"	PDAC05	G	A	MT-ND5	coding	False
12984	3	1.5615615615615616e-05	0.00011231869743497652	0.9766666666666667	False	1.0	False	Immune	False	False	False	False	False	"{""Epithelial_other"": {""vaf"": 0.0022, ""n"": 29, ""pooled_depth"": 40.0, ""callable"": false}, ""Immune"": {""vaf"": 0.00702, ""n"": 152, ""pooled_depth"": 222.0, ""callable"": false}, ""Stromal"": {""vaf"": 0.00223, ""n"": 29, ""pooled_depth"": 38.0, ""callable"": false}}"	PDAC05	C	G	MT-ND5	coding	False
13087	3	6.060358056265984e-05	0.0003772765957446809	0.4633333333333333	False	1.0	False	Epithelial_other	False	False	False	False	False	"{""Epithelial_other"": {""vaf"": 0.01928, ""n"": 25, ""pooled_depth"": 34.0, ""callable"": false}, ""Immune"": {""vaf"": 0.01149, ""n"": 133, ""pooled_depth"": 184.0, ""callable"": false}, ""Stromal"": {""vaf"": 0.0087, ""n"": 27, ""pooled_depth"": 32.0, ""callable"": false}}"	PDAC05	A	G	MT-ND5	coding	False
13120	3	1.789959983479979e-05	0.00019667731037993424	0.8233333333333334	False	1.0	False	Immune	False	False	False	False	False	"{""Epithelial_other"": {""vaf"": 0.00221, ""n"": 29, ""pooled_depth"": 44.0, ""callable"": false}, ""Immune"": {""vaf"": 0.00735, ""n"": 151, ""pooled_depth"": 212.0, ""callable"": false}, ""Stromal"": {""vaf"": 0.00231, ""n"": 31, ""pooled_depth"": 38.0, ""callable"": false}}"	PDAC05	C	A	MT-ND5	coding	False
13137	3	2.921430201451177e-05	0.0001752904999522042	0.7633333333333333	False	1.0	False	Epithelial_other	False	False	False	False	False	"{""Epithelial_other"": {""vaf"": 0.01344, ""n"": 32, ""pooled_depth"": 49.0, ""callable"": false}, ""Immune"": {""vaf"": 0.00879, ""n"": 159, ""pooled_depth"": 236.0, ""callable"": false}, ""Stromal"": {""vaf"": 0.00682, ""n"": 26, ""pooled_depth"": 37.0, ""callable"": false}}"	PDAC05	A	C	MT-ND5	coding	False
13171	3	1.6214210912726036e-05	0.00013881985315009561	0.78	False	1.0	False	Immune	False	False	False	False	False	"{""Epithelial_other"": {""vaf"": 0.00221, ""n"": 27, ""pooled_depth"": 42.0, ""callable"": false}, ""Immune"": {""vaf"": 0.00718, ""n"": 153, ""pooled_depth"": 217.0, ""callable"": false}, ""Stromal"": {""vaf"": 0.00235, ""n"": 26, ""pooled_depth"": 33.0, ""callable"": false}}"	PDAC05	T	G	MT-ND5	coding	False
13538	3	2.3665425201738054e-05	0.00019337589329855042	0.9666666666666667	False	1.0	False	Immune	False	False	False	False	False	"{""Epithelial_other"": {""vaf"": 0.00271, ""n"": 26, ""pooled_depth"": 33.0, ""callable"": false}, ""Immune"": {""vaf"": 0.00871, ""n"": 139, ""pooled_depth"": 179.0, ""callable"": false}, ""Stromal"": {""vaf"": 0.00283, ""n"": 23, ""pooled_depth"": 28.0, ""callable"": false}}"	PDAC05	T	G	MT-ND5	coding	False
13612	3	7.601852185839626e-05	0.00014351824820946807	0.14333333333333334	False	1.0	False	Stromal	False	False	False	False	False	"{""Epithelial_other"": {""vaf"": 0.00585, ""n"": 29, ""pooled_depth"": 44.0, ""callable"": false}, ""Immune"": {""vaf"": 0.00631, ""n"": 141, ""pooled_depth"": 196.0, ""callable"": false}, ""Stromal"": {""vaf"": 0.0198, ""n"": 24, ""pooled_depth"": 33.0, ""callable"": false}}"	PDAC05	A	G	MT-ND5	coding	False
13645	3	2.4067514976605886e-05	0.0002934277843368752	0.69	False	1.0	False	Immune	False	False	False	False	False	"{""Epithelial_other"": {""vaf"": 0.00243, ""n"": 28, ""pooled_depth"": 42.0, ""callable"": false}, ""Immune"": {""vaf"": 0.00825, ""n"": 138, ""pooled_depth"": 189.0, ""callable"": false}, ""Stromal"": {""vaf"": 0.0024, ""n"": 31, ""pooled_depth"": 44.0, ""callable"": false}}"	PDAC05	T	G	MT-ND5	coding	False
13761	3	0.00016154814134612113	0.00022701765126007553	0.2	False	1.0	False	Stromal	False	False	False	False	False	"{""Epithelial_other"": {""vaf"": 0.00709, ""n"": 17, ""pooled_depth"": 19.0, ""callable"": false}, ""Immune"": {""vaf"": 0.00178, ""n"": 119, ""pooled_depth"": 152.0, ""callable"": false}, ""Stromal"": {""vaf"": 0.025, ""n"": 21, ""pooled_depth"": 27.0, ""callable"": false}}"	PDAC05	A	C	MT-ND5	coding	False
13797	3	6.858361366204169e-05	0.0003590550896783161	0.38	False	1.0	False	Epithelial_other	False	False	False	False	False	"{""Epithelial_other"": {""vaf"": 0.02104, ""n"": 25, ""pooled_depth"": 31.0, ""callable"": false}, ""Immune"": {""vaf"": 0.01067, ""n"": 142, ""pooled_depth"": 203.0, ""callable"": false}, ""Stromal"": {""vaf"": 0.00833, ""n"": 27, ""pooled_depth"": 34.0, ""callable"": false}}"	PDAC05	A	G	MT-ND5	coding	False
14001	3	0.00012705163638917003	0.000306874761725015	0.23666666666666666	False	1.0	False	Epithelial_other	False	False	False	False	False	"{""Epithelial_other"": {""vaf"": 0.0297, ""n"": 17, ""pooled_depth"": 22.0, ""callable"": false}, ""Immune"": {""vaf"": 0.01247, ""n"": 138, ""pooled_depth"": 177.0, ""callable"": false}, ""Stromal"": {""vaf"": 0.00855, ""n"": 32, ""pooled_depth"": 39.0, ""callable"": false}}"	PDAC05	A	G	MT-ND5	coding	False
14014	3	2.8141463488991674e-05	0.00026018274745965615	0.78	False	1.0	False	Immune	False	False	False	False	False	"{""Epithelial_other"": {""vaf"": 0.00315, ""n"": 18, ""pooled_depth"": 24.0, ""callable"": false}, ""Immune"": {""vaf"": 0.00957, ""n"": 126, ""pooled_depth"": 163.0, ""callable"": false}, ""Stromal"": {""vaf"": 0.00298, ""n"": 25, ""pooled_depth"": 30.0, ""callable"": false}}"	PDAC05	A	C	MT-ND5	coding	False
14058	3	8.027090091209483e-06	0.00018412834692726614	0.8133333333333334	False	1.0	False	Immune	False	False	False	False	False	"{""Epithelial_other"": {""vaf"": 0.00188, ""n"": 23, ""pooled_depth"": 26.0, ""callable"": false}, ""Immune"": {""vaf"": 0.00442, ""n"": 120, ""pooled_depth"": 151.0, ""callable"": false}, ""Stromal"": {""vaf"": 0.00193, ""n"": 18, ""pooled_depth"": 22.0, ""callable"": false}}"	PDAC05	C	A	MT-ND5	coding	False
14173	3	1.648940802875273e-05	0.00012027750162670744	0.55	False	1.0	False	Immune	False	False	False	False	False	"{""Epithelial_other"": {""vaf"": 0.00264, ""n"": 20, ""pooled_depth"": 25.0, ""callable"": false}, ""Immune"": {""vaf"": 0.00772, ""n"": 148, ""pooled_depth"": 202.0, ""callable"": false}, ""Stromal"": {""vaf"": 0.00254, ""n"": 17, ""pooled_depth"": 30.0, ""callable"": false}}"	PDAC05	T	G	MT-ND6	coding	False
14223	3	3.398107037479674e-05	0.0001869999743459124	0.9966666666666667	False	1.0	False	Immune	False	False	False	False	False	"{""Epithelial_other"": {""vaf"": 0.0033, ""n"": 22, ""pooled_depth"": 27.0, ""callable"": false}, ""Immune"": {""vaf"": 0.01062, ""n"": 116, ""pooled_depth"": 147.0, ""callable"": false}, ""Stromal"": {""vaf"": 0.00355, ""n"": 16, ""pooled_depth"": 20.0, ""callable"": false}}"	PDAC05	A	C	MT-ND6	coding	False
14363	3	8.45041044191145e-05	0.00023813437274975742	0.38666666666666666	False	1.0	False	Epithelial_other	False	False	False	False	False	"{""Epithelial_other"": {""vaf"": 0.02041, ""n"": 23, ""pooled_depth"": 32.0, ""callable"": false}, ""Immune"": {""vaf"": 0.00691, ""n"": 143, ""pooled_depth"": 178.0, ""callable"": false}, ""Stromal"": {""vaf"": 0.00787, ""n"": 19, ""pooled_depth"": 24.0, ""callable"": false}}"	PDAC05	A	G	MT-ND6	coding	False
14419	3	6.848681747143624e-05	0.0003182060296113235	0.2	False	1.0	False	Stromal	False	False	False	False	False	"{""Epithelial_other"": {""vaf"": 0.0082, ""n"": 25, ""pooled_depth"": 35.0, ""callable"": false}, ""Immune"": {""vaf"": 0.01058, ""n"": 145, ""pooled_depth"": 205.0, ""callable"": false}, ""Stromal"": {""vaf"": 0.02104, ""n"": 22, ""pooled_depth"": 31.0, ""callable"": false}}"	PDAC05	C	G	MT-ND6	coding	False
14469	3	5.917822138457194e-05	0.0004810973778018338	0.6833333333333333	False	1.0	False	Stromal	False	False	False	False	False	"{""Epithelial_other"": {""vaf"": 0.00927, ""n"": 22, ""pooled_depth"": 27.0, ""callable"": false}, ""Immune"": {""vaf"": 0.01165, ""n"": 127, ""pooled_depth"": 181.0, ""callable"": false}, ""Stromal"": {""vaf"": 0.01929, ""n"": 30, ""pooled_depth"": 34.0, ""callable"": false}}"	PDAC05	A	C	MT-ND6	coding	False
14503	3	8.764360185054208e-06	0.00018573870322176125	0.8666666666666667	False	1.0	False	Immune	False	False	False	False	False	"{""Epithelial_other"": {""vaf"": 0.00194, ""n"": 21, ""pooled_depth"": 25.0, ""callable"": false}, ""Immune"": {""vaf"": 0.00455, ""n"": 106, ""pooled_depth"": 147.0, ""callable"": false}, ""Stromal"": {""vaf"": 0.00194, ""n"": 22, ""pooled_depth"": 25.0, ""callable"": false}}"	PDAC05	T	A	MT-ND6	coding	False
14504	3	0.00016086387642661468	0.00015454923443358084	0.05	True	1.0	False	Epithelial_other	False	False	False	False	False	"{""Epithelial_other"": {""vaf"": 0.025, ""n"": 22, ""pooled_depth"": 27.0, ""callable"": false}, ""Immune"": {""vaf"": 0.00184, ""n"": 107, ""pooled_depth"": 147.0, ""callable"": false}, ""Stromal"": {""vaf"": 0.00625, ""n"": 22, ""pooled_depth"": 25.0, ""callable"": false}}"	PDAC05	A	T	MT-ND6	coding	False
14513	3	0.0001680221750421998	0.00017575313754703164	0.12	False	1.0	False	Stromal	False	False	False	False	False	"{""Epithelial_other"": {""vaf"": 0.00624, ""n"": 22, ""pooled_depth"": 26.0, ""callable"": false}, ""Immune"": {""vaf"": 0.00184, ""n"": 102, ""pooled_depth"": 147.0, ""callable"": false}, ""Stromal"": {""vaf"": 0.02598, ""n"": 23, ""pooled_depth"": 26.0, ""callable"": false}}"	PDAC05	A	C	MT-ND6	coding	False
14531	3	1.263153360899067e-05	0.00015888516865079363	0.8433333333333334	False	1.0	False	Immune	False	False	False	False	False	"{""Epithelial_other"": {""vaf"": 0.00208, ""n"": 22, ""pooled_depth"": 29.0, ""callable"": false}, ""Immune"": {""vaf"": 0.0051, ""n"": 97, ""pooled_depth"": 131.0, ""callable"": false}, ""Stromal"": {""vaf"": 0.00204, ""n"": 25, ""pooled_depth"": 32.0, ""callable"": false}}"	PDAC05	C	G	MT-ND6	coding	False
14536	3	1.4259846084200997e-05	0.00015512558342829492	0.7633333333333333	False	1.0	False	Immune	False	False	False	False	False	"{""Epithelial_other"": {""vaf"": 0.00215, ""n"": 23, ""pooled_depth"": 30.0, ""callable"": false}, ""Immune"": {""vaf"": 0.00535, ""n"": 94, ""pooled_depth"": 125.0, ""callable"": false}, ""Stromal"": {""vaf"": 0.00211, ""n"": 26, ""pooled_depth"": 33.0, ""callable"": false}}"	PDAC05	A	T	MT-ND6	coding	False
14546	3	1.204411097366147e-05	0.00014990162145083228	0.8266666666666667	False	1.0	False	Immune	False	False	False	False	False	"{""Epithelial_other"": {""vaf"": 0.00203, ""n"": 23, ""pooled_depth"": 30.0, ""callable"": false}, ""Immune"": {""vaf"": 0.00499, ""n"": 101, ""pooled_depth"": 134.0, ""callable"": false}, ""Stromal"": {""vaf"": 0.002, ""n"": 25, ""pooled_depth"": 32.0, ""callable"": false}}"	PDAC05	A	G	MT-ND6	coding	False
14616	3	9.642001921594265e-06	0.0001984296047632443	0.49333333333333335	False	1.0	False	Immune	False	False	False	False	False	"{""Epithelial_other"": {""vaf"": 0.00197, ""n"": 21, ""pooled_depth"": 27.0, ""callable"": false}, ""Immune"": {""vaf"": 0.00471, ""n"": 110, ""pooled_depth"": 142.0, ""callable"": false}, ""Stromal"": {""vaf"": 0.00201, ""n"": 21, ""pooled_depth"": 24.0, ""callable"": false}}"	PDAC05	A	C	MT-ND6	coding	False
14806	3	2.5973878395171457e-05	9.88475173707076e-05	0.89	False	1.0	False	Immune	False	False	False	False	False	"{""Epithelial_other"": {""vaf"": 0.00277, ""n"": 23, ""pooled_depth"": 33.0, ""callable"": false}, ""Immune"": {""vaf"": 0.00897, ""n"": 133, ""pooled_depth"": 174.0, ""callable"": false}, ""Stromal"": {""vaf"": 0.00281, ""n"": 23, ""pooled_depth"": 31.0, ""callable"": false}}"	PDAC05	C	G	MT-CYB	coding	False
14828	3	4.048358473824313e-05	0.0005847382431233365	0.77	False	1.0	False	Immune	False	False	False	False	False	"{""Epithelial_other"": {""vaf"": 0.00338, ""n"": 20, ""pooled_depth"": 29.0, ""callable"": false}, ""Immune"": {""vaf"": 0.01211, ""n"": 153, ""pooled_depth"": 207.0, ""callable"": true}, ""Stromal"": {""vaf"": 0.00293, ""n"": 31, ""pooled_depth"": 44.0, ""callable"": false}}"	PDAC05	T	C	MT-CYB	coding	False
14856	3	2.5702280673871584e-05	0.00017584468772237615	0.7666666666666667	False	1.0	False	Immune	False	False	False	False	False	"{""Epithelial_other"": {""vaf"": 0.00264, ""n"": 29, ""pooled_depth"": 39.0, ""callable"": false}, ""Immune"": {""vaf"": 0.00964, ""n"": 177, ""pooled_depth"": 260.0, ""callable"": true}, ""Stromal"": {""vaf"": 0.00237, ""n"": 42, ""pooled_depth"": 53.0, ""callable"": false}}"	PDAC05	T	C	MT-CYB	coding	False
14903	3	5.523814299549006e-05	0.0003015326307525526	0.6666666666666666	False	1.0	False	Stromal	False	False	False	False	False	"{""Epithelial_other"": {""vaf"": 0.00952, ""n"": 28, ""pooled_depth"": 36.0, ""callable"": false}, ""Immune"": {""vaf"": 0.01471, ""n"": 149, ""pooled_depth"": 204.0, ""callable"": true}, ""Stromal"": {""vaf"": 0.01971, ""n"": 28, ""pooled_depth"": 34.0, ""callable"": false}}"	PDAC05	A	T	MT-CYB	coding	False
14989	3	6.37811842051695e-05	0.00016916558402156146	0.3433333333333333	False	1.0	False	Stromal	False	False	False	False	False	"{""Epithelial_other"": {""vaf"": 0.00651, ""n"": 22, ""pooled_depth"": 32.0, ""callable"": false}, ""Immune"": {""vaf"": 0.00614, ""n"": 153, ""pooled_depth"": 200.0, ""callable"": false}, ""Stromal"": {""vaf"": 0.01762, ""n"": 25, ""pooled_depth"": 37.0, ""callable"": false}}"	PDAC05	C	G	MT-CYB	coding	False
15038	3	7.095932185958607e-05	0.00012191462628251046	0.31333333333333335	False	1.0	False	Stromal	False	False	False	False	False	"{""Epithelial_other"": {""vaf"": 0.00733, ""n"": 20, ""pooled_depth"": 24.0, ""callable"": false}, ""Immune"": {""vaf"": 0.00576, ""n"": 148, ""pooled_depth"": 216.0, ""callable"": false}, ""Stromal"": {""vaf"": 0.01924, ""n"": 27, ""pooled_depth"": 34.0, ""callable"": false}}"	PDAC05	A	C	MT-CYB	coding	False
15097	3	4.882724133825455e-05	0.0002750478969086431	0.38333333333333336	False	1.0	False	Epithelial_other	False	False	False	False	False	"{""Epithelial_other"": {""vaf"": 0.01763, ""n"": 28, ""pooled_depth"": 37.0, ""callable"": false}, ""Immune"": {""vaf"": 0.00948, ""n"": 149, ""pooled_depth"": 227.0, ""callable"": false}, ""Stromal"": {""vaf"": 0.00752, ""n"": 24, ""pooled_depth"": 36.0, ""callable"": false}}"	PDAC05	T	G	MT-CYB	coding	False
15145	3	4.246032674126319e-05	0.00022055173154074252	0.2833333333333333	False	1.0	False	Epithelial_other	False	False	False	False	False	"{""Epithelial_other"": {""vaf"": 0.01414, ""n"": 29, ""pooled_depth"": 46.0, ""callable"": false}, ""Immune"": {""vaf"": 0.00528, ""n"": 155, ""pooled_depth"": 231.0, ""callable"": false}, ""Stromal"": {""vaf"": 0.00562, ""n"": 30, ""pooled_depth"": 35.0, ""callable"": false}}"	PDAC05	C	G	MT-CYB	coding	False
15210	3	1.756538417844569e-05	0.00017979557447495346	0.8866666666666667	False	1.0	False	Immune	False	False	False	False	False	"{""Epithelial_other"": {""vaf"": 0.00206, ""n"": 31, ""pooled_depth"": 51.0, ""callable"": false}, ""Immune"": {""vaf"": 0.00705, ""n"": 156, ""pooled_depth"": 221.0, ""callable"": false}, ""Stromal"": {""vaf"": 0.00208, ""n"": 33, ""pooled_depth"": 49.0, ""callable"": false}}"	PDAC05	A	G	MT-CYB	coding	False
15260	3	2.2582010789303856e-05	0.00011110377300237273	0.9466666666666667	False	1.0	False	Immune	False	False	False	False	False	"{""Epithelial_other"": {""vaf"": 0.00243, ""n"": 28, ""pooled_depth"": 40.0, ""callable"": false}, ""Immune"": {""vaf"": 0.00808, ""n"": 133, ""pooled_depth"": 193.0, ""callable"": false}, ""Stromal"": {""vaf"": 0.00238, ""n"": 33, ""pooled_depth"": 43.0, ""callable"": false}}"	PDAC05	A	C	MT-CYB	coding	False
15344	3	2.2228483766945304e-05	0.00017499477363000938	0.6266666666666667	False	1.0	False	Immune	False	False	False	False	False	"{""Epithelial_other"": {""vaf"": 0.00253, ""n"": 25, ""pooled_depth"": 37.0, ""callable"": false}, ""Immune"": {""vaf"": 0.00825, ""n"": 137, ""pooled_depth"": 189.0, ""callable"": false}, ""Stromal"": {""vaf"": 0.00259, ""n"": 25, ""pooled_depth"": 34.0, ""callable"": false}}"	PDAC05	T	C	MT-CYB	coding	False
15384	3	1.677199479397282e-05	0.00018361607189446016	0.93	False	1.0	False	Immune	False	False	False	False	False	"{""Epithelial_other"": {""vaf"": 0.00252, ""n"": 20, ""pooled_depth"": 28.0, ""callable"": false}, ""Immune"": {""vaf"": 0.0075, ""n"": 152, ""pooled_depth"": 208.0, ""callable"": false}, ""Stromal"": {""vaf"": 0.00236, ""n"": 30, ""pooled_depth"": 37.0, ""callable"": false}}"	PDAC05	C	A	MT-CYB	coding	False
15411	3	1.671773149996241e-05	0.0001269922526662091	0.8133333333333334	False	1.0	False	Immune	False	False	False	False	False	"{""Epithelial_other"": {""vaf"": 0.00228, ""n"": 24, ""pooled_depth"": 37.0, ""callable"": false}, ""Immune"": {""vaf"": 0.00718, ""n"": 157, ""pooled_depth"": 217.0, ""callable"": false}, ""Stromal"": {""vaf"": 0.00219, ""n"": 33, ""pooled_depth"": 43.0, ""callable"": false}}"	PDAC05	C	G	MT-CYB	coding	False
15461	3	2.251692709994739e-05	0.00019278089046735914	0.8566666666666667	False	1.0	False	Immune	False	False	False	False	False	"{""Epithelial_other"": {""vaf"": 0.00266, ""n"": 21, ""pooled_depth"": 34.0, ""callable"": false}, ""Immune"": {""vaf"": 0.00857, ""n"": 131, ""pooled_depth"": 182.0, ""callable"": false}, ""Stromal"": {""vaf"": 0.00284, ""n"": 21, ""pooled_depth"": 26.0, ""callable"": false}}"	PDAC05	T	C	MT-CYB	coding	False
15557	3	2.1837793969789906e-05	0.00022228751918098157	0.9366666666666666	False	1.0	False	Immune	False	False	False	False	False	"{""Epithelial_other"": {""vaf"": 0.00233, ""n"": 25, ""pooled_depth"": 43.0, ""callable"": false}, ""Immune"": {""vaf"": 0.00784, ""n"": 139, ""pooled_depth"": 199.0, ""callable"": false}, ""Stromal"": {""vaf"": 0.00224, ""n"": 36, ""pooled_depth"": 49.0, ""callable"": false}}"	PDAC05	G	T	MT-CYB	coding	False
15596	3	3.7572961448393975e-05	0.00021630438926755694	0.73	False	1.0	False	Immune	False	False	False	False	False	"{""Epithelial_other"": {""vaf"": 0.0029, ""n"": 23, ""pooled_depth"": 41.0, ""callable"": false}, ""Immune"": {""vaf"": 0.01139, ""n"": 151, ""pooled_depth"": 220.0, ""callable"": true}, ""Stromal"": {""vaf"": 0.0028, ""n"": 28, ""pooled_depth"": 45.0, ""callable"": false}}"	PDAC05	G	T	MT-CYB	coding	False
15673	3	4.0427833726043645e-05	0.00010549772478684206	0.51	False	1.0	False	Epithelial_other	False	False	False	False	False	"{""Epithelial_other"": {""vaf"": 0.01326, ""n"": 29, ""pooled_depth"": 49.0, ""callable"": false}, ""Immune"": {""vaf"": 0.00603, ""n"": 134, ""pooled_depth"": 196.0, ""callable"": false}, ""Stromal"": {""vaf"": 0.00524, ""n"": 33, ""pooled_depth"": 46.0, ""callable"": false}}"	PDAC05	A	C	MT-CYB	coding	False
15729	3	1.8109698824896783e-05	0.00014595409230485485	0.8033333333333333	False	1.0	False	Immune	False	False	False	False	False	"{""Epithelial_other"": {""vaf"": 0.00243, ""n"": 25, ""pooled_depth"": 35.0, ""callable"": false}, ""Immune"": {""vaf"": 0.00768, ""n"": 146, ""pooled_depth"": 203.0, ""callable"": false}, ""Stromal"": {""vaf"": 0.00249, ""n"": 24, ""pooled_depth"": 32.0, ""callable"": false}}"	PDAC05	T	C	MT-CYB	coding	False
15892	3	4.3995057250959285e-05	0.0008666632460790957	0.67	False	1.0	False	Immune	False	False	False	False	False	"{""Epithelial_other"": {""vaf"": 0.00334, ""n"": 25, ""pooled_depth"": 33.0, ""callable"": false}, ""Immune"": {""vaf"": 0.01266, ""n"": 135, ""pooled_depth"": 198.0, ""callable"": true}, ""Stromal"": {""vaf"": 0.00325, ""n"": 30, ""pooled_depth"": 36.0, ""callable"": false}}"	PDAC05	T	C	tRNA/intergenic	tRNA	True
15998	3	2.2227211712258756e-05	0.00015071919052297262	0.7466666666666667	False	1.0	False	Immune	False	False	False	False	False	"{""Epithelial_other"": {""vaf"": 0.00252, ""n"": 30, ""pooled_depth"": 38.0, ""callable"": false}, ""Immune"": {""vaf"": 0.0083, ""n"": 137, ""pooled_depth"": 188.0, ""callable"": false}, ""Stromal"": {""vaf"": 0.00266, ""n"": 24, ""pooled_depth"": 31.0, ""callable"": false}}"	PDAC05	A	C	tRNA/intergenic	tRNA	True
