pos	n_partitions	T_obs	null_q95	empirical_p	licensed	shuffleable_frac	enough_pooled_depth	top	feasible_0.005	feasible_0.01	feasible_0.02	feasible_0.05	feasible_0.1	per_cluster	sample
588	12	2.280898583177758e-06	2.7421937278228823e-06	0.09	False	1.0	True	sub10	True	True	True	True	True	"{""sub1"": {""vaf"": 0.00909, ""n"": 954, ""pooled_depth"": 13710.0, ""callable"": true}, ""sub10"": {""vaf"": 0.01119, ""n"": 386, ""pooled_depth"": 3575.0, ""callable"": true}, ""sub11"": {""vaf"": 0.00909, ""n"": 393, ""pooled_depth"": 4678.0, ""callable"": true}, ""sub12"": {""vaf"": 0.00819, ""n"": 184, ""pooled_depth"": 2187.0, ""callable"": false}, ""sub2"": {""vaf"": 0.00859, ""n"": 780, ""pooled_depth"": 9650.0, ""callable"": true}, ""sub3"": {""vaf"": 0.0107, ""n"": 734, ""pooled_depth"": 6105.0, ""callable"": true}, ""sub4"": {""vaf"": 0.00899, ""n"": 638, ""pooled_depth"": 5541.0, ""callable"": true}, ""sub5"": {""vaf"": 0.00974, ""n"": 531, ""pooled_depth"": 7887.0, ""callable"": true}, ""sub6"": {""vaf"": 0.01103, ""n"": 503, ""pooled_depth"": 4302.0, ""callable"": true}, ""sub7"": {""vaf"": 0.00826, ""n"": 487, ""pooled_depth"": 2993.0, ""callable"": false}, ""sub8"": {""vaf"": 0.0077, ""n"": 473, ""pooled_depth"": 7560.0, ""callable"": false}, ""sub9"": {""vaf"": 0.00915, ""n"": 456, ""pooled_depth"": 6053.0, ""callable"": true}}"	cll6_2
598	12	1.7116364463877307e-06	1.4178571326013078e-06	0.015	True	1.0	True	sub6	True	True	True	True	True	"{""sub1"": {""vaf"": 0.00544, ""n"": 955, ""pooled_depth"": 13874.0, ""callable"": false}, ""sub10"": {""vaf"": 0.00634, ""n"": 389, ""pooled_depth"": 3506.0, ""callable"": false}, ""sub11"": {""vaf"": 0.00523, ""n"": 394, ""pooled_depth"": 4602.0, ""callable"": false}, ""sub12"": {""vaf"": 0.00492, ""n"": 184, ""pooled_depth"": 2203.0, ""callable"": false}, ""sub2"": {""vaf"": 0.00447, ""n"": 779, ""pooled_depth"": 9630.0, ""callable"": false}, ""sub3"": {""vaf"": 0.00458, ""n"": 736, ""pooled_depth"": 6042.0, ""callable"": false}, ""sub4"": {""vaf"": 0.0062, ""n"": 637, ""pooled_depth"": 5423.0, ""callable"": false}, ""sub5"": {""vaf"": 0.0065, ""n"": 531, ""pooled_depth"": 7826.0, ""callable"": false}, ""sub6"": {""vaf"": 0.00694, ""n"": 505, ""pooled_depth"": 4285.0, ""callable"": false}, ""sub7"": {""vaf"": 0.0068, ""n"": 489, ""pooled_depth"": 2955.0, ""callable"": false}, ""sub8"": {""vaf"": 0.00403, ""n"": 473, ""pooled_depth"": 7474.0, ""callable"": false}, ""sub9"": {""vaf"": 0.00588, ""n"": 453, ""pooled_depth"": 5856.0, ""callable"": false}}"	cll6_2
685	12	6.950370396544378e-07	1.8914120228158801e-06	0.79	False	1.0	True	sub6	False	True	True	True	True	"{""sub1"": {""vaf"": 0.00597, ""n"": 951, ""pooled_depth"": 11718.0, ""callable"": false}, ""sub10"": {""vaf"": 0.00648, ""n"": 394, ""pooled_depth"": 3193.0, ""callable"": false}, ""sub11"": {""vaf"": 0.007, ""n"": 392, ""pooled_depth"": 3904.0, ""callable"": false}, ""sub12"": {""vaf"": 0.00695, ""n"": 182, ""pooled_depth"": 1962.0, ""callable"": false}, ""sub2"": {""vaf"": 0.00621, ""n"": 783, ""pooled_depth"": 8281.0, ""callable"": false}, ""sub3"": {""vaf"": 0.00672, ""n"": 734, ""pooled_depth"": 5230.0, ""callable"": false}, ""sub4"": {""vaf"": 0.00694, ""n"": 626, ""pooled_depth"": 4431.0, ""callable"": false}, ""sub5"": {""vaf"": 0.00613, ""n"": 533, ""pooled_depth"": 6838.0, ""callable"": false}, ""sub6"": {""vaf"": 0.007, ""n"": 497, ""pooled_depth"": 3752.0, ""callable"": false}, ""sub7"": {""vaf"": 0.00612, ""n"": 480, ""pooled_depth"": 2618.0, ""callable"": false}, ""sub8"": {""vaf"": 0.00663, ""n"": 478, ""pooled_depth"": 6440.0, ""callable"": false}, ""sub9"": {""vaf"": 0.00632, ""n"": 454, ""pooled_depth"": 5187.0, ""callable"": false}}"	cll6_2
686	12	2.399645550233168e-06	3.1240493372948045e-06	0.165	False	1.0	True	sub10	True	True	True	True	True	"{""sub1"": {""vaf"": 0.01, ""n"": 952, ""pooled_depth"": 12469.0, ""callable"": true}, ""sub10"": {""vaf"": 0.01281, ""n"": 395, ""pooled_depth"": 3426.0, ""callable"": true}, ""sub11"": {""vaf"": 0.01144, ""n"": 392, ""pooled_depth"": 4172.0, ""callable"": true}, ""sub12"": {""vaf"": 0.01051, ""n"": 182, ""pooled_depth"": 2092.0, ""callable"": true}, ""sub2"": {""vaf"": 0.01043, ""n"": 784, ""pooled_depth"": 8844.0, ""callable"": true}, ""sub3"": {""vaf"": 0.01099, ""n"": 739, ""pooled_depth"": 5578.0, ""callable"": true}, ""sub4"": {""vaf"": 0.01231, ""n"": 629, ""pooled_depth"": 4844.0, ""callable"": true}, ""sub5"": {""vaf"": 0.0114, ""n"": 529, ""pooled_depth"": 7269.0, ""callable"": true}, ""sub6"": {""vaf"": 0.01182, ""n"": 500, ""pooled_depth"": 4004.0, ""callable"": true}, ""sub7"": {""vaf"": 0.01038, ""n"": 481, ""pooled_depth"": 2833.0, ""callable"": true}, ""sub8"": {""vaf"": 0.00929, ""n"": 479, ""pooled_depth"": 6911.0, ""callable"": true}, ""sub9"": {""vaf"": 0.01098, ""n"": 454, ""pooled_depth"": 5583.0, ""callable"": true}}"	cll6_2
735	12	2.4040915982062976e-06	1.8680903710527526e-06	0.01	True	1.0	True	sub6	True	True	True	True	True	"{""sub1"": {""vaf"": 0.00778, ""n"": 953, ""pooled_depth"": 15667.0, ""callable"": false}, ""sub10"": {""vaf"": 0.01041, ""n"": 398, ""pooled_depth"": 4500.0, ""callable"": true}, ""sub11"": {""vaf"": 0.00898, ""n"": 394, ""pooled_depth"": 5487.0, ""callable"": true}, ""sub12"": {""vaf"": 0.01015, ""n"": 183, ""pooled_depth"": 2523.0, ""callable"": true}, ""sub2"": {""vaf"": 0.00892, ""n"": 783, ""pooled_depth"": 11260.0, ""callable"": true}, ""sub3"": {""vaf"": 0.00909, ""n"": 734, ""pooled_depth"": 7247.0, ""callable"": true}, ""sub4"": {""vaf"": 0.01011, ""n"": 638, ""pooled_depth"": 6508.0, ""callable"": true}, ""sub5"": {""vaf"": 0.00996, ""n"": 532, ""pooled_depth"": 8861.0, ""callable"": true}, ""sub6"": {""vaf"": 0.01098, ""n"": 508, ""pooled_depth"": 5195.0, ""callable"": true}, ""sub7"": {""vaf"": 0.00798, ""n"": 491, ""pooled_depth"": 3425.0, ""callable"": false}, ""sub8"": {""vaf"": 0.00754, ""n"": 485, ""pooled_depth"": 8185.0, ""callable"": false}, ""sub9"": {""vaf"": 0.01001, ""n"": 460, ""pooled_depth"": 6995.0, ""callable"": true}}"	cll6_2
827	12	6.44030743424442e-07	1.440611640951612e-06	0.72	False	1.0	True	sub4	True	True	True	True	True	"{""sub1"": {""vaf"": 0.00619, ""n"": 953, ""pooled_depth"": 14789.0, ""callable"": false}, ""sub10"": {""vaf"": 0.00684, ""n"": 393, ""pooled_depth"": 4110.0, ""callable"": false}, ""sub11"": {""vaf"": 0.00706, ""n"": 395, ""pooled_depth"": 4903.0, ""callable"": false}, ""sub12"": {""vaf"": 0.00675, ""n"": 184, ""pooled_depth"": 2330.0, ""callable"": false}, ""sub2"": {""vaf"": 0.00643, ""n"": 783, ""pooled_depth"": 10401.0, ""callable"": false}, ""sub3"": {""vaf"": 0.00608, ""n"": 741, ""pooled_depth"": 6622.0, ""callable"": false}, ""sub4"": {""vaf"": 0.00728, ""n"": 638, ""pooled_depth"": 6064.0, ""callable"": true}, ""sub5"": {""vaf"": 0.00632, ""n"": 532, ""pooled_depth"": 8315.0, ""callable"": false}, ""sub6"": {""vaf"": 0.00679, ""n"": 497, ""pooled_depth"": 4777.0, ""callable"": false}, ""sub7"": {""vaf"": 0.00727, ""n"": 486, ""pooled_depth"": 3195.0, ""callable"": true}, ""sub8"": {""vaf"": 0.00617, ""n"": 485, ""pooled_depth"": 7873.0, ""callable"": false}, ""sub9"": {""vaf"": 0.00657, ""n"": 459, ""pooled_depth"": 6385.0, ""callable"": false}}"	cll6_2
876	12	1.7168660096702947e-06	2.847750301739922e-06	0.35	False	1.0	True	sub10	False	True	True	True	True	"{""sub1"": {""vaf"": 0.01096, ""n"": 953, ""pooled_depth"": 11642.0, ""callable"": true}, ""sub10"": {""vaf"": 0.01107, ""n"": 390, ""pooled_depth"": 3162.0, ""callable"": true}, ""sub11"": {""vaf"": 0.01013, ""n"": 392, ""pooled_depth"": 3949.0, ""callable"": true}, ""sub12"": {""vaf"": 0.01055, ""n"": 183, ""pooled_depth"": 1778.0, ""callable"": true}, ""sub2"": {""vaf"": 0.01015, ""n"": 782, ""pooled_depth"": 8163.0, ""callable"": true}, ""sub3"": {""vaf"": 0.01006, ""n"": 726, ""pooled_depth"": 5200.0, ""callable"": true}, ""sub4"": {""vaf"": 0.01013, ""n"": 625, ""pooled_depth"": 4634.0, ""callable"": true}, ""sub5"": {""vaf"": 0.00877, ""n"": 531, ""pooled_depth"": 6739.0, ""callable"": false}, ""sub6"": {""vaf"": 0.00999, ""n"": 498, ""pooled_depth"": 3774.0, ""callable"": true}, ""sub7"": {""vaf"": 0.01011, ""n"": 478, ""pooled_depth"": 2483.0, ""callable"": true}, ""sub8"": {""vaf"": 0.00903, ""n"": 477, ""pooled_depth"": 6286.0, ""callable"": true}, ""sub9"": {""vaf"": 0.00983, ""n"": 455, ""pooled_depth"": 5140.0, ""callable"": true}}"	cll6_2
908	12	9.433233952708548e-07	1.581714801735042e-06	0.41	False	1.0	True	sub4	True	True	True	True	True	"{""sub1"": {""vaf"": 0.0064, ""n"": 959, ""pooled_depth"": 14441.0, ""callable"": false}, ""sub10"": {""vaf"": 0.0067, ""n"": 396, ""pooled_depth"": 3962.0, ""callable"": false}, ""sub11"": {""vaf"": 0.00707, ""n"": 398, ""pooled_depth"": 4982.0, ""callable"": false}, ""sub12"": {""vaf"": 0.00645, ""n"": 182, ""pooled_depth"": 2206.0, ""callable"": false}, ""sub2"": {""vaf"": 0.00675, ""n"": 781, ""pooled_depth"": 10267.0, ""callable"": false}, ""sub3"": {""vaf"": 0.00715, ""n"": 737, ""pooled_depth"": 6522.0, ""callable"": false}, ""sub4"": {""vaf"": 0.0074, ""n"": 636, ""pooled_depth"": 5825.0, ""callable"": true}, ""sub5"": {""vaf"": 0.00669, ""n"": 534, ""pooled_depth"": 8317.0, ""callable"": false}, ""sub6"": {""vaf"": 0.0064, ""n"": 503, ""pooled_depth"": 4767.0, ""callable"": false}, ""sub7"": {""vaf"": 0.00658, ""n"": 491, ""pooled_depth"": 3095.0, ""callable"": false}, ""sub8"": {""vaf"": 0.00536, ""n"": 474, ""pooled_depth"": 7689.0, ""callable"": false}, ""sub9"": {""vaf"": 0.00666, ""n"": 457, ""pooled_depth"": 6274.0, ""callable"": false}}"	cll6_2
1061	12	4.5367576808869385e-06	5.522938490723865e-06	0.1	False	1.0	True	sub10	False	True	True	True	True	"{""sub1"": {""vaf"": 0.00802, ""n"": 931, ""pooled_depth"": 5835.0, ""callable"": false}, ""sub10"": {""vaf"": 0.01166, ""n"": 368, ""pooled_depth"": 1447.0, ""callable"": true}, ""sub11"": {""vaf"": 0.00915, ""n"": 376, ""pooled_depth"": 1776.0, ""callable"": true}, ""sub12"": {""vaf"": 0.00845, ""n"": 177, ""pooled_depth"": 968.0, ""callable"": false}, ""sub2"": {""vaf"": 0.00735, ""n"": 766, ""pooled_depth"": 4175.0, ""callable"": false}, ""sub3"": {""vaf"": 0.00828, ""n"": 677, ""pooled_depth"": 2585.0, ""callable"": true}, ""sub4"": {""vaf"": 0.0102, ""n"": 561, ""pooled_depth"": 2042.0, ""callable"": true}, ""sub5"": {""vaf"": 0.0066, ""n"": 518, ""pooled_depth"": 3134.0, ""callable"": false}, ""sub6"": {""vaf"": 0.00925, ""n"": 467, ""pooled_depth"": 1741.0, ""callable"": true}, ""sub7"": {""vaf"": 0.00768, ""n"": 422, ""pooled_depth"": 1201.0, ""callable"": false}, ""sub8"": {""vaf"": 0.00638, ""n"": 460, ""pooled_depth"": 3290.0, ""callable"": false}, ""sub9"": {""vaf"": 0.00879, ""n"": 438, ""pooled_depth"": 2359.0, ""callable"": true}}"	cll6_2
1071	12	8.67270662917675e-06	5.746528274881154e-06	0.01	True	1.0	True	sub4	False	True	True	True	True	"{""sub1"": {""vaf"": 0.00781, ""n"": 920, ""pooled_depth"": 5005.0, ""callable"": false}, ""sub10"": {""vaf"": 0.01043, ""n"": 358, ""pooled_depth"": 1214.0, ""callable"": true}, ""sub11"": {""vaf"": 0.00887, ""n"": 368, ""pooled_depth"": 1524.0, ""callable"": true}, ""sub12"": {""vaf"": 0.00318, ""n"": 173, ""pooled_depth"": 829.0, ""callable"": false}, ""sub2"": {""vaf"": 0.00623, ""n"": 762, ""pooled_depth"": 3527.0, ""callable"": false}, ""sub3"": {""vaf"": 0.0051, ""n"": 664, ""pooled_depth"": 2269.0, ""callable"": false}, ""sub4"": {""vaf"": 0.01192, ""n"": 539, ""pooled_depth"": 1750.0, ""callable"": true}, ""sub5"": {""vaf"": 0.00773, ""n"": 506, ""pooled_depth"": 2735.0, ""callable"": false}, ""sub6"": {""vaf"": 0.01161, ""n"": 451, ""pooled_depth"": 1467.0, ""callable"": true}, ""sub7"": {""vaf"": 0.00902, ""n"": 408, ""pooled_depth"": 1047.0, ""callable"": true}, ""sub8"": {""vaf"": 0.00535, ""n"": 455, ""pooled_depth"": 2890.0, ""callable"": false}, ""sub9"": {""vaf"": 0.00868, ""n"": 433, ""pooled_depth"": 2029.0, ""callable"": true}}"	cll6_2
1121	12	9.490287542451567e-06	7.073176283827995e-06	0.015	True	1.0	True	sub4	False	True	True	True	True	"{""sub1"": {""vaf"": 0.00423, ""n"": 875, ""pooled_depth"": 3282.0, ""callable"": false}, ""sub10"": {""vaf"": 0.00914, ""n"": 312, ""pooled_depth"": 737.0, ""callable"": true}, ""sub11"": {""vaf"": 0.00967, ""n"": 342, ""pooled_depth"": 982.0, ""callable"": true}, ""sub12"": {""vaf"": 0.00279, ""n"": 163, ""pooled_depth"": 543.0, ""callable"": false}, ""sub2"": {""vaf"": 0.00443, ""n"": 702, ""pooled_depth"": 2209.0, ""callable"": false}, ""sub3"": {""vaf"": 0.00426, ""n"": 560, ""pooled_depth"": 1380.0, ""callable"": false}, ""sub4"": {""vaf"": 0.01038, ""n"": 467, ""pooled_depth"": 1078.0, ""callable"": true}, ""sub5"": {""vaf"": 0.00484, ""n"": 495, ""pooled_depth"": 1782.0, ""callable"": false}, ""sub6"": {""vaf"": 0.00766, ""n"": 382, ""pooled_depth"": 833.0, ""callable"": false}, ""sub7"": {""vaf"": 0.00583, ""n"": 341, ""pooled_depth"": 717.0, ""callable"": false}, ""sub8"": {""vaf"": 0.0037, ""n"": 434, ""pooled_depth"": 1926.0, ""callable"": false}, ""sub9"": {""vaf"": 0.00725, ""n"": 393, ""pooled_depth"": 1180.0, ""callable"": false}}"	cll6_2
1354	12	1.1818601524149878e-06	1.7227888934399655e-06	0.23	False	1.0	True	sub6	True	True	True	True	True	"{""sub1"": {""vaf"": 0.0046, ""n"": 954, ""pooled_depth"": 13013.0, ""callable"": false}, ""sub10"": {""vaf"": 0.00584, ""n"": 396, ""pooled_depth"": 3460.0, ""callable"": false}, ""sub11"": {""vaf"": 0.00603, ""n"": 394, ""pooled_depth"": 4387.0, ""callable"": false}, ""sub12"": {""vaf"": 0.0048, ""n"": 184, ""pooled_depth"": 2117.0, ""callable"": false}, ""sub2"": {""vaf"": 0.00538, ""n"": 780, ""pooled_depth"": 9087.0, ""callable"": false}, ""sub3"": {""vaf"": 0.00544, ""n"": 732, ""pooled_depth"": 5653.0, ""callable"": false}, ""sub4"": {""vaf"": 0.00558, ""n"": 628, ""pooled_depth"": 5406.0, ""callable"": false}, ""sub5"": {""vaf"": 0.00489, ""n"": 529, ""pooled_depth"": 7332.0, ""callable"": false}, ""sub6"": {""vaf"": 0.0062, ""n"": 500, ""pooled_depth"": 4332.0, ""callable"": false}, ""sub7"": {""vaf"": 0.0055, ""n"": 479, ""pooled_depth"": 2628.0, ""callable"": false}, ""sub8"": {""vaf"": 0.00389, ""n"": 475, ""pooled_depth"": 6846.0, ""callable"": false}, ""sub9"": {""vaf"": 0.00593, ""n"": 452, ""pooled_depth"": 5711.0, ""callable"": false}}"	cll6_2
1736	12	3.4440193397714034e-06	2.2560873190084006e-06	0.0	True	1.0	True	sub6	True	True	True	True	True	"{""sub1"": {""vaf"": 0.00822, ""n"": 954, ""pooled_depth"": 13723.0, ""callable"": true}, ""sub10"": {""vaf"": 0.00836, ""n"": 397, ""pooled_depth"": 3660.0, ""callable"": true}, ""sub11"": {""vaf"": 0.00722, ""n"": 396, ""pooled_depth"": 4630.0, ""callable"": false}, ""sub12"": {""vaf"": 0.00649, ""n"": 182, ""pooled_depth"": 2249.0, ""callable"": false}, ""sub2"": {""vaf"": 0.00831, ""n"": 782, ""pooled_depth"": 9830.0, ""callable"": true}, ""sub3"": {""vaf"": 0.00825, ""n"": 737, ""pooled_depth"": 6149.0, ""callable"": true}, ""sub4"": {""vaf"": 0.0092, ""n"": 628, ""pooled_depth"": 5789.0, ""callable"": true}, ""sub5"": {""vaf"": 0.00567, ""n"": 533, ""pooled_depth"": 7577.0, ""callable"": false}, ""sub6"": {""vaf"": 0.01058, ""n"": 505, ""pooled_depth"": 4537.0, ""callable"": true}, ""sub7"": {""vaf"": 0.0055, ""n"": 490, ""pooled_depth"": 2944.0, ""callable"": false}, ""sub8"": {""vaf"": 0.00541, ""n"": 474, ""pooled_depth"": 7272.0, ""callable"": false}, ""sub9"": {""vaf"": 0.00708, ""n"": 457, ""pooled_depth"": 6027.0, ""callable"": false}}"	cll6_2
1751	12	2.5317345769782713e-06	1.5336815711207903e-06	0.0	True	1.0	True	sub11	True	True	True	True	True	"{""sub1"": {""vaf"": 0.00434, ""n"": 954, ""pooled_depth"": 13404.0, ""callable"": false}, ""sub10"": {""vaf"": 0.00623, ""n"": 396, ""pooled_depth"": 3594.0, ""callable"": false}, ""sub11"": {""vaf"": 0.00805, ""n"": 393, ""pooled_depth"": 4439.0, ""callable"": true}, ""sub12"": {""vaf"": 0.005, ""n"": 183, ""pooled_depth"": 2175.0, ""callable"": false}, ""sub2"": {""vaf"": 0.00442, ""n"": 782, ""pooled_depth"": 9497.0, ""callable"": false}, ""sub3"": {""vaf"": 0.00591, ""n"": 739, ""pooled_depth"": 5925.0, ""callable"": false}, ""sub4"": {""vaf"": 0.00764, ""n"": 634, ""pooled_depth"": 5568.0, ""callable"": true}, ""sub5"": {""vaf"": 0.00549, ""n"": 531, ""pooled_depth"": 7263.0, ""callable"": false}, ""sub6"": {""vaf"": 0.00607, ""n"": 501, ""pooled_depth"": 4401.0, ""callable"": false}, ""sub7"": {""vaf"": 0.00694, ""n"": 491, ""pooled_depth"": 2875.0, ""callable"": false}, ""sub8"": {""vaf"": 0.00442, ""n"": 475, ""pooled_depth"": 7025.0, ""callable"": false}, ""sub9"": {""vaf"": 0.00597, ""n"": 459, ""pooled_depth"": 5851.0, ""callable"": false}}"	cll6_2
1784	12	6.509943577580236e-07	1.554428337312295e-06	0.63	False	1.0	True	sub7	False	True	True	True	True	"{""sub1"": {""vaf"": 0.00534, ""n"": 952, ""pooled_depth"": 11430.0, ""callable"": false}, ""sub10"": {""vaf"": 0.00484, ""n"": 389, ""pooled_depth"": 2901.0, ""callable"": false}, ""sub11"": {""vaf"": 0.00527, ""n"": 392, ""pooled_depth"": 3653.0, ""callable"": false}, ""sub12"": {""vaf"": 0.00455, ""n"": 182, ""pooled_depth"": 1804.0, ""callable"": false}, ""sub2"": {""vaf"": 0.00534, ""n"": 781, ""pooled_depth"": 8043.0, ""callable"": false}, ""sub3"": {""vaf"": 0.0053, ""n"": 728, ""pooled_depth"": 4929.0, ""callable"": false}, ""sub4"": {""vaf"": 0.00537, ""n"": 624, ""pooled_depth"": 4633.0, ""callable"": false}, ""sub5"": {""vaf"": 0.00453, ""n"": 528, ""pooled_depth"": 6252.0, ""callable"": false}, ""sub6"": {""vaf"": 0.00489, ""n"": 500, ""pooled_depth"": 3650.0, ""callable"": false}, ""sub7"": {""vaf"": 0.00613, ""n"": 481, ""pooled_depth"": 2413.0, ""callable"": false}, ""sub8"": {""vaf"": 0.00479, ""n"": 474, ""pooled_depth"": 6095.0, ""callable"": false}, ""sub9"": {""vaf"": 0.00478, ""n"": 454, ""pooled_depth"": 4858.0, ""callable"": false}}"	cll6_2
1972	12	1.6385882827704374e-06	2.410879369273121e-06	0.24	False	1.0	True	sub11	False	True	True	True	True	"{""sub1"": {""vaf"": 0.00517, ""n"": 947, ""pooled_depth"": 9653.0, ""callable"": false}, ""sub10"": {""vaf"": 0.00655, ""n"": 384, ""pooled_depth"": 2305.0, ""callable"": false}, ""sub11"": {""vaf"": 0.0075, ""n"": 391, ""pooled_depth"": 3131.0, ""callable"": true}, ""sub12"": {""vaf"": 0.00517, ""n"": 184, ""pooled_depth"": 1529.0, ""callable"": false}, ""sub2"": {""vaf"": 0.00594, ""n"": 781, ""pooled_depth"": 6697.0, ""callable"": false}, ""sub3"": {""vaf"": 0.00635, ""n"": 716, ""pooled_depth"": 4042.0, ""callable"": false}, ""sub4"": {""vaf"": 0.00706, ""n"": 612, ""pooled_depth"": 3923.0, ""callable"": false}, ""sub5"": {""vaf"": 0.00505, ""n"": 535, ""pooled_depth"": 5589.0, ""callable"": false}, ""sub6"": {""vaf"": 0.00654, ""n"": 495, ""pooled_depth"": 3083.0, ""callable"": false}, ""sub7"": {""vaf"": 0.00657, ""n"": 466, ""pooled_depth"": 1990.0, ""callable"": false}, ""sub8"": {""vaf"": 0.00578, ""n"": 470, ""pooled_depth"": 5234.0, ""callable"": false}, ""sub9"": {""vaf"": 0.00686, ""n"": 452, ""pooled_depth"": 4116.0, ""callable"": false}}"	cll6_2
2097	12	2.667238619457043e-06	1.9832502057043335e-06	0.0	True	1.0	True	sub10	True	True	True	True	True	"{""sub1"": {""vaf"": 0.00776, ""n"": 951, ""pooled_depth"": 13221.0, ""callable"": false}, ""sub10"": {""vaf"": 0.01101, ""n"": 398, ""pooled_depth"": 3692.0, ""callable"": true}, ""sub11"": {""vaf"": 0.0077, ""n"": 395, ""pooled_depth"": 4515.0, ""callable"": false}, ""sub12"": {""vaf"": 0.00745, ""n"": 182, ""pooled_depth"": 2186.0, ""callable"": false}, ""sub2"": {""vaf"": 0.00693, ""n"": 780, ""pooled_depth"": 9160.0, ""callable"": false}, ""sub3"": {""vaf"": 0.00891, ""n"": 733, ""pooled_depth"": 5857.0, ""callable"": true}, ""sub4"": {""vaf"": 0.0085, ""n"": 628, ""pooled_depth"": 5184.0, ""callable"": true}, ""sub5"": {""vaf"": 0.00784, ""n"": 534, ""pooled_depth"": 7461.0, ""callable"": false}, ""sub6"": {""vaf"": 0.00925, ""n"": 500, ""pooled_depth"": 4262.0, ""callable"": true}, ""sub7"": {""vaf"": 0.0076, ""n"": 486, ""pooled_depth"": 2764.0, ""callable"": false}, ""sub8"": {""vaf"": 0.00582, ""n"": 476, ""pooled_depth"": 6503.0, ""callable"": false}, ""sub9"": {""vaf"": 0.00753, ""n"": 459, ""pooled_depth"": 5724.0, ""callable"": false}}"	cll6_2
2146	12	3.3973446618090564e-06	3.2882883201237823e-06	0.045	True	1.0	True	sub10	False	True	True	True	True	"{""sub1"": {""vaf"": 0.00961, ""n"": 956, ""pooled_depth"": 12337.0, ""callable"": true}, ""sub10"": {""vaf"": 0.01213, ""n"": 397, ""pooled_depth"": 3423.0, ""callable"": true}, ""sub11"": {""vaf"": 0.01037, ""n"": 394, ""pooled_depth"": 4288.0, ""callable"": true}, ""sub12"": {""vaf"": 0.0111, ""n"": 183, ""pooled_depth"": 1933.0, ""callable"": true}, ""sub2"": {""vaf"": 0.00948, ""n"": 781, ""pooled_depth"": 8545.0, ""callable"": true}, ""sub3"": {""vaf"": 0.01146, ""n"": 731, ""pooled_depth"": 5273.0, ""callable"": true}, ""sub4"": {""vaf"": 0.01195, ""n"": 630, ""pooled_depth"": 5107.0, ""callable"": true}, ""sub5"": {""vaf"": 0.00897, ""n"": 531, ""pooled_depth"": 6958.0, ""callable"": true}, ""sub6"": {""vaf"": 0.01157, ""n"": 499, ""pooled_depth"": 3984.0, ""callable"": true}, ""sub7"": {""vaf"": 0.01205, ""n"": 482, ""pooled_depth"": 2638.0, ""callable"": true}, ""sub8"": {""vaf"": 0.00872, ""n"": 476, ""pooled_depth"": 6091.0, ""callable"": false}, ""sub9"": {""vaf"": 0.0119, ""n"": 459, ""pooled_depth"": 5394.0, ""callable"": true}}"	cll6_2
2402	12	3.560979326245093e-06	2.4112696128247657e-06	0.005	True	1.0	True	sub4	True	True	True	True	True	"{""sub1"": {""vaf"": 0.00762, ""n"": 959, ""pooled_depth"": 13708.0, ""callable"": false}, ""sub10"": {""vaf"": 0.00986, ""n"": 396, ""pooled_depth"": 3639.0, ""callable"": true}, ""sub11"": {""vaf"": 0.01005, ""n"": 391, ""pooled_depth"": 4518.0, ""callable"": true}, ""sub12"": {""vaf"": 0.0092, ""n"": 184, ""pooled_depth"": 2231.0, ""callable"": true}, ""sub2"": {""vaf"": 0.00966, ""n"": 783, ""pooled_depth"": 9667.0, ""callable"": true}, ""sub3"": {""vaf"": 0.00896, ""n"": 732, ""pooled_depth"": 6039.0, ""callable"": true}, ""sub4"": {""vaf"": 0.01204, ""n"": 628, ""pooled_depth"": 5351.0, ""callable"": true}, ""sub5"": {""vaf"": 0.00752, ""n"": 534, ""pooled_depth"": 7811.0, ""callable"": false}, ""sub6"": {""vaf"": 0.01085, ""n"": 497, ""pooled_depth"": 4278.0, ""callable"": true}, ""sub7"": {""vaf"": 0.0098, ""n"": 487, ""pooled_depth"": 2963.0, ""callable"": true}, ""sub8"": {""vaf"": 0.00745, ""n"": 475, ""pooled_depth"": 7375.0, ""callable"": false}, ""sub9"": {""vaf"": 0.00901, ""n"": 460, ""pooled_depth"": 5887.0, ""callable"": true}}"	cll6_2
2514	12	9.87845302974363e-07	1.0965127585985515e-06	0.105	False	1.0	True	sub9	True	True	True	True	True	"{""sub1"": {""vaf"": 0.00562, ""n"": 957, ""pooled_depth"": 17412.0, ""callable"": false}, ""sub10"": {""vaf"": 0.00606, ""n"": 396, ""pooled_depth"": 4988.0, ""callable"": false}, ""sub11"": {""vaf"": 0.00588, ""n"": 393, ""pooled_depth"": 5993.0, ""callable"": false}, ""sub12"": {""vaf"": 0.00605, ""n"": 183, ""pooled_depth"": 2697.0, ""callable"": false}, ""sub2"": {""vaf"": 0.00583, ""n"": 785, ""pooled_depth"": 12276.0, ""callable"": false}, ""sub3"": {""vaf"": 0.00546, ""n"": 745, ""pooled_depth"": 8009.0, ""callable"": false}, ""sub4"": {""vaf"": 0.0061, ""n"": 634, ""pooled_depth"": 7061.0, ""callable"": false}, ""sub5"": {""vaf"": 0.00693, ""n"": 535, ""pooled_depth"": 9841.0, ""callable"": false}, ""sub6"": {""vaf"": 0.00649, ""n"": 506, ""pooled_depth"": 5673.0, ""callable"": false}, ""sub7"": {""vaf"": 0.00574, ""n"": 491, ""pooled_depth"": 3855.0, ""callable"": false}, ""sub8"": {""vaf"": 0.00566, ""n"": 482, ""pooled_depth"": 8759.0, ""callable"": false}, ""sub9"": {""vaf"": 0.00748, ""n"": 456, ""pooled_depth"": 7633.0, ""callable"": true}}"	cll6_2
2560	12	2.6192034305512886e-06	1.4597148148471248e-06	0.005	True	1.0	True	sub4	True	True	True	True	True	"{""sub1"": {""vaf"": 0.00713, ""n"": 958, ""pooled_depth"": 17661.0, ""callable"": false}, ""sub10"": {""vaf"": 0.00748, ""n"": 400, ""pooled_depth"": 5252.0, ""callable"": false}, ""sub11"": {""vaf"": 0.00738, ""n"": 396, ""pooled_depth"": 6166.0, ""callable"": false}, ""sub12"": {""vaf"": 0.0048, ""n"": 183, ""pooled_depth"": 2942.0, ""callable"": false}, ""sub2"": {""vaf"": 0.00672, ""n"": 782, ""pooled_depth"": 12445.0, ""callable"": false}, ""sub3"": {""vaf"": 0.00832, ""n"": 746, ""pooled_depth"": 8270.0, ""callable"": true}, ""sub4"": {""vaf"": 0.01033, ""n"": 638, ""pooled_depth"": 7464.0, ""callable"": true}, ""sub5"": {""vaf"": 0.00811, ""n"": 536, ""pooled_depth"": 10380.0, ""callable"": true}, ""sub6"": {""vaf"": 0.00955, ""n"": 506, ""pooled_depth"": 5919.0, ""callable"": true}, ""sub7"": {""vaf"": 0.00746, ""n"": 494, ""pooled_depth"": 3928.0, ""callable"": false}, ""sub8"": {""vaf"": 0.00621, ""n"": 486, ""pooled_depth"": 9426.0, ""callable"": false}, ""sub9"": {""vaf"": 0.00887, ""n"": 461, ""pooled_depth"": 7981.0, ""callable"": true}}"	cll6_2
2662	12	4.7138008802738016e-07	1.2255631225572105e-06	0.825	False	1.0	True	sub6	True	True	True	True	True	"{""sub1"": {""vaf"": 0.00542, ""n"": 954, ""pooled_depth"": 15522.0, ""callable"": false}, ""sub10"": {""vaf"": 0.00595, ""n"": 399, ""pooled_depth"": 4385.0, ""callable"": false}, ""sub11"": {""vaf"": 0.00531, ""n"": 396, ""pooled_depth"": 5404.0, ""callable"": false}, ""sub12"": {""vaf"": 0.00518, ""n"": 186, ""pooled_depth"": 2396.0, ""callable"": false}, ""sub2"": {""vaf"": 0.00557, ""n"": 783, ""pooled_depth"": 10810.0, ""callable"": false}, ""sub3"": {""vaf"": 0.00594, ""n"": 736, ""pooled_depth"": 7102.0, ""callable"": false}, ""sub4"": {""vaf"": 0.00589, ""n"": 634, ""pooled_depth"": 6352.0, ""callable"": false}, ""sub5"": {""vaf"": 0.00486, ""n"": 532, ""pooled_depth"": 8889.0, ""callable"": false}, ""sub6"": {""vaf"": 0.00632, ""n"": 503, ""pooled_depth"": 5231.0, ""callable"": false}, ""sub7"": {""vaf"": 0.00559, ""n"": 489, ""pooled_depth"": 3424.0, ""callable"": false}, ""sub8"": {""vaf"": 0.00561, ""n"": 483, ""pooled_depth"": 8204.0, ""callable"": false}, ""sub9"": {""vaf"": 0.00576, ""n"": 461, ""pooled_depth"": 6966.0, ""callable"": false}}"	cll6_2
2685	12	3.590879319021995e-07	1.4379198451226122e-06	0.935	False	1.0	True	sub11	True	True	True	True	True	"{""sub1"": {""vaf"": 0.00678, ""n"": 954, ""pooled_depth"": 16281.0, ""callable"": false}, ""sub10"": {""vaf"": 0.00722, ""n"": 398, ""pooled_depth"": 4740.0, ""callable"": false}, ""sub11"": {""vaf"": 0.00742, ""n"": 396, ""pooled_depth"": 5637.0, ""callable"": true}, ""sub12"": {""vaf"": 0.00682, ""n"": 185, ""pooled_depth"": 2497.0, ""callable"": false}, ""sub2"": {""vaf"": 0.00738, ""n"": 785, ""pooled_depth"": 11387.0, ""callable"": false}, ""sub3"": {""vaf"": 0.00702, ""n"": 748, ""pooled_depth"": 7646.0, ""callable"": false}, ""sub4"": {""vaf"": 0.00715, ""n"": 636, ""pooled_depth"": 6673.0, ""callable"": false}, ""sub5"": {""vaf"": 0.00657, ""n"": 537, ""pooled_depth"": 9242.0, ""callable"": false}, ""sub6"": {""vaf"": 0.00722, ""n"": 505, ""pooled_depth"": 5578.0, ""callable"": false}, ""sub7"": {""vaf"": 0.00682, ""n"": 490, ""pooled_depth"": 3522.0, ""callable"": false}, ""sub8"": {""vaf"": 0.00676, ""n"": 483, ""pooled_depth"": 8495.0, ""callable"": false}, ""sub9"": {""vaf"": 0.00642, ""n"": 462, ""pooled_depth"": 7273.0, ""callable"": false}}"	cll6_2
2711	12	1.668322697666619e-06	1.3714481719626248e-06	0.005	True	1.0	True	sub4	True	True	True	True	True	"{""sub1"": {""vaf"": 0.0066, ""n"": 953, ""pooled_depth"": 16173.0, ""callable"": false}, ""sub10"": {""vaf"": 0.00833, ""n"": 397, ""pooled_depth"": 4784.0, ""callable"": true}, ""sub11"": {""vaf"": 0.00609, ""n"": 394, ""pooled_depth"": 5655.0, ""callable"": false}, ""sub12"": {""vaf"": 0.00756, ""n"": 183, ""pooled_depth"": 2579.0, ""callable"": true}, ""sub2"": {""vaf"": 0.00667, ""n"": 782, ""pooled_depth"": 11324.0, ""callable"": false}, ""sub3"": {""vaf"": 0.0067, ""n"": 740, ""pooled_depth"": 7519.0, ""callable"": false}, ""sub4"": {""vaf"": 0.00857, ""n"": 635, ""pooled_depth"": 6655.0, ""callable"": true}, ""sub5"": {""vaf"": 0.00555, ""n"": 539, ""pooled_depth"": 9426.0, ""callable"": false}, ""sub6"": {""vaf"": 0.00807, ""n"": 502, ""pooled_depth"": 5417.0, ""callable"": true}, ""sub7"": {""vaf"": 0.00702, ""n"": 496, ""pooled_depth"": 3461.0, ""callable"": false}, ""sub8"": {""vaf"": 0.00615, ""n"": 483, ""pooled_depth"": 8342.0, ""callable"": false}, ""sub9"": {""vaf"": 0.00724, ""n"": 458, ""pooled_depth"": 7403.0, ""callable"": false}}"	cll6_2
2734	12	1.4500254671565266e-06	1.8834811771349699e-06	0.18	False	1.0	True	sub4	True	True	True	True	True	"{""sub1"": {""vaf"": 0.00648, ""n"": 953, ""pooled_depth"": 13405.0, ""callable"": false}, ""sub10"": {""vaf"": 0.00755, ""n"": 393, ""pooled_depth"": 3660.0, ""callable"": false}, ""sub11"": {""vaf"": 0.00775, ""n"": 391, ""pooled_depth"": 4497.0, ""callable"": true}, ""sub12"": {""vaf"": 0.00675, ""n"": 185, ""pooled_depth"": 2183.0, ""callable"": false}, ""sub2"": {""vaf"": 0.00736, ""n"": 784, ""pooled_depth"": 9432.0, ""callable"": false}, ""sub3"": {""vaf"": 0.00672, ""n"": 737, ""pooled_depth"": 6075.0, ""callable"": false}, ""sub4"": {""vaf"": 0.00878, ""n"": 630, ""pooled_depth"": 5453.0, ""callable"": true}, ""sub5"": {""vaf"": 0.00691, ""n"": 533, ""pooled_depth"": 7543.0, ""callable"": false}, ""sub6"": {""vaf"": 0.00831, ""n"": 503, ""pooled_depth"": 4299.0, ""callable"": true}, ""sub7"": {""vaf"": 0.00672, ""n"": 490, ""pooled_depth"": 2810.0, ""callable"": false}, ""sub8"": {""vaf"": 0.0065, ""n"": 480, ""pooled_depth"": 7192.0, ""callable"": false}, ""sub9"": {""vaf"": 0.00652, ""n"": 461, ""pooled_depth"": 5932.0, ""callable"": false}}"	cll6_2
2863	12	3.1105010334687543e-06	2.438823535252386e-06	0.0	True	1.0	True	sub10	True	True	True	True	True	"{""sub1"": {""vaf"": 0.00941, ""n"": 957, ""pooled_depth"": 13183.0, ""callable"": true}, ""sub10"": {""vaf"": 0.01183, ""n"": 393, ""pooled_depth"": 3603.0, ""callable"": true}, ""sub11"": {""vaf"": 0.00876, ""n"": 390, ""pooled_depth"": 4358.0, ""callable"": true}, ""sub12"": {""vaf"": 0.00723, ""n"": 183, ""pooled_depth"": 2068.0, ""callable"": false}, ""sub2"": {""vaf"": 0.00835, ""n"": 781, ""pooled_depth"": 9449.0, ""callable"": true}, ""sub3"": {""vaf"": 0.00752, ""n"": 738, ""pooled_depth"": 6045.0, ""callable"": false}, ""sub4"": {""vaf"": 0.01003, ""n"": 633, ""pooled_depth"": 5375.0, ""callable"": true}, ""sub5"": {""vaf"": 0.00922, ""n"": 535, ""pooled_depth"": 7306.0, ""callable"": true}, ""sub6"": {""vaf"": 0.01166, ""n"": 504, ""pooled_depth"": 4113.0, ""callable"": true}, ""sub7"": {""vaf"": 0.0087, ""n"": 481, ""pooled_depth"": 2910.0, ""callable"": true}, ""sub8"": {""vaf"": 0.00951, ""n"": 479, ""pooled_depth"": 7137.0, ""callable"": true}, ""sub9"": {""vaf"": 0.01124, ""n"": 454, ""pooled_depth"": 5669.0, ""callable"": true}}"	cll6_2
2897	12	2.4618611148741396e-06	1.7368071576024755e-06	0.005	True	1.0	True	sub4	True	True	True	True	True	"{""sub1"": {""vaf"": 0.00627, ""n"": 954, ""pooled_depth"": 12573.0, ""callable"": false}, ""sub10"": {""vaf"": 0.00649, ""n"": 395, ""pooled_depth"": 3283.0, ""callable"": false}, ""sub11"": {""vaf"": 0.00632, ""n"": 392, ""pooled_depth"": 4066.0, ""callable"": false}, ""sub12"": {""vaf"": 0.00699, ""n"": 183, ""pooled_depth"": 2013.0, ""callable"": false}, ""sub2"": {""vaf"": 0.0059, ""n"": 779, ""pooled_depth"": 8926.0, ""callable"": false}, ""sub3"": {""vaf"": 0.00586, ""n"": 735, ""pooled_depth"": 5768.0, ""callable"": false}, ""sub4"": {""vaf"": 0.00938, ""n"": 627, ""pooled_depth"": 5147.0, ""callable"": true}, ""sub5"": {""vaf"": 0.00678, ""n"": 534, ""pooled_depth"": 7022.0, ""callable"": false}, ""sub6"": {""vaf"": 0.00704, ""n"": 504, ""pooled_depth"": 3967.0, ""callable"": false}, ""sub7"": {""vaf"": 0.00613, ""n"": 482, ""pooled_depth"": 2638.0, ""callable"": false}, ""sub8"": {""vaf"": 0.00451, ""n"": 481, ""pooled_depth"": 7107.0, ""callable"": false}, ""sub9"": {""vaf"": 0.00724, ""n"": 456, ""pooled_depth"": 5172.0, ""callable"": false}}"	cll6_2
2935	12	1.7055509923099951e-06	2.2609116023528305e-06	0.185	False	1.0	True	sub4	False	True	True	True	True	"{""sub1"": {""vaf"": 0.00596, ""n"": 949, ""pooled_depth"": 11660.0, ""callable"": false}, ""sub10"": {""vaf"": 0.00744, ""n"": 391, ""pooled_depth"": 2915.0, ""callable"": true}, ""sub11"": {""vaf"": 0.0061, ""n"": 391, ""pooled_depth"": 3775.0, ""callable"": false}, ""sub12"": {""vaf"": 0.00623, ""n"": 181, ""pooled_depth"": 1855.0, ""callable"": false}, ""sub2"": {""vaf"": 0.00604, ""n"": 778, ""pooled_depth"": 8148.0, ""callable"": false}, ""sub3"": {""vaf"": 0.00678, ""n"": 733, ""pooled_depth"": 5132.0, ""callable"": false}, ""sub4"": {""vaf"": 0.00837, ""n"": 620, ""pooled_depth"": 4389.0, ""callable"": true}, ""sub5"": {""vaf"": 0.00676, ""n"": 530, ""pooled_depth"": 6486.0, ""callable"": false}, ""sub6"": {""vaf"": 0.00762, ""n"": 495, ""pooled_depth"": 3688.0, ""callable"": true}, ""sub7"": {""vaf"": 0.00649, ""n"": 479, ""pooled_depth"": 2430.0, ""callable"": false}, ""sub8"": {""vaf"": 0.00541, ""n"": 476, ""pooled_depth"": 6510.0, ""callable"": false}, ""sub9"": {""vaf"": 0.00715, ""n"": 456, ""pooled_depth"": 4703.0, ""callable"": false}}"	cll6_2
3025	12	1.3223845209425908e-06	9.542652704905025e-07	0.005	True	1.0	True	sub6	True	True	True	True	True	"{""sub1"": {""vaf"": 0.00526, ""n"": 956, ""pooled_depth"": 17318.0, ""callable"": false}, ""sub10"": {""vaf"": 0.00472, ""n"": 402, ""pooled_depth"": 4954.0, ""callable"": false}, ""sub11"": {""vaf"": 0.00435, ""n"": 392, ""pooled_depth"": 6026.0, ""callable"": false}, ""sub12"": {""vaf"": 0.00397, ""n"": 185, ""pooled_depth"": 2811.0, ""callable"": false}, ""sub2"": {""vaf"": 0.00476, ""n"": 784, ""pooled_depth"": 12243.0, ""callable"": false}, ""sub3"": {""vaf"": 0.0056, ""n"": 749, ""pooled_depth"": 7921.0, ""callable"": false}, ""sub4"": {""vaf"": 0.00599, ""n"": 637, ""pooled_depth"": 7243.0, ""callable"": false}, ""sub5"": {""vaf"": 0.0052, ""n"": 533, ""pooled_depth"": 9852.0, ""callable"": false}, ""sub6"": {""vaf"": 0.00707, ""n"": 505, ""pooled_depth"": 5924.0, ""callable"": true}, ""sub7"": {""vaf"": 0.0035, ""n"": 497, ""pooled_depth"": 3781.0, ""callable"": false}, ""sub8"": {""vaf"": 0.00386, ""n"": 481, ""pooled_depth"": 9167.0, ""callable"": false}, ""sub9"": {""vaf"": 0.00494, ""n"": 458, ""pooled_depth"": 7675.0, ""callable"": false}}"	cll6_2
3044	12	9.29824403908186e-07	1.425816582816007e-06	0.33	False	1.0	True	sub10	True	True	True	True	True	"{""sub1"": {""vaf"": 0.00571, ""n"": 954, ""pooled_depth"": 14400.0, ""callable"": false}, ""sub10"": {""vaf"": 0.00754, ""n"": 399, ""pooled_depth"": 3879.0, ""callable"": true}, ""sub11"": {""vaf"": 0.00691, ""n"": 393, ""pooled_depth"": 4770.0, ""callable"": false}, ""sub12"": {""vaf"": 0.00567, ""n"": 185, ""pooled_depth"": 2358.0, ""callable"": false}, ""sub2"": {""vaf"": 0.00594, ""n"": 785, ""pooled_depth"": 10140.0, ""callable"": false}, ""sub3"": {""vaf"": 0.00619, ""n"": 746, ""pooled_depth"": 6475.0, ""callable"": false}, ""sub4"": {""vaf"": 0.00606, ""n"": 633, ""pooled_depth"": 5885.0, ""callable"": false}, ""sub5"": {""vaf"": 0.00668, ""n"": 530, ""pooled_depth"": 8078.0, ""callable"": false}, ""sub6"": {""vaf"": 0.00644, ""n"": 505, ""pooled_depth"": 4823.0, ""callable"": false}, ""sub7"": {""vaf"": 0.00604, ""n"": 487, ""pooled_depth"": 3105.0, ""callable"": false}, ""sub8"": {""vaf"": 0.00542, ""n"": 479, ""pooled_depth"": 7834.0, ""callable"": false}, ""sub9"": {""vaf"": 0.00581, ""n"": 456, ""pooled_depth"": 6162.0, ""callable"": false}}"	cll6_2
3078	12	7.137802341917994e-07	1.5536263646709278e-06	0.59	False	1.0	True	sub4	True	True	True	True	True	"{""sub1"": {""vaf"": 0.00533, ""n"": 954, ""pooled_depth"": 14556.0, ""callable"": false}, ""sub10"": {""vaf"": 0.00611, ""n"": 396, ""pooled_depth"": 3935.0, ""callable"": false}, ""sub11"": {""vaf"": 0.00608, ""n"": 394, ""pooled_depth"": 4968.0, ""callable"": false}, ""sub12"": {""vaf"": 0.00635, ""n"": 184, ""pooled_depth"": 2304.0, ""callable"": false}, ""sub2"": {""vaf"": 0.00531, ""n"": 784, ""pooled_depth"": 10122.0, ""callable"": false}, ""sub3"": {""vaf"": 0.00628, ""n"": 740, ""pooled_depth"": 6526.0, ""callable"": false}, ""sub4"": {""vaf"": 0.00662, ""n"": 638, ""pooled_depth"": 6054.0, ""callable"": false}, ""sub5"": {""vaf"": 0.00566, ""n"": 530, ""pooled_depth"": 8238.0, ""callable"": false}, ""sub6"": {""vaf"": 0.00624, ""n"": 510, ""pooled_depth"": 4850.0, ""callable"": false}, ""sub7"": {""vaf"": 0.00587, ""n"": 487, ""pooled_depth"": 3147.0, ""callable"": false}, ""sub8"": {""vaf"": 0.00554, ""n"": 478, ""pooled_depth"": 7658.0, ""callable"": false}, ""sub9"": {""vaf"": 0.00521, ""n"": 453, ""pooled_depth"": 6221.0, ""callable"": false}}"	cll6_2
3107	12	2.163162031100584e-06	5.689258904997e-06	0.79	False	1.0	True	sub5	True	True	True	True	True	"{""sub1"": {""vaf"": 0.02499, ""n"": 953, ""pooled_depth"": 14059.0, ""callable"": true}, ""sub10"": {""vaf"": 0.02624, ""n"": 397, ""pooled_depth"": 3880.0, ""callable"": true}, ""sub11"": {""vaf"": 0.02477, ""n"": 396, ""pooled_depth"": 4855.0, ""callable"": true}, ""sub12"": {""vaf"": 0.02466, ""n"": 185, ""pooled_depth"": 2277.0, ""callable"": true}, ""sub2"": {""vaf"": 0.02527, ""n"": 783, ""pooled_depth"": 9931.0, ""callable"": true}, ""sub3"": {""vaf"": 0.02467, ""n"": 736, ""pooled_depth"": 6285.0, ""callable"": true}, ""sub4"": {""vaf"": 0.02497, ""n"": 628, ""pooled_depth"": 5829.0, ""callable"": true}, ""sub5"": {""vaf"": 0.02645, ""n"": 533, ""pooled_depth"": 7979.0, ""callable"": true}, ""sub6"": {""vaf"": 0.02477, ""n"": 510, ""pooled_depth"": 4772.0, ""callable"": true}, ""sub7"": {""vaf"": 0.02487, ""n"": 486, ""pooled_depth"": 3071.0, ""callable"": true}, ""sub8"": {""vaf"": 0.02431, ""n"": 475, ""pooled_depth"": 7284.0, ""callable"": true}, ""sub9"": {""vaf"": 0.02473, ""n"": 456, ""pooled_depth"": 6090.0, ""callable"": true}}"	cll6_2
3130	12	1.7983196142551445e-06	1.4112337578934358e-06	0.01	True	1.0	True	sub7	True	True	True	True	True	"{""sub1"": {""vaf"": 0.00689, ""n"": 950, ""pooled_depth"": 14052.0, ""callable"": false}, ""sub10"": {""vaf"": 0.00773, ""n"": 391, ""pooled_depth"": 3893.0, ""callable"": true}, ""sub11"": {""vaf"": 0.00604, ""n"": 396, ""pooled_depth"": 4885.0, ""callable"": false}, ""sub12"": {""vaf"": 0.00455, ""n"": 185, ""pooled_depth"": 2326.0, ""callable"": false}, ""sub2"": {""vaf"": 0.00574, ""n"": 782, ""pooled_depth"": 9963.0, ""callable"": false}, ""sub3"": {""vaf"": 0.00691, ""n"": 736, ""pooled_depth"": 6331.0, ""callable"": false}, ""sub4"": {""vaf"": 0.00593, ""n"": 631, ""pooled_depth"": 6027.0, ""callable"": false}, ""sub5"": {""vaf"": 0.00489, ""n"": 534, ""pooled_depth"": 7954.0, ""callable"": false}, ""sub6"": {""vaf"": 0.00776, ""n"": 506, ""pooled_depth"": 4770.0, ""callable"": true}, ""sub7"": {""vaf"": 0.00786, ""n"": 485, ""pooled_depth"": 3027.0, ""callable"": true}, ""sub8"": {""vaf"": 0.0058, ""n"": 479, ""pooled_depth"": 7242.0, ""callable"": false}, ""sub9"": {""vaf"": 0.00546, ""n"": 454, ""pooled_depth"": 6170.0, ""callable"": false}}"	cll6_2
3193	12	1.9619751141807735e-06	1.4016432440572376e-06	0.005	True	1.0	True	sub12	True	True	True	True	True	"{""sub1"": {""vaf"": 0.00474, ""n"": 954, ""pooled_depth"": 12668.0, ""callable"": false}, ""sub10"": {""vaf"": 0.00599, ""n"": 394, ""pooled_depth"": 3427.0, ""callable"": false}, ""sub11"": {""vaf"": 0.00671, ""n"": 394, ""pooled_depth"": 4325.0, ""callable"": false}, ""sub12"": {""vaf"": 0.00719, ""n"": 183, ""pooled_depth"": 2092.0, ""callable"": true}, ""sub2"": {""vaf"": 0.00483, ""n"": 781, ""pooled_depth"": 8895.0, ""callable"": false}, ""sub3"": {""vaf"": 0.0049, ""n"": 738, ""pooled_depth"": 5468.0, ""callable"": false}, ""sub4"": {""vaf"": 0.00679, ""n"": 629, ""pooled_depth"": 5285.0, ""callable"": false}, ""sub5"": {""vaf"": 0.00471, ""n"": 533, ""pooled_depth"": 7261.0, ""callable"": false}, ""sub6"": {""vaf"": 0.00668, ""n"": 502, ""pooled_depth"": 4203.0, ""callable"": false}, ""sub7"": {""vaf"": 0.0066, ""n"": 487, ""pooled_depth"": 2766.0, ""callable"": false}, ""sub8"": {""vaf"": 0.00397, ""n"": 478, ""pooled_depth"": 6970.0, ""callable"": false}, ""sub9"": {""vaf"": 0.00453, ""n"": 456, ""pooled_depth"": 5647.0, ""callable"": false}}"	cll6_2
3321	12	1.4921876706362347e-06	1.9571225957773338e-06	0.185	False	1.0	True	sub11	True	True	True	True	True	"{""sub1"": {""vaf"": 0.00742, ""n"": 952, ""pooled_depth"": 14621.0, ""callable"": false}, ""sub10"": {""vaf"": 0.00898, ""n"": 392, ""pooled_depth"": 4035.0, ""callable"": true}, ""sub11"": {""vaf"": 0.00921, ""n"": 397, ""pooled_depth"": 4891.0, ""callable"": true}, ""sub12"": {""vaf"": 0.00821, ""n"": 181, ""pooled_depth"": 2348.0, ""callable"": false}, ""sub2"": {""vaf"": 0.00793, ""n"": 782, ""pooled_depth"": 10309.0, ""callable"": false}, ""sub3"": {""vaf"": 0.00855, ""n"": 738, ""pooled_depth"": 6377.0, ""callable"": true}, ""sub4"": {""vaf"": 0.00898, ""n"": 637, ""pooled_depth"": 5823.0, ""callable"": true}, ""sub5"": {""vaf"": 0.00719, ""n"": 534, ""pooled_depth"": 8164.0, ""callable"": false}, ""sub6"": {""vaf"": 0.00894, ""n"": 506, ""pooled_depth"": 4748.0, ""callable"": true}, ""sub7"": {""vaf"": 0.00881, ""n"": 493, ""pooled_depth"": 3082.0, ""callable"": true}, ""sub8"": {""vaf"": 0.00751, ""n"": 476, ""pooled_depth"": 7855.0, ""callable"": false}, ""sub9"": {""vaf"": 0.00887, ""n"": 459, ""pooled_depth"": 6403.0, ""callable"": true}}"	cll6_2
3361	12	3.1054860283583317e-06	1.3096720448691354e-06	0.0	True	1.0	True	sub10	True	True	True	True	True	"{""sub1"": {""vaf"": 0.00392, ""n"": 953, ""pooled_depth"": 14579.0, ""callable"": false}, ""sub10"": {""vaf"": 0.00846, ""n"": 396, ""pooled_depth"": 4034.0, ""callable"": true}, ""sub11"": {""vaf"": 0.00739, ""n"": 390, ""pooled_depth"": 4980.0, ""callable"": false}, ""sub12"": {""vaf"": 0.00418, ""n"": 184, ""pooled_depth"": 2319.0, ""callable"": false}, ""sub2"": {""vaf"": 0.00573, ""n"": 782, ""pooled_depth"": 10176.0, ""callable"": false}, ""sub3"": {""vaf"": 0.00672, ""n"": 740, ""pooled_depth"": 6517.0, ""callable"": false}, ""sub4"": {""vaf"": 0.00758, ""n"": 636, ""pooled_depth"": 6270.0, ""callable"": true}, ""sub5"": {""vaf"": 0.00527, ""n"": 536, ""pooled_depth"": 8360.0, ""callable"": false}, ""sub6"": {""vaf"": 0.00621, ""n"": 502, ""pooled_depth"": 4925.0, ""callable"": false}, ""sub7"": {""vaf"": 0.00555, ""n"": 492, ""pooled_depth"": 3168.0, ""callable"": false}, ""sub8"": {""vaf"": 0.00379, ""n"": 480, ""pooled_depth"": 7984.0, ""callable"": false}, ""sub9"": {""vaf"": 0.00648, ""n"": 455, ""pooled_depth"": 6512.0, ""callable"": false}}"	cll6_2
3371	12	6.349829714316435e-06	3.811472033720221e-06	0.0	True	1.0	True	sub6	True	True	True	True	True	"{""sub1"": {""vaf"": 0.01318, ""n"": 954, ""pooled_depth"": 14355.0, ""callable"": true}, ""sub10"": {""vaf"": 0.01431, ""n"": 395, ""pooled_depth"": 4013.0, ""callable"": true}, ""sub11"": {""vaf"": 0.01758, ""n"": 393, ""pooled_depth"": 4980.0, ""callable"": true}, ""sub12"": {""vaf"": 0.01146, ""n"": 184, ""pooled_depth"": 2333.0, ""callable"": true}, ""sub2"": {""vaf"": 0.01373, ""n"": 783, ""pooled_depth"": 10071.0, ""callable"": true}, ""sub3"": {""vaf"": 0.01411, ""n"": 741, ""pooled_depth"": 6500.0, ""callable"": true}, ""sub4"": {""vaf"": 0.01614, ""n"": 636, ""pooled_depth"": 6237.0, ""callable"": true}, ""sub5"": {""vaf"": 0.01326, ""n"": 533, ""pooled_depth"": 8295.0, ""callable"": true}, ""sub6"": {""vaf"": 0.01779, ""n"": 503, ""pooled_depth"": 4847.0, ""callable"": true}, ""sub7"": {""vaf"": 0.01185, ""n"": 489, ""pooled_depth"": 3221.0, ""callable"": true}, ""sub8"": {""vaf"": 0.01046, ""n"": 477, ""pooled_depth"": 7860.0, ""callable"": true}, ""sub9"": {""vaf"": 0.0139, ""n"": 456, ""pooled_depth"": 6477.0, ""callable"": true}}"	cll6_2
3459	12	1.19953263329809e-06	1.5395500206784906e-06	0.155	False	1.0	True	sub10	True	True	True	True	True	"{""sub1"": {""vaf"": 0.00717, ""n"": 953, ""pooled_depth"": 17282.0, ""callable"": false}, ""sub10"": {""vaf"": 0.009, ""n"": 398, ""pooled_depth"": 4992.0, ""callable"": true}, ""sub11"": {""vaf"": 0.00867, ""n"": 397, ""pooled_depth"": 5884.0, ""callable"": true}, ""sub12"": {""vaf"": 0.00805, ""n"": 185, ""pooled_depth"": 2750.0, ""callable"": false}, ""sub2"": {""vaf"": 0.00767, ""n"": 779, ""pooled_depth"": 12062.0, ""callable"": false}, ""sub3"": {""vaf"": 0.00852, ""n"": 745, ""pooled_depth"": 7749.0, ""callable"": true}, ""sub4"": {""vaf"": 0.00897, ""n"": 635, ""pooled_depth"": 7138.0, ""callable"": true}, ""sub5"": {""vaf"": 0.00807, ""n"": 535, ""pooled_depth"": 9655.0, ""callable"": true}, ""sub6"": {""vaf"": 0.0082, ""n"": 505, ""pooled_depth"": 5500.0, ""callable"": true}, ""sub7"": {""vaf"": 0.00798, ""n"": 496, ""pooled_depth"": 3706.0, ""callable"": false}, ""sub8"": {""vaf"": 0.00724, ""n"": 476, ""pooled_depth"": 8904.0, ""callable"": false}, ""sub9"": {""vaf"": 0.00862, ""n"": 462, ""pooled_depth"": 7580.0, ""callable"": true}}"	cll6_2
3509	12	8.311488448494412e-07	1.078521324543138e-06	0.21	False	1.0	True	sub4	True	True	True	True	True	"{""sub1"": {""vaf"": 0.00587, ""n"": 957, ""pooled_depth"": 18802.0, ""callable"": false}, ""sub10"": {""vaf"": 0.00677, ""n"": 393, ""pooled_depth"": 5413.0, ""callable"": false}, ""sub11"": {""vaf"": 0.00655, ""n"": 396, ""pooled_depth"": 6574.0, ""callable"": false}, ""sub12"": {""vaf"": 0.00624, ""n"": 183, ""pooled_depth"": 3042.0, ""callable"": false}, ""sub2"": {""vaf"": 0.00667, ""n"": 784, ""pooled_depth"": 12926.0, ""callable"": false}, ""sub3"": {""vaf"": 0.00701, ""n"": 737, ""pooled_depth"": 8575.0, ""callable"": false}, ""sub4"": {""vaf"": 0.0073, ""n"": 637, ""pooled_depth"": 7984.0, ""callable"": true}, ""sub5"": {""vaf"": 0.00577, ""n"": 535, ""pooled_depth"": 10917.0, ""callable"": false}, ""sub6"": {""vaf"": 0.00622, ""n"": 506, ""pooled_depth"": 6131.0, ""callable"": false}, ""sub7"": {""vaf"": 0.00608, ""n"": 491, ""pooled_depth"": 4114.0, ""callable"": false}, ""sub8"": {""vaf"": 0.0055, ""n"": 479, ""pooled_depth"": 9957.0, ""callable"": false}, ""sub9"": {""vaf"": 0.00674, ""n"": 458, ""pooled_depth"": 8435.0, ""callable"": false}}"	cll6_2
3526	12	0.005004622804233944	0.00019102701706294332	0.0	True	1.0	True	sub11	True	True	True	True	True	"{""sub1"": {""vaf"": 0.05741, ""n"": 954, ""pooled_depth"": 16356.0, ""callable"": true}, ""sub10"": {""vaf"": 0.00034, ""n"": 394, ""pooled_depth"": 4696.0, ""callable"": false}, ""sub11"": {""vaf"": 0.20203, ""n"": 391, ""pooled_depth"": 5651.0, ""callable"": true}, ""sub12"": {""vaf"": 0.00955, ""n"": 184, ""pooled_depth"": 2669.0, ""callable"": true}, ""sub2"": {""vaf"": 0.19593, ""n"": 783, ""pooled_depth"": 11370.0, ""callable"": true}, ""sub3"": {""vaf"": 0.01, ""n"": 739, ""pooled_depth"": 7549.0, ""callable"": true}, ""sub4"": {""vaf"": 0.01937, ""n"": 638, ""pooled_depth"": 6989.0, ""callable"": true}, ""sub5"": {""vaf"": 0.02449, ""n"": 535, ""pooled_depth"": 9449.0, ""callable"": true}, ""sub6"": {""vaf"": 0.00384, ""n"": 502, ""pooled_depth"": 5353.0, ""callable"": false}, ""sub7"": {""vaf"": 0.00431, ""n"": 492, ""pooled_depth"": 3612.0, ""callable"": false}, ""sub8"": {""vaf"": 0.11932, ""n"": 480, ""pooled_depth"": 8913.0, ""callable"": true}, ""sub9"": {""vaf"": 0.10939, ""n"": 457, ""pooled_depth"": 7364.0, ""callable"": true}}"	cll6_2
3562	12	9.685547823431608e-07	1.2007910480285985e-06	0.18	False	1.0	True	sub10	True	True	True	True	True	"{""sub1"": {""vaf"": 0.0053, ""n"": 957, ""pooled_depth"": 14695.0, ""callable"": false}, ""sub10"": {""vaf"": 0.00681, ""n"": 397, ""pooled_depth"": 4144.0, ""callable"": false}, ""sub11"": {""vaf"": 0.00649, ""n"": 394, ""pooled_depth"": 4989.0, ""callable"": false}, ""sub12"": {""vaf"": 0.00481, ""n"": 183, ""pooled_depth"": 2422.0, ""callable"": false}, ""sub2"": {""vaf"": 0.00535, ""n"": 785, ""pooled_depth"": 10213.0, ""callable"": false}, ""sub3"": {""vaf"": 0.00549, ""n"": 741, ""pooled_depth"": 6580.0, ""callable"": false}, ""sub4"": {""vaf"": 0.00542, ""n"": 635, ""pooled_depth"": 6156.0, ""callable"": false}, ""sub5"": {""vaf"": 0.00458, ""n"": 532, ""pooled_depth"": 8405.0, ""callable"": false}, ""sub6"": {""vaf"": 0.00595, ""n"": 506, ""pooled_depth"": 4777.0, ""callable"": false}, ""sub7"": {""vaf"": 0.00565, ""n"": 488, ""pooled_depth"": 3282.0, ""callable"": false}, ""sub8"": {""vaf"": 0.0047, ""n"": 479, ""pooled_depth"": 8110.0, ""callable"": false}, ""sub9"": {""vaf"": 0.00553, ""n"": 460, ""pooled_depth"": 6516.0, ""callable"": false}}"	cll6_2
3572	12	6.121392594660747e-06	4.725584225289404e-06	0.0	True	1.0	True	sub9	False	True	True	True	True	"{""sub1"": {""vaf"": 0.01208, ""n"": 952, ""pooled_depth"": 11223.0, ""callable"": true}, ""sub10"": {""vaf"": 0.00981, ""n"": 394, ""pooled_depth"": 3321.0, ""callable"": true}, ""sub11"": {""vaf"": 0.01269, ""n"": 392, ""pooled_depth"": 3916.0, ""callable"": true}, ""sub12"": {""vaf"": 0.01545, ""n"": 183, ""pooled_depth"": 1812.0, ""callable"": true}, ""sub2"": {""vaf"": 0.0123, ""n"": 782, ""pooled_depth"": 7904.0, ""callable"": true}, ""sub3"": {""vaf"": 0.01093, ""n"": 732, ""pooled_depth"": 5127.0, ""callable"": true}, ""sub4"": {""vaf"": 0.00904, ""n"": 622, ""pooled_depth"": 4822.0, ""callable"": true}, ""sub5"": {""vaf"": 0.015, ""n"": 528, ""pooled_depth"": 6441.0, ""callable"": true}, ""sub6"": {""vaf"": 0.01356, ""n"": 500, ""pooled_depth"": 3725.0, ""callable"": true}, ""sub7"": {""vaf"": 0.01042, ""n"": 480, ""pooled_depth"": 2472.0, ""callable"": true}, ""sub8"": {""vaf"": 0.0124, ""n"": 475, ""pooled_depth"": 5975.0, ""callable"": true}, ""sub9"": {""vaf"": 0.01552, ""n"": 459, ""pooled_depth"": 5019.0, ""callable"": true}}"	cll6_2
3578	12	7.63425894668621e-06	7.089131329041852e-06	0.03	True	1.0	True	sub9	True	True	True	True	True	"{""sub1"": {""vaf"": 0.02767, ""n"": 957, ""pooled_depth"": 13766.0, ""callable"": true}, ""sub10"": {""vaf"": 0.02477, ""n"": 397, ""pooled_depth"": 4072.0, ""callable"": true}, ""sub11"": {""vaf"": 0.02408, ""n"": 395, ""pooled_depth"": 4756.0, ""callable"": true}, ""sub12"": {""vaf"": 0.02925, ""n"": 183, ""pooled_depth"": 2256.0, ""callable"": true}, ""sub2"": {""vaf"": 0.02742, ""n"": 784, ""pooled_depth"": 9719.0, ""callable"": true}, ""sub3"": {""vaf"": 0.02386, ""n"": 741, ""pooled_depth"": 6333.0, ""callable"": true}, ""sub4"": {""vaf"": 0.02618, ""n"": 630, ""pooled_depth"": 5938.0, ""callable"": true}, ""sub5"": {""vaf"": 0.02762, ""n"": 530, ""pooled_depth"": 7929.0, ""callable"": true}, ""sub6"": {""vaf"": 0.02662, ""n"": 504, ""pooled_depth"": 4522.0, ""callable"": true}, ""sub7"": {""vaf"": 0.0289, ""n"": 483, ""pooled_depth"": 3039.0, ""callable"": true}, ""sub8"": {""vaf"": 0.02819, ""n"": 480, ""pooled_depth"": 7362.0, ""callable"": true}, ""sub9"": {""vaf"": 0.031, ""n"": 459, ""pooled_depth"": 6025.0, ""callable"": true}}"	cll6_2
3590	12	1.984188265124674e-06	3.0196610029202503e-06	0.34	False	1.0	True	sub5	True	True	True	True	True	"{""sub1"": {""vaf"": 0.01167, ""n"": 956, ""pooled_depth"": 13653.0, ""callable"": true}, ""sub10"": {""vaf"": 0.01231, ""n"": 398, ""pooled_depth"": 4022.0, ""callable"": true}, ""sub11"": {""vaf"": 0.01108, ""n"": 392, ""pooled_depth"": 4704.0, ""callable"": true}, ""sub12"": {""vaf"": 0.01343, ""n"": 182, ""pooled_depth"": 2185.0, ""callable"": true}, ""sub2"": {""vaf"": 0.0114, ""n"": 785, ""pooled_depth"": 9533.0, ""callable"": true}, ""sub3"": {""vaf"": 0.01221, ""n"": 734, ""pooled_depth"": 6216.0, ""callable"": true}, ""sub4"": {""vaf"": 0.01193, ""n"": 634, ""pooled_depth"": 5801.0, ""callable"": true}, ""sub5"": {""vaf"": 0.01382, ""n"": 529, ""pooled_depth"": 7931.0, ""callable"": true}, ""sub6"": {""vaf"": 0.01214, ""n"": 503, ""pooled_depth"": 4473.0, ""callable"": true}, ""sub7"": {""vaf"": 0.01286, ""n"": 481, ""pooled_depth"": 3030.0, ""callable"": true}, ""sub8"": {""vaf"": 0.0132, ""n"": 480, ""pooled_depth"": 7302.0, ""callable"": true}, ""sub9"": {""vaf"": 0.01207, ""n"": 460, ""pooled_depth"": 6098.0, ""callable"": true}}"	cll6_2
3599	12	5.712705569667868e-07	1.6554693313770407e-06	0.785	False	1.0	True	sub9	True	True	True	True	True	"{""sub1"": {""vaf"": 0.00727, ""n"": 960, ""pooled_depth"": 15497.0, ""callable"": false}, ""sub10"": {""vaf"": 0.00639, ""n"": 398, ""pooled_depth"": 4520.0, ""callable"": false}, ""sub11"": {""vaf"": 0.00676, ""n"": 393, ""pooled_depth"": 5367.0, ""callable"": false}, ""sub12"": {""vaf"": 0.00723, ""n"": 184, ""pooled_depth"": 2495.0, ""callable"": false}, ""sub2"": {""vaf"": 0.00634, ""n"": 786, ""pooled_depth"": 10924.0, ""callable"": false}, ""sub3"": {""vaf"": 0.00726, ""n"": 739, ""pooled_depth"": 7148.0, ""callable"": false}, ""sub4"": {""vaf"": 0.00664, ""n"": 639, ""pooled_depth"": 6643.0, ""callable"": false}, ""sub5"": {""vaf"": 0.00719, ""n"": 529, ""pooled_depth"": 8934.0, ""callable"": false}, ""sub6"": {""vaf"": 0.00661, ""n"": 507, ""pooled_depth"": 5184.0, ""callable"": false}, ""sub7"": {""vaf"": 0.00691, ""n"": 487, ""pooled_depth"": 3370.0, ""callable"": false}, ""sub8"": {""vaf"": 0.0074, ""n"": 481, ""pooled_depth"": 8366.0, ""callable"": false}, ""sub9"": {""vaf"": 0.00741, ""n"": 460, ""pooled_depth"": 6860.0, ""callable"": false}}"	cll6_2
3687	12	1.6913033942744997e-06	1.2016477544866787e-06	0.0	True	1.0	True	sub4	True	True	True	True	True	"{""sub1"": {""vaf"": 0.00512, ""n"": 955, ""pooled_depth"": 17285.0, ""callable"": false}, ""sub10"": {""vaf"": 0.00666, ""n"": 394, ""pooled_depth"": 5245.0, ""callable"": false}, ""sub11"": {""vaf"": 0.00571, ""n"": 396, ""pooled_depth"": 6144.0, ""callable"": false}, ""sub12"": {""vaf"": 0.00414, ""n"": 185, ""pooled_depth"": 2836.0, ""callable"": false}, ""sub2"": {""vaf"": 0.0063, ""n"": 783, ""pooled_depth"": 12488.0, ""callable"": false}, ""sub3"": {""vaf"": 0.00566, ""n"": 743, ""pooled_depth"": 8163.0, ""callable"": false}, ""sub4"": {""vaf"": 0.00757, ""n"": 637, ""pooled_depth"": 7374.0, ""callable"": true}, ""sub5"": {""vaf"": 0.00591, ""n"": 531, ""pooled_depth"": 9928.0, ""callable"": false}, ""sub6"": {""vaf"": 0.00717, ""n"": 508, ""pooled_depth"": 5826.0, ""callable"": false}, ""sub7"": {""vaf"": 0.00502, ""n"": 494, ""pooled_depth"": 3928.0, ""callable"": false}, ""sub8"": {""vaf"": 0.00404, ""n"": 479, ""pooled_depth"": 8892.0, ""callable"": false}, ""sub9"": {""vaf"": 0.00627, ""n"": 457, ""pooled_depth"": 7943.0, ""callable"": false}}"	cll6_2
3712	12	7.50132197794903e-07	1.1126734789505826e-06	0.295	False	1.0	True	sub6	True	True	True	True	True	"{""sub1"": {""vaf"": 0.00559, ""n"": 956, ""pooled_depth"": 17225.0, ""callable"": false}, ""sub10"": {""vaf"": 0.00568, ""n"": 393, ""pooled_depth"": 5071.0, ""callable"": false}, ""sub11"": {""vaf"": 0.00576, ""n"": 397, ""pooled_depth"": 5964.0, ""callable"": false}, ""sub12"": {""vaf"": 0.00529, ""n"": 183, ""pooled_depth"": 2800.0, ""callable"": false}, ""sub2"": {""vaf"": 0.00451, ""n"": 784, ""pooled_depth"": 12383.0, ""callable"": false}, ""sub3"": {""vaf"": 0.00583, ""n"": 742, ""pooled_depth"": 8074.0, ""callable"": false}, ""sub4"": {""vaf"": 0.006, ""n"": 639, ""pooled_depth"": 7201.0, ""callable"": false}, ""sub5"": {""vaf"": 0.00523, ""n"": 530, ""pooled_depth"": 9779.0, ""callable"": false}, ""sub6"": {""vaf"": 0.00628, ""n"": 504, ""pooled_depth"": 5691.0, ""callable"": false}, ""sub7"": {""vaf"": 0.00447, ""n"": 488, ""pooled_depth"": 3803.0, ""callable"": false}, ""sub8"": {""vaf"": 0.00548, ""n"": 477, ""pooled_depth"": 8913.0, ""callable"": false}, ""sub9"": {""vaf"": 0.00542, ""n"": 454, ""pooled_depth"": 7765.0, ""callable"": false}}"	cll6_2
3737	12	2.628247321839009e-06	1.8422024333605363e-06	0.005	True	1.0	True	sub10	True	True	True	True	True	"{""sub1"": {""vaf"": 0.00603, ""n"": 957, ""pooled_depth"": 13157.0, ""callable"": false}, ""sub10"": {""vaf"": 0.00982, ""n"": 392, ""pooled_depth"": 3530.0, ""callable"": true}, ""sub11"": {""vaf"": 0.00685, ""n"": 396, ""pooled_depth"": 4373.0, ""callable"": false}, ""sub12"": {""vaf"": 0.00591, ""n"": 185, ""pooled_depth"": 2131.0, ""callable"": false}, ""sub2"": {""vaf"": 0.0063, ""n"": 783, ""pooled_depth"": 9347.0, ""callable"": false}, ""sub3"": {""vaf"": 0.00669, ""n"": 738, ""pooled_depth"": 5866.0, ""callable"": false}, ""sub4"": {""vaf"": 0.00707, ""n"": 631, ""pooled_depth"": 5308.0, ""callable"": false}, ""sub5"": {""vaf"": 0.00612, ""n"": 532, ""pooled_depth"": 7229.0, ""callable"": false}, ""sub6"": {""vaf"": 0.0084, ""n"": 504, ""pooled_depth"": 4188.0, ""callable"": true}, ""sub7"": {""vaf"": 0.00584, ""n"": 490, ""pooled_depth"": 2860.0, ""callable"": false}, ""sub8"": {""vaf"": 0.0046, ""n"": 476, ""pooled_depth"": 7159.0, ""callable"": false}, ""sub9"": {""vaf"": 0.0078, ""n"": 456, ""pooled_depth"": 5549.0, ""callable"": true}}"	cll6_2
3830	12	0.0008211943474172521	7.087508995581993e-05	0.0	True	1.0	True	sub5	False	True	True	True	True	"{""sub1"": {""vaf"": 0.06538, ""n"": 951, ""pooled_depth"": 10779.0, ""callable"": true}, ""sub10"": {""vaf"": 0.00381, ""n"": 393, ""pooled_depth"": 2772.0, ""callable"": false}, ""sub11"": {""vaf"": 0.00838, ""n"": 391, ""pooled_depth"": 3394.0, ""callable"": true}, ""sub12"": {""vaf"": 0.00875, ""n"": 182, ""pooled_depth"": 1763.0, ""callable"": true}, ""sub2"": {""vaf"": 0.01624, ""n"": 780, ""pooled_depth"": 7650.0, ""callable"": true}, ""sub3"": {""vaf"": 0.00372, ""n"": 733, ""pooled_depth"": 4996.0, ""callable"": false}, ""sub4"": {""vaf"": 0.00962, ""n"": 630, ""pooled_depth"": 4407.0, ""callable"": true}, ""sub5"": {""vaf"": 0.08685, ""n"": 526, ""pooled_depth"": 5931.0, ""callable"": true}, ""sub6"": {""vaf"": 0.0043, ""n"": 499, ""pooled_depth"": 3386.0, ""callable"": false}, ""sub7"": {""vaf"": 0.00603, ""n"": 482, ""pooled_depth"": 2407.0, ""callable"": false}, ""sub8"": {""vaf"": 0.0365, ""n"": 475, ""pooled_depth"": 6345.0, ""callable"": true}, ""sub9"": {""vaf"": 0.0306, ""n"": 457, ""pooled_depth"": 4437.0, ""callable"": true}}"	cll6_2
3855	12	2.1489495215851077e-06	1.958620810761014e-06	0.02	True	1.0	True	sub6	False	True	True	True	True	"{""sub1"": {""vaf"": 0.00593, ""n"": 952, ""pooled_depth"": 11971.0, ""callable"": false}, ""sub10"": {""vaf"": 0.00666, ""n"": 395, ""pooled_depth"": 3139.0, ""callable"": false}, ""sub11"": {""vaf"": 0.00766, ""n"": 393, ""pooled_depth"": 3919.0, ""callable"": true}, ""sub12"": {""vaf"": 0.00685, ""n"": 181, ""pooled_depth"": 1953.0, ""callable"": false}, ""sub2"": {""vaf"": 0.00525, ""n"": 781, ""pooled_depth"": 8571.0, ""callable"": false}, ""sub3"": {""vaf"": 0.00534, ""n"": 729, ""pooled_depth"": 5558.0, ""callable"": false}, ""sub4"": {""vaf"": 0.00716, ""n"": 625, ""pooled_depth"": 4954.0, ""callable"": false}, ""sub5"": {""vaf"": 0.00723, ""n"": 526, ""pooled_depth"": 6818.0, ""callable"": false}, ""sub6"": {""vaf"": 0.00768, ""n"": 501, ""pooled_depth"": 3907.0, ""callable"": true}, ""sub7"": {""vaf"": 0.00717, ""n"": 489, ""pooled_depth"": 2714.0, ""callable"": false}, ""sub8"": {""vaf"": 0.00467, ""n"": 475, ""pooled_depth"": 6979.0, ""callable"": false}, ""sub9"": {""vaf"": 0.00689, ""n"": 455, ""pooled_depth"": 5116.0, ""callable"": false}}"	cll6_2
3894	12	1.0882222697025588e-06	1.227491259770356e-06	0.11	False	1.0	True	sub10	True	True	True	True	True	"{""sub1"": {""vaf"": 0.00613, ""n"": 952, ""pooled_depth"": 15783.0, ""callable"": false}, ""sub10"": {""vaf"": 0.00837, ""n"": 397, ""pooled_depth"": 4645.0, ""callable"": true}, ""sub11"": {""vaf"": 0.00671, ""n"": 395, ""pooled_depth"": 5436.0, ""callable"": false}, ""sub12"": {""vaf"": 0.00602, ""n"": 183, ""pooled_depth"": 2541.0, ""callable"": false}, ""sub2"": {""vaf"": 0.00686, ""n"": 781, ""pooled_depth"": 11206.0, ""callable"": false}, ""sub3"": {""vaf"": 0.00632, ""n"": 746, ""pooled_depth"": 7457.0, ""callable"": false}, ""sub4"": {""vaf"": 0.00708, ""n"": 630, ""pooled_depth"": 6651.0, ""callable"": false}, ""sub5"": {""vaf"": 0.00627, ""n"": 528, ""pooled_depth"": 9126.0, ""callable"": false}, ""sub6"": {""vaf"": 0.00764, ""n"": 508, ""pooled_depth"": 5341.0, ""callable"": true}, ""sub7"": {""vaf"": 0.00719, ""n"": 491, ""pooled_depth"": 3564.0, ""callable"": false}, ""sub8"": {""vaf"": 0.00613, ""n"": 484, ""pooled_depth"": 8460.0, ""callable"": false}, ""sub9"": {""vaf"": 0.00716, ""n"": 456, ""pooled_depth"": 7081.0, ""callable"": false}}"	cll6_2
3943	12	1.0202847329909369e-05	6.1853380804802465e-06	0.0	True	1.0	True	sub10	False	True	True	True	True	"{""sub1"": {""vaf"": 0.0187, ""n"": 948, ""pooled_depth"": 11616.0, ""callable"": true}, ""sub10"": {""vaf"": 0.02668, ""n"": 391, ""pooled_depth"": 3248.0, ""callable"": true}, ""sub11"": {""vaf"": 0.02215, ""n"": 391, ""pooled_depth"": 3903.0, ""callable"": true}, ""sub12"": {""vaf"": 0.0209, ""n"": 182, ""pooled_depth"": 1862.0, ""callable"": true}, ""sub2"": {""vaf"": 0.02292, ""n"": 782, ""pooled_depth"": 8028.0, ""callable"": true}, ""sub3"": {""vaf"": 0.0232, ""n"": 727, ""pooled_depth"": 5363.0, ""callable"": true}, ""sub4"": {""vaf"": 0.02503, ""n"": 623, ""pooled_depth"": 4509.0, ""callable"": true}, ""sub5"": {""vaf"": 0.02193, ""n"": 528, ""pooled_depth"": 6652.0, ""callable"": true}, ""sub6"": {""vaf"": 0.0222, ""n"": 502, ""pooled_depth"": 3757.0, ""callable"": true}, ""sub7"": {""vaf"": 0.02246, ""n"": 476, ""pooled_depth"": 2444.0, ""callable"": true}, ""sub8"": {""vaf"": 0.01824, ""n"": 478, ""pooled_depth"": 6255.0, ""callable"": true}, ""sub9"": {""vaf"": 0.02356, ""n"": 456, ""pooled_depth"": 5124.0, ""callable"": true}}"	cll6_2
4002	12	9.070104891855963e-06	5.003685048614909e-06	0.0	True	1.0	True	sub4	False	True	True	True	True	"{""sub1"": {""vaf"": 0.00752, ""n"": 941, ""pooled_depth"": 7376.0, ""callable"": false}, ""sub10"": {""vaf"": 0.01179, ""n"": 377, ""pooled_depth"": 1708.0, ""callable"": true}, ""sub11"": {""vaf"": 0.01099, ""n"": 388, ""pooled_depth"": 2254.0, ""callable"": true}, ""sub12"": {""vaf"": 0.00733, ""n"": 181, ""pooled_depth"": 1179.0, ""callable"": false}, ""sub2"": {""vaf"": 0.00943, ""n"": 773, ""pooled_depth"": 4985.0, ""callable"": true}, ""sub3"": {""vaf"": 0.00845, ""n"": 685, ""pooled_depth"": 3050.0, ""callable"": true}, ""sub4"": {""vaf"": 0.01596, ""n"": 583, ""pooled_depth"": 2560.0, ""callable"": true}, ""sub5"": {""vaf"": 0.00936, ""n"": 527, ""pooled_depth"": 4063.0, ""callable"": true}, ""sub6"": {""vaf"": 0.00895, ""n"": 486, ""pooled_depth"": 2051.0, ""callable"": true}, ""sub7"": {""vaf"": 0.00781, ""n"": 444, ""pooled_depth"": 1443.0, ""callable"": false}, ""sub8"": {""vaf"": 0.006, ""n"": 469, ""pooled_depth"": 4115.0, ""callable"": false}, ""sub9"": {""vaf"": 0.00935, ""n"": 450, ""pooled_depth"": 2999.0, ""callable"": true}}"	cll6_2
4142	12	9.961889288299329e-06	6.011956536765275e-06	0.01	True	1.0	True	sub4	False	True	True	True	True	"{""sub1"": {""vaf"": 0.00904, ""n"": 949, ""pooled_depth"": 7748.0, ""callable"": true}, ""sub10"": {""vaf"": 0.01249, ""n"": 380, ""pooled_depth"": 1907.0, ""callable"": true}, ""sub11"": {""vaf"": 0.01135, ""n"": 386, ""pooled_depth"": 2368.0, ""callable"": true}, ""sub12"": {""vaf"": 0.00955, ""n"": 180, ""pooled_depth"": 1211.0, ""callable"": false}, ""sub2"": {""vaf"": 0.00843, ""n"": 777, ""pooled_depth"": 5290.0, ""callable"": true}, ""sub3"": {""vaf"": 0.01024, ""n"": 693, ""pooled_depth"": 3312.0, ""callable"": true}, ""sub4"": {""vaf"": 0.01848, ""n"": 601, ""pooled_depth"": 2828.0, ""callable"": true}, ""sub5"": {""vaf"": 0.01081, ""n"": 524, ""pooled_depth"": 4106.0, ""callable"": true}, ""sub6"": {""vaf"": 0.01219, ""n"": 480, ""pooled_depth"": 2305.0, ""callable"": true}, ""sub7"": {""vaf"": 0.01, ""n"": 456, ""pooled_depth"": 1616.0, ""callable"": true}, ""sub8"": {""vaf"": 0.01035, ""n"": 467, ""pooled_depth"": 4139.0, ""callable"": true}, ""sub9"": {""vaf"": 0.01164, ""n"": 452, ""pooled_depth"": 3147.0, ""callable"": true}}"	cll6_2
4218	12	2.0025895793320163e-05	2.0332193272525464e-05	0.06	False	1.0	True	sub4	False	False	True	True	True	"{""sub1"": {""vaf"": 0.00936, ""n"": 739, ""pooled_depth"": 1711.0, ""callable"": true}, ""sub10"": {""vaf"": 0.00603, ""n"": 226, ""pooled_depth"": 345.0, ""callable"": false}, ""sub11"": {""vaf"": 0.00779, ""n"": 259, ""pooled_depth"": 452.0, ""callable"": false}, ""sub12"": {""vaf"": 0.01004, ""n"": 138, ""pooled_depth"": 279.0, ""callable"": true}, ""sub2"": {""vaf"": 0.00823, ""n"": 541, ""pooled_depth"": 1139.0, ""callable"": false}, ""sub3"": {""vaf"": 0.01098, ""n"": 404, ""pooled_depth"": 683.0, ""callable"": true}, ""sub4"": {""vaf"": 0.0171, ""n"": 323, ""pooled_depth"": 500.0, ""callable"": true}, ""sub5"": {""vaf"": 0.0107, ""n"": 395, ""pooled_depth"": 896.0, ""callable"": true}, ""sub6"": {""vaf"": 0.00939, ""n"": 276, ""pooled_depth"": 427.0, ""callable"": false}, ""sub7"": {""vaf"": 0.00571, ""n"": 239, ""pooled_depth"": 382.0, ""callable"": false}, ""sub8"": {""vaf"": 0.00525, ""n"": 398, ""pooled_depth"": 1206.0, ""callable"": false}, ""sub9"": {""vaf"": 0.01262, ""n"": 309, ""pooled_depth"": 553.0, ""callable"": true}}"	cll6_2
4459	12	2.5107257067668467e-06	1.5954119260869793e-06	0.005	True	1.0	True	sub6	True	True	True	True	True	"{""sub1"": {""vaf"": 0.00519, ""n"": 948, ""pooled_depth"": 13701.0, ""callable"": false}, ""sub10"": {""vaf"": 0.00667, ""n"": 394, ""pooled_depth"": 3776.0, ""callable"": false}, ""sub11"": {""vaf"": 0.00443, ""n"": 394, ""pooled_depth"": 4761.0, ""callable"": false}, ""sub12"": {""vaf"": 0.00275, ""n"": 182, ""pooled_depth"": 2275.0, ""callable"": false}, ""sub2"": {""vaf"": 0.00459, ""n"": 780, ""pooled_depth"": 9763.0, ""callable"": false}, ""sub3"": {""vaf"": 0.00647, ""n"": 740, ""pooled_depth"": 6092.0, ""callable"": false}, ""sub4"": {""vaf"": 0.00554, ""n"": 631, ""pooled_depth"": 5710.0, ""callable"": false}, ""sub5"": {""vaf"": 0.00491, ""n"": 528, ""pooled_depth"": 7833.0, ""callable"": false}, ""sub6"": {""vaf"": 0.00796, ""n"": 504, ""pooled_depth"": 4589.0, ""callable"": true}, ""sub7"": {""vaf"": 0.00636, ""n"": 482, ""pooled_depth"": 2920.0, ""callable"": false}, ""sub8"": {""vaf"": 0.00303, ""n"": 480, ""pooled_depth"": 7549.0, ""callable"": false}, ""sub9"": {""vaf"": 0.00534, ""n"": 456, ""pooled_depth"": 5970.0, ""callable"": false}}"	cll6_2
4460	12	2.208508332770971e-06	1.4264768593819443e-06	0.0	True	1.0	True	sub9	True	True	True	True	True	"{""sub1"": {""vaf"": 0.00555, ""n"": 948, ""pooled_depth"": 13735.0, ""callable"": false}, ""sub10"": {""vaf"": 0.0067, ""n"": 394, ""pooled_depth"": 3775.0, ""callable"": false}, ""sub11"": {""vaf"": 0.00675, ""n"": 394, ""pooled_depth"": 4763.0, ""callable"": false}, ""sub12"": {""vaf"": 0.00587, ""n"": 182, ""pooled_depth"": 2280.0, ""callable"": false}, ""sub2"": {""vaf"": 0.00465, ""n"": 780, ""pooled_depth"": 9780.0, ""callable"": false}, ""sub3"": {""vaf"": 0.00652, ""n"": 739, ""pooled_depth"": 6098.0, ""callable"": false}, ""sub4"": {""vaf"": 0.00561, ""n"": 632, ""pooled_depth"": 5717.0, ""callable"": false}, ""sub5"": {""vaf"": 0.00494, ""n"": 528, ""pooled_depth"": 7844.0, ""callable"": false}, ""sub6"": {""vaf"": 0.00721, ""n"": 503, ""pooled_depth"": 4571.0, ""callable"": false}, ""sub7"": {""vaf"": 0.00645, ""n"": 481, ""pooled_depth"": 2929.0, ""callable"": false}, ""sub8"": {""vaf"": 0.00379, ""n"": 479, ""pooled_depth"": 7572.0, ""callable"": false}, ""sub9"": {""vaf"": 0.00743, ""n"": 455, ""pooled_depth"": 5982.0, ""callable"": true}}"	cll6_2
4529	12	4.207475677725785e-06	4.377411617497116e-06	0.07	False	1.0	True	sub1	False	True	True	True	True	"{""sub1"": {""vaf"": 0.00741, ""n"": 912, ""pooled_depth"": 4838.0, ""callable"": false}, ""sub10"": {""vaf"": 0.00418, ""n"": 367, ""pooled_depth"": 1525.0, ""callable"": false}, ""sub11"": {""vaf"": 0.00381, ""n"": 376, ""pooled_depth"": 1776.0, ""callable"": false}, ""sub12"": {""vaf"": 0.00698, ""n"": 170, ""pooled_depth"": 760.0, ""callable"": true}, ""sub2"": {""vaf"": 0.00708, ""n"": 752, ""pooled_depth"": 3558.0, ""callable"": false}, ""sub3"": {""vaf"": 0.00464, ""n"": 665, ""pooled_depth"": 2338.0, ""callable"": false}, ""sub4"": {""vaf"": 0.00515, ""n"": 585, ""pooled_depth"": 2002.0, ""callable"": false}, ""sub5"": {""vaf"": 0.0059, ""n"": 515, ""pooled_depth"": 2966.0, ""callable"": false}, ""sub6"": {""vaf"": 0.00635, ""n"": 474, ""pooled_depth"": 1733.0, ""callable"": false}, ""sub7"": {""vaf"": 0.00591, ""n"": 402, ""pooled_depth"": 1097.0, ""callable"": false}, ""sub8"": {""vaf"": 0.00384, ""n"": 465, ""pooled_depth"": 2538.0, ""callable"": false}, ""sub9"": {""vaf"": 0.00352, ""n"": 445, ""pooled_depth"": 2295.0, ""callable"": false}}"	cll6_2
4539	12	1.4584906292454973e-06	8.64010031142599e-06	0.99	False	1.0	True	sub4	False	True	True	True	True	"{""sub1"": {""vaf"": 0.00894, ""n"": 876, ""pooled_depth"": 3383.0, ""callable"": true}, ""sub10"": {""vaf"": 0.00885, ""n"": 346, ""pooled_depth"": 1090.0, ""callable"": false}, ""sub11"": {""vaf"": 0.00897, ""n"": 362, ""pooled_depth"": 1238.0, ""callable"": false}, ""sub12"": {""vaf"": 0.00932, ""n"": 163, ""pooled_depth"": 581.0, ""callable"": true}, ""sub2"": {""vaf"": 0.00877, ""n"": 716, ""pooled_depth"": 2517.0, ""callable"": false}, ""sub3"": {""vaf"": 0.00923, ""n"": 614, ""pooled_depth"": 1612.0, ""callable"": true}, ""sub4"": {""vaf"": 0.00973, ""n"": 534, ""pooled_depth"": 1383.0, ""callable"": true}, ""sub5"": {""vaf"": 0.00953, ""n"": 507, ""pooled_depth"": 2141.0, ""callable"": true}, ""sub6"": {""vaf"": 0.00929, ""n"": 442, ""pooled_depth"": 1244.0, ""callable"": true}, ""sub7"": {""vaf"": 0.00947, ""n"": 357, ""pooled_depth"": 816.0, ""callable"": true}, ""sub8"": {""vaf"": 0.00906, ""n"": 445, ""pooled_depth"": 1840.0, ""callable"": true}, ""sub9"": {""vaf"": 0.00879, ""n"": 438, ""pooled_depth"": 1704.0, ""callable"": false}}"	cll6_2
4545	12	2.677902969275813e-06	6.333971413182083e-06	0.78	False	1.0	True	sub4	False	False	True	True	True	"{""sub1"": {""vaf"": 0.0049, ""n"": 832, ""pooled_depth"": 2541.0, ""callable"": false}, ""sub10"": {""vaf"": 0.00465, ""n"": 324, ""pooled_depth"": 824.0, ""callable"": false}, ""sub11"": {""vaf"": 0.0053, ""n"": 334, ""pooled_depth"": 915.0, ""callable"": false}, ""sub12"": {""vaf"": 0.00454, ""n"": 156, ""pooled_depth"": 436.0, ""callable"": false}, ""sub2"": {""vaf"": 0.00649, ""n"": 677, ""pooled_depth"": 1858.0, ""callable"": false}, ""sub3"": {""vaf"": 0.00473, ""n"": 539, ""pooled_depth"": 1203.0, ""callable"": false}, ""sub4"": {""vaf"": 0.00671, ""n"": 471, ""pooled_depth"": 1005.0, ""callable"": true}, ""sub5"": {""vaf"": 0.00444, ""n"": 485, ""pooled_depth"": 1606.0, ""callable"": false}, ""sub6"": {""vaf"": 0.00571, ""n"": 391, ""pooled_depth"": 917.0, ""callable"": false}, ""sub7"": {""vaf"": 0.00553, ""n"": 322, ""pooled_depth"": 635.0, ""callable"": false}, ""sub8"": {""vaf"": 0.00478, ""n"": 422, ""pooled_depth"": 1389.0, ""callable"": false}, ""sub9"": {""vaf"": 0.00498, ""n"": 420, ""pooled_depth"": 1272.0, ""callable"": false}}"	cll6_2
4595	12	7.652559549945485e-06	8.59706572841777e-06	0.125	False	1.0	True	sub4	False	False	True	True	True	"{""sub1"": {""vaf"": 0.00734, ""n"": 853, ""pooled_depth"": 2625.0, ""callable"": false}, ""sub10"": {""vaf"": 0.00741, ""n"": 302, ""pooled_depth"": 707.0, ""callable"": false}, ""sub11"": {""vaf"": 0.00718, ""n"": 326, ""pooled_depth"": 885.0, ""callable"": false}, ""sub12"": {""vaf"": 0.00408, ""n"": 158, ""pooled_depth"": 484.0, ""callable"": false}, ""sub2"": {""vaf"": 0.00767, ""n"": 660, ""pooled_depth"": 1838.0, ""callable"": false}, ""sub3"": {""vaf"": 0.0041, ""n"": 551, ""pooled_depth"": 1209.0, ""callable"": false}, ""sub4"": {""vaf"": 0.00992, ""n"": 442, ""pooled_depth"": 901.0, ""callable"": true}, ""sub5"": {""vaf"": 0.00694, ""n"": 472, ""pooled_depth"": 1512.0, ""callable"": false}, ""sub6"": {""vaf"": 0.00306, ""n"": 392, ""pooled_depth"": 819.0, ""callable"": false}, ""sub7"": {""vaf"": 0.00386, ""n"": 306, ""pooled_depth"": 540.0, ""callable"": false}, ""sub8"": {""vaf"": 0.00464, ""n"": 427, ""pooled_depth"": 1441.0, ""callable"": false}, ""sub9"": {""vaf"": 0.00675, ""n"": 393, ""pooled_depth"": 1123.0, ""callable"": false}}"	cll6_2
4639	12	2.3158908552078336e-06	3.818064415307328e-06	0.34	False	1.0	True	sub9	False	True	True	True	True	"{""sub1"": {""vaf"": 0.00569, ""n"": 925, ""pooled_depth"": 5053.0, ""callable"": false}, ""sub10"": {""vaf"": 0.00449, ""n"": 363, ""pooled_depth"": 1513.0, ""callable"": false}, ""sub11"": {""vaf"": 0.00593, ""n"": 371, ""pooled_depth"": 1747.0, ""callable"": false}, ""sub12"": {""vaf"": 0.00616, ""n"": 174, ""pooled_depth"": 808.0, ""callable"": false}, ""sub2"": {""vaf"": 0.00595, ""n"": 756, ""pooled_depth"": 3583.0, ""callable"": false}, ""sub3"": {""vaf"": 0.00382, ""n"": 674, ""pooled_depth"": 2342.0, ""callable"": false}, ""sub4"": {""vaf"": 0.00535, ""n"": 569, ""pooled_depth"": 2119.0, ""callable"": false}, ""sub5"": {""vaf"": 0.00505, ""n"": 515, ""pooled_depth"": 2940.0, ""callable"": false}, ""sub6"": {""vaf"": 0.00488, ""n"": 463, ""pooled_depth"": 1666.0, ""callable"": false}, ""sub7"": {""vaf"": 0.00656, ""n"": 406, ""pooled_depth"": 1110.0, ""callable"": false}, ""sub8"": {""vaf"": 0.00498, ""n"": 462, ""pooled_depth"": 2601.0, ""callable"": false}, ""sub9"": {""vaf"": 0.00708, ""n"": 446, ""pooled_depth"": 2178.0, ""callable"": true}}"	cll6_2
4689	12	2.7530212973244325e-06	5.65289515063341e-06	0.575	False	1.0	True	sub6	False	True	True	True	True	"{""sub1"": {""vaf"": 0.00645, ""n"": 930, ""pooled_depth"": 4729.0, ""callable"": false}, ""sub10"": {""vaf"": 0.00589, ""n"": 362, ""pooled_depth"": 1295.0, ""callable"": false}, ""sub11"": {""vaf"": 0.00685, ""n"": 373, ""pooled_depth"": 1568.0, ""callable"": false}, ""sub12"": {""vaf"": 0.00772, ""n"": 172, ""pooled_depth"": 782.0, ""callable"": true}, ""sub2"": {""vaf"": 0.00796, ""n"": 757, ""pooled_depth"": 3467.0, ""callable"": true}, ""sub3"": {""vaf"": 0.00653, ""n"": 637, ""pooled_depth"": 2199.0, ""callable"": false}, ""sub4"": {""vaf"": 0.00855, ""n"": 553, ""pooled_depth"": 1919.0, ""callable"": true}, ""sub5"": {""vaf"": 0.00641, ""n"": 510, ""pooled_depth"": 2749.0, ""callable"": false}, ""sub6"": {""vaf"": 0.00858, ""n"": 460, ""pooled_depth"": 1556.0, ""callable"": true}, ""sub7"": {""vaf"": 0.00719, ""n"": 414, ""pooled_depth"": 1123.0, ""callable"": false}, ""sub8"": {""vaf"": 0.00647, ""n"": 462, ""pooled_depth"": 2549.0, ""callable"": false}, ""sub9"": {""vaf"": 0.00772, ""n"": 439, ""pooled_depth"": 2080.0, ""callable"": true}}"	cll6_2
4700	12	3.932094779286001e-06	3.930771564744314e-06	0.05	True	1.0	True	sub4	False	True	True	True	True	"{""sub1"": {""vaf"": 0.00546, ""n"": 933, ""pooled_depth"": 6138.0, ""callable"": false}, ""sub10"": {""vaf"": 0.00782, ""n"": 380, ""pooled_depth"": 1690.0, ""callable"": true}, ""sub11"": {""vaf"": 0.00859, ""n"": 386, ""pooled_depth"": 1996.0, ""callable"": true}, ""sub12"": {""vaf"": 0.00878, ""n"": 180, ""pooled_depth"": 1010.0, ""callable"": true}, ""sub2"": {""vaf"": 0.00807, ""n"": 765, ""pooled_depth"": 4446.0, ""callable"": true}, ""sub3"": {""vaf"": 0.00575, ""n"": 680, ""pooled_depth"": 2808.0, ""callable"": false}, ""sub4"": {""vaf"": 0.00951, ""n"": 581, ""pooled_depth"": 2509.0, ""callable"": true}, ""sub5"": {""vaf"": 0.00685, ""n"": 517, ""pooled_depth"": 3443.0, ""callable"": false}, ""sub6"": {""vaf"": 0.00699, ""n"": 473, ""pooled_depth"": 1915.0, ""callable"": false}, ""sub7"": {""vaf"": 0.00612, ""n"": 442, ""pooled_depth"": 1408.0, ""callable"": false}, ""sub8"": {""vaf"": 0.00661, ""n"": 469, ""pooled_depth"": 3314.0, ""callable"": false}, ""sub9"": {""vaf"": 0.00554, ""n"": 448, ""pooled_depth"": 2605.0, ""callable"": false}}"	cll6_2
4749	12	5.860135722815764e-06	5.78667458942706e-06	0.04	True	1.0	True	sub6	False	True	True	True	True	"{""sub1"": {""vaf"": 0.00502, ""n"": 913, ""pooled_depth"": 4165.0, ""callable"": false}, ""sub10"": {""vaf"": 0.00925, ""n"": 346, ""pooled_depth"": 1005.0, ""callable"": true}, ""sub11"": {""vaf"": 0.00886, ""n"": 365, ""pooled_depth"": 1313.0, ""callable"": true}, ""sub12"": {""vaf"": 0.00891, ""n"": 172, ""pooled_depth"": 740.0, ""callable"": true}, ""sub2"": {""vaf"": 0.00679, ""n"": 740, ""pooled_depth"": 3003.0, ""callable"": false}, ""sub3"": {""vaf"": 0.00606, ""n"": 619, ""pooled_depth"": 1816.0, ""callable"": false}, ""sub4"": {""vaf"": 0.00847, ""n"": 514, ""pooled_depth"": 1529.0, ""callable"": true}, ""sub5"": {""vaf"": 0.00574, ""n"": 502, ""pooled_depth"": 2315.0, ""callable"": false}, ""sub6"": {""vaf"": 0.00953, ""n"": 432, ""pooled_depth"": 1160.0, ""callable"": true}, ""sub7"": {""vaf"": 0.00563, ""n"": 382, ""pooled_depth"": 953.0, ""callable"": false}, ""sub8"": {""vaf"": 0.00526, ""n"": 451, ""pooled_depth"": 2411.0, ""callable"": false}, ""sub9"": {""vaf"": 0.00526, ""n"": 426, ""pooled_depth"": 1652.0, ""callable"": false}}"	cll6_2
4769	12	6.12586279357899e-06	7.925640968368318e-06	0.155	False	1.0	True	sub6	False	False	True	True	True	"{""sub1"": {""vaf"": 0.00685, ""n"": 843, ""pooled_depth"": 2461.0, ""callable"": false}, ""sub10"": {""vaf"": 0.0061, ""n"": 279, ""pooled_depth"": 546.0, ""callable"": false}, ""sub11"": {""vaf"": 0.00301, ""n"": 314, ""pooled_depth"": 768.0, ""callable"": false}, ""sub12"": {""vaf"": 0.00387, ""n"": 154, ""pooled_depth"": 456.0, ""callable"": false}, ""sub2"": {""vaf"": 0.0029, ""n"": 672, ""pooled_depth"": 1854.0, ""callable"": false}, ""sub3"": {""vaf"": 0.00611, ""n"": 497, ""pooled_depth"": 1035.0, ""callable"": false}, ""sub4"": {""vaf"": 0.00694, ""n"": 413, ""pooled_depth"": 834.0, ""callable"": false}, ""sub5"": {""vaf"": 0.00512, ""n"": 463, ""pooled_depth"": 1358.0, ""callable"": false}, ""sub6"": {""vaf"": 0.00709, ""n"": 360, ""pooled_depth"": 661.0, ""callable"": true}, ""sub7"": {""vaf"": 0.00348, ""n"": 305, ""pooled_depth"": 579.0, ""callable"": false}, ""sub8"": {""vaf"": 0.00384, ""n"": 420, ""pooled_depth"": 1503.0, ""callable"": false}, ""sub9"": {""vaf"": 0.00557, ""n"": 402, ""pooled_depth"": 1017.0, ""callable"": false}}"	cll6_2
4837	12	2.5783598920780883e-06	1.3213117901445614e-06	0.005	True	1.0	True	sub1	True	True	True	True	True	"{""sub1"": {""vaf"": 0.00782, ""n"": 954, ""pooled_depth"": 14500.0, ""callable"": true}, ""sub10"": {""vaf"": 0.00574, ""n"": 401, ""pooled_depth"": 4288.0, ""callable"": false}, ""sub11"": {""vaf"": 0.00563, ""n"": 392, ""pooled_depth"": 5120.0, ""callable"": false}, ""sub12"": {""vaf"": 0.00442, ""n"": 180, ""pooled_depth"": 2326.0, ""callable"": false}, ""sub2"": {""vaf"": 0.00627, ""n"": 781, ""pooled_depth"": 10291.0, ""callable"": false}, ""sub3"": {""vaf"": 0.00327, ""n"": 743, ""pooled_depth"": 6622.0, ""callable"": false}, ""sub4"": {""vaf"": 0.00642, ""n"": 637, ""pooled_depth"": 6104.0, ""callable"": false}, ""sub5"": {""vaf"": 0.00509, ""n"": 531, ""pooled_depth"": 8238.0, ""callable"": false}, ""sub6"": {""vaf"": 0.0067, ""n"": 507, ""pooled_depth"": 4871.0, ""callable"": false}, ""sub7"": {""vaf"": 0.00449, ""n"": 487, ""pooled_depth"": 3149.0, ""callable"": false}, ""sub8"": {""vaf"": 0.00644, ""n"": 479, ""pooled_depth"": 7473.0, ""callable"": false}, ""sub9"": {""vaf"": 0.00517, ""n"": 457, ""pooled_depth"": 6521.0, ""callable"": false}}"	cll6_2
5111	12	1.66587539781361e-05	7.621656284584664e-06	0.0	True	1.0	True	sub4	False	True	True	True	True	"{""sub1"": {""vaf"": 0.01351, ""n"": 944, ""pooled_depth"": 7920.0, ""callable"": true}, ""sub10"": {""vaf"": 0.01797, ""n"": 384, ""pooled_depth"": 1946.0, ""callable"": true}, ""sub11"": {""vaf"": 0.0111, ""n"": 383, ""pooled_depth"": 2394.0, ""callable"": true}, ""sub12"": {""vaf"": 0.01298, ""n"": 182, ""pooled_depth"": 1257.0, ""callable"": true}, ""sub2"": {""vaf"": 0.01117, ""n"": 773, ""pooled_depth"": 5420.0, ""callable"": true}, ""sub3"": {""vaf"": 0.01417, ""n"": 708, ""pooled_depth"": 3353.0, ""callable"": true}, ""sub4"": {""vaf"": 0.02316, ""n"": 598, ""pooled_depth"": 2872.0, ""callable"": true}, ""sub5"": {""vaf"": 0.0127, ""n"": 526, ""pooled_depth"": 4212.0, ""callable"": true}, ""sub6"": {""vaf"": 0.02029, ""n"": 486, ""pooled_depth"": 2288.0, ""callable"": true}, ""sub7"": {""vaf"": 0.01275, ""n"": 470, ""pooled_depth"": 1683.0, ""callable"": true}, ""sub8"": {""vaf"": 0.01339, ""n"": 468, ""pooled_depth"": 4112.0, ""callable"": true}, ""sub9"": {""vaf"": 0.01577, ""n"": 452, ""pooled_depth"": 3008.0, ""callable"": true}}"	cll6_2
5184	12	1.9335879780130238e-06	2.9525694034631695e-06	0.32	False	1.0	True	sub10	False	True	True	True	True	"{""sub1"": {""vaf"": 0.00573, ""n"": 939, ""pooled_depth"": 6532.0, ""callable"": false}, ""sub10"": {""vaf"": 0.00673, ""n"": 384, ""pooled_depth"": 1711.0, ""callable"": false}, ""sub11"": {""vaf"": 0.00544, ""n"": 381, ""pooled_depth"": 2023.0, ""callable"": false}, ""sub12"": {""vaf"": 0.00454, ""n"": 179, ""pooled_depth"": 1038.0, ""callable"": false}, ""sub2"": {""vaf"": 0.00489, ""n"": 766, ""pooled_depth"": 4504.0, ""callable"": false}, ""sub3"": {""vaf"": 0.0045, ""n"": 688, ""pooled_depth"": 2848.0, ""callable"": false}, ""sub4"": {""vaf"": 0.00447, ""n"": 584, ""pooled_depth"": 2433.0, ""callable"": false}, ""sub5"": {""vaf"": 0.00621, ""n"": 522, ""pooled_depth"": 3627.0, ""callable"": false}, ""sub6"": {""vaf"": 0.00573, ""n"": 478, ""pooled_depth"": 1997.0, ""callable"": false}, ""sub7"": {""vaf"": 0.00618, ""n"": 437, ""pooled_depth"": 1387.0, ""callable"": false}, ""sub8"": {""vaf"": 0.0043, ""n"": 472, ""pooled_depth"": 3758.0, ""callable"": false}, ""sub9"": {""vaf"": 0.00646, ""n"": 446, ""pooled_depth"": 2793.0, ""callable"": false}}"	cll6_2
5215	12	2.011865853503513e-06	7.084676184930276e-06	0.87	False	1.0	True	sub10	False	True	True	True	True	"{""sub1"": {""vaf"": 0.00591, ""n"": 891, ""pooled_depth"": 3440.0, ""callable"": false}, ""sub10"": {""vaf"": 0.00676, ""n"": 325, ""pooled_depth"": 836.0, ""callable"": false}, ""sub11"": {""vaf"": 0.00535, ""n"": 344, ""pooled_depth"": 1016.0, ""callable"": false}, ""sub12"": {""vaf"": 0.00675, ""n"": 164, ""pooled_depth"": 544.0, ""callable"": false}, ""sub2"": {""vaf"": 0.00651, ""n"": 709, ""pooled_depth"": 2323.0, ""callable"": false}, ""sub3"": {""vaf"": 0.00579, ""n"": 564, ""pooled_depth"": 1480.0, ""callable"": false}, ""sub4"": {""vaf"": 0.00627, ""n"": 497, ""pooled_depth"": 1213.0, ""callable"": false}, ""sub5"": {""vaf"": 0.00639, ""n"": 494, ""pooled_depth"": 1935.0, ""callable"": false}, ""sub6"": {""vaf"": 0.00642, ""n"": 410, ""pooled_depth"": 985.0, ""callable"": false}, ""sub7"": {""vaf"": 0.00551, ""n"": 347, ""pooled_depth"": 745.0, ""callable"": false}, ""sub8"": {""vaf"": 0.00473, ""n"": 447, ""pooled_depth"": 2254.0, ""callable"": false}, ""sub9"": {""vaf"": 0.00577, ""n"": 414, ""pooled_depth"": 1319.0, ""callable"": false}}"	cll6_2
5217	12	1.3465700687966355e-05	9.869176763294314e-06	0.005	True	1.0	True	sub2	False	True	True	True	True	"{""sub1"": {""vaf"": 0.00859, ""n"": 908, ""pooled_depth"": 3849.0, ""callable"": false}, ""sub10"": {""vaf"": 0.01296, ""n"": 337, ""pooled_depth"": 977.0, ""callable"": true}, ""sub11"": {""vaf"": 0.0135, ""n"": 357, ""pooled_depth"": 1193.0, ""callable"": true}, ""sub12"": {""vaf"": 0.0115, ""n"": 168, ""pooled_depth"": 620.0, ""callable"": true}, ""sub2"": {""vaf"": 0.01502, ""n"": 733, ""pooled_depth"": 2634.0, ""callable"": true}, ""sub3"": {""vaf"": 0.01066, ""n"": 598, ""pooled_depth"": 1686.0, ""callable"": true}, ""sub4"": {""vaf"": 0.01039, ""n"": 525, ""pooled_depth"": 1372.0, ""callable"": true}, ""sub5"": {""vaf"": 0.01083, ""n"": 500, ""pooled_depth"": 2198.0, ""callable"": true}, ""sub6"": {""vaf"": 0.01258, ""n"": 423, ""pooled_depth"": 1117.0, ""callable"": true}, ""sub7"": {""vaf"": 0.01221, ""n"": 376, ""pooled_depth"": 853.0, ""callable"": true}, ""sub8"": {""vaf"": 0.00659, ""n"": 453, ""pooled_depth"": 2443.0, ""callable"": false}, ""sub9"": {""vaf"": 0.01298, ""n"": 423, ""pooled_depth"": 1513.0, ""callable"": true}}"	cll6_2
5265	12	4.987578712557567e-06	4.611132684158513e-06	0.045	True	1.0	True	sub1	False	True	True	True	True	"{""sub1"": {""vaf"": 0.01056, ""n"": 930, ""pooled_depth"": 6359.0, ""callable"": true}, ""sub10"": {""vaf"": 0.00852, ""n"": 377, ""pooled_depth"": 1806.0, ""callable"": true}, ""sub11"": {""vaf"": 0.00728, ""n"": 384, ""pooled_depth"": 2248.0, ""callable"": false}, ""sub12"": {""vaf"": 0.0069, ""n"": 175, ""pooled_depth"": 1014.0, ""callable"": false}, ""sub2"": {""vaf"": 0.00871, ""n"": 776, ""pooled_depth"": 4718.0, ""callable"": true}, ""sub3"": {""vaf"": 0.00876, ""n"": 674, ""pooled_depth"": 2968.0, ""callable"": true}, ""sub4"": {""vaf"": 0.00956, ""n"": 598, ""pooled_depth"": 2586.0, ""callable"": true}, ""sub5"": {""vaf"": 0.00815, ""n"": 522, ""pooled_depth"": 3557.0, ""callable"": true}, ""sub6"": {""vaf"": 0.00749, ""n"": 481, ""pooled_depth"": 2008.0, ""callable"": false}, ""sub7"": {""vaf"": 0.00823, ""n"": 438, ""pooled_depth"": 1441.0, ""callable"": false}, ""sub8"": {""vaf"": 0.00509, ""n"": 469, ""pooled_depth"": 3512.0, ""callable"": false}, ""sub9"": {""vaf"": 0.00965, ""n"": 447, ""pooled_depth"": 2757.0, ""callable"": true}}"	cll6_2
5266	12	4.61330348908957e-06	5.526573973937966e-06	0.11	False	1.0	True	sub2	False	True	True	True	True	"{""sub1"": {""vaf"": 0.00999, ""n"": 932, ""pooled_depth"": 6676.0, ""callable"": true}, ""sub10"": {""vaf"": 0.012, ""n"": 376, ""pooled_depth"": 1882.0, ""callable"": true}, ""sub11"": {""vaf"": 0.01124, ""n"": 384, ""pooled_depth"": 2362.0, ""callable"": true}, ""sub12"": {""vaf"": 0.01029, ""n"": 176, ""pooled_depth"": 1065.0, ""callable"": false}, ""sub2"": {""vaf"": 0.01375, ""n"": 778, ""pooled_depth"": 4955.0, ""callable"": true}, ""sub3"": {""vaf"": 0.0119, ""n"": 681, ""pooled_depth"": 3095.0, ""callable"": true}, ""sub4"": {""vaf"": 0.01139, ""n"": 601, ""pooled_depth"": 2735.0, ""callable"": true}, ""sub5"": {""vaf"": 0.01065, ""n"": 522, ""pooled_depth"": 3758.0, ""callable"": true}, ""sub6"": {""vaf"": 0.01113, ""n"": 488, ""pooled_depth"": 2142.0, ""callable"": true}, ""sub7"": {""vaf"": 0.01068, ""n"": 444, ""pooled_depth"": 1494.0, ""callable"": true}, ""sub8"": {""vaf"": 0.00901, ""n"": 471, ""pooled_depth"": 3686.0, ""callable"": false}, ""sub9"": {""vaf"": 0.01119, ""n"": 447, ""pooled_depth"": 2918.0, ""callable"": true}}"	cll6_2
5286	12	2.493776245805318e-06	2.8495265550361114e-06	0.13	False	1.0	True	sub11	False	True	True	True	True	"{""sub1"": {""vaf"": 0.00555, ""n"": 936, ""pooled_depth"": 6227.0, ""callable"": false}, ""sub10"": {""vaf"": 0.00445, ""n"": 371, ""pooled_depth"": 1594.0, ""callable"": false}, ""sub11"": {""vaf"": 0.00724, ""n"": 381, ""pooled_depth"": 2107.0, ""callable"": true}, ""sub12"": {""vaf"": 0.00431, ""n"": 177, ""pooled_depth"": 996.0, ""callable"": false}, ""sub2"": {""vaf"": 0.00523, ""n"": 770, ""pooled_depth"": 4404.0, ""callable"": false}, ""sub3"": {""vaf"": 0.00506, ""n"": 682, ""pooled_depth"": 2816.0, ""callable"": false}, ""sub4"": {""vaf"": 0.00589, ""n"": 583, ""pooled_depth"": 2563.0, ""callable"": false}, ""sub5"": {""vaf"": 0.00463, ""n"": 524, ""pooled_depth"": 3639.0, ""callable"": false}, ""sub6"": {""vaf"": 0.00451, ""n"": 477, ""pooled_depth"": 1998.0, ""callable"": false}, ""sub7"": {""vaf"": 0.00698, ""n"": 429, ""pooled_depth"": 1375.0, ""callable"": true}, ""sub8"": {""vaf"": 0.00328, ""n"": 467, ""pooled_depth"": 3573.0, ""callable"": false}, ""sub9"": {""vaf"": 0.00566, ""n"": 447, ""pooled_depth"": 2726.0, ""callable"": false}}"	cll6_2
5400	12	1.5003258044064173e-06	1.6728374360225903e-06	0.08	False	1.0	True	sub4	False	True	True	True	True	"{""sub1"": {""vaf"": 0.00525, ""n"": 958, ""pooled_depth"": 11984.0, ""callable"": false}, ""sub10"": {""vaf"": 0.00634, ""n"": 393, ""pooled_depth"": 2966.0, ""callable"": false}, ""sub11"": {""vaf"": 0.00505, ""n"": 392, ""pooled_depth"": 3839.0, ""callable"": false}, ""sub12"": {""vaf"": 0.00557, ""n"": 183, ""pooled_depth"": 1969.0, ""callable"": false}, ""sub2"": {""vaf"": 0.00466, ""n"": 781, ""pooled_depth"": 8263.0, ""callable"": false}, ""sub3"": {""vaf"": 0.00574, ""n"": 738, ""pooled_depth"": 5319.0, ""callable"": false}, ""sub4"": {""vaf"": 0.00706, ""n"": 626, ""pooled_depth"": 4932.0, ""callable"": false}, ""sub5"": {""vaf"": 0.00578, ""n"": 527, ""pooled_depth"": 6641.0, ""callable"": false}, ""sub6"": {""vaf"": 0.00648, ""n"": 504, ""pooled_depth"": 3766.0, ""callable"": false}, ""sub7"": {""vaf"": 0.00443, ""n"": 481, ""pooled_depth"": 2517.0, ""callable"": false}, ""sub8"": {""vaf"": 0.00435, ""n"": 475, ""pooled_depth"": 6529.0, ""callable"": false}, ""sub9"": {""vaf"": 0.00586, ""n"": 451, ""pooled_depth"": 4981.0, ""callable"": false}}"	cll6_2
5508	12	2.4771300173707407e-06	3.299423894981555e-06	0.165	False	1.0	True	sub11	False	True	True	True	True	"{""sub1"": {""vaf"": 0.00423, ""n"": 940, ""pooled_depth"": 7588.0, ""callable"": false}, ""sub10"": {""vaf"": 0.00453, ""n"": 380, ""pooled_depth"": 1882.0, ""callable"": false}, ""sub11"": {""vaf"": 0.00712, ""n"": 383, ""pooled_depth"": 2491.0, ""callable"": true}, ""sub12"": {""vaf"": 0.00487, ""n"": 179, ""pooled_depth"": 1212.0, ""callable"": false}, ""sub2"": {""vaf"": 0.00458, ""n"": 777, ""pooled_depth"": 5332.0, ""callable"": false}, ""sub3"": {""vaf"": 0.00697, ""n"": 692, ""pooled_depth"": 3301.0, ""callable"": false}, ""sub4"": {""vaf"": 0.00633, ""n"": 594, ""pooled_depth"": 2720.0, ""callable"": false}, ""sub5"": {""vaf"": 0.00481, ""n"": 522, ""pooled_depth"": 4162.0, ""callable"": false}, ""sub6"": {""vaf"": 0.00518, ""n"": 490, ""pooled_depth"": 2188.0, ""callable"": false}, ""sub7"": {""vaf"": 0.00498, ""n"": 450, ""pooled_depth"": 1544.0, ""callable"": false}, ""sub8"": {""vaf"": 0.00434, ""n"": 469, ""pooled_depth"": 4120.0, ""callable"": false}, ""sub9"": {""vaf"": 0.00631, ""n"": 449, ""pooled_depth"": 3048.0, ""callable"": false}}"	cll6_2
5609	12	2.0311960376095055e-06	2.555228919368209e-06	0.2	False	1.0	True	sub9	False	True	True	True	True	"{""sub1"": {""vaf"": 0.00519, ""n"": 940, ""pooled_depth"": 7131.0, ""callable"": false}, ""sub10"": {""vaf"": 0.00498, ""n"": 390, ""pooled_depth"": 2102.0, ""callable"": false}, ""sub11"": {""vaf"": 0.00413, ""n"": 385, ""pooled_depth"": 2484.0, ""callable"": false}, ""sub12"": {""vaf"": 0.00522, ""n"": 182, ""pooled_depth"": 1142.0, ""callable"": false}, ""sub2"": {""vaf"": 0.00469, ""n"": 773, ""pooled_depth"": 4915.0, ""callable"": false}, ""sub3"": {""vaf"": 0.00619, ""n"": 696, ""pooled_depth"": 3224.0, ""callable"": false}, ""sub4"": {""vaf"": 0.00459, ""n"": 608, ""pooled_depth"": 2895.0, ""callable"": false}, ""sub5"": {""vaf"": 0.00436, ""n"": 522, ""pooled_depth"": 4082.0, ""callable"": false}, ""sub6"": {""vaf"": 0.00636, ""n"": 483, ""pooled_depth"": 2295.0, ""callable"": false}, ""sub7"": {""vaf"": 0.00593, ""n"": 451, ""pooled_depth"": 1597.0, ""callable"": false}, ""sub8"": {""vaf"": 0.00381, ""n"": 465, ""pooled_depth"": 3652.0, ""callable"": false}, ""sub9"": {""vaf"": 0.00652, ""n"": 455, ""pooled_depth"": 3260.0, ""callable"": false}}"	cll6_2
5618	12	1.216398057453303e-06	3.1119434081556983e-06	0.83	False	1.0	True	sub6	False	True	True	True	True	"{""sub1"": {""vaf"": 0.00492, ""n"": 931, ""pooled_depth"": 5362.0, ""callable"": false}, ""sub10"": {""vaf"": 0.00565, ""n"": 378, ""pooled_depth"": 1487.0, ""callable"": false}, ""sub11"": {""vaf"": 0.00568, ""n"": 378, ""pooled_depth"": 1815.0, ""callable"": false}, ""sub12"": {""vaf"": 0.00468, ""n"": 176, ""pooled_depth"": 849.0, ""callable"": false}, ""sub2"": {""vaf"": 0.00493, ""n"": 757, ""pooled_depth"": 3714.0, ""callable"": false}, ""sub3"": {""vaf"": 0.00592, ""n"": 664, ""pooled_depth"": 2308.0, ""callable"": false}, ""sub4"": {""vaf"": 0.00559, ""n"": 584, ""pooled_depth"": 2072.0, ""callable"": false}, ""sub5"": {""vaf"": 0.00552, ""n"": 520, ""pooled_depth"": 3032.0, ""callable"": false}, ""sub6"": {""vaf"": 0.00627, ""n"": 455, ""pooled_depth"": 1712.0, ""callable"": false}, ""sub7"": {""vaf"": 0.0059, ""n"": 418, ""pooled_depth"": 1145.0, ""callable"": false}, ""sub8"": {""vaf"": 0.00469, ""n"": 457, ""pooled_depth"": 2767.0, ""callable"": false}, ""sub9"": {""vaf"": 0.0052, ""n"": 446, ""pooled_depth"": 2426.0, ""callable"": false}}"	cll6_2
5907	12	4.655992802423321e-06	6.671381310591414e-06	0.18	False	1.0	True	sub10	False	True	True	True	True	"{""sub1"": {""vaf"": 0.00618, ""n"": 891, ""pooled_depth"": 3350.0, ""callable"": false}, ""sub10"": {""vaf"": 0.00863, ""n"": 331, ""pooled_depth"": 870.0, ""callable"": true}, ""sub11"": {""vaf"": 0.0062, ""n"": 352, ""pooled_depth"": 1081.0, ""callable"": false}, ""sub12"": {""vaf"": 0.00501, ""n"": 158, ""pooled_depth"": 552.0, ""callable"": false}, ""sub2"": {""vaf"": 0.00492, ""n"": 718, ""pooled_depth"": 2404.0, ""callable"": false}, ""sub3"": {""vaf"": 0.00483, ""n"": 574, ""pooled_depth"": 1435.0, ""callable"": false}, ""sub4"": {""vaf"": 0.00728, ""n"": 511, ""pooled_depth"": 1336.0, ""callable"": false}, ""sub5"": {""vaf"": 0.00639, ""n"": 502, ""pooled_depth"": 1958.0, ""callable"": false}, ""sub6"": {""vaf"": 0.00702, ""n"": 424, ""pooled_depth"": 1133.0, ""callable"": false}, ""sub7"": {""vaf"": 0.00504, ""n"": 354, ""pooled_depth"": 742.0, ""callable"": false}, ""sub8"": {""vaf"": 0.00324, ""n"": 441, ""pooled_depth"": 1958.0, ""callable"": false}, ""sub9"": {""vaf"": 0.0052, ""n"": 417, ""pooled_depth"": 1462.0, ""callable"": false}}"	cll6_2
5976	12	3.857788441215801e-06	5.513547230499864e-06	0.225	False	1.0	True	sub7	False	True	True	True	True	"{""sub1"": {""vaf"": 0.0064, ""n"": 926, ""pooled_depth"": 4560.0, ""callable"": false}, ""sub10"": {""vaf"": 0.00701, ""n"": 372, ""pooled_depth"": 1336.0, ""callable"": false}, ""sub11"": {""vaf"": 0.00631, ""n"": 373, ""pooled_depth"": 1640.0, ""callable"": false}, ""sub12"": {""vaf"": 0.00606, ""n"": 172, ""pooled_depth"": 772.0, ""callable"": false}, ""sub2"": {""vaf"": 0.00589, ""n"": 752, ""pooled_depth"": 3216.0, ""callable"": false}, ""sub3"": {""vaf"": 0.00755, ""n"": 649, ""pooled_depth"": 2066.0, ""callable"": true}, ""sub4"": {""vaf"": 0.00683, ""n"": 565, ""pooled_depth"": 1849.0, ""callable"": false}, ""sub5"": {""vaf"": 0.00714, ""n"": 515, ""pooled_depth"": 2687.0, ""callable"": false}, ""sub6"": {""vaf"": 0.0074, ""n"": 462, ""pooled_depth"": 1598.0, ""callable"": false}, ""sub7"": {""vaf"": 0.00811, ""n"": 393, ""pooled_depth"": 967.0, ""callable"": true}, ""sub8"": {""vaf"": 0.00332, ""n"": 459, ""pooled_depth"": 2555.0, ""callable"": false}, ""sub9"": {""vaf"": 0.00571, ""n"": 440, ""pooled_depth"": 2134.0, ""callable"": false}}"	cll6_2
6069	12	1.6498165290267296e-05	1.0679920792674912e-05	0.0	True	1.0	True	sub4	False	True	True	True	True	"{""sub1"": {""vaf"": 0.01402, ""n"": 935, ""pooled_depth"": 6239.0, ""callable"": true}, ""sub10"": {""vaf"": 0.02227, ""n"": 380, ""pooled_depth"": 1536.0, ""callable"": true}, ""sub11"": {""vaf"": 0.01858, ""n"": 379, ""pooled_depth"": 2016.0, ""callable"": true}, ""sub12"": {""vaf"": 0.01711, ""n"": 178, ""pooled_depth"": 1038.0, ""callable"": true}, ""sub2"": {""vaf"": 0.01895, ""n"": 764, ""pooled_depth"": 4281.0, ""callable"": true}, ""sub3"": {""vaf"": 0.01642, ""n"": 689, ""pooled_depth"": 2824.0, ""callable"": true}, ""sub4"": {""vaf"": 0.02413, ""n"": 569, ""pooled_depth"": 2219.0, ""callable"": true}, ""sub5"": {""vaf"": 0.01666, ""n"": 527, ""pooled_depth"": 3491.0, ""callable"": true}, ""sub6"": {""vaf"": 0.01831, ""n"": 469, ""pooled_depth"": 1949.0, ""callable"": true}, ""sub7"": {""vaf"": 0.01484, ""n"": 431, ""pooled_depth"": 1333.0, ""callable"": true}, ""sub8"": {""vaf"": 0.01346, ""n"": 473, ""pooled_depth"": 3417.0, ""callable"": true}, ""sub9"": {""vaf"": 0.02, ""n"": 444, ""pooled_depth"": 2560.0, ""callable"": true}}"	cll6_2
6070	12	6.030227177455759e-06	6.557234542518129e-06	0.1	False	1.0	True	sub10	False	True	True	True	True	"{""sub1"": {""vaf"": 0.00846, ""n"": 931, ""pooled_depth"": 5498.0, ""callable"": true}, ""sub10"": {""vaf"": 0.01329, ""n"": 371, ""pooled_depth"": 1318.0, ""callable"": true}, ""sub11"": {""vaf"": 0.00917, ""n"": 375, ""pooled_depth"": 1722.0, ""callable"": true}, ""sub12"": {""vaf"": 0.00992, ""n"": 177, ""pooled_depth"": 909.0, ""callable"": true}, ""sub2"": {""vaf"": 0.00919, ""n"": 755, ""pooled_depth"": 3785.0, ""callable"": true}, ""sub3"": {""vaf"": 0.01011, ""n"": 672, ""pooled_depth"": 2456.0, ""callable"": true}, ""sub4"": {""vaf"": 0.01276, ""n"": 552, ""pooled_depth"": 1965.0, ""callable"": true}, ""sub5"": {""vaf"": 0.00862, ""n"": 520, ""pooled_depth"": 3060.0, ""callable"": true}, ""sub6"": {""vaf"": 0.01204, ""n"": 455, ""pooled_depth"": 1729.0, ""callable"": true}, ""sub7"": {""vaf"": 0.00727, ""n"": 426, ""pooled_depth"": 1205.0, ""callable"": false}, ""sub8"": {""vaf"": 0.00859, ""n"": 469, ""pooled_depth"": 3074.0, ""callable"": true}, ""sub9"": {""vaf"": 0.00899, ""n"": 440, ""pooled_depth"": 2222.0, ""callable"": true}}"	cll6_2
6188	12	1.047153221884498e-06	3.1510400384012664e-06	0.815	False	1.0	True	sub12	False	True	True	True	True	"{""sub1"": {""vaf"": 0.00759, ""n"": 946, ""pooled_depth"": 9311.0, ""callable"": false}, ""sub10"": {""vaf"": 0.00868, ""n"": 393, ""pooled_depth"": 2356.0, ""callable"": true}, ""sub11"": {""vaf"": 0.00856, ""n"": 391, ""pooled_depth"": 2804.0, ""callable"": true}, ""sub12"": {""vaf"": 0.00881, ""n"": 184, ""pooled_depth"": 1563.0, ""callable"": true}, ""sub2"": {""vaf"": 0.0076, ""n"": 775, ""pooled_depth"": 6394.0, ""callable"": false}, ""sub3"": {""vaf"": 0.00824, ""n"": 721, ""pooled_depth"": 4190.0, ""callable"": true}, ""sub4"": {""vaf"": 0.0077, ""n"": 613, ""pooled_depth"": 3518.0, ""callable"": false}, ""sub5"": {""vaf"": 0.00774, ""n"": 524, ""pooled_depth"": 5161.0, ""callable"": false}, ""sub6"": {""vaf"": 0.00821, ""n"": 496, ""pooled_depth"": 3005.0, ""callable"": true}, ""sub7"": {""vaf"": 0.00793, ""n"": 466, ""pooled_depth"": 2017.0, ""callable"": false}, ""sub8"": {""vaf"": 0.00722, ""n"": 472, ""pooled_depth"": 5190.0, ""callable"": false}, ""sub9"": {""vaf"": 0.00824, ""n"": 449, ""pooled_depth"": 3705.0, ""callable"": true}}"	cll6_2
6189	12	4.301663605660706e-06	2.068675472367893e-06	0.0	True	1.0	True	sub6	False	True	True	True	True	"{""sub1"": {""vaf"": 0.00454, ""n"": 946, ""pooled_depth"": 9772.0, ""callable"": false}, ""sub10"": {""vaf"": 0.00614, ""n"": 394, ""pooled_depth"": 2500.0, ""callable"": false}, ""sub11"": {""vaf"": 0.00643, ""n"": 392, ""pooled_depth"": 2952.0, ""callable"": false}, ""sub12"": {""vaf"": 0.00521, ""n"": 184, ""pooled_depth"": 1635.0, ""callable"": false}, ""sub2"": {""vaf"": 0.00465, ""n"": 777, ""pooled_depth"": 6709.0, ""callable"": false}, ""sub3"": {""vaf"": 0.00727, ""n"": 726, ""pooled_depth"": 4395.0, ""callable"": false}, ""sub4"": {""vaf"": 0.00909, ""n"": 614, ""pooled_depth"": 3710.0, ""callable"": true}, ""sub5"": {""vaf"": 0.00555, ""n"": 525, ""pooled_depth"": 5423.0, ""callable"": false}, ""sub6"": {""vaf"": 0.0095, ""n"": 497, ""pooled_depth"": 3176.0, ""callable"": true}, ""sub7"": {""vaf"": 0.00775, ""n"": 469, ""pooled_depth"": 2111.0, ""callable"": true}, ""sub8"": {""vaf"": 0.00478, ""n"": 471, ""pooled_depth"": 5450.0, ""callable"": false}, ""sub9"": {""vaf"": 0.00562, ""n"": 450, ""pooled_depth"": 3918.0, ""callable"": false}}"	cll6_2
6246	12	8.314236037810606e-06	3.6698565814332944e-06	0.0	True	1.0	True	sub6	True	True	True	True	True	"{""sub1"": {""vaf"": 0.01403, ""n"": 956, ""pooled_depth"": 16540.0, ""callable"": true}, ""sub10"": {""vaf"": 0.01564, ""n"": 396, ""pooled_depth"": 4899.0, ""callable"": true}, ""sub11"": {""vaf"": 0.01363, ""n"": 393, ""pooled_depth"": 5693.0, ""callable"": true}, ""sub12"": {""vaf"": 0.01443, ""n"": 185, ""pooled_depth"": 2733.0, ""callable"": true}, ""sub2"": {""vaf"": 0.01494, ""n"": 784, ""pooled_depth"": 11425.0, ""callable"": true}, ""sub3"": {""vaf"": 0.01521, ""n"": 743, ""pooled_depth"": 7711.0, ""callable"": true}, ""sub4"": {""vaf"": 0.02001, ""n"": 637, ""pooled_depth"": 6855.0, ""callable"": true}, ""sub5"": {""vaf"": 0.01609, ""n"": 530, ""pooled_depth"": 9446.0, ""callable"": true}, ""sub6"": {""vaf"": 0.02205, ""n"": 509, ""pooled_depth"": 5767.0, ""callable"": true}, ""sub7"": {""vaf"": 0.01752, ""n"": 489, ""pooled_depth"": 3874.0, ""callable"": true}, ""sub8"": {""vaf"": 0.01333, ""n"": 476, ""pooled_depth"": 8932.0, ""callable"": true}, ""sub9"": {""vaf"": 0.01572, ""n"": 460, ""pooled_depth"": 7476.0, ""callable"": true}}"	cll6_2
6293	12	7.7625677775329e-07	1.0699562784839831e-06	0.24	False	1.0	True	sub2	True	True	True	True	True	"{""sub1"": {""vaf"": 0.00577, ""n"": 958, ""pooled_depth"": 16511.0, ""callable"": false}, ""sub10"": {""vaf"": 0.00594, ""n"": 397, ""pooled_depth"": 4782.0, ""callable"": false}, ""sub11"": {""vaf"": 0.00537, ""n"": 393, ""pooled_depth"": 5470.0, ""callable"": false}, ""sub12"": {""vaf"": 0.00493, ""n"": 184, ""pooled_depth"": 2773.0, ""callable"": false}, ""sub2"": {""vaf"": 0.00599, ""n"": 784, ""pooled_depth"": 11368.0, ""callable"": false}, ""sub3"": {""vaf"": 0.00546, ""n"": 737, ""pooled_depth"": 7485.0, ""callable"": false}, ""sub4"": {""vaf"": 0.00536, ""n"": 638, ""pooled_depth"": 6982.0, ""callable"": false}, ""sub5"": {""vaf"": 0.00475, ""n"": 530, ""pooled_depth"": 9404.0, ""callable"": false}, ""sub6"": {""vaf"": 0.00575, ""n"": 505, ""pooled_depth"": 5635.0, ""callable"": false}, ""sub7"": {""vaf"": 0.00456, ""n"": 494, ""pooled_depth"": 3867.0, ""callable"": false}, ""sub8"": {""vaf"": 0.00444, ""n"": 478, ""pooled_depth"": 9051.0, ""callable"": false}, ""sub9"": {""vaf"": 0.00505, ""n"": 460, ""pooled_depth"": 7337.0, ""callable"": false}}"	cll6_2
6295	12	1.3410214910786155e-06	1.5040659203818068e-06	0.095	False	1.0	True	sub6	True	True	True	True	True	"{""sub1"": {""vaf"": 0.00559, ""n"": 957, ""pooled_depth"": 16407.0, ""callable"": false}, ""sub10"": {""vaf"": 0.00653, ""n"": 397, ""pooled_depth"": 4713.0, ""callable"": false}, ""sub11"": {""vaf"": 0.00519, ""n"": 395, ""pooled_depth"": 5412.0, ""callable"": false}, ""sub12"": {""vaf"": 0.0053, ""n"": 184, ""pooled_depth"": 2787.0, ""callable"": false}, ""sub2"": {""vaf"": 0.0059, ""n"": 785, ""pooled_depth"": 11318.0, ""callable"": false}, ""sub3"": {""vaf"": 0.00688, ""n"": 735, ""pooled_depth"": 7503.0, ""callable"": false}, ""sub4"": {""vaf"": 0.00704, ""n"": 641, ""pooled_depth"": 6832.0, ""callable"": false}, ""sub5"": {""vaf"": 0.00575, ""n"": 532, ""pooled_depth"": 9277.0, ""callable"": false}, ""sub6"": {""vaf"": 0.00787, ""n"": 506, ""pooled_depth"": 5514.0, ""callable"": true}, ""sub7"": {""vaf"": 0.00669, ""n"": 492, ""pooled_depth"": 3768.0, ""callable"": false}, ""sub8"": {""vaf"": 0.00506, ""n"": 479, ""pooled_depth"": 9002.0, ""callable"": false}, ""sub9"": {""vaf"": 0.00587, ""n"": 461, ""pooled_depth"": 7144.0, ""callable"": false}}"	cll6_2
6342	12	1.0037170955163728e-06	1.8355268397356213e-06	0.455	False	1.0	True	sub10	True	True	True	True	True	"{""sub1"": {""vaf"": 0.00826, ""n"": 954, ""pooled_depth"": 13553.0, ""callable"": true}, ""sub10"": {""vaf"": 0.00833, ""n"": 395, ""pooled_depth"": 3796.0, ""callable"": true}, ""sub11"": {""vaf"": 0.00778, ""n"": 397, ""pooled_depth"": 4572.0, ""callable"": true}, ""sub12"": {""vaf"": 0.00695, ""n"": 184, ""pooled_depth"": 2298.0, ""callable"": false}, ""sub2"": {""vaf"": 0.00742, ""n"": 780, ""pooled_depth"": 9368.0, ""callable"": false}, ""sub3"": {""vaf"": 0.00827, ""n"": 738, ""pooled_depth"": 6161.0, ""callable"": true}, ""sub4"": {""vaf"": 0.00671, ""n"": 630, ""pooled_depth"": 5558.0, ""callable"": false}, ""sub5"": {""vaf"": 0.00771, ""n"": 530, ""pooled_depth"": 7911.0, ""callable"": false}, ""sub6"": {""vaf"": 0.00774, ""n"": 503, ""pooled_depth"": 4496.0, ""callable"": true}, ""sub7"": {""vaf"": 0.00717, ""n"": 484, ""pooled_depth"": 3039.0, ""callable"": false}, ""sub8"": {""vaf"": 0.00706, ""n"": 479, ""pooled_depth"": 7564.0, ""callable"": false}, ""sub9"": {""vaf"": 0.00721, ""n"": 460, ""pooled_depth"": 6048.0, ""callable"": false}}"	cll6_2
6425	12	8.004561051874378e-06	3.0410186795434604e-06	0.0	True	1.0	True	sub4	True	True	True	True	True	"{""sub1"": {""vaf"": 0.01103, ""n"": 958, ""pooled_depth"": 12828.0, ""callable"": true}, ""sub10"": {""vaf"": 0.01559, ""n"": 391, ""pooled_depth"": 3368.0, ""callable"": true}, ""sub11"": {""vaf"": 0.01242, ""n"": 389, ""pooled_depth"": 4104.0, ""callable"": true}, ""sub12"": {""vaf"": 0.01023, ""n"": 182, ""pooled_depth"": 2089.0, ""callable"": true}, ""sub2"": {""vaf"": 0.01071, ""n"": 780, ""pooled_depth"": 8859.0, ""callable"": true}, ""sub3"": {""vaf"": 0.00929, ""n"": 735, ""pooled_depth"": 5855.0, ""callable"": true}, ""sub4"": {""vaf"": 0.01691, ""n"": 637, ""pooled_depth"": 5328.0, ""callable"": true}, ""sub5"": {""vaf"": 0.00946, ""n"": 530, ""pooled_depth"": 7213.0, ""callable"": true}, ""sub6"": {""vaf"": 0.01317, ""n"": 501, ""pooled_depth"": 4262.0, ""callable"": true}, ""sub7"": {""vaf"": 0.00996, ""n"": 490, ""pooled_depth"": 2878.0, ""callable"": true}, ""sub8"": {""vaf"": 0.00842, ""n"": 483, ""pooled_depth"": 7170.0, ""callable"": true}, ""sub9"": {""vaf"": 0.01022, ""n"": 459, ""pooled_depth"": 5519.0, ""callable"": true}}"	cll6_2
6464	12	2.6391730811681968e-06	2.2015721064438385e-06	0.01	True	1.0	True	sub10	True	True	True	True	True	"{""sub1"": {""vaf"": 0.01012, ""n"": 957, ""pooled_depth"": 16002.0, ""callable"": true}, ""sub10"": {""vaf"": 0.01358, ""n"": 395, ""pooled_depth"": 4569.0, ""callable"": true}, ""sub11"": {""vaf"": 0.01174, ""n"": 388, ""pooled_depth"": 5352.0, ""callable"": true}, ""sub12"": {""vaf"": 0.01125, ""n"": 183, ""pooled_depth"": 2615.0, ""callable"": true}, ""sub2"": {""vaf"": 0.01027, ""n"": 782, ""pooled_depth"": 11052.0, ""callable"": true}, ""sub3"": {""vaf"": 0.0106, ""n"": 740, ""pooled_depth"": 7588.0, ""callable"": true}, ""sub4"": {""vaf"": 0.01229, ""n"": 636, ""pooled_depth"": 6767.0, ""callable"": true}, ""sub5"": {""vaf"": 0.01009, ""n"": 529, ""pooled_depth"": 9220.0, ""callable"": true}, ""sub6"": {""vaf"": 0.01184, ""n"": 507, ""pooled_depth"": 5451.0, ""callable"": true}, ""sub7"": {""vaf"": 0.01071, ""n"": 491, ""pooled_depth"": 3746.0, ""callable"": true}, ""sub8"": {""vaf"": 0.00909, ""n"": 486, ""pooled_depth"": 8600.0, ""callable"": true}, ""sub9"": {""vaf"": 0.01012, ""n"": 459, ""pooled_depth"": 7013.0, ""callable"": true}}"	cll6_2
6474	12	3.0902692720784507e-06	1.8291981242830436e-06	0.0	True	1.0	True	sub4	True	True	True	True	True	"{""sub1"": {""vaf"": 0.00814, ""n"": 955, ""pooled_depth"": 16135.0, ""callable"": true}, ""sub10"": {""vaf"": 0.00878, ""n"": 395, ""pooled_depth"": 4558.0, ""callable"": true}, ""sub11"": {""vaf"": 0.01055, ""n"": 390, ""pooled_depth"": 5344.0, ""callable"": true}, ""sub12"": {""vaf"": 0.00685, ""n"": 184, ""pooled_depth"": 2626.0, ""callable"": false}, ""sub2"": {""vaf"": 0.00809, ""n"": 783, ""pooled_depth"": 11178.0, ""callable"": true}, ""sub3"": {""vaf"": 0.00932, ""n"": 746, ""pooled_depth"": 7713.0, ""callable"": true}, ""sub4"": {""vaf"": 0.01114, ""n"": 638, ""pooled_depth"": 6837.0, ""callable"": true}, ""sub5"": {""vaf"": 0.00672, ""n"": 530, ""pooled_depth"": 9268.0, ""callable"": false}, ""sub6"": {""vaf"": 0.01031, ""n"": 506, ""pooled_depth"": 5517.0, ""callable"": true}, ""sub7"": {""vaf"": 0.00793, ""n"": 490, ""pooled_depth"": 3754.0, ""callable"": false}, ""sub8"": {""vaf"": 0.00776, ""n"": 484, ""pooled_depth"": 8653.0, ""callable"": false}, ""sub9"": {""vaf"": 0.01019, ""n"": 460, ""pooled_depth"": 7072.0, ""callable"": true}}"	cll6_2
6513	12	3.588961300629953e-06	2.5417045043375295e-06	0.005	True	1.0	True	sub4	True	True	True	True	True	"{""sub1"": {""vaf"": 0.00969, ""n"": 954, ""pooled_depth"": 14566.0, ""callable"": true}, ""sub10"": {""vaf"": 0.01293, ""n"": 395, ""pooled_depth"": 4030.0, ""callable"": true}, ""sub11"": {""vaf"": 0.01096, ""n"": 390, ""pooled_depth"": 4798.0, ""callable"": true}, ""sub12"": {""vaf"": 0.01091, ""n"": 183, ""pooled_depth"": 2265.0, ""callable"": true}, ""sub2"": {""vaf"": 0.01088, ""n"": 782, ""pooled_depth"": 9997.0, ""callable"": true}, ""sub3"": {""vaf"": 0.01164, ""n"": 739, ""pooled_depth"": 6850.0, ""callable"": true}, ""sub4"": {""vaf"": 0.01354, ""n"": 635, ""pooled_depth"": 5939.0, ""callable"": true}, ""sub5"": {""vaf"": 0.00993, ""n"": 530, ""pooled_depth"": 8304.0, ""callable"": true}, ""sub6"": {""vaf"": 0.01194, ""n"": 500, ""pooled_depth"": 4846.0, ""callable"": true}, ""sub7"": {""vaf"": 0.01152, ""n"": 490, ""pooled_depth"": 3391.0, ""callable"": true}, ""sub8"": {""vaf"": 0.00844, ""n"": 477, ""pooled_depth"": 7648.0, ""callable"": false}, ""sub9"": {""vaf"": 0.01083, ""n"": 464, ""pooled_depth"": 6368.0, ""callable"": true}}"	cll6_2
6544	12	1.0965605925118552e-05	4.9788574103561504e-06	0.0	True	1.0	True	sub10	True	True	True	True	True	"{""sub1"": {""vaf"": 0.01968, ""n"": 956, ""pooled_depth"": 14226.0, ""callable"": true}, ""sub10"": {""vaf"": 0.02462, ""n"": 390, ""pooled_depth"": 4108.0, ""callable"": true}, ""sub11"": {""vaf"": 0.02094, ""n"": 392, ""pooled_depth"": 4883.0, ""callable"": true}, ""sub12"": {""vaf"": 0.01742, ""n"": 184, ""pooled_depth"": 2365.0, ""callable"": true}, ""sub2"": {""vaf"": 0.0188, ""n"": 781, ""pooled_depth"": 10065.0, ""callable"": true}, ""sub3"": {""vaf"": 0.02352, ""n"": 738, ""pooled_depth"": 6915.0, ""callable"": true}, ""sub4"": {""vaf"": 0.024, ""n"": 633, ""pooled_depth"": 5916.0, ""callable"": true}, ""sub5"": {""vaf"": 0.01967, ""n"": 532, ""pooled_depth"": 8087.0, ""callable"": true}, ""sub6"": {""vaf"": 0.02322, ""n"": 500, ""pooled_depth"": 4912.0, ""callable"": true}, ""sub7"": {""vaf"": 0.02432, ""n"": 490, ""pooled_depth"": 3230.0, ""callable"": true}, ""sub8"": {""vaf"": 0.0155, ""n"": 477, ""pooled_depth"": 7866.0, ""callable"": true}, ""sub9"": {""vaf"": 0.02144, ""n"": 456, ""pooled_depth"": 6275.0, ""callable"": true}}"	cll6_2
6593	12	9.983202384419426e-07	1.1313084004210385e-06	0.125	False	1.0	True	sub7	True	True	True	True	True	"{""sub1"": {""vaf"": 0.00523, ""n"": 957, ""pooled_depth"": 15995.0, ""callable"": false}, ""sub10"": {""vaf"": 0.00659, ""n"": 395, ""pooled_depth"": 4341.0, ""callable"": false}, ""sub11"": {""vaf"": 0.00578, ""n"": 396, ""pooled_depth"": 5308.0, ""callable"": false}, ""sub12"": {""vaf"": 0.00587, ""n"": 184, ""pooled_depth"": 2616.0, ""callable"": false}, ""sub2"": {""vaf"": 0.00565, ""n"": 782, ""pooled_depth"": 10990.0, ""callable"": false}, ""sub3"": {""vaf"": 0.00623, ""n"": 741, ""pooled_depth"": 7376.0, ""callable"": false}, ""sub4"": {""vaf"": 0.00611, ""n"": 641, ""pooled_depth"": 6616.0, ""callable"": false}, ""sub5"": {""vaf"": 0.00543, ""n"": 527, ""pooled_depth"": 9028.0, ""callable"": false}, ""sub6"": {""vaf"": 0.0046, ""n"": 503, ""pooled_depth"": 5454.0, ""callable"": false}, ""sub7"": {""vaf"": 0.0073, ""n"": 489, ""pooled_depth"": 3550.0, ""callable"": true}, ""sub8"": {""vaf"": 0.00556, ""n"": 483, ""pooled_depth"": 8727.0, ""callable"": false}, ""sub9"": {""vaf"": 0.00648, ""n"": 461, ""pooled_depth"": 6797.0, ""callable"": false}}"	cll6_2
6598	12	1.328309414318891e-06	1.391374294046917e-06	0.075	False	1.0	True	sub10	True	True	True	True	True	"{""sub1"": {""vaf"": 0.00514, ""n"": 953, ""pooled_depth"": 12920.0, ""callable"": false}, ""sub10"": {""vaf"": 0.00664, ""n"": 393, ""pooled_depth"": 3437.0, ""callable"": false}, ""sub11"": {""vaf"": 0.00614, ""n"": 394, ""pooled_depth"": 4293.0, ""callable"": false}, ""sub12"": {""vaf"": 0.00504, ""n"": 184, ""pooled_depth"": 2139.0, ""callable"": false}, ""sub2"": {""vaf"": 0.00434, ""n"": 782, ""pooled_depth"": 8745.0, ""callable"": false}, ""sub3"": {""vaf"": 0.00498, ""n"": 743, ""pooled_depth"": 5820.0, ""callable"": false}, ""sub4"": {""vaf"": 0.00611, ""n"": 635, ""pooled_depth"": 5312.0, ""callable"": false}, ""sub5"": {""vaf"": 0.00521, ""n"": 528, ""pooled_depth"": 7339.0, ""callable"": false}, ""sub6"": {""vaf"": 0.00474, ""n"": 504, ""pooled_depth"": 4371.0, ""callable"": false}, ""sub7"": {""vaf"": 0.00495, ""n"": 487, ""pooled_depth"": 2838.0, ""callable"": false}, ""sub8"": {""vaf"": 0.00395, ""n"": 479, ""pooled_depth"": 7129.0, ""callable"": false}, ""sub9"": {""vaf"": 0.00589, ""n"": 459, ""pooled_depth"": 5454.0, ""callable"": false}}"	cll6_2
6677	12	1.946626076017461e-06	1.1662951014007642e-06	0.005	True	1.0	True	sub4	True	True	True	True	True	"{""sub1"": {""vaf"": 0.0053, ""n"": 952, ""pooled_depth"": 13986.0, ""callable"": false}, ""sub10"": {""vaf"": 0.00574, ""n"": 397, ""pooled_depth"": 3877.0, ""callable"": false}, ""sub11"": {""vaf"": 0.00496, ""n"": 396, ""pooled_depth"": 4609.0, ""callable"": false}, ""sub12"": {""vaf"": 0.00389, ""n"": 183, ""pooled_depth"": 2320.0, ""callable"": false}, ""sub2"": {""vaf"": 0.00465, ""n"": 786, ""pooled_depth"": 9789.0, ""callable"": false}, ""sub3"": {""vaf"": 0.00689, ""n"": 741, ""pooled_depth"": 6523.0, ""callable"": false}, ""sub4"": {""vaf"": 0.00824, ""n"": 631, ""pooled_depth"": 6096.0, ""callable"": true}, ""sub5"": {""vaf"": 0.00524, ""n"": 531, ""pooled_depth"": 7870.0, ""callable"": false}, ""sub6"": {""vaf"": 0.00479, ""n"": 505, ""pooled_depth"": 4843.0, ""callable"": false}, ""sub7"": {""vaf"": 0.00501, ""n"": 490, ""pooled_depth"": 3144.0, ""callable"": false}, ""sub8"": {""vaf"": 0.00495, ""n"": 479, ""pooled_depth"": 7648.0, ""callable"": false}, ""sub9"": {""vaf"": 0.0055, ""n"": 458, ""pooled_depth"": 5768.0, ""callable"": false}}"	cll6_2
6726	12	5.67242636406644e-06	5.389374815400101e-06	0.045	True	1.0	True	sub3	False	True	True	True	True	"{""sub1"": {""vaf"": 0.00896, ""n"": 940, ""pooled_depth"": 6514.0, ""callable"": true}, ""sub10"": {""vaf"": 0.01238, ""n"": 383, ""pooled_depth"": 1697.0, ""callable"": true}, ""sub11"": {""vaf"": 0.01204, ""n"": 382, ""pooled_depth"": 2129.0, ""callable"": true}, ""sub12"": {""vaf"": 0.01193, ""n"": 179, ""pooled_depth"": 1077.0, ""callable"": true}, ""sub2"": {""vaf"": 0.00966, ""n"": 770, ""pooled_depth"": 4562.0, ""callable"": true}, ""sub3"": {""vaf"": 0.01315, ""n"": 698, ""pooled_depth"": 3010.0, ""callable"": true}, ""sub4"": {""vaf"": 0.01163, ""n"": 603, ""pooled_depth"": 2873.0, ""callable"": true}, ""sub5"": {""vaf"": 0.00911, ""n"": 521, ""pooled_depth"": 3633.0, ""callable"": false}, ""sub6"": {""vaf"": 0.01279, ""n"": 487, ""pooled_depth"": 2207.0, ""callable"": true}, ""sub7"": {""vaf"": 0.01202, ""n"": 444, ""pooled_depth"": 1471.0, ""callable"": true}, ""sub8"": {""vaf"": 0.00931, ""n"": 465, ""pooled_depth"": 3730.0, ""callable"": true}, ""sub9"": {""vaf"": 0.01042, ""n"": 446, ""pooled_depth"": 2653.0, ""callable"": true}}"	cll6_2
6757	12	5.807172380660364e-06	6.198255603946704e-06	0.075	False	1.0	True	sub4	False	True	True	True	True	"{""sub1"": {""vaf"": 0.00616, ""n"": 903, ""pooled_depth"": 3736.0, ""callable"": false}, ""sub10"": {""vaf"": 0.00807, ""n"": 350, ""pooled_depth"": 939.0, ""callable"": true}, ""sub11"": {""vaf"": 0.00635, ""n"": 355, ""pooled_depth"": 1082.0, ""callable"": false}, ""sub12"": {""vaf"": 0.00479, ""n"": 169, ""pooled_depth"": 636.0, ""callable"": false}, ""sub2"": {""vaf"": 0.00533, ""n"": 715, ""pooled_depth"": 2557.0, ""callable"": false}, ""sub3"": {""vaf"": 0.00572, ""n"": 582, ""pooled_depth"": 1633.0, ""callable"": false}, ""sub4"": {""vaf"": 0.00941, ""n"": 518, ""pooled_depth"": 1441.0, ""callable"": true}, ""sub5"": {""vaf"": 0.00624, ""n"": 497, ""pooled_depth"": 2075.0, ""callable"": false}, ""sub6"": {""vaf"": 0.00881, ""n"": 423, ""pooled_depth"": 1136.0, ""callable"": true}, ""sub7"": {""vaf"": 0.00489, ""n"": 365, ""pooled_depth"": 810.0, ""callable"": false}, ""sub8"": {""vaf"": 0.00386, ""n"": 453, ""pooled_depth"": 2262.0, ""callable"": false}, ""sub9"": {""vaf"": 0.00433, ""n"": 428, ""pooled_depth"": 1476.0, ""callable"": false}}"	cll6_2
6780	12	7.153522416130794e-06	8.903252927755047e-06	0.175	False	1.0	True	sub5	False	False	True	True	True	"{""sub1"": {""vaf"": 0.00511, ""n"": 799, ""pooled_depth"": 2270.0, ""callable"": false}, ""sub10"": {""vaf"": 0.00742, ""n"": 292, ""pooled_depth"": 538.0, ""callable"": false}, ""sub11"": {""vaf"": 0.00601, ""n"": 308, ""pooled_depth"": 663.0, ""callable"": false}, ""sub12"": {""vaf"": 0.00469, ""n"": 160, ""pooled_depth"": 406.0, ""callable"": false}, ""sub2"": {""vaf"": 0.00534, ""n"": 627, ""pooled_depth"": 1583.0, ""callable"": false}, ""sub3"": {""vaf"": 0.00421, ""n"": 487, ""pooled_depth"": 1009.0, ""callable"": false}, ""sub4"": {""vaf"": 0.00547, ""n"": 409, ""pooled_depth"": 798.0, ""callable"": false}, ""sub5"": {""vaf"": 0.009, ""n"": 451, ""pooled_depth"": 1208.0, ""callable"": true}, ""sub6"": {""vaf"": 0.00514, ""n"": 339, ""pooled_depth"": 698.0, ""callable"": false}, ""sub7"": {""vaf"": 0.00701, ""n"": 274, ""pooled_depth"": 468.0, ""callable"": false}, ""sub8"": {""vaf"": 0.00376, ""n"": 413, ""pooled_depth"": 1480.0, ""callable"": false}, ""sub9"": {""vaf"": 0.00813, ""n"": 375, ""pooled_depth"": 921.0, ""callable"": true}}"	cll6_2
6825	12	9.14135947828455e-06	1.6388619556386625e-05	0.465	False	1.0	True	sub12	False	False	True	True	True	"{""sub1"": {""vaf"": 0.00737, ""n"": 740, ""pooled_depth"": 1745.0, ""callable"": false}, ""sub10"": {""vaf"": 0.01015, ""n"": 246, ""pooled_depth"": 394.0, ""callable"": true}, ""sub11"": {""vaf"": 0.008, ""n"": 290, ""pooled_depth"": 554.0, ""callable"": false}, ""sub12"": {""vaf"": 0.01025, ""n"": 133, ""pooled_depth"": 286.0, ""callable"": true}, ""sub2"": {""vaf"": 0.00793, ""n"": 566, ""pooled_depth"": 1195.0, ""callable"": false}, ""sub3"": {""vaf"": 0.00477, ""n"": 432, ""pooled_depth"": 753.0, ""callable"": false}, ""sub4"": {""vaf"": 0.00982, ""n"": 345, ""pooled_depth"": 633.0, ""callable"": true}, ""sub5"": {""vaf"": 0.00765, ""n"": 433, ""pooled_depth"": 1001.0, ""callable"": false}, ""sub6"": {""vaf"": 0.00982, ""n"": 301, ""pooled_depth"": 531.0, ""callable"": true}, ""sub7"": {""vaf"": 0.00845, ""n"": 223, ""pooled_depth"": 370.0, ""callable"": false}, ""sub8"": {""vaf"": 0.00642, ""n"": 384, ""pooled_depth"": 1166.0, ""callable"": false}, ""sub9"": {""vaf"": 0.0101, ""n"": 334, ""pooled_depth"": 696.0, ""callable"": true}}"	cll6_2
6832	12	1.104111116604641e-05	1.366749851152378e-05	0.12	False	1.0	True	sub4	False	False	True	True	True	"{""sub1"": {""vaf"": 0.00651, ""n"": 810, ""pooled_depth"": 2284.0, ""callable"": false}, ""sub10"": {""vaf"": 0.0092, ""n"": 275, ""pooled_depth"": 521.0, ""callable"": true}, ""sub11"": {""vaf"": 0.0092, ""n"": 323, ""pooled_depth"": 739.0, ""callable"": true}, ""sub12"": {""vaf"": 0.0096, ""n"": 148, ""pooled_depth"": 363.0, ""callable"": true}, ""sub2"": {""vaf"": 0.00689, ""n"": 616, ""pooled_depth"": 1536.0, ""callable"": false}, ""sub3"": {""vaf"": 0.01056, ""n"": 522, ""pooled_depth"": 1018.0, ""callable"": true}, ""sub4"": {""vaf"": 0.01187, ""n"": 411, ""pooled_depth"": 820.0, ""callable"": true}, ""sub5"": {""vaf"": 0.00565, ""n"": 466, ""pooled_depth"": 1334.0, ""callable"": false}, ""sub6"": {""vaf"": 0.01024, ""n"": 349, ""pooled_depth"": 683.0, ""callable"": true}, ""sub7"": {""vaf"": 0.00963, ""n"": 260, ""pooled_depth"": 464.0, ""callable"": true}, ""sub8"": {""vaf"": 0.00585, ""n"": 409, ""pooled_depth"": 1431.0, ""callable"": false}, ""sub9"": {""vaf"": 0.0088, ""n"": 380, ""pooled_depth"": 920.0, ""callable"": true}}"	cll6_2
6844	12	3.6116882873174888e-06	8.717220391924396e-06	0.68	False	1.0	True	sub9	False	True	True	True	True	"{""sub1"": {""vaf"": 0.00691, ""n"": 880, ""pooled_depth"": 3248.0, ""callable"": false}, ""sub10"": {""vaf"": 0.00884, ""n"": 321, ""pooled_depth"": 771.0, ""callable"": true}, ""sub11"": {""vaf"": 0.00827, ""n"": 351, ""pooled_depth"": 1040.0, ""callable"": true}, ""sub12"": {""vaf"": 0.00678, ""n"": 161, ""pooled_depth"": 536.0, ""callable"": false}, ""sub2"": {""vaf"": 0.00841, ""n"": 701, ""pooled_depth"": 2189.0, ""callable"": true}, ""sub3"": {""vaf"": 0.0073, ""n"": 585, ""pooled_depth"": 1496.0, ""callable"": false}, ""sub4"": {""vaf"": 0.00782, ""n"": 486, ""pooled_depth"": 1179.0, ""callable"": false}, ""sub5"": {""vaf"": 0.00679, ""n"": 489, ""pooled_depth"": 1861.0, ""callable"": false}, ""sub6"": {""vaf"": 0.00797, ""n"": 415, ""pooled_depth"": 1003.0, ""callable"": false}, ""sub7"": {""vaf"": 0.00933, ""n"": 327, ""pooled_depth"": 658.0, ""callable"": true}, ""sub8"": {""vaf"": 0.00699, ""n"": 441, ""pooled_depth"": 1910.0, ""callable"": false}, ""sub9"": {""vaf"": 0.00954, ""n"": 419, ""pooled_depth"": 1348.0, ""callable"": true}}"	cll6_2
6996	12	9.06848006164853e-06	1.0217706556831376e-05	0.105	False	1.0	True	sub11	False	True	True	True	True	"{""sub1"": {""vaf"": 0.01335, ""n"": 927, ""pooled_depth"": 4647.0, ""callable"": true}, ""sub10"": {""vaf"": 0.01415, ""n"": 350, ""pooled_depth"": 1137.0, ""callable"": true}, ""sub11"": {""vaf"": 0.01697, ""n"": 363, ""pooled_depth"": 1456.0, ""callable"": true}, ""sub12"": {""vaf"": 0.01266, ""n"": 167, ""pooled_depth"": 700.0, ""callable"": true}, ""sub2"": {""vaf"": 0.01108, ""n"": 747, ""pooled_depth"": 3229.0, ""callable"": true}, ""sub3"": {""vaf"": 0.01324, ""n"": 646, ""pooled_depth"": 1976.0, ""callable"": true}, ""sub4"": {""vaf"": 0.01577, ""n"": 550, ""pooled_depth"": 1721.0, ""callable"": true}, ""sub5"": {""vaf"": 0.01256, ""n"": 510, ""pooled_depth"": 2547.0, ""callable"": true}, ""sub6"": {""vaf"": 0.01464, ""n"": 447, ""pooled_depth"": 1400.0, ""callable"": true}, ""sub7"": {""vaf"": 0.01199, ""n"": 385, ""pooled_depth"": 973.0, ""callable"": true}, ""sub8"": {""vaf"": 0.00971, ""n"": 458, ""pooled_depth"": 2615.0, ""callable"": false}, ""sub9"": {""vaf"": 0.01374, ""n"": 432, ""pooled_depth"": 1935.0, ""callable"": true}}"	cll6_2
7106	12	1.5184136073865557e-05	7.711245086800189e-06	0.0	True	1.0	True	sub6	False	True	True	True	True	"{""sub1"": {""vaf"": 0.01161, ""n"": 932, ""pooled_depth"": 6191.0, ""callable"": true}, ""sub10"": {""vaf"": 0.01532, ""n"": 373, ""pooled_depth"": 1647.0, ""callable"": true}, ""sub11"": {""vaf"": 0.01749, ""n"": 385, ""pooled_depth"": 2040.0, ""callable"": true}, ""sub12"": {""vaf"": 0.0127, ""n"": 177, ""pooled_depth"": 1034.0, ""callable"": true}, ""sub2"": {""vaf"": 0.01036, ""n"": 762, ""pooled_depth"": 4325.0, ""callable"": true}, ""sub3"": {""vaf"": 0.0169, ""n"": 680, ""pooled_depth"": 2728.0, ""callable"": true}, ""sub4"": {""vaf"": 0.01192, ""n"": 592, ""pooled_depth"": 2491.0, ""callable"": true}, ""sub5"": {""vaf"": 0.01133, ""n"": 519, ""pooled_depth"": 3541.0, ""callable"": true}, ""sub6"": {""vaf"": 0.02059, ""n"": 477, ""pooled_depth"": 1964.0, ""callable"": true}, ""sub7"": {""vaf"": 0.01761, ""n"": 436, ""pooled_depth"": 1340.0, ""callable"": true}, ""sub8"": {""vaf"": 0.0107, ""n"": 464, ""pooled_depth"": 3322.0, ""callable"": true}, ""sub9"": {""vaf"": 0.01268, ""n"": 446, ""pooled_depth"": 2770.0, ""callable"": true}}"	cll6_2
7112	12	2.6124834747429347e-06	2.8079343929591844e-06	0.115	False	1.0	True	sub4	False	True	True	True	True	"{""sub1"": {""vaf"": 0.00682, ""n"": 941, ""pooled_depth"": 8603.0, ""callable"": false}, ""sub10"": {""vaf"": 0.007, ""n"": 387, ""pooled_depth"": 2316.0, ""callable"": false}, ""sub11"": {""vaf"": 0.00649, ""n"": 390, ""pooled_depth"": 2834.0, ""callable"": false}, ""sub12"": {""vaf"": 0.00682, ""n"": 181, ""pooled_depth"": 1417.0, ""callable"": false}, ""sub2"": {""vaf"": 0.00711, ""n"": 775, ""pooled_depth"": 6046.0, ""callable"": false}, ""sub3"": {""vaf"": 0.00727, ""n"": 716, ""pooled_depth"": 3934.0, ""callable"": false}, ""sub4"": {""vaf"": 0.00967, ""n"": 618, ""pooled_depth"": 3621.0, ""callable"": true}, ""sub5"": {""vaf"": 0.00623, ""n"": 525, ""pooled_depth"": 4819.0, ""callable"": false}, ""sub6"": {""vaf"": 0.00656, ""n"": 487, ""pooled_depth"": 2785.0, ""callable"": false}, ""sub7"": {""vaf"": 0.00789, ""n"": 469, ""pooled_depth"": 1923.0, ""callable"": true}, ""sub8"": {""vaf"": 0.00536, ""n"": 473, ""pooled_depth"": 4667.0, ""callable"": false}, ""sub9"": {""vaf"": 0.00774, ""n"": 453, ""pooled_depth"": 3684.0, ""callable"": true}}"	cll6_2
7186	12	1.7996757164353238e-06	1.7071921896633237e-06	0.045	True	1.0	True	sub3	False	True	True	True	True	"{""sub1"": {""vaf"": 0.00544, ""n"": 956, ""pooled_depth"": 10998.0, ""callable"": false}, ""sub10"": {""vaf"": 0.00419, ""n"": 392, ""pooled_depth"": 2988.0, ""callable"": false}, ""sub11"": {""vaf"": 0.00473, ""n"": 393, ""pooled_depth"": 3671.0, ""callable"": false}, ""sub12"": {""vaf"": 0.00645, ""n"": 183, ""pooled_depth"": 1819.0, ""callable"": false}, ""sub2"": {""vaf"": 0.0048, ""n"": 779, ""pooled_depth"": 7544.0, ""callable"": false}, ""sub3"": {""vaf"": 0.0071, ""n"": 729, ""pooled_depth"": 5123.0, ""callable"": false}, ""sub4"": {""vaf"": 0.00571, ""n"": 622, ""pooled_depth"": 4784.0, ""callable"": false}, ""sub5"": {""vaf"": 0.00498, ""n"": 531, ""pooled_depth"": 6396.0, ""callable"": false}, ""sub6"": {""vaf"": 0.00664, ""n"": 502, ""pooled_depth"": 3820.0, ""callable"": false}, ""sub7"": {""vaf"": 0.0053, ""n"": 477, ""pooled_depth"": 2488.0, ""callable"": false}, ""sub8"": {""vaf"": 0.00525, ""n"": 480, ""pooled_depth"": 5962.0, ""callable"": false}, ""sub9"": {""vaf"": 0.00362, ""n"": 457, ""pooled_depth"": 4909.0, ""callable"": false}}"	cll6_2
7191	12	8.969818013193992e-07	1.9274798240980447e-06	0.625	False	1.0	True	sub5	False	True	True	True	True	"{""sub1"": {""vaf"": 0.00608, ""n"": 955, ""pooled_depth"": 11412.0, ""callable"": false}, ""sub10"": {""vaf"": 0.00722, ""n"": 395, ""pooled_depth"": 3150.0, ""callable"": true}, ""sub11"": {""vaf"": 0.00675, ""n"": 393, ""pooled_depth"": 3835.0, ""callable"": false}, ""sub12"": {""vaf"": 0.00678, ""n"": 182, ""pooled_depth"": 1871.0, ""callable"": false}, ""sub2"": {""vaf"": 0.00709, ""n"": 781, ""pooled_depth"": 7848.0, ""callable"": false}, ""sub3"": {""vaf"": 0.00617, ""n"": 732, ""pooled_depth"": 5310.0, ""callable"": false}, ""sub4"": {""vaf"": 0.00703, ""n"": 624, ""pooled_depth"": 4977.0, ""callable"": false}, ""sub5"": {""vaf"": 0.00735, ""n"": 531, ""pooled_depth"": 6647.0, ""callable"": true}, ""sub6"": {""vaf"": 0.00646, ""n"": 500, ""pooled_depth"": 3990.0, ""callable"": false}, ""sub7"": {""vaf"": 0.00681, ""n"": 481, ""pooled_depth"": 2563.0, ""callable"": false}, ""sub8"": {""vaf"": 0.00612, ""n"": 482, ""pooled_depth"": 6225.0, ""callable"": false}, ""sub9"": {""vaf"": 0.00654, ""n"": 457, ""pooled_depth"": 5077.0, ""callable"": false}}"	cll6_2
7315	12	5.397716103989287e-06	3.583037937146995e-06	0.005	True	1.0	True	sub11	False	True	True	True	True	"{""sub1"": {""vaf"": 0.01058, ""n"": 947, ""pooled_depth"": 11951.0, ""callable"": true}, ""sub10"": {""vaf"": 0.01338, ""n"": 396, ""pooled_depth"": 3452.0, ""callable"": true}, ""sub11"": {""vaf"": 0.01553, ""n"": 392, ""pooled_depth"": 4196.0, ""callable"": true}, ""sub12"": {""vaf"": 0.01057, ""n"": 185, ""pooled_depth"": 1933.0, ""callable"": true}, ""sub2"": {""vaf"": 0.01183, ""n"": 780, ""pooled_depth"": 8124.0, ""callable"": true}, ""sub3"": {""vaf"": 0.01384, ""n"": 727, ""pooled_depth"": 5369.0, ""callable"": true}, ""sub4"": {""vaf"": 0.01399, ""n"": 632, ""pooled_depth"": 4937.0, ""callable"": true}, ""sub5"": {""vaf"": 0.01044, ""n"": 535, ""pooled_depth"": 6674.0, ""callable"": true}, ""sub6"": {""vaf"": 0.01243, ""n"": 503, ""pooled_depth"": 4099.0, ""callable"": true}, ""sub7"": {""vaf"": 0.01308, ""n"": 483, ""pooled_depth"": 2731.0, ""callable"": true}, ""sub8"": {""vaf"": 0.00958, ""n"": 478, ""pooled_depth"": 6080.0, ""callable"": true}, ""sub9"": {""vaf"": 0.01337, ""n"": 463, ""pooled_depth"": 5250.0, ""callable"": true}}"	cll6_2
7361	12	1.8339283476826276e-06	3.7416690097647617e-06	0.535	False	1.0	True	sub5	False	True	True	True	True	"{""sub1"": {""vaf"": 0.00803, ""n"": 942, ""pooled_depth"": 7655.0, ""callable"": true}, ""sub10"": {""vaf"": 0.00792, ""n"": 387, ""pooled_depth"": 2123.0, ""callable"": false}, ""sub11"": {""vaf"": 0.00819, ""n"": 390, ""pooled_depth"": 2440.0, ""callable"": true}, ""sub12"": {""vaf"": 0.00701, ""n"": 185, ""pooled_depth"": 1236.0, ""callable"": false}, ""sub2"": {""vaf"": 0.00741, ""n"": 776, ""pooled_depth"": 5183.0, ""callable"": false}, ""sub3"": {""vaf"": 0.0085, ""n"": 709, ""pooled_depth"": 3412.0, ""callable"": true}, ""sub4"": {""vaf"": 0.00784, ""n"": 603, ""pooled_depth"": 2944.0, ""callable"": false}, ""sub5"": {""vaf"": 0.00894, ""n"": 531, ""pooled_depth"": 4319.0, ""callable"": true}, ""sub6"": {""vaf"": 0.00803, ""n"": 495, ""pooled_depth"": 2547.0, ""callable"": true}, ""sub7"": {""vaf"": 0.00861, ""n"": 455, ""pooled_depth"": 1703.0, ""callable"": true}, ""sub8"": {""vaf"": 0.0063, ""n"": 467, ""pooled_depth"": 4102.0, ""callable"": false}, ""sub9"": {""vaf"": 0.00774, ""n"": 455, ""pooled_depth"": 3147.0, ""callable"": false}}"	cll6_2
7366	12	5.406182337601648e-06	4.713170305262115e-06	0.03	True	1.0	True	sub6	False	True	True	True	True	"{""sub1"": {""vaf"": 0.00437, ""n"": 924, ""pooled_depth"": 5123.0, ""callable"": false}, ""sub10"": {""vaf"": 0.00528, ""n"": 368, ""pooled_depth"": 1251.0, ""callable"": false}, ""sub11"": {""vaf"": 0.00834, ""n"": 372, ""pooled_depth"": 1440.0, ""callable"": true}, ""sub12"": {""vaf"": 0.00478, ""n"": 181, ""pooled_depth"": 844.0, ""callable"": false}, ""sub2"": {""vaf"": 0.00421, ""n"": 759, ""pooled_depth"": 3445.0, ""callable"": false}, ""sub3"": {""vaf"": 0.00646, ""n"": 645, ""pooled_depth"": 2108.0, ""callable"": false}, ""sub4"": {""vaf"": 0.00664, ""n"": 548, ""pooled_depth"": 1725.0, ""callable"": false}, ""sub5"": {""vaf"": 0.00656, ""n"": 520, ""pooled_depth"": 2822.0, ""callable"": false}, ""sub6"": {""vaf"": 0.0086, ""n"": 457, ""pooled_depth"": 1488.0, ""callable"": true}, ""sub7"": {""vaf"": 0.00419, ""n"": 408, ""pooled_depth"": 1084.0, ""callable"": false}, ""sub8"": {""vaf"": 0.00401, ""n"": 446, ""pooled_depth"": 2913.0, ""callable"": false}, ""sub9"": {""vaf"": 0.00839, ""n"": 446, ""pooled_depth"": 1904.0, ""callable"": true}}"	cll6_2
7485	12	1.687019912946428e-06	2.8146352313349496e-06	0.465	False	1.0	True	sub6	False	True	True	True	True	"{""sub1"": {""vaf"": 0.0063, ""n"": 947, ""pooled_depth"": 6815.0, ""callable"": false}, ""sub10"": {""vaf"": 0.00615, ""n"": 385, ""pooled_depth"": 2177.0, ""callable"": false}, ""sub11"": {""vaf"": 0.00544, ""n"": 384, ""pooled_depth"": 2449.0, ""callable"": false}, ""sub12"": {""vaf"": 0.00571, ""n"": 180, ""pooled_depth"": 1158.0, ""callable"": false}, ""sub2"": {""vaf"": 0.00558, ""n"": 773, ""pooled_depth"": 4825.0, ""callable"": false}, ""sub3"": {""vaf"": 0.00453, ""n"": 696, ""pooled_depth"": 3282.0, ""callable"": false}, ""sub4"": {""vaf"": 0.00475, ""n"": 602, ""pooled_depth"": 3214.0, ""callable"": false}, ""sub5"": {""vaf"": 0.00512, ""n"": 524, ""pooled_depth"": 4146.0, ""callable"": false}, ""sub6"": {""vaf"": 0.00676, ""n"": 490, ""pooled_depth"": 2468.0, ""callable"": false}, ""sub7"": {""vaf"": 0.00505, ""n"": 448, ""pooled_depth"": 1670.0, ""callable"": false}, ""sub8"": {""vaf"": 0.00646, ""n"": 471, ""pooled_depth"": 3643.0, ""callable"": false}, ""sub9"": {""vaf"": 0.00492, ""n"": 449, ""pooled_depth"": 3209.0, ""callable"": false}}"	cll6_2
7626	12	7.790811546794713e-07	1.7691676414268815e-06	0.75	False	1.0	True	sub2	False	True	True	True	True	"{""sub1"": {""vaf"": 0.00502, ""n"": 950, ""pooled_depth"": 8827.0, ""callable"": false}, ""sub10"": {""vaf"": 0.00563, ""n"": 389, ""pooled_depth"": 2332.0, ""callable"": false}, ""sub11"": {""vaf"": 0.00521, ""n"": 388, ""pooled_depth"": 2948.0, ""callable"": false}, ""sub12"": {""vaf"": 0.0056, ""n"": 180, ""pooled_depth"": 1477.0, ""callable"": false}, ""sub2"": {""vaf"": 0.00586, ""n"": 780, ""pooled_depth"": 6137.0, ""callable"": false}, ""sub3"": {""vaf"": 0.0045, ""n"": 717, ""pooled_depth"": 4023.0, ""callable"": false}, ""sub4"": {""vaf"": 0.00549, ""n"": 608, ""pooled_depth"": 3444.0, ""callable"": false}, ""sub5"": {""vaf"": 0.00496, ""n"": 524, ""pooled_depth"": 4977.0, ""callable"": false}, ""sub6"": {""vaf"": 0.00552, ""n"": 499, ""pooled_depth"": 2847.0, ""callable"": false}, ""sub7"": {""vaf"": 0.00509, ""n"": 466, ""pooled_depth"": 1965.0, ""callable"": false}, ""sub8"": {""vaf"": 0.00484, ""n"": 473, ""pooled_depth"": 4813.0, ""callable"": false}, ""sub9"": {""vaf"": 0.00514, ""n"": 454, ""pooled_depth"": 3838.0, ""callable"": false}}"	cll6_2
7773	12	1.6052850852689367e-06	3.6460370279238784e-06	0.475	False	1.0	True	sub11	False	True	True	True	True	"{""sub1"": {""vaf"": 0.00649, ""n"": 946, ""pooled_depth"": 8743.0, ""callable"": false}, ""sub10"": {""vaf"": 0.00799, ""n"": 382, ""pooled_depth"": 2195.0, ""callable"": true}, ""sub11"": {""vaf"": 0.0082, ""n"": 387, ""pooled_depth"": 2643.0, ""callable"": true}, ""sub12"": {""vaf"": 0.00717, ""n"": 184, ""pooled_depth"": 1384.0, ""callable"": false}, ""sub2"": {""vaf"": 0.00669, ""n"": 775, ""pooled_depth"": 5962.0, ""callable"": false}, ""sub3"": {""vaf"": 0.00805, ""n"": 712, ""pooled_depth"": 3893.0, ""callable"": true}, ""sub4"": {""vaf"": 0.0077, ""n"": 606, ""pooled_depth"": 3080.0, ""callable"": true}, ""sub5"": {""vaf"": 0.00686, ""n"": 530, ""pooled_depth"": 4687.0, ""callable"": false}, ""sub6"": {""vaf"": 0.0076, ""n"": 489, ""pooled_depth"": 2517.0, ""callable"": false}, ""sub7"": {""vaf"": 0.0071, ""n"": 458, ""pooled_depth"": 1857.0, ""callable"": false}, ""sub8"": {""vaf"": 0.00638, ""n"": 478, ""pooled_depth"": 4886.0, ""callable"": false}, ""sub9"": {""vaf"": 0.00775, ""n"": 452, ""pooled_depth"": 3427.0, ""callable"": true}}"	cll6_2
7775	12	3.208891221318671e-06	2.7381153526206726e-06	0.005	True	1.0	True	sub4	False	True	True	True	True	"{""sub1"": {""vaf"": 0.00684, ""n"": 953, ""pooled_depth"": 10302.0, ""callable"": false}, ""sub10"": {""vaf"": 0.00774, ""n"": 389, ""pooled_depth"": 2712.0, ""callable"": true}, ""sub11"": {""vaf"": 0.00756, ""n"": 388, ""pooled_depth"": 3215.0, ""callable"": false}, ""sub12"": {""vaf"": 0.00573, ""n"": 184, ""pooled_depth"": 1636.0, ""callable"": false}, ""sub2"": {""vaf"": 0.005, ""n"": 780, ""pooled_depth"": 7124.0, ""callable"": false}, ""sub3"": {""vaf"": 0.00665, ""n"": 727, ""pooled_depth"": 4632.0, ""callable"": false}, ""sub4"": {""vaf"": 0.01013, ""n"": 621, ""pooled_depth"": 3852.0, ""callable"": true}, ""sub5"": {""vaf"": 0.00795, ""n"": 532, ""pooled_depth"": 5614.0, ""callable"": true}, ""sub6"": {""vaf"": 0.00791, ""n"": 494, ""pooled_depth"": 3125.0, ""callable"": true}, ""sub7"": {""vaf"": 0.00568, ""n"": 470, ""pooled_depth"": 2195.0, ""callable"": false}, ""sub8"": {""vaf"": 0.00692, ""n"": 479, ""pooled_depth"": 5692.0, ""callable"": false}, ""sub9"": {""vaf"": 0.0081, ""n"": 452, ""pooled_depth"": 4248.0, ""callable"": true}}"	cll6_2
7783	12	2.53283407576782e-06	2.411024127645778e-06	0.04	True	1.0	True	sub6	False	True	True	True	True	"{""sub1"": {""vaf"": 0.0074, ""n"": 953, ""pooled_depth"": 11179.0, ""callable"": false}, ""sub10"": {""vaf"": 0.00853, ""n"": 392, ""pooled_depth"": 2954.0, ""callable"": true}, ""sub11"": {""vaf"": 0.00798, ""n"": 390, ""pooled_depth"": 3563.0, ""callable"": true}, ""sub12"": {""vaf"": 0.00648, ""n"": 185, ""pooled_depth"": 1808.0, ""callable"": false}, ""sub2"": {""vaf"": 0.0078, ""n"": 781, ""pooled_depth"": 7796.0, ""callable"": false}, ""sub3"": {""vaf"": 0.00806, ""n"": 732, ""pooled_depth"": 5115.0, ""callable"": true}, ""sub4"": {""vaf"": 0.00917, ""n"": 619, ""pooled_depth"": 4446.0, ""callable"": true}, ""sub5"": {""vaf"": 0.0062, ""n"": 533, ""pooled_depth"": 6023.0, ""callable"": false}, ""sub6"": {""vaf"": 0.00995, ""n"": 498, ""pooled_depth"": 3527.0, ""callable"": true}, ""sub7"": {""vaf"": 0.0073, ""n"": 473, ""pooled_depth"": 2453.0, ""callable"": false}, ""sub8"": {""vaf"": 0.00598, ""n"": 481, ""pooled_depth"": 6315.0, ""callable"": false}, ""sub9"": {""vaf"": 0.00772, ""n"": 457, ""pooled_depth"": 4663.0, ""callable"": false}}"	cll6_2
7799	12	9.892192339258987e-07	1.5203724749604142e-06	0.23	False	1.0	True	sub9	True	True	True	True	True	"{""sub1"": {""vaf"": 0.00601, ""n"": 956, ""pooled_depth"": 13874.0, ""callable"": false}, ""sub10"": {""vaf"": 0.00617, ""n"": 393, ""pooled_depth"": 3975.0, ""callable"": false}, ""sub11"": {""vaf"": 0.00594, ""n"": 392, ""pooled_depth"": 4660.0, ""callable"": false}, ""sub12"": {""vaf"": 0.00612, ""n"": 184, ""pooled_depth"": 2247.0, ""callable"": false}, ""sub2"": {""vaf"": 0.00537, ""n"": 783, ""pooled_depth"": 9781.0, ""callable"": false}, ""sub3"": {""vaf"": 0.00512, ""n"": 739, ""pooled_depth"": 6586.0, ""callable"": false}, ""sub4"": {""vaf"": 0.0056, ""n"": 631, ""pooled_depth"": 5952.0, ""callable"": false}, ""sub5"": {""vaf"": 0.00512, ""n"": 532, ""pooled_depth"": 7753.0, ""callable"": false}, ""sub6"": {""vaf"": 0.00574, ""n"": 502, ""pooled_depth"": 4637.0, ""callable"": false}, ""sub7"": {""vaf"": 0.00568, ""n"": 492, ""pooled_depth"": 3164.0, ""callable"": false}, ""sub8"": {""vaf"": 0.00425, ""n"": 482, ""pooled_depth"": 7802.0, ""callable"": false}, ""sub9"": {""vaf"": 0.00624, ""n"": 459, ""pooled_depth"": 6108.0, ""callable"": false}}"	cll6_2
7832	12	1.6836438414816293e-06	2.0339250866851453e-06	0.095	False	1.0	True	sub4	True	True	True	True	True	"{""sub1"": {""vaf"": 0.00886, ""n"": 956, ""pooled_depth"": 14334.0, ""callable"": true}, ""sub10"": {""vaf"": 0.00934, ""n"": 394, ""pooled_depth"": 4241.0, ""callable"": true}, ""sub11"": {""vaf"": 0.00926, ""n"": 393, ""pooled_depth"": 5083.0, ""callable"": true}, ""sub12"": {""vaf"": 0.00829, ""n"": 184, ""pooled_depth"": 2365.0, ""callable"": false}, ""sub2"": {""vaf"": 0.00966, ""n"": 779, ""pooled_depth"": 9954.0, ""callable"": true}, ""sub3"": {""vaf"": 0.009, ""n"": 745, ""pooled_depth"": 6803.0, ""callable"": true}, ""sub4"": {""vaf"": 0.00972, ""n"": 634, ""pooled_depth"": 6366.0, ""callable"": true}, ""sub5"": {""vaf"": 0.00708, ""n"": 532, ""pooled_depth"": 8374.0, ""callable"": false}, ""sub6"": {""vaf"": 0.00947, ""n"": 506, ""pooled_depth"": 5076.0, ""callable"": true}, ""sub7"": {""vaf"": 0.00844, ""n"": 492, ""pooled_depth"": 3306.0, ""callable"": false}, ""sub8"": {""vaf"": 0.00799, ""n"": 482, ""pooled_depth"": 8010.0, ""callable"": false}, ""sub9"": {""vaf"": 0.0092, ""n"": 457, ""pooled_depth"": 6444.0, ""callable"": true}}"	cll6_2
7833	12	1.3540362342624896e-06	1.2715956587528293e-06	0.025	True	1.0	True	sub11	True	True	True	True	True	"{""sub1"": {""vaf"": 0.00478, ""n"": 955, ""pooled_depth"": 14476.0, ""callable"": false}, ""sub10"": {""vaf"": 0.00583, ""n"": 395, ""pooled_depth"": 4280.0, ""callable"": false}, ""sub11"": {""vaf"": 0.00659, ""n"": 393, ""pooled_depth"": 5113.0, ""callable"": false}, ""sub12"": {""vaf"": 0.00639, ""n"": 183, ""pooled_depth"": 2391.0, ""callable"": false}, ""sub2"": {""vaf"": 0.00473, ""n"": 778, ""pooled_depth"": 10017.0, ""callable"": false}, ""sub3"": {""vaf"": 0.00565, ""n"": 745, ""pooled_depth"": 6827.0, ""callable"": false}, ""sub4"": {""vaf"": 0.00421, ""n"": 634, ""pooled_depth"": 6379.0, ""callable"": false}, ""sub5"": {""vaf"": 0.00606, ""n"": 532, ""pooled_depth"": 8466.0, ""callable"": false}, ""sub6"": {""vaf"": 0.00438, ""n"": 507, ""pooled_depth"": 5101.0, ""callable"": false}, ""sub7"": {""vaf"": 0.00559, ""n"": 492, ""pooled_depth"": 3344.0, ""callable"": false}, ""sub8"": {""vaf"": 0.00457, ""n"": 482, ""pooled_depth"": 8042.0, ""callable"": false}, ""sub9"": {""vaf"": 0.00635, ""n"": 458, ""pooled_depth"": 6525.0, ""callable"": false}}"	cll6_2
7848	12	1.5140502616077446e-06	1.3765293192548007e-06	0.015	True	1.0	True	sub10	True	True	True	True	True	"{""sub1"": {""vaf"": 0.00628, ""n"": 953, ""pooled_depth"": 14482.0, ""callable"": false}, ""sub10"": {""vaf"": 0.00804, ""n"": 393, ""pooled_depth"": 4255.0, ""callable"": true}, ""sub11"": {""vaf"": 0.00622, ""n"": 393, ""pooled_depth"": 5010.0, ""callable"": false}, ""sub12"": {""vaf"": 0.00585, ""n"": 184, ""pooled_depth"": 2420.0, ""callable"": false}, ""sub2"": {""vaf"": 0.00567, ""n"": 781, ""pooled_depth"": 9985.0, ""callable"": false}, ""sub3"": {""vaf"": 0.00581, ""n"": 745, ""pooled_depth"": 6764.0, ""callable"": false}, ""sub4"": {""vaf"": 0.00703, ""n"": 632, ""pooled_depth"": 6391.0, ""callable"": false}, ""sub5"": {""vaf"": 0.00527, ""n"": 533, ""pooled_depth"": 8484.0, ""callable"": false}, ""sub6"": {""vaf"": 0.00575, ""n"": 506, ""pooled_depth"": 5122.0, ""callable"": false}, ""sub7"": {""vaf"": 0.00481, ""n"": 489, ""pooled_depth"": 3319.0, ""callable"": false}, ""sub8"": {""vaf"": 0.00452, ""n"": 481, ""pooled_depth"": 8125.0, ""callable"": false}, ""sub9"": {""vaf"": 0.0055, ""n"": 457, ""pooled_depth"": 6562.0, ""callable"": false}}"	cll6_2
7901	12	4.48535002711768e-07	1.3174408682948114e-06	0.825	False	1.0	True	sub1	True	True	True	True	True	"{""sub1"": {""vaf"": 0.00658, ""n"": 957, ""pooled_depth"": 16280.0, ""callable"": false}, ""sub10"": {""vaf"": 0.00656, ""n"": 395, ""pooled_depth"": 4615.0, ""callable"": false}, ""sub11"": {""vaf"": 0.00629, ""n"": 395, ""pooled_depth"": 5547.0, ""callable"": false}, ""sub12"": {""vaf"": 0.00529, ""n"": 185, ""pooled_depth"": 2642.0, ""callable"": false}, ""sub2"": {""vaf"": 0.00598, ""n"": 783, ""pooled_depth"": 11338.0, ""callable"": false}, ""sub3"": {""vaf"": 0.00639, ""n"": 742, ""pooled_depth"": 7711.0, ""callable"": false}, ""sub4"": {""vaf"": 0.00644, ""n"": 637, ""pooled_depth"": 7154.0, ""callable"": false}, ""sub5"": {""vaf"": 0.00614, ""n"": 530, ""pooled_depth"": 9262.0, ""callable"": false}, ""sub6"": {""vaf"": 0.0062, ""n"": 503, ""pooled_depth"": 5564.0, ""callable"": false}, ""sub7"": {""vaf"": 0.00573, ""n"": 497, ""pooled_depth"": 3718.0, ""callable"": false}, ""sub8"": {""vaf"": 0.00606, ""n"": 478, ""pooled_depth"": 8954.0, ""callable"": false}, ""sub9"": {""vaf"": 0.00646, ""n"": 454, ""pooled_depth"": 7106.0, ""callable"": false}}"	cll6_2
7903	12	1.917080591065841e-06	1.501003195148512e-06	0.005	True	1.0	True	sub7	True	True	True	True	True	"{""sub1"": {""vaf"": 0.00783, ""n"": 958, ""pooled_depth"": 16636.0, ""callable"": false}, ""sub10"": {""vaf"": 0.0089, ""n"": 395, ""pooled_depth"": 4739.0, ""callable"": true}, ""sub11"": {""vaf"": 0.00991, ""n"": 395, ""pooled_depth"": 5690.0, ""callable"": true}, ""sub12"": {""vaf"": 0.00767, ""n"": 185, ""pooled_depth"": 2691.0, ""callable"": false}, ""sub2"": {""vaf"": 0.00828, ""n"": 783, ""pooled_depth"": 11585.0, ""callable"": true}, ""sub3"": {""vaf"": 0.00805, ""n"": 743, ""pooled_depth"": 7892.0, ""callable"": true}, ""sub4"": {""vaf"": 0.00793, ""n"": 637, ""pooled_depth"": 7307.0, ""callable"": false}, ""sub5"": {""vaf"": 0.00842, ""n"": 529, ""pooled_depth"": 9567.0, ""callable"": true}, ""sub6"": {""vaf"": 0.00672, ""n"": 505, ""pooled_depth"": 5695.0, ""callable"": false}, ""sub7"": {""vaf"": 0.01025, ""n"": 498, ""pooled_depth"": 3848.0, ""callable"": true}, ""sub8"": {""vaf"": 0.00638, ""n"": 478, ""pooled_depth"": 9131.0, ""callable"": false}, ""sub9"": {""vaf"": 0.0082, ""n"": 456, ""pooled_depth"": 7337.0, ""callable"": true}}"	cll6_2
7913	12	1.1515752021756955e-06	1.2387110658593555e-06	0.1	False	1.0	True	sub10	True	True	True	True	True	"{""sub1"": {""vaf"": 0.00512, ""n"": 959, ""pooled_depth"": 16882.0, ""callable"": false}, ""sub10"": {""vaf"": 0.00688, ""n"": 398, ""pooled_depth"": 4861.0, ""callable"": false}, ""sub11"": {""vaf"": 0.00572, ""n"": 393, ""pooled_depth"": 5734.0, ""callable"": false}, ""sub12"": {""vaf"": 0.0045, ""n"": 185, ""pooled_depth"": 2745.0, ""callable"": false}, ""sub2"": {""vaf"": 0.00455, ""n"": 782, ""pooled_depth"": 11703.0, ""callable"": false}, ""sub3"": {""vaf"": 0.00593, ""n"": 739, ""pooled_depth"": 7948.0, ""callable"": false}, ""sub4"": {""vaf"": 0.0051, ""n"": 636, ""pooled_depth"": 7368.0, ""callable"": false}, ""sub5"": {""vaf"": 0.00494, ""n"": 531, ""pooled_depth"": 9720.0, ""callable"": false}, ""sub6"": {""vaf"": 0.00535, ""n"": 503, ""pooled_depth"": 5770.0, ""callable"": false}, ""sub7"": {""vaf"": 0.00656, ""n"": 496, ""pooled_depth"": 3865.0, ""callable"": false}, ""sub8"": {""vaf"": 0.00417, ""n"": 479, ""pooled_depth"": 9193.0, ""callable"": false}, ""sub9"": {""vaf"": 0.00444, ""n"": 456, ""pooled_depth"": 7315.0, ""callable"": false}}"	cll6_2
7953	12	2.5374728780284602e-05	1.1024194102634146e-05	0.0	True	1.0	True	sub10	False	True	True	True	True	"{""sub1"": {""vaf"": 0.01862, ""n"": 951, ""pooled_depth"": 8557.0, ""callable"": true}, ""sub10"": {""vaf"": 0.03382, ""n"": 386, ""pooled_depth"": 2054.0, ""callable"": true}, ""sub11"": {""vaf"": 0.02241, ""n"": 387, ""pooled_depth"": 2606.0, ""callable"": true}, ""sub12"": {""vaf"": 0.01511, ""n"": 181, ""pooled_depth"": 1403.0, ""callable"": true}, ""sub2"": {""vaf"": 0.01872, ""n"": 781, ""pooled_depth"": 5785.0, ""callable"": true}, ""sub3"": {""vaf"": 0.023, ""n"": 706, ""pooled_depth"": 3657.0, ""callable"": true}, ""sub4"": {""vaf"": 0.02034, ""n"": 611, ""pooled_depth"": 3219.0, ""callable"": true}, ""sub5"": {""vaf"": 0.02043, ""n"": 529, ""pooled_depth"": 4623.0, ""callable"": true}, ""sub6"": {""vaf"": 0.02279, ""n"": 487, ""pooled_depth"": 2642.0, ""callable"": true}, ""sub7"": {""vaf"": 0.01976, ""n"": 463, ""pooled_depth"": 1760.0, ""callable"": true}, ""sub8"": {""vaf"": 0.01402, ""n"": 472, ""pooled_depth"": 4763.0, ""callable"": true}, ""sub9"": {""vaf"": 0.02567, ""n"": 455, ""pooled_depth"": 3339.0, ""callable"": true}}"	cll6_2
7996	12	2.37616844040679e-06	2.2116277906705942e-06	0.03	True	1.0	True	sub10	False	True	True	True	True	"{""sub1"": {""vaf"": 0.0052, ""n"": 949, ""pooled_depth"": 10200.0, ""callable"": false}, ""sub10"": {""vaf"": 0.00811, ""n"": 392, ""pooled_depth"": 2689.0, ""callable"": true}, ""sub11"": {""vaf"": 0.00635, ""n"": 392, ""pooled_depth"": 3238.0, ""callable"": false}, ""sub12"": {""vaf"": 0.00633, ""n"": 182, ""pooled_depth"": 1672.0, ""callable"": false}, ""sub2"": {""vaf"": 0.00615, ""n"": 779, ""pooled_depth"": 6986.0, ""callable"": false}, ""sub3"": {""vaf"": 0.00655, ""n"": 726, ""pooled_depth"": 4601.0, ""callable"": false}, ""sub4"": {""vaf"": 0.00447, ""n"": 617, ""pooled_depth"": 3917.0, ""callable"": false}, ""sub5"": {""vaf"": 0.00666, ""n"": 527, ""pooled_depth"": 5687.0, ""callable"": false}, ""sub6"": {""vaf"": 0.00632, ""n"": 499, ""pooled_depth"": 3108.0, ""callable"": false}, ""sub7"": {""vaf"": 0.00597, ""n"": 483, ""pooled_depth"": 2235.0, ""callable"": false}, ""sub8"": {""vaf"": 0.00398, ""n"": 472, ""pooled_depth"": 5678.0, ""callable"": false}, ""sub9"": {""vaf"": 0.00685, ""n"": 452, ""pooled_depth"": 4158.0, ""callable"": false}}"	cll6_2
8116	12	1.9089886094241165e-06	1.4971254678311161e-06	0.005	True	1.0	True	sub4	True	True	True	True	True	"{""sub1"": {""vaf"": 0.00661, ""n"": 953, ""pooled_depth"": 12955.0, ""callable"": false}, ""sub10"": {""vaf"": 0.00578, ""n"": 396, ""pooled_depth"": 3757.0, ""callable"": false}, ""sub11"": {""vaf"": 0.00637, ""n"": 392, ""pooled_depth"": 4435.0, ""callable"": false}, ""sub12"": {""vaf"": 0.00506, ""n"": 182, ""pooled_depth"": 2067.0, ""callable"": false}, ""sub2"": {""vaf"": 0.00611, ""n"": 784, ""pooled_depth"": 9153.0, ""callable"": false}, ""sub3"": {""vaf"": 0.00692, ""n"": 737, ""pooled_depth"": 6055.0, ""callable"": false}, ""sub4"": {""vaf"": 0.00824, ""n"": 628, ""pooled_depth"": 5427.0, ""callable"": true}, ""sub5"": {""vaf"": 0.00491, ""n"": 531, ""pooled_depth"": 7703.0, ""callable"": false}, ""sub6"": {""vaf"": 0.00568, ""n"": 509, ""pooled_depth"": 4394.0, ""callable"": false}, ""sub7"": {""vaf"": 0.00533, ""n"": 490, ""pooled_depth"": 2963.0, ""callable"": false}, ""sub8"": {""vaf"": 0.00509, ""n"": 476, ""pooled_depth"": 7156.0, ""callable"": false}, ""sub9"": {""vaf"": 0.00745, ""n"": 458, ""pooled_depth"": 5591.0, ""callable"": true}}"	cll6_2
8117	12	1.0288979274798085e-05	3.2362179676968782e-06	0.0	True	1.0	True	sub6	True	True	True	True	True	"{""sub1"": {""vaf"": 0.01381, ""n"": 954, ""pooled_depth"": 14295.0, ""callable"": true}, ""sub10"": {""vaf"": 0.01898, ""n"": 395, ""pooled_depth"": 4200.0, ""callable"": true}, ""sub11"": {""vaf"": 0.01704, ""n"": 393, ""pooled_depth"": 4943.0, ""callable"": true}, ""sub12"": {""vaf"": 0.01542, ""n"": 183, ""pooled_depth"": 2293.0, ""callable"": true}, ""sub2"": {""vaf"": 0.01473, ""n"": 783, ""pooled_depth"": 10131.0, ""callable"": true}, ""sub3"": {""vaf"": 0.01461, ""n"": 748, ""pooled_depth"": 6736.0, ""callable"": true}, ""sub4"": {""vaf"": 0.01935, ""n"": 636, ""pooled_depth"": 6110.0, ""callable"": true}, ""sub5"": {""vaf"": 0.01208, ""n"": 530, ""pooled_depth"": 8421.0, ""callable"": true}, ""sub6"": {""vaf"": 0.01949, ""n"": 510, ""pooled_depth"": 4927.0, ""callable"": true}, ""sub7"": {""vaf"": 0.01382, ""n"": 489, ""pooled_depth"": 3286.0, ""callable"": true}, ""sub8"": {""vaf"": 0.01089, ""n"": 478, ""pooled_depth"": 7828.0, ""callable"": true}, ""sub9"": {""vaf"": 0.01725, ""n"": 458, ""pooled_depth"": 6261.0, ""callable"": true}}"	cll6_2
8165	12	8.18799464914099e-06	3.4930916198431004e-06	0.0	True	1.0	True	sub4	True	True	True	True	True	"{""sub1"": {""vaf"": 0.01626, ""n"": 957, ""pooled_depth"": 16533.0, ""callable"": true}, ""sub10"": {""vaf"": 0.01388, ""n"": 398, ""pooled_depth"": 4883.0, ""callable"": true}, ""sub11"": {""vaf"": 0.01636, ""n"": 396, ""pooled_depth"": 5721.0, ""callable"": true}, ""sub12"": {""vaf"": 0.01703, ""n"": 184, ""pooled_depth"": 2730.0, ""callable"": true}, ""sub2"": {""vaf"": 0.01583, ""n"": 785, ""pooled_depth"": 11530.0, ""callable"": true}, ""sub3"": {""vaf"": 0.01782, ""n"": 741, ""pooled_depth"": 7696.0, ""callable"": true}, ""sub4"": {""vaf"": 0.0205, ""n"": 639, ""pooled_depth"": 7303.0, ""callable"": true}, ""sub5"": {""vaf"": 0.0136, ""n"": 534, ""pooled_depth"": 9573.0, ""callable"": true}, ""sub6"": {""vaf"": 0.01983, ""n"": 503, ""pooled_depth"": 5842.0, ""callable"": true}, ""sub7"": {""vaf"": 0.0156, ""n"": 496, ""pooled_depth"": 3710.0, ""callable"": true}, ""sub8"": {""vaf"": 0.01203, ""n"": 479, ""pooled_depth"": 8714.0, ""callable"": true}, ""sub9"": {""vaf"": 0.01447, ""n"": 458, ""pooled_depth"": 7312.0, ""callable"": true}}"	cll6_2
8167	12	1.9744661492269115e-06	1.8811387904283788e-06	0.03	True	1.0	True	sub9	True	True	True	True	True	"{""sub1"": {""vaf"": 0.00818, ""n"": 954, ""pooled_depth"": 15025.0, ""callable"": true}, ""sub10"": {""vaf"": 0.00985, ""n"": 396, ""pooled_depth"": 4465.0, ""callable"": true}, ""sub11"": {""vaf"": 0.00803, ""n"": 396, ""pooled_depth"": 5157.0, ""callable"": false}, ""sub12"": {""vaf"": 0.00813, ""n"": 184, ""pooled_depth"": 2462.0, ""callable"": false}, ""sub2"": {""vaf"": 0.00883, ""n"": 783, ""pooled_depth"": 10482.0, ""callable"": true}, ""sub3"": {""vaf"": 0.00863, ""n"": 740, ""pooled_depth"": 6990.0, ""callable"": true}, ""sub4"": {""vaf"": 0.00923, ""n"": 638, ""pooled_depth"": 6630.0, ""callable"": true}, ""sub5"": {""vaf"": 0.00967, ""n"": 534, ""pooled_depth"": 8747.0, ""callable"": true}, ""sub6"": {""vaf"": 0.00925, ""n"": 503, ""pooled_depth"": 5308.0, ""callable"": true}, ""sub7"": {""vaf"": 0.00982, ""n"": 495, ""pooled_depth"": 3370.0, ""callable"": true}, ""sub8"": {""vaf"": 0.00742, ""n"": 478, ""pooled_depth"": 7893.0, ""callable"": false}, ""sub9"": {""vaf"": 0.01082, ""n"": 457, ""pooled_depth"": 6611.0, ""callable"": true}}"	cll6_2
8201	12	1.2960452266189019e-06	1.1024331021179606e-06	0.015	True	1.0	True	sub9	True	True	True	True	True	"{""sub1"": {""vaf"": 0.00546, ""n"": 959, ""pooled_depth"": 17380.0, ""callable"": false}, ""sub10"": {""vaf"": 0.00677, ""n"": 397, ""pooled_depth"": 4999.0, ""callable"": false}, ""sub11"": {""vaf"": 0.00478, ""n"": 397, ""pooled_depth"": 5860.0, ""callable"": false}, ""sub12"": {""vaf"": 0.00473, ""n"": 184, ""pooled_depth"": 2778.0, ""callable"": false}, ""sub2"": {""vaf"": 0.00505, ""n"": 784, ""pooled_depth"": 12103.0, ""callable"": false}, ""sub3"": {""vaf"": 0.00547, ""n"": 744, ""pooled_depth"": 8014.0, ""callable"": false}, ""sub4"": {""vaf"": 0.00656, ""n"": 638, ""pooled_depth"": 7544.0, ""callable"": false}, ""sub5"": {""vaf"": 0.00516, ""n"": 534, ""pooled_depth"": 9857.0, ""callable"": false}, ""sub6"": {""vaf"": 0.00446, ""n"": 508, ""pooled_depth"": 6047.0, ""callable"": false}, ""sub7"": {""vaf"": 0.00561, ""n"": 498, ""pooled_depth"": 3820.0, ""callable"": false}, ""sub8"": {""vaf"": 0.0043, ""n"": 481, ""pooled_depth"": 8936.0, ""callable"": false}, ""sub9"": {""vaf"": 0.00686, ""n"": 461, ""pooled_depth"": 7668.0, ""callable"": false}}"	cll6_2
8322	12	4.590225368397895e-06	4.4985280287862006e-06	0.04	True	1.0	True	sub2	False	True	True	True	True	"{""sub1"": {""vaf"": 0.00529, ""n"": 936, ""pooled_depth"": 5702.0, ""callable"": false}, ""sub10"": {""vaf"": 0.0078, ""n"": 358, ""pooled_depth"": 1182.0, ""callable"": false}, ""sub11"": {""vaf"": 0.0066, ""n"": 369, ""pooled_depth"": 1611.0, ""callable"": false}, ""sub12"": {""vaf"": 0.00887, ""n"": 172, ""pooled_depth"": 899.0, ""callable"": true}, ""sub2"": {""vaf"": 0.00893, ""n"": 757, ""pooled_depth"": 3795.0, ""callable"": true}, ""sub3"": {""vaf"": 0.00451, ""n"": 636, ""pooled_depth"": 2238.0, ""callable"": false}, ""sub4"": {""vaf"": 0.00744, ""n"": 532, ""pooled_depth"": 1700.0, ""callable"": false}, ""sub5"": {""vaf"": 0.00642, ""n"": 528, ""pooled_depth"": 3094.0, ""callable"": false}, ""sub6"": {""vaf"": 0.0061, ""n"": 453, ""pooled_depth"": 1513.0, ""callable"": false}, ""sub7"": {""vaf"": 0.00887, ""n"": 405, ""pooled_depth"": 1123.0, ""callable"": true}, ""sub8"": {""vaf"": 0.00568, ""n"": 463, ""pooled_depth"": 3295.0, ""callable"": false}, ""sub9"": {""vaf"": 0.00735, ""n"": 445, ""pooled_depth"": 2144.0, ""callable"": false}}"	cll6_2
8376	12	3.3269050686548044e-06	2.0356294204781124e-06	0.0	True	1.0	True	sub6	False	True	True	True	True	"{""sub1"": {""vaf"": 0.0043, ""n"": 950, ""pooled_depth"": 11033.0, ""callable"": false}, ""sub10"": {""vaf"": 0.00623, ""n"": 389, ""pooled_depth"": 2737.0, ""callable"": false}, ""sub11"": {""vaf"": 0.00686, ""n"": 391, ""pooled_depth"": 3391.0, ""callable"": false}, ""sub12"": {""vaf"": 0.00399, ""n"": 185, ""pooled_depth"": 1718.0, ""callable"": false}, ""sub2"": {""vaf"": 0.00405, ""n"": 779, ""pooled_depth"": 7340.0, ""callable"": false}, ""sub3"": {""vaf"": 0.00385, ""n"": 724, ""pooled_depth"": 4673.0, ""callable"": false}, ""sub4"": {""vaf"": 0.00778, ""n"": 629, ""pooled_depth"": 4000.0, ""callable"": true}, ""sub5"": {""vaf"": 0.00465, ""n"": 531, ""pooled_depth"": 6030.0, ""callable"": false}, ""sub6"": {""vaf"": 0.00808, ""n"": 498, ""pooled_depth"": 3309.0, ""callable"": true}, ""sub7"": {""vaf"": 0.00576, ""n"": 482, ""pooled_depth"": 2367.0, ""callable"": false}, ""sub8"": {""vaf"": 0.00375, ""n"": 475, ""pooled_depth"": 5913.0, ""callable"": false}, ""sub9"": {""vaf"": 0.00587, ""n"": 455, ""pooled_depth"": 4510.0, ""callable"": false}}"	cll6_2
8425	12	7.579573483201323e-06	2.430714031200163e-06	0.0	True	1.0	True	sub4	True	True	True	True	True	"{""sub1"": {""vaf"": 0.00587, ""n"": 952, ""pooled_depth"": 12243.0, ""callable"": false}, ""sub10"": {""vaf"": 0.01036, ""n"": 393, ""pooled_depth"": 3188.0, ""callable"": true}, ""sub11"": {""vaf"": 0.00962, ""n"": 395, ""pooled_depth"": 4018.0, ""callable"": true}, ""sub12"": {""vaf"": 0.0051, ""n"": 184, ""pooled_depth"": 2063.0, ""callable"": false}, ""sub2"": {""vaf"": 0.0064, ""n"": 779, ""pooled_depth"": 8496.0, ""callable"": false}, ""sub3"": {""vaf"": 0.00624, ""n"": 736, ""pooled_depth"": 5539.0, ""callable"": false}, ""sub4"": {""vaf"": 0.0122, ""n"": 626, ""pooled_depth"": 5282.0, ""callable"": true}, ""sub5"": {""vaf"": 0.00667, ""n"": 535, ""pooled_depth"": 7067.0, ""callable"": false}, ""sub6"": {""vaf"": 0.01132, ""n"": 504, ""pooled_depth"": 4082.0, ""callable"": true}, ""sub7"": {""vaf"": 0.00773, ""n"": 487, ""pooled_depth"": 2753.0, ""callable"": false}, ""sub8"": {""vaf"": 0.0048, ""n"": 476, ""pooled_depth"": 7031.0, ""callable"": false}, ""sub9"": {""vaf"": 0.01005, ""n"": 454, ""pooled_depth"": 5300.0, ""callable"": true}}"	cll6_2
8554	12	9.091541022158669e-07	1.0864871476050002e-06	0.115	False	1.0	True	sub10	True	True	True	True	True	"{""sub1"": {""vaf"": 0.00515, ""n"": 953, ""pooled_depth"": 16479.0, ""callable"": false}, ""sub10"": {""vaf"": 0.00616, ""n"": 397, ""pooled_depth"": 4909.0, ""callable"": false}, ""sub11"": {""vaf"": 0.00599, ""n"": 394, ""pooled_depth"": 5835.0, ""callable"": false}, ""sub12"": {""vaf"": 0.00492, ""n"": 185, ""pooled_depth"": 2629.0, ""callable"": false}, ""sub2"": {""vaf"": 0.00513, ""n"": 786, ""pooled_depth"": 11669.0, ""callable"": false}, ""sub3"": {""vaf"": 0.005, ""n"": 744, ""pooled_depth"": 7716.0, ""callable"": false}, ""sub4"": {""vaf"": 0.00609, ""n"": 633, ""pooled_depth"": 7149.0, ""callable"": false}, ""sub5"": {""vaf"": 0.00529, ""n"": 535, ""pooled_depth"": 9486.0, ""callable"": false}, ""sub6"": {""vaf"": 0.00562, ""n"": 506, ""pooled_depth"": 5631.0, ""callable"": false}, ""sub7"": {""vaf"": 0.00556, ""n"": 490, ""pooled_depth"": 3773.0, ""callable"": false}, ""sub8"": {""vaf"": 0.00394, ""n"": 480, ""pooled_depth"": 8717.0, ""callable"": false}, ""sub9"": {""vaf"": 0.00493, ""n"": 460, ""pooled_depth"": 7275.0, ""callable"": false}}"	cll6_2
8623	12	5.72466709860291e-06	2.8699202865738063e-06	0.0	True	1.0	True	sub6	False	True	True	True	True	"{""sub1"": {""vaf"": 0.00633, ""n"": 952, ""pooled_depth"": 10461.0, ""callable"": false}, ""sub10"": {""vaf"": 0.01042, ""n"": 388, ""pooled_depth"": 2592.0, ""callable"": true}, ""sub11"": {""vaf"": 0.00822, ""n"": 391, ""pooled_depth"": 3385.0, ""callable"": false}, ""sub12"": {""vaf"": 0.00799, ""n"": 181, ""pooled_depth"": 1763.0, ""callable"": false}, ""sub2"": {""vaf"": 0.00893, ""n"": 779, ""pooled_depth"": 7377.0, ""callable"": true}, ""sub3"": {""vaf"": 0.00714, ""n"": 723, ""pooled_depth"": 4782.0, ""callable"": false}, ""sub4"": {""vaf"": 0.01148, ""n"": 622, ""pooled_depth"": 4151.0, ""callable"": true}, ""sub5"": {""vaf"": 0.00886, ""n"": 526, ""pooled_depth"": 5865.0, ""callable"": true}, ""sub6"": {""vaf"": 0.01202, ""n"": 499, ""pooled_depth"": 3327.0, ""callable"": true}, ""sub7"": {""vaf"": 0.01065, ""n"": 470, ""pooled_depth"": 2227.0, ""callable"": true}, ""sub8"": {""vaf"": 0.00644, ""n"": 477, ""pooled_depth"": 6061.0, ""callable"": false}, ""sub9"": {""vaf"": 0.0067, ""n"": 453, ""pooled_depth"": 4285.0, ""callable"": false}}"	cll6_2
8700	12	1.4203869523926998e-06	1.4676215072710536e-06	0.06	False	1.0	True	sub4	True	True	True	True	True	"{""sub1"": {""vaf"": 0.00476, ""n"": 954, ""pooled_depth"": 12738.0, ""callable"": false}, ""sub10"": {""vaf"": 0.00645, ""n"": 396, ""pooled_depth"": 3336.0, ""callable"": false}, ""sub11"": {""vaf"": 0.00542, ""n"": 393, ""pooled_depth"": 4107.0, ""callable"": false}, ""sub12"": {""vaf"": 0.00528, ""n"": 185, ""pooled_depth"": 2226.0, ""callable"": false}, ""sub2"": {""vaf"": 0.00511, ""n"": 780, ""pooled_depth"": 8869.0, ""callable"": false}, ""sub3"": {""vaf"": 0.00598, ""n"": 736, ""pooled_depth"": 5886.0, ""callable"": false}, ""sub4"": {""vaf"": 0.00723, ""n"": 630, ""pooled_depth"": 5349.0, ""callable"": true}, ""sub5"": {""vaf"": 0.00536, ""n"": 531, ""pooled_depth"": 6995.0, ""callable"": false}, ""sub6"": {""vaf"": 0.00633, ""n"": 504, ""pooled_depth"": 4257.0, ""callable"": false}, ""sub7"": {""vaf"": 0.00584, ""n"": 485, ""pooled_depth"": 2862.0, ""callable"": false}, ""sub8"": {""vaf"": 0.00473, ""n"": 477, ""pooled_depth"": 7357.0, ""callable"": false}, ""sub9"": {""vaf"": 0.00624, ""n"": 456, ""pooled_depth"": 5336.0, ""callable"": false}}"	cll6_2
8749	12	5.394332433894333e-05	2.248414600238987e-05	0.0	True	1.0	True	sub4	False	True	True	True	True	"{""sub1"": {""vaf"": 0.02177, ""n"": 939, ""pooled_depth"": 6334.0, ""callable"": true}, ""sub10"": {""vaf"": 0.03584, ""n"": 368, ""pooled_depth"": 1456.0, ""callable"": true}, ""sub11"": {""vaf"": 0.0324, ""n"": 383, ""pooled_depth"": 1908.0, ""callable"": true}, ""sub12"": {""vaf"": 0.02741, ""n"": 179, ""pooled_depth"": 1065.0, ""callable"": true}, ""sub2"": {""vaf"": 0.02483, ""n"": 766, ""pooled_depth"": 4327.0, ""callable"": true}, ""sub3"": {""vaf"": 0.02869, ""n"": 686, ""pooled_depth"": 2739.0, ""callable"": true}, ""sub4"": {""vaf"": 0.04156, ""n"": 570, ""pooled_depth"": 2176.0, ""callable"": true}, ""sub5"": {""vaf"": 0.02502, ""n"": 519, ""pooled_depth"": 3371.0, ""callable"": true}, ""sub6"": {""vaf"": 0.03809, ""n"": 474, ""pooled_depth"": 1788.0, ""callable"": true}, ""sub7"": {""vaf"": 0.03133, ""n"": 422, ""pooled_depth"": 1351.0, ""callable"": true}, ""sub8"": {""vaf"": 0.01996, ""n"": 461, ""pooled_depth"": 3544.0, ""callable"": true}, ""sub9"": {""vaf"": 0.02909, ""n"": 442, ""pooled_depth"": 2420.0, ""callable"": true}}"	cll6_2
8797	12	4.838769698219778e-06	6.82894197650314e-06	0.3	False	1.0	True	sub6	False	True	True	True	True	"{""sub1"": {""vaf"": 0.00833, ""n"": 916, ""pooled_depth"": 3644.0, ""callable"": true}, ""sub10"": {""vaf"": 0.00864, ""n"": 336, ""pooled_depth"": 801.0, ""callable"": true}, ""sub11"": {""vaf"": 0.0081, ""n"": 345, ""pooled_depth"": 1073.0, ""callable"": false}, ""sub12"": {""vaf"": 0.00745, ""n"": 169, ""pooled_depth"": 619.0, ""callable"": false}, ""sub2"": {""vaf"": 0.00901, ""n"": 718, ""pooled_depth"": 2597.0, ""callable"": true}, ""sub3"": {""vaf"": 0.00698, ""n"": 594, ""pooled_depth"": 1617.0, ""callable"": false}, ""sub4"": {""vaf"": 0.00762, ""n"": 492, ""pooled_depth"": 1230.0, ""callable"": false}, ""sub5"": {""vaf"": 0.00586, ""n"": 498, ""pooled_depth"": 2023.0, ""callable"": false}, ""sub6"": {""vaf"": 0.00956, ""n"": 402, ""pooled_depth"": 1005.0, ""callable"": true}, ""sub7"": {""vaf"": 0.00729, ""n"": 361, ""pooled_depth"": 801.0, ""callable"": false}, ""sub8"": {""vaf"": 0.00603, ""n"": 450, ""pooled_depth"": 2258.0, ""callable"": false}, ""sub9"": {""vaf"": 0.00922, ""n"": 406, ""pooled_depth"": 1420.0, ""callable"": true}}"	cll6_2
8836	12	1.2449397276640296e-05	1.571677782898872e-05	0.145	False	1.0	True	sub6	False	False	True	True	True	"{""sub1"": {""vaf"": 0.00542, ""n"": 758, ""pooled_depth"": 1744.0, ""callable"": false}, ""sub10"": {""vaf"": 0.00468, ""n"": 235, ""pooled_depth"": 372.0, ""callable"": false}, ""sub11"": {""vaf"": 0.00628, ""n"": 266, ""pooled_depth"": 496.0, ""callable"": false}, ""sub12"": {""vaf"": 0.0069, ""n"": 129, ""pooled_depth"": 271.0, ""callable"": false}, ""sub2"": {""vaf"": 0.00472, ""n"": 590, ""pooled_depth"": 1213.0, ""callable"": false}, ""sub3"": {""vaf"": 0.0114, ""n"": 435, ""pooled_depth"": 798.0, ""callable"": true}, ""sub4"": {""vaf"": 0.00542, ""n"": 356, ""pooled_depth"": 637.0, ""callable"": false}, ""sub5"": {""vaf"": 0.00569, ""n"": 426, ""pooled_depth"": 940.0, ""callable"": false}, ""sub6"": {""vaf"": 0.01171, ""n"": 302, ""pooled_depth"": 510.0, ""callable"": true}, ""sub7"": {""vaf"": 0.00471, ""n"": 241, ""pooled_depth"": 367.0, ""callable"": false}, ""sub8"": {""vaf"": 0.00533, ""n"": 388, ""pooled_depth"": 1030.0, ""callable"": false}, ""sub9"": {""vaf"": 0.0064, ""n"": 324, ""pooled_depth"": 635.0, ""callable"": false}}"	cll6_2
8860	12	0.0012193429598427626	0.000565324064035367	0.0	True	1.0	True	sub4	False	False	True	True	True	"{""sub1"": {""vaf"": 0.07823, ""n"": 378, ""pooled_depth"": 516.0, ""callable"": true}, ""sub10"": {""vaf"": 0.13958, ""n"": 98, ""pooled_depth"": 120.0, ""callable"": true}, ""sub11"": {""vaf"": 0.07082, ""n"": 130, ""pooled_depth"": 165.0, ""callable"": true}, ""sub12"": {""vaf"": 0.07504, ""n"": 78, ""pooled_depth"": 100.0, ""callable"": true}, ""sub2"": {""vaf"": 0.05418, ""n"": 281, ""pooled_depth"": 358.0, ""callable"": true}, ""sub3"": {""vaf"": 0.08327, ""n"": 181, ""pooled_depth"": 218.0, ""callable"": true}, ""sub4"": {""vaf"": 0.15137, ""n"": 149, ""pooled_depth"": 180.0, ""callable"": true}, ""sub5"": {""vaf"": 0.07168, ""n"": 211, ""pooled_depth"": 302.0, ""callable"": true}, ""sub6"": {""vaf"": 0.11697, ""n"": 131, ""pooled_depth"": 160.0, ""callable"": true}, ""sub7"": {""vaf"": 0.04701, ""n"": 89, ""pooled_depth"": 100.0, ""callable"": true}, ""sub8"": {""vaf"": 0.05458, ""n"": 233, ""pooled_depth"": 355.0, ""callable"": true}, ""sub9"": {""vaf"": 0.0937, ""n"": 172, ""pooled_depth"": 221.0, ""callable"": true}}"	cll6_2
8862	12	5.9203180984795146e-05	9.948293685317266e-05	0.44	False	1.0	True	sub4	False	False	True	True	True	"{""sub1"": {""vaf"": 0.01555, ""n"": 442, ""pooled_depth"": 640.0, ""callable"": true}, ""sub10"": {""vaf"": 0.02624, ""n"": 136, ""pooled_depth"": 172.0, ""callable"": true}, ""sub11"": {""vaf"": 0.017, ""n"": 153, ""pooled_depth"": 213.0, ""callable"": true}, ""sub12"": {""vaf"": 0.01593, ""n"": 86, ""pooled_depth"": 117.0, ""callable"": false}, ""sub2"": {""vaf"": 0.01982, ""n"": 332, ""pooled_depth"": 453.0, ""callable"": true}, ""sub3"": {""vaf"": 0.02086, ""n"": 224, ""pooled_depth"": 275.0, ""callable"": true}, ""sub4"": {""vaf"": 0.03039, ""n"": 191, ""pooled_depth"": 249.0, ""callable"": true}, ""sub5"": {""vaf"": 0.01797, ""n"": 238, ""pooled_depth"": 356.0, ""callable"": true}, ""sub6"": {""vaf"": 0.01677, ""n"": 172, ""pooled_depth"": 219.0, ""callable"": true}, ""sub7"": {""vaf"": 0.01835, ""n"": 103, ""pooled_depth"": 126.0, ""callable"": false}, ""sub8"": {""vaf"": 0.02109, ""n"": 260, ""pooled_depth"": 412.0, ""callable"": true}, ""sub9"": {""vaf"": 0.01709, ""n"": 193, ""pooled_depth"": 269.0, ""callable"": true}}"	cll6_2
8866	12	5.452482932325746e-06	1.9631650251900792e-05	0.885	False	1.0	True	sub11	False	False	True	True	True	"{""sub1"": {""vaf"": 0.00916, ""n"": 749, ""pooled_depth"": 1609.0, ""callable"": true}, ""sub10"": {""vaf"": 0.0089, ""n"": 256, ""pooled_depth"": 456.0, ""callable"": false}, ""sub11"": {""vaf"": 0.01096, ""n"": 291, ""pooled_depth"": 596.0, ""callable"": true}, ""sub12"": {""vaf"": 0.00868, ""n"": 128, ""pooled_depth"": 268.0, ""callable"": false}, ""sub2"": {""vaf"": 0.00967, ""n"": 585, ""pooled_depth"": 1149.0, ""callable"": true}, ""sub3"": {""vaf"": 0.00887, ""n"": 409, ""pooled_depth"": 686.0, ""callable"": false}, ""sub4"": {""vaf"": 0.01033, ""n"": 397, ""pooled_depth"": 708.0, ""callable"": true}, ""sub5"": {""vaf"": 0.00829, ""n"": 422, ""pooled_depth"": 940.0, ""callable"": false}, ""sub6"": {""vaf"": 0.00844, ""n"": 325, ""pooled_depth"": 547.0, ""callable"": false}, ""sub7"": {""vaf"": 0.00815, ""n"": 238, ""pooled_depth"": 365.0, ""callable"": false}, ""sub8"": {""vaf"": 0.00802, ""n"": 375, ""pooled_depth"": 888.0, ""callable"": false}, ""sub9"": {""vaf"": 0.0085, ""n"": 356, ""pooled_depth"": 769.0, ""callable"": false}}"	cll6_2
8895	12	3.2982715513570795e-06	8.264044515354608e-06	0.735	False	1.0	True	sub5	False	False	True	True	True	"{""sub1"": {""vaf"": 0.00568, ""n"": 865, ""pooled_depth"": 2688.0, ""callable"": false}, ""sub10"": {""vaf"": 0.00664, ""n"": 319, ""pooled_depth"": 792.0, ""callable"": false}, ""sub11"": {""vaf"": 0.0061, ""n"": 354, ""pooled_depth"": 1049.0, ""callable"": false}, ""sub12"": {""vaf"": 0.00637, ""n"": 152, ""pooled_depth"": 442.0, ""callable"": false}, ""sub2"": {""vaf"": 0.00698, ""n"": 688, ""pooled_depth"": 1945.0, ""callable"": false}, ""sub3"": {""vaf"": 0.0073, ""n"": 543, ""pooled_depth"": 1222.0, ""callable"": false}, ""sub4"": {""vaf"": 0.00697, ""n"": 505, ""pooled_depth"": 1230.0, ""callable"": false}, ""sub5"": {""vaf"": 0.0086, ""n"": 475, ""pooled_depth"": 1652.0, ""callable"": true}, ""sub6"": {""vaf"": 0.00635, ""n"": 409, ""pooled_depth"": 924.0, ""callable"": false}, ""sub7"": {""vaf"": 0.00704, ""n"": 332, ""pooled_depth"": 631.0, ""callable"": false}, ""sub8"": {""vaf"": 0.00689, ""n"": 424, ""pooled_depth"": 1413.0, ""callable"": false}, ""sub9"": {""vaf"": 0.00678, ""n"": 409, ""pooled_depth"": 1325.0, ""callable"": false}}"	cll6_2
8901	12	3.4513131370722434e-06	5.464475750397337e-06	0.37	False	1.0	True	sub4	False	True	True	True	True	"{""sub1"": {""vaf"": 0.00429, ""n"": 903, ""pooled_depth"": 3591.0, ""callable"": false}, ""sub10"": {""vaf"": 0.00613, ""n"": 347, ""pooled_depth"": 1050.0, ""callable"": false}, ""sub11"": {""vaf"": 0.0058, ""n"": 371, ""pooled_depth"": 1342.0, ""callable"": false}, ""sub12"": {""vaf"": 0.00352, ""n"": 163, ""pooled_depth"": 629.0, ""callable"": false}, ""sub2"": {""vaf"": 0.00728, ""n"": 723, ""pooled_depth"": 2639.0, ""callable"": false}, ""sub3"": {""vaf"": 0.00584, ""n"": 614, ""pooled_depth"": 1667.0, ""callable"": false}, ""sub4"": {""vaf"": 0.00739, ""n"": 535, ""pooled_depth"": 1635.0, ""callable"": true}, ""sub5"": {""vaf"": 0.00486, ""n"": 505, ""pooled_depth"": 2215.0, ""callable"": false}, ""sub6"": {""vaf"": 0.00609, ""n"": 443, ""pooled_depth"": 1226.0, ""callable"": false}, ""sub7"": {""vaf"": 0.00636, ""n"": 374, ""pooled_depth"": 814.0, ""callable"": false}, ""sub8"": {""vaf"": 0.00556, ""n"": 445, ""pooled_depth"": 1983.0, ""callable"": false}, ""sub9"": {""vaf"": 0.00468, ""n"": 430, ""pooled_depth"": 1706.0, ""callable"": false}}"	cll6_2
8908	12	6.4034132459718425e-06	5.404391128906759e-06	0.03	True	1.0	True	sub6	False	True	True	True	True	"{""sub1"": {""vaf"": 0.00879, ""n"": 932, ""pooled_depth"": 5183.0, ""callable"": true}, ""sub10"": {""vaf"": 0.00944, ""n"": 373, ""pooled_depth"": 1459.0, ""callable"": true}, ""sub11"": {""vaf"": 0.00868, ""n"": 380, ""pooled_depth"": 1918.0, ""callable"": true}, ""sub12"": {""vaf"": 0.00967, ""n"": 175, ""pooled_depth"": 879.0, ""callable"": true}, ""sub2"": {""vaf"": 0.00813, ""n"": 761, ""pooled_depth"": 3729.0, ""callable"": false}, ""sub3"": {""vaf"": 0.00825, ""n"": 673, ""pooled_depth"": 2445.0, ""callable"": false}, ""sub4"": {""vaf"": 0.01085, ""n"": 574, ""pooled_depth"": 2224.0, ""callable"": true}, ""sub5"": {""vaf"": 0.00931, ""n"": 516, ""pooled_depth"": 3106.0, ""callable"": true}, ""sub6"": {""vaf"": 0.01309, ""n"": 475, ""pooled_depth"": 1722.0, ""callable"": true}, ""sub7"": {""vaf"": 0.00843, ""n"": 421, ""pooled_depth"": 1180.0, ""callable"": false}, ""sub8"": {""vaf"": 0.00545, ""n"": 463, ""pooled_depth"": 2832.0, ""callable"": false}, ""sub9"": {""vaf"": 0.01, ""n"": 449, ""pooled_depth"": 2414.0, ""callable"": true}}"	cll6_2
9033	12	1.0219147914712333e-06	1.418792501583804e-06	0.245	False	1.0	True	sub12	True	True	True	True	True	"{""sub1"": {""vaf"": 0.00614, ""n"": 952, ""pooled_depth"": 14640.0, ""callable"": false}, ""sub10"": {""vaf"": 0.00729, ""n"": 399, ""pooled_depth"": 4006.0, ""callable"": false}, ""sub11"": {""vaf"": 0.00687, ""n"": 398, ""pooled_depth"": 4990.0, ""callable"": false}, ""sub12"": {""vaf"": 0.0077, ""n"": 186, ""pooled_depth"": 2368.0, ""callable"": true}, ""sub2"": {""vaf"": 0.00639, ""n"": 781, ""pooled_depth"": 10257.0, ""callable"": false}, ""sub3"": {""vaf"": 0.00679, ""n"": 743, ""pooled_depth"": 6573.0, ""callable"": false}, ""sub4"": {""vaf"": 0.00657, ""n"": 633, ""pooled_depth"": 6041.0, ""callable"": false}, ""sub5"": {""vaf"": 0.00674, ""n"": 530, ""pooled_depth"": 8294.0, ""callable"": false}, ""sub6"": {""vaf"": 0.00741, ""n"": 504, ""pooled_depth"": 4680.0, ""callable"": false}, ""sub7"": {""vaf"": 0.00677, ""n"": 494, ""pooled_depth"": 3208.0, ""callable"": false}, ""sub8"": {""vaf"": 0.00568, ""n"": 480, ""pooled_depth"": 7751.0, ""callable"": false}, ""sub9"": {""vaf"": 0.00768, ""n"": 459, ""pooled_depth"": 6291.0, ""callable"": true}}"	cll6_2
9076	12	1.8245980775142396e-06	1.6155557310001868e-06	0.015	True	1.0	True	sub9	True	True	True	True	True	"{""sub1"": {""vaf"": 0.0063, ""n"": 954, ""pooled_depth"": 14364.0, ""callable"": false}, ""sub10"": {""vaf"": 0.00689, ""n"": 396, ""pooled_depth"": 3807.0, ""callable"": false}, ""sub11"": {""vaf"": 0.00636, ""n"": 397, ""pooled_depth"": 4784.0, ""callable"": false}, ""sub12"": {""vaf"": 0.00791, ""n"": 184, ""pooled_depth"": 2387.0, ""callable"": true}, ""sub2"": {""vaf"": 0.00579, ""n"": 784, ""pooled_depth"": 9973.0, ""callable"": false}, ""sub3"": {""vaf"": 0.0076, ""n"": 736, ""pooled_depth"": 6258.0, ""callable"": true}, ""sub4"": {""vaf"": 0.00602, ""n"": 630, ""pooled_depth"": 5844.0, ""callable"": false}, ""sub5"": {""vaf"": 0.00627, ""n"": 532, ""pooled_depth"": 8232.0, ""callable"": false}, ""sub6"": {""vaf"": 0.0062, ""n"": 500, ""pooled_depth"": 4481.0, ""callable"": false}, ""sub7"": {""vaf"": 0.00481, ""n"": 487, ""pooled_depth"": 3117.0, ""callable"": false}, ""sub8"": {""vaf"": 0.00544, ""n"": 477, ""pooled_depth"": 7641.0, ""callable"": false}, ""sub9"": {""vaf"": 0.00864, ""n"": 459, ""pooled_depth"": 6037.0, ""callable"": true}}"	cll6_2
9280	12	1.633497501398017e-06	1.275533592363951e-06	0.015	True	1.0	True	sub6	True	True	True	True	True	"{""sub1"": {""vaf"": 0.0053, ""n"": 952, ""pooled_depth"": 15646.0, ""callable"": false}, ""sub10"": {""vaf"": 0.00624, ""n"": 398, ""pooled_depth"": 4677.0, ""callable"": false}, ""sub11"": {""vaf"": 0.00529, ""n"": 398, ""pooled_depth"": 5458.0, ""callable"": false}, ""sub12"": {""vaf"": 0.00579, ""n"": 183, ""pooled_depth"": 2497.0, ""callable"": false}, ""sub2"": {""vaf"": 0.00666, ""n"": 785, ""pooled_depth"": 10657.0, ""callable"": false}, ""sub3"": {""vaf"": 0.00532, ""n"": 746, ""pooled_depth"": 7107.0, ""callable"": false}, ""sub4"": {""vaf"": 0.00557, ""n"": 636, ""pooled_depth"": 6487.0, ""callable"": false}, ""sub5"": {""vaf"": 0.00437, ""n"": 529, ""pooled_depth"": 9258.0, ""callable"": false}, ""sub6"": {""vaf"": 0.0076, ""n"": 507, ""pooled_depth"": 5312.0, ""callable"": true}, ""sub7"": {""vaf"": 0.00484, ""n"": 490, ""pooled_depth"": 3549.0, ""callable"": false}, ""sub8"": {""vaf"": 0.00596, ""n"": 481, ""pooled_depth"": 8060.0, ""callable"": false}, ""sub9"": {""vaf"": 0.00414, ""n"": 460, ""pooled_depth"": 7270.0, ""callable"": false}}"	cll6_2
9329	12	1.4957505846721605e-06	1.2363507372016348e-06	0.015	True	1.0	True	sub4	True	True	True	True	True	"{""sub1"": {""vaf"": 0.00586, ""n"": 952, ""pooled_depth"": 16434.0, ""callable"": false}, ""sub10"": {""vaf"": 0.00814, ""n"": 397, ""pooled_depth"": 4551.0, ""callable"": true}, ""sub11"": {""vaf"": 0.00713, ""n"": 394, ""pooled_depth"": 5504.0, ""callable"": false}, ""sub12"": {""vaf"": 0.00634, ""n"": 183, ""pooled_depth"": 2651.0, ""callable"": false}, ""sub2"": {""vaf"": 0.00665, ""n"": 785, ""pooled_depth"": 11247.0, ""callable"": false}, ""sub3"": {""vaf"": 0.00647, ""n"": 740, ""pooled_depth"": 7473.0, ""callable"": false}, ""sub4"": {""vaf"": 0.00825, ""n"": 640, ""pooled_depth"": 6879.0, ""callable"": true}, ""sub5"": {""vaf"": 0.00556, ""n"": 529, ""pooled_depth"": 9221.0, ""callable"": false}, ""sub6"": {""vaf"": 0.00699, ""n"": 504, ""pooled_depth"": 5541.0, ""callable"": false}, ""sub7"": {""vaf"": 0.00548, ""n"": 491, ""pooled_depth"": 3565.0, ""callable"": false}, ""sub8"": {""vaf"": 0.0061, ""n"": 480, ""pooled_depth"": 8616.0, ""callable"": false}, ""sub9"": {""vaf"": 0.006, ""n"": 462, ""pooled_depth"": 7141.0, ""callable"": false}}"	cll6_2
9410	12	1.4328711767240898e-06	1.9101586777895138e-06	0.19	False	1.0	True	sub6	False	True	True	True	True	"{""sub1"": {""vaf"": 0.00637, ""n"": 948, ""pooled_depth"": 9836.0, ""callable"": false}, ""sub10"": {""vaf"": 0.00623, ""n"": 390, ""pooled_depth"": 2728.0, ""callable"": false}, ""sub11"": {""vaf"": 0.00554, ""n"": 392, ""pooled_depth"": 3360.0, ""callable"": false}, ""sub12"": {""vaf"": 0.00443, ""n"": 182, ""pooled_depth"": 1632.0, ""callable"": false}, ""sub2"": {""vaf"": 0.00461, ""n"": 777, ""pooled_depth"": 6892.0, ""callable"": false}, ""sub3"": {""vaf"": 0.00568, ""n"": 727, ""pooled_depth"": 4444.0, ""callable"": false}, ""sub4"": {""vaf"": 0.00574, ""n"": 614, ""pooled_depth"": 3859.0, ""callable"": false}, ""sub5"": {""vaf"": 0.00509, ""n"": 533, ""pooled_depth"": 5630.0, ""callable"": false}, ""sub6"": {""vaf"": 0.00679, ""n"": 496, ""pooled_depth"": 3191.0, ""callable"": false}, ""sub7"": {""vaf"": 0.00408, ""n"": 477, ""pooled_depth"": 2221.0, ""callable"": false}, ""sub8"": {""vaf"": 0.0056, ""n"": 479, ""pooled_depth"": 5441.0, ""callable"": false}, ""sub9"": {""vaf"": 0.00501, ""n"": 448, ""pooled_depth"": 4164.0, ""callable"": false}}"	cll6_2
9415	12	1.2247064861136338e-06	1.772729775010867e-06	0.31	False	1.0	True	sub4	False	True	True	True	True	"{""sub1"": {""vaf"": 0.00567, ""n"": 946, ""pooled_depth"": 11446.0, ""callable"": false}, ""sub10"": {""vaf"": 0.00562, ""n"": 394, ""pooled_depth"": 3214.0, ""callable"": false}, ""sub11"": {""vaf"": 0.00611, ""n"": 393, ""pooled_depth"": 3915.0, ""callable"": false}, ""sub12"": {""vaf"": 0.00587, ""n"": 183, ""pooled_depth"": 1875.0, ""callable"": false}, ""sub2"": {""vaf"": 0.00617, ""n"": 779, ""pooled_depth"": 8062.0, ""callable"": false}, ""sub3"": {""vaf"": 0.0068, ""n"": 732, ""pooled_depth"": 5281.0, ""callable"": false}, ""sub4"": {""vaf"": 0.00755, ""n"": 620, ""pooled_depth"": 4601.0, ""callable"": true}, ""sub5"": {""vaf"": 0.00632, ""n"": 534, ""pooled_depth"": 6495.0, ""callable"": false}, ""sub6"": {""vaf"": 0.00587, ""n"": 499, ""pooled_depth"": 3751.0, ""callable"": false}, ""sub7"": {""vaf"": 0.00613, ""n"": 488, ""pooled_depth"": 2585.0, ""callable"": false}, ""sub8"": {""vaf"": 0.00504, ""n"": 480, ""pooled_depth"": 6271.0, ""callable"": false}, ""sub9"": {""vaf"": 0.00613, ""n"": 455, ""pooled_depth"": 4875.0, ""callable"": false}}"	cll6_2
9465	12	5.852510129529158e-06	5.345861864193018e-06	0.02	True	1.0	True	sub7	False	True	True	True	True	"{""sub1"": {""vaf"": 0.01372, ""n"": 949, ""pooled_depth"": 11334.0, ""callable"": true}, ""sub10"": {""vaf"": 0.01614, ""n"": 392, ""pooled_depth"": 3027.0, ""callable"": true}, ""sub11"": {""vaf"": 0.01552, ""n"": 393, ""pooled_depth"": 3933.0, ""callable"": true}, ""sub12"": {""vaf"": 0.01353, ""n"": 182, ""pooled_depth"": 1759.0, ""callable"": true}, ""sub2"": {""vaf"": 0.01418, ""n"": 781, ""pooled_depth"": 7867.0, ""callable"": true}, ""sub3"": {""vaf"": 0.01674, ""n"": 730, ""pooled_depth"": 5120.0, ""callable"": true}, ""sub4"": {""vaf"": 0.01744, ""n"": 621, ""pooled_depth"": 4551.0, ""callable"": true}, ""sub5"": {""vaf"": 0.01389, ""n"": 533, ""pooled_depth"": 6271.0, ""callable"": true}, ""sub6"": {""vaf"": 0.01781, ""n"": 500, ""pooled_depth"": 3574.0, ""callable"": true}, ""sub7"": {""vaf"": 0.01795, ""n"": 483, ""pooled_depth"": 2361.0, ""callable"": true}, ""sub8"": {""vaf"": 0.0125, ""n"": 476, ""pooled_depth"": 5903.0, ""callable"": true}, ""sub9"": {""vaf"": 0.01617, ""n"": 451, ""pooled_depth"": 4873.0, ""callable"": true}}"	cll6_2
9631	12	1.1269070635684341e-06	1.4739171001756579e-06	0.155	False	1.0	True	sub10	True	True	True	True	True	"{""sub1"": {""vaf"": 0.00487, ""n"": 951, ""pooled_depth"": 14028.0, ""callable"": false}, ""sub10"": {""vaf"": 0.00663, ""n"": 397, ""pooled_depth"": 3818.0, ""callable"": false}, ""sub11"": {""vaf"": 0.00579, ""n"": 393, ""pooled_depth"": 4603.0, ""callable"": false}, ""sub12"": {""vaf"": 0.0054, ""n"": 184, ""pooled_depth"": 2272.0, ""callable"": false}, ""sub2"": {""vaf"": 0.00461, ""n"": 778, ""pooled_depth"": 9643.0, ""callable"": false}, ""sub3"": {""vaf"": 0.00512, ""n"": 738, ""pooled_depth"": 6514.0, ""callable"": false}, ""sub4"": {""vaf"": 0.00575, ""n"": 640, ""pooled_depth"": 5717.0, ""callable"": false}, ""sub5"": {""vaf"": 0.0054, ""n"": 530, ""pooled_depth"": 7821.0, ""callable"": false}, ""sub6"": {""vaf"": 0.00605, ""n"": 503, ""pooled_depth"": 4571.0, ""callable"": false}, ""sub7"": {""vaf"": 0.00542, ""n"": 490, ""pooled_depth"": 3165.0, ""callable"": false}, ""sub8"": {""vaf"": 0.00406, ""n"": 479, ""pooled_depth"": 7550.0, ""callable"": false}, ""sub9"": {""vaf"": 0.00574, ""n"": 458, ""pooled_depth"": 5911.0, ""callable"": false}}"	cll6_2
9718	12	1.3401757279167453e-05	6.7314282542026194e-06	0.0	True	1.0	True	sub4	False	True	True	True	True	"{""sub1"": {""vaf"": 0.01084, ""n"": 942, ""pooled_depth"": 8117.0, ""callable"": true}, ""sub10"": {""vaf"": 0.01449, ""n"": 384, ""pooled_depth"": 2053.0, ""callable"": true}, ""sub11"": {""vaf"": 0.01413, ""n"": 390, ""pooled_depth"": 2623.0, ""callable"": true}, ""sub12"": {""vaf"": 0.01117, ""n"": 181, ""pooled_depth"": 1314.0, ""callable"": true}, ""sub2"": {""vaf"": 0.01451, ""n"": 778, ""pooled_depth"": 5632.0, ""callable"": true}, ""sub3"": {""vaf"": 0.01303, ""n"": 704, ""pooled_depth"": 3379.0, ""callable"": true}, ""sub4"": {""vaf"": 0.01901, ""n"": 601, ""pooled_depth"": 2828.0, ""callable"": true}, ""sub5"": {""vaf"": 0.01072, ""n"": 527, ""pooled_depth"": 4579.0, ""callable"": true}, ""sub6"": {""vaf"": 0.0149, ""n"": 491, ""pooled_depth"": 2375.0, ""callable"": true}, ""sub7"": {""vaf"": 0.01275, ""n"": 442, ""pooled_depth"": 1747.0, ""callable"": true}, ""sub8"": {""vaf"": 0.00666, ""n"": 468, ""pooled_depth"": 4455.0, ""callable"": false}, ""sub9"": {""vaf"": 0.01401, ""n"": 457, ""pooled_depth"": 3508.0, ""callable"": true}}"	cll6_2
9736	12	5.494747371326068e-07	1.4681520020744613e-06	0.835	False	1.0	True	sub4	False	True	True	True	True	"{""sub1"": {""vaf"": 0.00516, ""n"": 948, ""pooled_depth"": 11114.0, ""callable"": false}, ""sub10"": {""vaf"": 0.00554, ""n"": 391, ""pooled_depth"": 3120.0, ""callable"": false}, ""sub11"": {""vaf"": 0.00491, ""n"": 391, ""pooled_depth"": 3811.0, ""callable"": false}, ""sub12"": {""vaf"": 0.00573, ""n"": 179, ""pooled_depth"": 1798.0, ""callable"": false}, ""sub2"": {""vaf"": 0.00547, ""n"": 783, ""pooled_depth"": 7810.0, ""callable"": false}, ""sub3"": {""vaf"": 0.00479, ""n"": 728, ""pooled_depth"": 4867.0, ""callable"": false}, ""sub4"": {""vaf"": 0.00583, ""n"": 626, ""pooled_depth"": 4242.0, ""callable"": false}, ""sub5"": {""vaf"": 0.00571, ""n"": 531, ""pooled_depth"": 6369.0, ""callable"": false}, ""sub6"": {""vaf"": 0.00528, ""n"": 504, ""pooled_depth"": 3540.0, ""callable"": false}, ""sub7"": {""vaf"": 0.00574, ""n"": 471, ""pooled_depth"": 2476.0, ""callable"": false}, ""sub8"": {""vaf"": 0.00486, ""n"": 474, ""pooled_depth"": 5949.0, ""callable"": false}, ""sub9"": {""vaf"": 0.00538, ""n"": 462, ""pooled_depth"": 4859.0, ""callable"": false}}"	cll6_2
9737	12	6.950868756634268e-07	1.736299386221321e-06	0.745	False	1.0	True	sub4	False	True	True	True	True	"{""sub1"": {""vaf"": 0.0058, ""n"": 948, ""pooled_depth"": 11506.0, ""callable"": false}, ""sub10"": {""vaf"": 0.0058, ""n"": 392, ""pooled_depth"": 3226.0, ""callable"": false}, ""sub11"": {""vaf"": 0.00641, ""n"": 391, ""pooled_depth"": 3925.0, ""callable"": false}, ""sub12"": {""vaf"": 0.00565, ""n"": 180, ""pooled_depth"": 1878.0, ""callable"": false}, ""sub2"": {""vaf"": 0.00587, ""n"": 783, ""pooled_depth"": 8071.0, ""callable"": false}, ""sub3"": {""vaf"": 0.00623, ""n"": 730, ""pooled_depth"": 5019.0, ""callable"": false}, ""sub4"": {""vaf"": 0.0068, ""n"": 626, ""pooled_depth"": 4387.0, ""callable"": true}, ""sub5"": {""vaf"": 0.00554, ""n"": 529, ""pooled_depth"": 6543.0, ""callable"": false}, ""sub6"": {""vaf"": 0.00586, ""n"": 504, ""pooled_depth"": 3653.0, ""callable"": false}, ""sub7"": {""vaf"": 0.00604, ""n"": 474, ""pooled_depth"": 2535.0, ""callable"": false}, ""sub8"": {""vaf"": 0.0058, ""n"": 474, ""pooled_depth"": 6158.0, ""callable"": false}, ""sub9"": {""vaf"": 0.00531, ""n"": 460, ""pooled_depth"": 5026.0, ""callable"": false}}"	cll6_2
9768	12	1.2544893699226066e-06	1.0950161558341012e-06	0.01	True	1.0	True	sub6	True	True	True	True	True	"{""sub1"": {""vaf"": 0.00541, ""n"": 959, ""pooled_depth"": 17389.0, ""callable"": false}, ""sub10"": {""vaf"": 0.00656, ""n"": 396, ""pooled_depth"": 5373.0, ""callable"": false}, ""sub11"": {""vaf"": 0.00718, ""n"": 390, ""pooled_depth"": 6164.0, ""callable"": false}, ""sub12"": {""vaf"": 0.0052, ""n"": 185, ""pooled_depth"": 2816.0, ""callable"": false}, ""sub2"": {""vaf"": 0.00593, ""n"": 781, ""pooled_depth"": 12202.0, ""callable"": false}, ""sub3"": {""vaf"": 0.00527, ""n"": 743, ""pooled_depth"": 8046.0, ""callable"": false}, ""sub4"": {""vaf"": 0.00539, ""n"": 641, ""pooled_depth"": 7241.0, ""callable"": false}, ""sub5"": {""vaf"": 0.00591, ""n"": 535, ""pooled_depth"": 10210.0, ""callable"": false}, ""sub6"": {""vaf"": 0.00808, ""n"": 509, ""pooled_depth"": 5983.0, ""callable"": true}, ""sub7"": {""vaf"": 0.0056, ""n"": 494, ""pooled_depth"": 3822.0, ""callable"": false}, ""sub8"": {""vaf"": 0.00572, ""n"": 479, ""pooled_depth"": 8743.0, ""callable"": false}, ""sub9"": {""vaf"": 0.00613, ""n"": 461, ""pooled_depth"": 7933.0, ""callable"": false}}"	cll6_2
9779	12	7.439957540264839e-07	9.277801046995606e-07	0.135	False	1.0	True	sub4	True	True	True	True	True	"{""sub1"": {""vaf"": 0.00574, ""n"": 959, ""pooled_depth"": 18938.0, ""callable"": false}, ""sub10"": {""vaf"": 0.00567, ""n"": 395, ""pooled_depth"": 5814.0, ""callable"": false}, ""sub11"": {""vaf"": 0.00508, ""n"": 391, ""pooled_depth"": 6615.0, ""callable"": false}, ""sub12"": {""vaf"": 0.00432, ""n"": 185, ""pooled_depth"": 2995.0, ""callable"": false}, ""sub2"": {""vaf"": 0.0049, ""n"": 783, ""pooled_depth"": 13353.0, ""callable"": false}, ""sub3"": {""vaf"": 0.005, ""n"": 742, ""pooled_depth"": 8781.0, ""callable"": false}, ""sub4"": {""vaf"": 0.00624, ""n"": 640, ""pooled_depth"": 7926.0, ""callable"": false}, ""sub5"": {""vaf"": 0.00487, ""n"": 533, ""pooled_depth"": 10995.0, ""callable"": false}, ""sub6"": {""vaf"": 0.00542, ""n"": 509, ""pooled_depth"": 6472.0, ""callable"": false}, ""sub7"": {""vaf"": 0.00588, ""n"": 496, ""pooled_depth"": 4084.0, ""callable"": false}, ""sub8"": {""vaf"": 0.00433, ""n"": 480, ""pooled_depth"": 9445.0, ""callable"": false}, ""sub9"": {""vaf"": 0.00531, ""n"": 463, ""pooled_depth"": 8574.0, ""callable"": false}}"	cll6_2
9813	12	5.179783563963356e-07	1.0361320801243961e-06	0.565	False	1.0	True	sub12	True	True	True	True	True	"{""sub1"": {""vaf"": 0.00548, ""n"": 958, ""pooled_depth"": 18983.0, ""callable"": false}, ""sub10"": {""vaf"": 0.00541, ""n"": 397, ""pooled_depth"": 5621.0, ""callable"": false}, ""sub11"": {""vaf"": 0.0055, ""n"": 397, ""pooled_depth"": 6521.0, ""callable"": false}, ""sub12"": {""vaf"": 0.00659, ""n"": 186, ""pooled_depth"": 2968.0, ""callable"": true}, ""sub2"": {""vaf"": 0.00536, ""n"": 784, ""pooled_depth"": 13182.0, ""callable"": false}, ""sub3"": {""vaf"": 0.00638, ""n"": 741, ""pooled_depth"": 8584.0, ""callable"": false}, ""sub4"": {""vaf"": 0.00637, ""n"": 641, ""pooled_depth"": 7971.0, ""callable"": false}, ""sub5"": {""vaf"": 0.00534, ""n"": 533, ""pooled_depth"": 11011.0, ""callable"": false}, ""sub6"": {""vaf"": 0.00601, ""n"": 508, ""pooled_depth"": 6479.0, ""callable"": false}, ""sub7"": {""vaf"": 0.00572, ""n"": 491, ""pooled_depth"": 4119.0, ""callable"": false}, ""sub8"": {""vaf"": 0.00548, ""n"": 483, ""pooled_depth"": 9658.0, ""callable"": false}, ""sub9"": {""vaf"": 0.00558, ""n"": 466, ""pooled_depth"": 8487.0, ""callable"": false}}"	cll6_2
9829	12	1.15116074861199e-06	1.3192433822750282e-06	0.085	False	1.0	True	sub4	True	True	True	True	True	"{""sub1"": {""vaf"": 0.00801, ""n"": 957, ""pooled_depth"": 17953.0, ""callable"": true}, ""sub10"": {""vaf"": 0.00833, ""n"": 396, ""pooled_depth"": 5159.0, ""callable"": true}, ""sub11"": {""vaf"": 0.00753, ""n"": 398, ""pooled_depth"": 6195.0, ""callable"": false}, ""sub12"": {""vaf"": 0.00736, ""n"": 186, ""pooled_depth"": 2806.0, ""callable"": false}, ""sub2"": {""vaf"": 0.00714, ""n"": 782, ""pooled_depth"": 12299.0, ""callable"": false}, ""sub3"": {""vaf"": 0.00739, ""n"": 744, ""pooled_depth"": 8175.0, ""callable"": false}, ""sub4"": {""vaf"": 0.00878, ""n"": 642, ""pooled_depth"": 7556.0, ""callable"": true}, ""sub5"": {""vaf"": 0.00702, ""n"": 531, ""pooled_depth"": 10476.0, ""callable"": false}, ""sub6"": {""vaf"": 0.00793, ""n"": 509, ""pooled_depth"": 6092.0, ""callable"": true}, ""sub7"": {""vaf"": 0.00791, ""n"": 492, ""pooled_depth"": 3851.0, ""callable"": true}, ""sub8"": {""vaf"": 0.00632, ""n"": 484, ""pooled_depth"": 9294.0, ""callable"": false}, ""sub9"": {""vaf"": 0.0077, ""n"": 465, ""pooled_depth"": 7999.0, ""callable"": false}}"	cll6_2
9862	12	1.1800435352527438e-06	1.0910676466015634e-06	0.04	True	1.0	True	sub4	True	True	True	True	True	"{""sub1"": {""vaf"": 0.00554, ""n"": 958, ""pooled_depth"": 16753.0, ""callable"": false}, ""sub10"": {""vaf"": 0.00513, ""n"": 398, ""pooled_depth"": 4545.0, ""callable"": false}, ""sub11"": {""vaf"": 0.00558, ""n"": 396, ""pooled_depth"": 5686.0, ""callable"": false}, ""sub12"": {""vaf"": 0.00477, ""n"": 184, ""pooled_depth"": 2631.0, ""callable"": false}, ""sub2"": {""vaf"": 0.00455, ""n"": 782, ""pooled_depth"": 11501.0, ""callable"": false}, ""sub3"": {""vaf"": 0.0055, ""n"": 735, ""pooled_depth"": 7819.0, ""callable"": false}, ""sub4"": {""vaf"": 0.00694, ""n"": 641, ""pooled_depth"": 6916.0, ""callable"": false}, ""sub5"": {""vaf"": 0.005, ""n"": 536, ""pooled_depth"": 9550.0, ""callable"": false}, ""sub6"": {""vaf"": 0.00693, ""n"": 506, ""pooled_depth"": 5498.0, ""callable"": false}, ""sub7"": {""vaf"": 0.00513, ""n"": 492, ""pooled_depth"": 3575.0, ""callable"": false}, ""sub8"": {""vaf"": 0.00508, ""n"": 485, ""pooled_depth"": 8550.0, ""callable"": false}, ""sub9"": {""vaf"": 0.0062, ""n"": 462, ""pooled_depth"": 7192.0, ""callable"": false}}"	cll6_2
9899	12	1.7942000164254832e-06	1.2491562803909428e-06	0.005	True	1.0	True	sub10	True	True	True	True	True	"{""sub1"": {""vaf"": 0.00577, ""n"": 960, ""pooled_depth"": 18624.0, ""callable"": false}, ""sub10"": {""vaf"": 0.00897, ""n"": 399, ""pooled_depth"": 5439.0, ""callable"": true}, ""sub11"": {""vaf"": 0.0071, ""n"": 396, ""pooled_depth"": 6337.0, ""callable"": false}, ""sub12"": {""vaf"": 0.00682, ""n"": 184, ""pooled_depth"": 2917.0, ""callable"": false}, ""sub2"": {""vaf"": 0.00682, ""n"": 780, ""pooled_depth"": 12882.0, ""callable"": false}, ""sub3"": {""vaf"": 0.00576, ""n"": 742, ""pooled_depth"": 8752.0, ""callable"": false}, ""sub4"": {""vaf"": 0.0084, ""n"": 639, ""pooled_depth"": 7818.0, ""callable"": true}, ""sub5"": {""vaf"": 0.00647, ""n"": 538, ""pooled_depth"": 10668.0, ""callable"": false}, ""sub6"": {""vaf"": 0.00807, ""n"": 510, ""pooled_depth"": 6420.0, ""callable"": true}, ""sub7"": {""vaf"": 0.00718, ""n"": 491, ""pooled_depth"": 4141.0, ""callable"": false}, ""sub8"": {""vaf"": 0.00611, ""n"": 482, ""pooled_depth"": 9216.0, ""callable"": false}, ""sub9"": {""vaf"": 0.00709, ""n"": 466, ""pooled_depth"": 8329.0, ""callable"": false}}"	cll6_2
10003	12	3.275979094937349e-06	2.8084309062232615e-06	0.01	True	1.0	True	sub6	False	True	True	True	True	"{""sub1"": {""vaf"": 0.0049, ""n"": 948, ""pooled_depth"": 9852.0, ""callable"": false}, ""sub10"": {""vaf"": 0.00735, ""n"": 383, ""pooled_depth"": 2507.0, ""callable"": false}, ""sub11"": {""vaf"": 0.00728, ""n"": 391, ""pooled_depth"": 3104.0, ""callable"": false}, ""sub12"": {""vaf"": 0.00671, ""n"": 183, ""pooled_depth"": 1600.0, ""callable"": false}, ""sub2"": {""vaf"": 0.00702, ""n"": 780, ""pooled_depth"": 6852.0, ""callable"": false}, ""sub3"": {""vaf"": 0.00694, ""n"": 724, ""pooled_depth"": 4364.0, ""callable"": false}, ""sub4"": {""vaf"": 0.00913, ""n"": 614, ""pooled_depth"": 3934.0, ""callable"": true}, ""sub5"": {""vaf"": 0.00633, ""n"": 531, ""pooled_depth"": 5284.0, ""callable"": false}, ""sub6"": {""vaf"": 0.00942, ""n"": 495, ""pooled_depth"": 3007.0, ""callable"": true}, ""sub7"": {""vaf"": 0.00627, ""n"": 461, ""pooled_depth"": 2166.0, ""callable"": false}, ""sub8"": {""vaf"": 0.00587, ""n"": 474, ""pooled_depth"": 5351.0, ""callable"": false}, ""sub9"": {""vaf"": 0.00711, ""n"": 464, ""pooled_depth"": 4067.0, ""callable"": false}}"	cll6_2
10277	12	1.8030264315710868e-06	1.5691417636435078e-06	0.01	True	1.0	True	sub10	True	True	True	True	True	"{""sub1"": {""vaf"": 0.00571, ""n"": 955, ""pooled_depth"": 15297.0, ""callable"": false}, ""sub10"": {""vaf"": 0.00894, ""n"": 395, ""pooled_depth"": 4257.0, ""callable"": true}, ""sub11"": {""vaf"": 0.00781, ""n"": 390, ""pooled_depth"": 5155.0, ""callable"": true}, ""sub12"": {""vaf"": 0.00619, ""n"": 184, ""pooled_depth"": 2411.0, ""callable"": false}, ""sub2"": {""vaf"": 0.00624, ""n"": 785, ""pooled_depth"": 10855.0, ""callable"": false}, ""sub3"": {""vaf"": 0.00618, ""n"": 736, ""pooled_depth"": 6952.0, ""callable"": false}, ""sub4"": {""vaf"": 0.00774, ""n"": 635, ""pooled_depth"": 6401.0, ""callable"": true}, ""sub5"": {""vaf"": 0.00694, ""n"": 535, ""pooled_depth"": 8623.0, ""callable"": false}, ""sub6"": {""vaf"": 0.00727, ""n"": 506, ""pooled_depth"": 5067.0, ""callable"": false}, ""sub7"": {""vaf"": 0.00668, ""n"": 497, ""pooled_depth"": 3373.0, ""callable"": false}, ""sub8"": {""vaf"": 0.00536, ""n"": 480, ""pooled_depth"": 7887.0, ""callable"": false}, ""sub9"": {""vaf"": 0.00693, ""n"": 465, ""pooled_depth"": 6758.0, ""callable"": false}}"	cll6_2
10363	12	1.0987771716679666e-06	1.4254021906977866e-06	0.15	False	1.0	True	sub10	True	True	True	True	True	"{""sub1"": {""vaf"": 0.00546, ""n"": 951, ""pooled_depth"": 12837.0, ""callable"": false}, ""sub10"": {""vaf"": 0.0068, ""n"": 395, ""pooled_depth"": 3813.0, ""callable"": false}, ""sub11"": {""vaf"": 0.00556, ""n"": 391, ""pooled_depth"": 4456.0, ""callable"": false}, ""sub12"": {""vaf"": 0.00526, ""n"": 184, ""pooled_depth"": 2086.0, ""callable"": false}, ""sub2"": {""vaf"": 0.00574, ""n"": 785, ""pooled_depth"": 9077.0, ""callable"": false}, ""sub3"": {""vaf"": 0.00488, ""n"": 732, ""pooled_depth"": 6039.0, ""callable"": false}, ""sub4"": {""vaf"": 0.00674, ""n"": 626, ""pooled_depth"": 5519.0, ""callable"": false}, ""sub5"": {""vaf"": 0.00562, ""n"": 535, ""pooled_depth"": 7383.0, ""callable"": false}, ""sub6"": {""vaf"": 0.0064, ""n"": 509, ""pooled_depth"": 4460.0, ""callable"": false}, ""sub7"": {""vaf"": 0.0057, ""n"": 485, ""pooled_depth"": 2842.0, ""callable"": false}, ""sub8"": {""vaf"": 0.00474, ""n"": 478, ""pooled_depth"": 6956.0, ""callable"": false}, ""sub9"": {""vaf"": 0.00615, ""n"": 456, ""pooled_depth"": 5776.0, ""callable"": false}}"	cll6_2
10413	12	3.1480002239835766e-06	2.851602305936253e-06	0.02	True	1.0	True	sub10	False	True	True	True	True	"{""sub1"": {""vaf"": 0.00741, ""n"": 948, ""pooled_depth"": 10164.0, ""callable"": false}, ""sub10"": {""vaf"": 0.01223, ""n"": 391, ""pooled_depth"": 2670.0, ""callable"": true}, ""sub11"": {""vaf"": 0.00778, ""n"": 391, ""pooled_depth"": 3304.0, ""callable"": false}, ""sub12"": {""vaf"": 0.00721, ""n"": 182, ""pooled_depth"": 1748.0, ""callable"": false}, ""sub2"": {""vaf"": 0.00717, ""n"": 781, ""pooled_depth"": 7208.0, ""callable"": false}, ""sub3"": {""vaf"": 0.00755, ""n"": 723, ""pooled_depth"": 4510.0, ""callable"": false}, ""sub4"": {""vaf"": 0.0086, ""n"": 617, ""pooled_depth"": 4583.0, ""callable"": true}, ""sub5"": {""vaf"": 0.00771, ""n"": 534, ""pooled_depth"": 5684.0, ""callable"": false}, ""sub6"": {""vaf"": 0.00934, ""n"": 498, ""pooled_depth"": 3450.0, ""callable"": true}, ""sub7"": {""vaf"": 0.00776, ""n"": 476, ""pooled_depth"": 2283.0, ""callable"": false}, ""sub8"": {""vaf"": 0.00664, ""n"": 479, ""pooled_depth"": 5795.0, ""callable"": false}, ""sub9"": {""vaf"": 0.00869, ""n"": 455, ""pooled_depth"": 4173.0, ""callable"": true}}"	cll6_2
10488	12	2.960620706322223e-06	2.6234213314542305e-06	0.025	True	1.0	True	sub10	False	True	True	True	True	"{""sub1"": {""vaf"": 0.00469, ""n"": 936, ""pooled_depth"": 7612.0, ""callable"": false}, ""sub10"": {""vaf"": 0.00749, ""n"": 385, ""pooled_depth"": 1764.0, ""callable"": true}, ""sub11"": {""vaf"": 0.00463, ""n"": 390, ""pooled_depth"": 2544.0, ""callable"": false}, ""sub12"": {""vaf"": 0.00419, ""n"": 182, ""pooled_depth"": 1264.0, ""callable"": false}, ""sub2"": {""vaf"": 0.0059, ""n"": 772, ""pooled_depth"": 5285.0, ""callable"": false}, ""sub3"": {""vaf"": 0.00467, ""n"": 686, ""pooled_depth"": 3150.0, ""callable"": false}, ""sub4"": {""vaf"": 0.00671, ""n"": 602, ""pooled_depth"": 3159.0, ""callable"": false}, ""sub5"": {""vaf"": 0.00522, ""n"": 527, ""pooled_depth"": 4409.0, ""callable"": false}, ""sub6"": {""vaf"": 0.0073, ""n"": 490, ""pooled_depth"": 2530.0, ""callable"": true}, ""sub7"": {""vaf"": 0.00444, ""n"": 454, ""pooled_depth"": 1579.0, ""callable"": false}, ""sub8"": {""vaf"": 0.00297, ""n"": 476, ""pooled_depth"": 4315.0, ""callable"": false}, ""sub9"": {""vaf"": 0.00464, ""n"": 454, ""pooled_depth"": 3181.0, ""callable"": false}}"	cll6_2
10650	12	1.1111488272867084e-06	1.1479110924283086e-06	0.06	False	1.0	True	sub11	True	True	True	True	True	"{""sub1"": {""vaf"": 0.00496, ""n"": 956, ""pooled_depth"": 16240.0, ""callable"": false}, ""sub10"": {""vaf"": 0.00535, ""n"": 394, ""pooled_depth"": 4501.0, ""callable"": false}, ""sub11"": {""vaf"": 0.00671, ""n"": 396, ""pooled_depth"": 5478.0, ""callable"": false}, ""sub12"": {""vaf"": 0.00531, ""n"": 183, ""pooled_depth"": 2678.0, ""callable"": false}, ""sub2"": {""vaf"": 0.00572, ""n"": 784, ""pooled_depth"": 11133.0, ""callable"": false}, ""sub3"": {""vaf"": 0.00486, ""n"": 746, ""pooled_depth"": 7412.0, ""callable"": false}, ""sub4"": {""vaf"": 0.00533, ""n"": 635, ""pooled_depth"": 6587.0, ""callable"": false}, ""sub5"": {""vaf"": 0.00503, ""n"": 535, ""pooled_depth"": 9210.0, ""callable"": false}, ""sub6"": {""vaf"": 0.00643, ""n"": 500, ""pooled_depth"": 5423.0, ""callable"": false}, ""sub7"": {""vaf"": 0.00562, ""n"": 497, ""pooled_depth"": 3568.0, ""callable"": false}, ""sub8"": {""vaf"": 0.00423, ""n"": 478, ""pooled_depth"": 8615.0, ""callable"": false}, ""sub9"": {""vaf"": 0.00442, ""n"": 457, ""pooled_depth"": 6929.0, ""callable"": false}}"	cll6_2
10704	12	1.0226767830930535e-06	1.112377116255089e-06	0.08	False	1.0	True	sub10	True	True	True	True	True	"{""sub1"": {""vaf"": 0.00478, ""n"": 955, ""pooled_depth"": 16631.0, ""callable"": false}, ""sub10"": {""vaf"": 0.00629, ""n"": 396, ""pooled_depth"": 4704.0, ""callable"": false}, ""sub11"": {""vaf"": 0.0054, ""n"": 394, ""pooled_depth"": 5756.0, ""callable"": false}, ""sub12"": {""vaf"": 0.00471, ""n"": 185, ""pooled_depth"": 2717.0, ""callable"": false}, ""sub2"": {""vaf"": 0.00451, ""n"": 783, ""pooled_depth"": 11456.0, ""callable"": false}, ""sub3"": {""vaf"": 0.00617, ""n"": 737, ""pooled_depth"": 7615.0, ""callable"": false}, ""sub4"": {""vaf"": 0.00565, ""n"": 638, ""pooled_depth"": 6910.0, ""callable"": false}, ""sub5"": {""vaf"": 0.00491, ""n"": 529, ""pooled_depth"": 9782.0, ""callable"": false}, ""sub6"": {""vaf"": 0.00564, ""n"": 512, ""pooled_depth"": 5687.0, ""callable"": false}, ""sub7"": {""vaf"": 0.00471, ""n"": 496, ""pooled_depth"": 3776.0, ""callable"": false}, ""sub8"": {""vaf"": 0.00396, ""n"": 482, ""pooled_depth"": 9045.0, ""callable"": false}, ""sub9"": {""vaf"": 0.00512, ""n"": 461, ""pooled_depth"": 7254.0, ""callable"": false}}"	cll6_2
10743	12	1.0256015883835962e-06	1.8718153411638993e-06	0.415	False	1.0	True	sub2	False	True	True	True	True	"{""sub1"": {""vaf"": 0.00574, ""n"": 948, ""pooled_depth"": 11727.0, ""callable"": false}, ""sub10"": {""vaf"": 0.00652, ""n"": 391, ""pooled_depth"": 3022.0, ""callable"": false}, ""sub11"": {""vaf"": 0.00647, ""n"": 392, ""pooled_depth"": 3853.0, ""callable"": false}, ""sub12"": {""vaf"": 0.00541, ""n"": 185, ""pooled_depth"": 1995.0, ""callable"": false}, ""sub2"": {""vaf"": 0.00688, ""n"": 782, ""pooled_depth"": 8299.0, ""callable"": false}, ""sub3"": {""vaf"": 0.00595, ""n"": 730, ""pooled_depth"": 5262.0, ""callable"": false}, ""sub4"": {""vaf"": 0.00625, ""n"": 630, ""pooled_depth"": 4785.0, ""callable"": false}, ""sub5"": {""vaf"": 0.00673, ""n"": 527, ""pooled_depth"": 6643.0, ""callable"": false}, ""sub6"": {""vaf"": 0.00584, ""n"": 502, ""pooled_depth"": 3728.0, ""callable"": false}, ""sub7"": {""vaf"": 0.00559, ""n"": 485, ""pooled_depth"": 2669.0, ""callable"": false}, ""sub8"": {""vaf"": 0.00506, ""n"": 479, ""pooled_depth"": 6793.0, ""callable"": false}, ""sub9"": {""vaf"": 0.00622, ""n"": 453, ""pooled_depth"": 5155.0, ""callable"": false}}"	cll6_2
11005	12	1.07374824228313e-06	1.3544925456972859e-06	0.15	False	1.0	True	sub4	True	True	True	True	True	"{""sub1"": {""vaf"": 0.00694, ""n"": 953, ""pooled_depth"": 16520.0, ""callable"": false}, ""sub10"": {""vaf"": 0.00598, ""n"": 399, ""pooled_depth"": 4756.0, ""callable"": false}, ""sub11"": {""vaf"": 0.00678, ""n"": 396, ""pooled_depth"": 5531.0, ""callable"": false}, ""sub12"": {""vaf"": 0.00715, ""n"": 183, ""pooled_depth"": 2618.0, ""callable"": false}, ""sub2"": {""vaf"": 0.00678, ""n"": 788, ""pooled_depth"": 11444.0, ""callable"": false}, ""sub3"": {""vaf"": 0.0065, ""n"": 743, ""pooled_depth"": 7522.0, ""callable"": false}, ""sub4"": {""vaf"": 0.00791, ""n"": 635, ""pooled_depth"": 6949.0, ""callable"": true}, ""sub5"": {""vaf"": 0.00592, ""n"": 530, ""pooled_depth"": 9247.0, ""callable"": false}, ""sub6"": {""vaf"": 0.00718, ""n"": 506, ""pooled_depth"": 5653.0, ""callable"": false}, ""sub7"": {""vaf"": 0.00694, ""n"": 489, ""pooled_depth"": 3559.0, ""callable"": false}, ""sub8"": {""vaf"": 0.0059, ""n"": 485, ""pooled_depth"": 8790.0, ""callable"": false}, ""sub9"": {""vaf"": 0.00576, ""n"": 460, ""pooled_depth"": 7211.0, ""callable"": false}}"	cll6_2
11055	12	2.553827955452216e-06	2.652153503455269e-06	0.06	False	1.0	True	sub11	True	True	True	True	True	"{""sub1"": {""vaf"": 0.0083, ""n"": 956, ""pooled_depth"": 13161.0, ""callable"": true}, ""sub10"": {""vaf"": 0.00767, ""n"": 392, ""pooled_depth"": 3267.0, ""callable"": false}, ""sub11"": {""vaf"": 0.01017, ""n"": 393, ""pooled_depth"": 4225.0, ""callable"": true}, ""sub12"": {""vaf"": 0.00826, ""n"": 183, ""pooled_depth"": 2102.0, ""callable"": false}, ""sub2"": {""vaf"": 0.0079, ""n"": 782, ""pooled_depth"": 9168.0, ""callable"": false}, ""sub3"": {""vaf"": 0.00986, ""n"": 735, ""pooled_depth"": 5764.0, ""callable"": true}, ""sub4"": {""vaf"": 0.00954, ""n"": 630, ""pooled_depth"": 5316.0, ""callable"": true}, ""sub5"": {""vaf"": 0.00883, ""n"": 528, ""pooled_depth"": 7333.0, ""callable"": true}, ""sub6"": {""vaf"": 0.00974, ""n"": 503, ""pooled_depth"": 4325.0, ""callable"": true}, ""sub7"": {""vaf"": 0.00813, ""n"": 483, ""pooled_depth"": 2795.0, ""callable"": false}, ""sub8"": {""vaf"": 0.00659, ""n"": 477, ""pooled_depth"": 7450.0, ""callable"": false}, ""sub9"": {""vaf"": 0.00998, ""n"": 456, ""pooled_depth"": 5260.0, ""callable"": true}}"	cll6_2
11109	12	2.790798556283691e-06	2.115646985680774e-06	0.0	True	1.0	True	sub10	False	True	True	True	True	"{""sub1"": {""vaf"": 0.00603, ""n"": 954, ""pooled_depth"": 11417.0, ""callable"": false}, ""sub10"": {""vaf"": 0.00911, ""n"": 389, ""pooled_depth"": 2880.0, ""callable"": true}, ""sub11"": {""vaf"": 0.00729, ""n"": 389, ""pooled_depth"": 3637.0, ""callable"": false}, ""sub12"": {""vaf"": 0.00811, ""n"": 182, ""pooled_depth"": 1854.0, ""callable"": true}, ""sub2"": {""vaf"": 0.00559, ""n"": 781, ""pooled_depth"": 7802.0, ""callable"": false}, ""sub3"": {""vaf"": 0.00785, ""n"": 721, ""pooled_depth"": 4910.0, ""callable"": true}, ""sub4"": {""vaf"": 0.00777, ""n"": 628, ""pooled_depth"": 4463.0, ""callable"": true}, ""sub5"": {""vaf"": 0.0061, ""n"": 524, ""pooled_depth"": 6347.0, ""callable"": false}, ""sub6"": {""vaf"": 0.00699, ""n"": 495, ""pooled_depth"": 3587.0, ""callable"": false}, ""sub7"": {""vaf"": 0.00547, ""n"": 471, ""pooled_depth"": 2351.0, ""callable"": false}, ""sub8"": {""vaf"": 0.00494, ""n"": 474, ""pooled_depth"": 6235.0, ""callable"": false}, ""sub9"": {""vaf"": 0.00822, ""n"": 456, ""pooled_depth"": 4722.0, ""callable"": true}}"	cll6_2
11243	12	1.091268214803544e-06	1.6458448208876617e-06	0.295	False	1.0	True	sub6	True	True	True	True	True	"{""sub1"": {""vaf"": 0.00741, ""n"": 959, ""pooled_depth"": 15426.0, ""callable"": false}, ""sub10"": {""vaf"": 0.00732, ""n"": 394, ""pooled_depth"": 4186.0, ""callable"": false}, ""sub11"": {""vaf"": 0.00659, ""n"": 396, ""pooled_depth"": 5074.0, ""callable"": false}, ""sub12"": {""vaf"": 0.00758, ""n"": 185, ""pooled_depth"": 2583.0, ""callable"": true}, ""sub2"": {""vaf"": 0.00705, ""n"": 781, ""pooled_depth"": 10595.0, ""callable"": false}, ""sub3"": {""vaf"": 0.007, ""n"": 735, ""pooled_depth"": 6841.0, ""callable"": false}, ""sub4"": {""vaf"": 0.0082, ""n"": 634, ""pooled_depth"": 6119.0, ""callable"": true}, ""sub5"": {""vaf"": 0.00727, ""n"": 531, ""pooled_depth"": 8782.0, ""callable"": false}, ""sub6"": {""vaf"": 0.0084, ""n"": 499, ""pooled_depth"": 4924.0, ""callable"": true}, ""sub7"": {""vaf"": 0.00581, ""n"": 489, ""pooled_depth"": 3360.0, ""callable"": false}, ""sub8"": {""vaf"": 0.00656, ""n"": 481, ""pooled_depth"": 8321.0, ""callable"": false}, ""sub9"": {""vaf"": 0.0076, ""n"": 460, ""pooled_depth"": 6515.0, ""callable"": false}}"	cll6_2
11266	12	3.5892281788815934e-06	1.6303839564324916e-06	0.0	True	1.0	True	sub4	True	True	True	True	True	"{""sub1"": {""vaf"": 0.00651, ""n"": 956, ""pooled_depth"": 15668.0, ""callable"": false}, ""sub10"": {""vaf"": 0.00876, ""n"": 393, ""pooled_depth"": 4169.0, ""callable"": true}, ""sub11"": {""vaf"": 0.00902, ""n"": 394, ""pooled_depth"": 5110.0, ""callable"": true}, ""sub12"": {""vaf"": 0.00623, ""n"": 185, ""pooled_depth"": 2634.0, ""callable"": false}, ""sub2"": {""vaf"": 0.00729, ""n"": 782, ""pooled_depth"": 10811.0, ""callable"": false}, ""sub3"": {""vaf"": 0.00683, ""n"": 738, ""pooled_depth"": 6947.0, ""callable"": false}, ""sub4"": {""vaf"": 0.01178, ""n"": 630, ""pooled_depth"": 6271.0, ""callable"": true}, ""sub5"": {""vaf"": 0.00754, ""n"": 534, ""pooled_depth"": 8806.0, ""callable"": false}, ""sub6"": {""vaf"": 0.00839, ""n"": 498, ""pooled_depth"": 5018.0, ""callable"": true}, ""sub7"": {""vaf"": 0.00526, ""n"": 490, ""pooled_depth"": 3403.0, ""callable"": false}, ""sub8"": {""vaf"": 0.00736, ""n"": 476, ""pooled_depth"": 8511.0, ""callable"": false}, ""sub9"": {""vaf"": 0.00896, ""n"": 458, ""pooled_depth"": 6387.0, ""callable"": true}}"	cll6_2
11311	12	2.9238408045875983e-06	1.5011793728309453e-06	0.0	True	1.0	True	sub4	True	True	True	True	True	"{""sub1"": {""vaf"": 0.00445, ""n"": 953, ""pooled_depth"": 16029.0, ""callable"": false}, ""sub10"": {""vaf"": 0.00709, ""n"": 395, ""pooled_depth"": 4223.0, ""callable"": false}, ""sub11"": {""vaf"": 0.00593, ""n"": 397, ""pooled_depth"": 5285.0, ""callable"": false}, ""sub12"": {""vaf"": 0.00605, ""n"": 185, ""pooled_depth"": 2655.0, ""callable"": false}, ""sub2"": {""vaf"": 0.00599, ""n"": 782, ""pooled_depth"": 11390.0, ""callable"": false}, ""sub3"": {""vaf"": 0.00639, ""n"": 740, ""pooled_depth"": 7100.0, ""callable"": false}, ""sub4"": {""vaf"": 0.00955, ""n"": 638, ""pooled_depth"": 6493.0, ""callable"": true}, ""sub5"": {""vaf"": 0.00578, ""n"": 530, ""pooled_depth"": 8924.0, ""callable"": false}, ""sub6"": {""vaf"": 0.00745, ""n"": 501, ""pooled_depth"": 5265.0, ""callable"": false}, ""sub7"": {""vaf"": 0.0082, ""n"": 489, ""pooled_depth"": 3505.0, ""callable"": true}, ""sub8"": {""vaf"": 0.00532, ""n"": 478, ""pooled_depth"": 8554.0, ""callable"": false}, ""sub9"": {""vaf"": 0.00604, ""n"": 457, ""pooled_depth"": 6640.0, ""callable"": false}}"	cll6_2
11443	12	5.381274124194089e-07	8.952970966302059e-07	0.4	False	1.0	True	sub3	True	True	True	True	True	"{""sub1"": {""vaf"": 0.00487, ""n"": 955, ""pooled_depth"": 18336.0, ""callable"": false}, ""sub10"": {""vaf"": 0.00507, ""n"": 397, ""pooled_depth"": 5200.0, ""callable"": false}, ""sub11"": {""vaf"": 0.00471, ""n"": 398, ""pooled_depth"": 6190.0, ""callable"": false}, ""sub12"": {""vaf"": 0.00463, ""n"": 185, ""pooled_depth"": 2919.0, ""callable"": false}, ""sub2"": {""vaf"": 0.00557, ""n"": 788, ""pooled_depth"": 12903.0, ""callable"": false}, ""sub3"": {""vaf"": 0.00582, ""n"": 745, ""pooled_depth"": 8372.0, ""callable"": false}, ""sub4"": {""vaf"": 0.00546, ""n"": 638, ""pooled_depth"": 7590.0, ""callable"": false}, ""sub5"": {""vaf"": 0.0051, ""n"": 531, ""pooled_depth"": 10438.0, ""callable"": false}, ""sub6"": {""vaf"": 0.00488, ""n"": 505, ""pooled_depth"": 6210.0, ""callable"": false}, ""sub7"": {""vaf"": 0.00487, ""n"": 493, ""pooled_depth"": 3977.0, ""callable"": false}, ""sub8"": {""vaf"": 0.0042, ""n"": 480, ""pooled_depth"": 9675.0, ""callable"": false}, ""sub9"": {""vaf"": 0.00439, ""n"": 462, ""pooled_depth"": 7904.0, ""callable"": false}}"	cll6_2
11493	12	8.895117180691703e-07	1.2066993760448602e-06	0.225	False	1.0	True	sub9	True	True	True	True	True	"{""sub1"": {""vaf"": 0.0057, ""n"": 953, ""pooled_depth"": 14263.0, ""callable"": false}, ""sub10"": {""vaf"": 0.00513, ""n"": 395, ""pooled_depth"": 3783.0, ""callable"": false}, ""sub11"": {""vaf"": 0.00568, ""n"": 399, ""pooled_depth"": 4839.0, ""callable"": false}, ""sub12"": {""vaf"": 0.00576, ""n"": 184, ""pooled_depth"": 2271.0, ""callable"": false}, ""sub2"": {""vaf"": 0.00532, ""n"": 784, ""pooled_depth"": 10044.0, ""callable"": false}, ""sub3"": {""vaf"": 0.00546, ""n"": 739, ""pooled_depth"": 6353.0, ""callable"": false}, ""sub4"": {""vaf"": 0.00532, ""n"": 633, ""pooled_depth"": 5725.0, ""callable"": false}, ""sub5"": {""vaf"": 0.00509, ""n"": 534, ""pooled_depth"": 8196.0, ""callable"": false}, ""sub6"": {""vaf"": 0.00562, ""n"": 504, ""pooled_depth"": 4768.0, ""callable"": false}, ""sub7"": {""vaf"": 0.00542, ""n"": 487, ""pooled_depth"": 3116.0, ""callable"": false}, ""sub8"": {""vaf"": 0.00391, ""n"": 480, ""pooled_depth"": 7926.0, ""callable"": false}, ""sub9"": {""vaf"": 0.00598, ""n"": 454, ""pooled_depth"": 6160.0, ""callable"": false}}"	cll6_2
11500	12	1.0416874945603789e-06	1.933120169348466e-06	0.505	False	1.0	True	sub3	True	True	True	True	True	"{""sub1"": {""vaf"": 0.00849, ""n"": 954, ""pooled_depth"": 14801.0, ""callable"": true}, ""sub10"": {""vaf"": 0.00847, ""n"": 395, ""pooled_depth"": 3995.0, ""callable"": true}, ""sub11"": {""vaf"": 0.0078, ""n"": 399, ""pooled_depth"": 5056.0, ""callable"": false}, ""sub12"": {""vaf"": 0.0087, ""n"": 185, ""pooled_depth"": 2328.0, ""callable"": true}, ""sub2"": {""vaf"": 0.00914, ""n"": 786, ""pooled_depth"": 10421.0, ""callable"": true}, ""sub3"": {""vaf"": 0.00951, ""n"": 737, ""pooled_depth"": 6585.0, ""callable"": true}, ""sub4"": {""vaf"": 0.00903, ""n"": 631, ""pooled_depth"": 5974.0, ""callable"": true}, ""sub5"": {""vaf"": 0.00843, ""n"": 533, ""pooled_depth"": 8555.0, ""callable"": true}, ""sub6"": {""vaf"": 0.00896, ""n"": 502, ""pooled_depth"": 4959.0, ""callable"": true}, ""sub7"": {""vaf"": 0.0082, ""n"": 489, ""pooled_depth"": 3248.0, ""callable"": false}, ""sub8"": {""vaf"": 0.00778, ""n"": 480, ""pooled_depth"": 8299.0, ""callable"": false}, ""sub9"": {""vaf"": 0.00868, ""n"": 455, ""pooled_depth"": 6373.0, ""callable"": true}}"	cll6_2
11550	12	2.602950544111067e-06	2.5094637331595115e-06	0.035	True	1.0	True	sub6	True	True	True	True	True	"{""sub1"": {""vaf"": 0.00837, ""n"": 955, ""pooled_depth"": 12606.0, ""callable"": true}, ""sub10"": {""vaf"": 0.01128, ""n"": 391, ""pooled_depth"": 3424.0, ""callable"": true}, ""sub11"": {""vaf"": 0.00821, ""n"": 394, ""pooled_depth"": 4136.0, ""callable"": false}, ""sub12"": {""vaf"": 0.00889, ""n"": 184, ""pooled_depth"": 2038.0, ""callable"": false}, ""sub2"": {""vaf"": 0.00872, ""n"": 783, ""pooled_depth"": 8777.0, ""callable"": true}, ""sub3"": {""vaf"": 0.00952, ""n"": 732, ""pooled_depth"": 5820.0, ""callable"": true}, ""sub4"": {""vaf"": 0.0108, ""n"": 632, ""pooled_depth"": 4993.0, ""callable"": true}, ""sub5"": {""vaf"": 0.00942, ""n"": 536, ""pooled_depth"": 7074.0, ""callable"": true}, ""sub6"": {""vaf"": 0.01134, ""n"": 504, ""pooled_depth"": 4010.0, ""callable"": true}, ""sub7"": {""vaf"": 0.01041, ""n"": 492, ""pooled_depth"": 2878.0, ""callable"": true}, ""sub8"": {""vaf"": 0.00829, ""n"": 477, ""pooled_depth"": 6966.0, ""callable"": false}, ""sub9"": {""vaf"": 0.01008, ""n"": 460, ""pooled_depth"": 5346.0, ""callable"": true}}"	cll6_2
11633	12	3.285168898314756e-06	3.049678288049574e-06	0.02	True	1.0	True	sub10	True	True	True	True	True	"{""sub1"": {""vaf"": 0.00931, ""n"": 955, ""pooled_depth"": 12732.0, ""callable"": true}, ""sub10"": {""vaf"": 0.01297, ""n"": 395, ""pooled_depth"": 3565.0, ""callable"": true}, ""sub11"": {""vaf"": 0.01074, ""n"": 393, ""pooled_depth"": 4218.0, ""callable"": true}, ""sub12"": {""vaf"": 0.01148, ""n"": 185, ""pooled_depth"": 2057.0, ""callable"": true}, ""sub2"": {""vaf"": 0.01014, ""n"": 785, ""pooled_depth"": 8939.0, ""callable"": true}, ""sub3"": {""vaf"": 0.00971, ""n"": 740, ""pooled_depth"": 5730.0, ""callable"": true}, ""sub4"": {""vaf"": 0.01258, ""n"": 638, ""pooled_depth"": 5254.0, ""callable"": true}, ""sub5"": {""vaf"": 0.01017, ""n"": 537, ""pooled_depth"": 7334.0, ""callable"": true}, ""sub6"": {""vaf"": 0.01023, ""n"": 498, ""pooled_depth"": 4150.0, ""callable"": true}, ""sub7"": {""vaf"": 0.00942, ""n"": 486, ""pooled_depth"": 2794.0, ""callable"": true}, ""sub8"": {""vaf"": 0.00823, ""n"": 480, ""pooled_depth"": 6805.0, ""callable"": false}, ""sub9"": {""vaf"": 0.0092, ""n"": 452, ""pooled_depth"": 5629.0, ""callable"": true}}"	cll6_2
11726	12	2.5700773266668816e-06	1.7023519886718124e-06	0.0	True	1.0	True	sub6	True	True	True	True	True	"{""sub1"": {""vaf"": 0.00643, ""n"": 956, ""pooled_depth"": 16552.0, ""callable"": false}, ""sub10"": {""vaf"": 0.00841, ""n"": 395, ""pooled_depth"": 4444.0, ""callable"": true}, ""sub11"": {""vaf"": 0.00662, ""n"": 394, ""pooled_depth"": 5443.0, ""callable"": false}, ""sub12"": {""vaf"": 0.00612, ""n"": 185, ""pooled_depth"": 2627.0, ""callable"": false}, ""sub2"": {""vaf"": 0.00702, ""n"": 785, ""pooled_depth"": 11148.0, ""callable"": false}, ""sub3"": {""vaf"": 0.00742, ""n"": 742, ""pooled_depth"": 7463.0, ""callable"": false}, ""sub4"": {""vaf"": 0.00861, ""n"": 638, ""pooled_depth"": 6963.0, ""callable"": true}, ""sub5"": {""vaf"": 0.00701, ""n"": 530, ""pooled_depth"": 9312.0, ""callable"": false}, ""sub6"": {""vaf"": 0.01094, ""n"": 506, ""pooled_depth"": 5317.0, ""callable"": true}, ""sub7"": {""vaf"": 0.0081, ""n"": 489, ""pooled_depth"": 3578.0, ""callable"": true}, ""sub8"": {""vaf"": 0.00624, ""n"": 483, ""pooled_depth"": 8462.0, ""callable"": false}, ""sub9"": {""vaf"": 0.00828, ""n"": 461, ""pooled_depth"": 7200.0, ""callable"": true}}"	cll6_2
11790	12	8.896002201024543e-07	1.1924342156726305e-06	0.19	False	1.0	True	sub4	True	True	True	True	True	"{""sub1"": {""vaf"": 0.00475, ""n"": 955, ""pooled_depth"": 14900.0, ""callable"": false}, ""sub10"": {""vaf"": 0.00454, ""n"": 395, ""pooled_depth"": 4116.0, ""callable"": false}, ""sub11"": {""vaf"": 0.00468, ""n"": 397, ""pooled_depth"": 4937.0, ""callable"": false}, ""sub12"": {""vaf"": 0.00443, ""n"": 185, ""pooled_depth"": 2290.0, ""callable"": false}, ""sub2"": {""vaf"": 0.00547, ""n"": 781, ""pooled_depth"": 10195.0, ""callable"": false}, ""sub3"": {""vaf"": 0.00548, ""n"": 736, ""pooled_depth"": 6527.0, ""callable"": false}, ""sub4"": {""vaf"": 0.00619, ""n"": 630, ""pooled_depth"": 5953.0, ""callable"": false}, ""sub5"": {""vaf"": 0.00472, ""n"": 533, ""pooled_depth"": 8253.0, ""callable"": false}, ""sub6"": {""vaf"": 0.00579, ""n"": 505, ""pooled_depth"": 4751.0, ""callable"": false}, ""sub7"": {""vaf"": 0.00483, ""n"": 489, ""pooled_depth"": 3201.0, ""callable"": false}, ""sub8"": {""vaf"": 0.00426, ""n"": 479, ""pooled_depth"": 7472.0, ""callable"": false}, ""sub9"": {""vaf"": 0.00458, ""n"": 457, ""pooled_depth"": 6448.0, ""callable"": false}}"	cll6_2
11838	12	6.135808304288689e-07	1.6107149335251411e-06	0.73	False	1.0	True	sub4	True	True	True	True	True	"{""sub1"": {""vaf"": 0.00878, ""n"": 957, ""pooled_depth"": 18892.0, ""callable"": true}, ""sub10"": {""vaf"": 0.00844, ""n"": 396, ""pooled_depth"": 5416.0, ""callable"": true}, ""sub11"": {""vaf"": 0.00807, ""n"": 395, ""pooled_depth"": 6304.0, ""callable"": false}, ""sub12"": {""vaf"": 0.00802, ""n"": 184, ""pooled_depth"": 3020.0, ""callable"": false}, ""sub2"": {""vaf"": 0.00851, ""n"": 784, ""pooled_depth"": 13055.0, ""callable"": true}, ""sub3"": {""vaf"": 0.00864, ""n"": 744, ""pooled_depth"": 8579.0, ""callable"": true}, ""sub4"": {""vaf"": 0.00915, ""n"": 641, ""pooled_depth"": 7848.0, ""callable"": true}, ""sub5"": {""vaf"": 0.00886, ""n"": 532, ""pooled_depth"": 10872.0, ""callable"": true}, ""sub6"": {""vaf"": 0.00867, ""n"": 506, ""pooled_depth"": 6319.0, ""callable"": true}, ""sub7"": {""vaf"": 0.00838, ""n"": 496, ""pooled_depth"": 4211.0, ""callable"": true}, ""sub8"": {""vaf"": 0.00827, ""n"": 484, ""pooled_depth"": 9689.0, ""callable"": true}, ""sub9"": {""vaf"": 0.00765, ""n"": 460, ""pooled_depth"": 8282.0, ""callable"": false}}"	cll6_2
11988	12	2.1311572565611695e-06	1.5026388024321437e-06	0.005	True	1.0	True	sub6	True	True	True	True	True	"{""sub1"": {""vaf"": 0.00543, ""n"": 953, ""pooled_depth"": 13909.0, ""callable"": false}, ""sub10"": {""vaf"": 0.00774, ""n"": 392, ""pooled_depth"": 3930.0, ""callable"": true}, ""sub11"": {""vaf"": 0.00656, ""n"": 396, ""pooled_depth"": 4582.0, ""callable"": false}, ""sub12"": {""vaf"": 0.00595, ""n"": 183, ""pooled_depth"": 2253.0, ""callable"": false}, ""sub2"": {""vaf"": 0.00565, ""n"": 782, ""pooled_depth"": 9748.0, ""callable"": false}, ""sub3"": {""vaf"": 0.00582, ""n"": 740, ""pooled_depth"": 6311.0, ""callable"": false}, ""sub4"": {""vaf"": 0.0063, ""n"": 640, ""pooled_depth"": 5650.0, ""callable"": false}, ""sub5"": {""vaf"": 0.00527, ""n"": 531, ""pooled_depth"": 8146.0, ""callable"": false}, ""sub6"": {""vaf"": 0.00803, ""n"": 503, ""pooled_depth"": 4586.0, ""callable"": true}, ""sub7"": {""vaf"": 0.00502, ""n"": 485, ""pooled_depth"": 3081.0, ""callable"": false}, ""sub8"": {""vaf"": 0.00411, ""n"": 481, ""pooled_depth"": 7659.0, ""callable"": false}, ""sub9"": {""vaf"": 0.00732, ""n"": 456, ""pooled_depth"": 6065.0, ""callable"": false}}"	cll6_2
12033	12	3.52140423404223e-06	1.9242950049828242e-06	0.0	True	1.0	True	sub4	True	True	True	True	True	"{""sub1"": {""vaf"": 0.00624, ""n"": 956, ""pooled_depth"": 16526.0, ""callable"": false}, ""sub10"": {""vaf"": 0.01037, ""n"": 397, ""pooled_depth"": 4667.0, ""callable"": true}, ""sub11"": {""vaf"": 0.00951, ""n"": 394, ""pooled_depth"": 5456.0, ""callable"": true}, ""sub12"": {""vaf"": 0.0087, ""n"": 184, ""pooled_depth"": 2660.0, ""callable"": true}, ""sub2"": {""vaf"": 0.00802, ""n"": 786, ""pooled_depth"": 11361.0, ""callable"": false}, ""sub3"": {""vaf"": 0.00912, ""n"": 744, ""pooled_depth"": 7341.0, ""callable"": true}, ""sub4"": {""vaf"": 0.01132, ""n"": 639, ""pooled_depth"": 6781.0, ""callable"": true}, ""sub5"": {""vaf"": 0.00913, ""n"": 533, ""pooled_depth"": 9411.0, ""callable"": true}, ""sub6"": {""vaf"": 0.00848, ""n"": 508, ""pooled_depth"": 5512.0, ""callable"": true}, ""sub7"": {""vaf"": 0.01003, ""n"": 498, ""pooled_depth"": 3631.0, ""callable"": true}, ""sub8"": {""vaf"": 0.00784, ""n"": 484, ""pooled_depth"": 8874.0, ""callable"": false}, ""sub9"": {""vaf"": 0.00962, ""n"": 455, ""pooled_depth"": 7226.0, ""callable"": true}}"	cll6_2
12082	12	5.702860551252064e-06	4.3457809200507316e-06	0.0	True	1.0	True	sub4	True	True	True	True	True	"{""sub1"": {""vaf"": 0.0143, ""n"": 951, ""pooled_depth"": 13161.0, ""callable"": true}, ""sub10"": {""vaf"": 0.01719, ""n"": 399, ""pooled_depth"": 3626.0, ""callable"": true}, ""sub11"": {""vaf"": 0.01762, ""n"": 393, ""pooled_depth"": 4435.0, ""callable"": true}, ""sub12"": {""vaf"": 0.01591, ""n"": 184, ""pooled_depth"": 2251.0, ""callable"": true}, ""sub2"": {""vaf"": 0.01475, ""n"": 785, ""pooled_depth"": 9284.0, ""callable"": true}, ""sub3"": {""vaf"": 0.01565, ""n"": 736, ""pooled_depth"": 5978.0, ""callable"": true}, ""sub4"": {""vaf"": 0.0189, ""n"": 634, ""pooled_depth"": 5587.0, ""callable"": true}, ""sub5"": {""vaf"": 0.01465, ""n"": 534, ""pooled_depth"": 7662.0, ""callable"": true}, ""sub6"": {""vaf"": 0.01666, ""n"": 498, ""pooled_depth"": 4548.0, ""callable"": true}, ""sub7"": {""vaf"": 0.0163, ""n"": 487, ""pooled_depth"": 2989.0, ""callable"": true}, ""sub8"": {""vaf"": 0.01326, ""n"": 480, ""pooled_depth"": 7397.0, ""callable"": true}, ""sub9"": {""vaf"": 0.01817, ""n"": 456, ""pooled_depth"": 5812.0, ""callable"": true}}"	cll6_2
12157	12	1.653829454082643e-06	2.023442077127369e-06	0.14	False	1.0	True	sub9	False	True	True	True	True	"{""sub1"": {""vaf"": 0.00684, ""n"": 952, ""pooled_depth"": 12610.0, ""callable"": false}, ""sub10"": {""vaf"": 0.00796, ""n"": 397, ""pooled_depth"": 3134.0, ""callable"": true}, ""sub11"": {""vaf"": 0.00779, ""n"": 393, ""pooled_depth"": 4050.0, ""callable"": true}, ""sub12"": {""vaf"": 0.0068, ""n"": 183, ""pooled_depth"": 1959.0, ""callable"": false}, ""sub2"": {""vaf"": 0.00645, ""n"": 781, ""pooled_depth"": 8639.0, ""callable"": false}, ""sub3"": {""vaf"": 0.00755, ""n"": 738, ""pooled_depth"": 5623.0, ""callable"": false}, ""sub4"": {""vaf"": 0.00742, ""n"": 621, ""pooled_depth"": 4980.0, ""callable"": false}, ""sub5"": {""vaf"": 0.00667, ""n"": 532, ""pooled_depth"": 7015.0, ""callable"": false}, ""sub6"": {""vaf"": 0.00701, ""n"": 494, ""pooled_depth"": 3932.0, ""callable"": false}, ""sub7"": {""vaf"": 0.00748, ""n"": 486, ""pooled_depth"": 2645.0, ""callable"": false}, ""sub8"": {""vaf"": 0.0052, ""n"": 474, ""pooled_depth"": 6805.0, ""callable"": false}, ""sub9"": {""vaf"": 0.00804, ""n"": 459, ""pooled_depth"": 5052.0, ""callable"": true}}"	cll6_2
12184	12	1.0788235935107607e-06	1.328736399340005e-06	0.175	False	1.0	True	sub4	True	True	True	True	True	"{""sub1"": {""vaf"": 0.00535, ""n"": 953, ""pooled_depth"": 14923.0, ""callable"": false}, ""sub10"": {""vaf"": 0.00597, ""n"": 399, ""pooled_depth"": 4049.0, ""callable"": false}, ""sub11"": {""vaf"": 0.00589, ""n"": 396, ""pooled_depth"": 5008.0, ""callable"": false}, ""sub12"": {""vaf"": 0.00552, ""n"": 183, ""pooled_depth"": 2382.0, ""callable"": false}, ""sub2"": {""vaf"": 0.00534, ""n"": 784, ""pooled_depth"": 10282.0, ""callable"": false}, ""sub3"": {""vaf"": 0.00609, ""n"": 748, ""pooled_depth"": 6830.0, ""callable"": false}, ""sub4"": {""vaf"": 0.00702, ""n"": 632, ""pooled_depth"": 6200.0, ""callable"": true}, ""sub5"": {""vaf"": 0.00549, ""n"": 532, ""pooled_depth"": 8619.0, ""callable"": false}, ""sub6"": {""vaf"": 0.00691, ""n"": 503, ""pooled_depth"": 4925.0, ""callable"": false}, ""sub7"": {""vaf"": 0.00557, ""n"": 495, ""pooled_depth"": 3214.0, ""callable"": false}, ""sub8"": {""vaf"": 0.00491, ""n"": 477, ""pooled_depth"": 7907.0, ""callable"": false}, ""sub9"": {""vaf"": 0.0051, ""n"": 462, ""pooled_depth"": 6468.0, ""callable"": false}}"	cll6_2
12234	12	2.1573657179614666e-06	1.639566636573767e-06	0.01	True	1.0	True	sub4	True	True	True	True	True	"{""sub1"": {""vaf"": 0.00604, ""n"": 953, ""pooled_depth"": 14475.0, ""callable"": false}, ""sub10"": {""vaf"": 0.0074, ""n"": 400, ""pooled_depth"": 4074.0, ""callable"": false}, ""sub11"": {""vaf"": 0.00651, ""n"": 394, ""pooled_depth"": 4957.0, ""callable"": false}, ""sub12"": {""vaf"": 0.00562, ""n"": 181, ""pooled_depth"": 2382.0, ""callable"": false}, ""sub2"": {""vaf"": 0.00688, ""n"": 786, ""pooled_depth"": 10092.0, ""callable"": false}, ""sub3"": {""vaf"": 0.0075, ""n"": 733, ""pooled_depth"": 6649.0, ""callable"": false}, ""sub4"": {""vaf"": 0.00893, ""n"": 637, ""pooled_depth"": 5988.0, ""callable"": true}, ""sub5"": {""vaf"": 0.00512, ""n"": 531, ""pooled_depth"": 8311.0, ""callable"": false}, ""sub6"": {""vaf"": 0.00797, ""n"": 502, ""pooled_depth"": 4869.0, ""callable"": true}, ""sub7"": {""vaf"": 0.00589, ""n"": 484, ""pooled_depth"": 3177.0, ""callable"": false}, ""sub8"": {""vaf"": 0.00643, ""n"": 481, ""pooled_depth"": 7537.0, ""callable"": false}, ""sub9"": {""vaf"": 0.00538, ""n"": 459, ""pooled_depth"": 6307.0, ""callable"": false}}"	cll6_2
12243	12	5.223004772052159e-06	2.1314560552901115e-06	0.0	True	1.0	True	sub10	True	True	True	True	True	"{""sub1"": {""vaf"": 0.00877, ""n"": 953, ""pooled_depth"": 15343.0, ""callable"": true}, ""sub10"": {""vaf"": 0.01392, ""n"": 400, ""pooled_depth"": 4317.0, ""callable"": true}, ""sub11"": {""vaf"": 0.01132, ""n"": 395, ""pooled_depth"": 5284.0, ""callable"": true}, ""sub12"": {""vaf"": 0.00968, ""n"": 184, ""pooled_depth"": 2498.0, ""callable"": true}, ""sub2"": {""vaf"": 0.00895, ""n"": 787, ""pooled_depth"": 10863.0, ""callable"": true}, ""sub3"": {""vaf"": 0.0081, ""n"": 736, ""pooled_depth"": 6977.0, ""callable"": false}, ""sub4"": {""vaf"": 0.01281, ""n"": 636, ""pooled_depth"": 6296.0, ""callable"": true}, ""sub5"": {""vaf"": 0.00713, ""n"": 530, ""pooled_depth"": 8813.0, ""callable"": false}, ""sub6"": {""vaf"": 0.01052, ""n"": 506, ""pooled_depth"": 5134.0, ""callable"": true}, ""sub7"": {""vaf"": 0.00963, ""n"": 490, ""pooled_depth"": 3352.0, ""callable"": true}, ""sub8"": {""vaf"": 0.00756, ""n"": 481, ""pooled_depth"": 8100.0, ""callable"": false}, ""sub9"": {""vaf"": 0.00854, ""n"": 460, ""pooled_depth"": 6774.0, ""callable"": true}}"	cll6_2
12351	12	2.2491017746214444e-06	2.4978228123412046e-06	0.075	False	1.0	True	sub6	True	True	True	True	True	"{""sub1"": {""vaf"": 0.00863, ""n"": 951, ""pooled_depth"": 14096.0, ""callable"": true}, ""sub10"": {""vaf"": 0.0091, ""n"": 392, ""pooled_depth"": 3882.0, ""callable"": true}, ""sub11"": {""vaf"": 0.00897, ""n"": 390, ""pooled_depth"": 4645.0, ""callable"": true}, ""sub12"": {""vaf"": 0.00791, ""n"": 186, ""pooled_depth"": 2340.0, ""callable"": false}, ""sub2"": {""vaf"": 0.00827, ""n"": 783, ""pooled_depth"": 9622.0, ""callable"": true}, ""sub3"": {""vaf"": 0.00839, ""n"": 740, ""pooled_depth"": 6218.0, ""callable"": true}, ""sub4"": {""vaf"": 0.00974, ""n"": 632, ""pooled_depth"": 5813.0, ""callable"": true}, ""sub5"": {""vaf"": 0.00809, ""n"": 532, ""pooled_depth"": 8032.0, ""callable"": false}, ""sub6"": {""vaf"": 0.01129, ""n"": 497, ""pooled_depth"": 4559.0, ""callable"": true}, ""sub7"": {""vaf"": 0.0102, ""n"": 490, ""pooled_depth"": 3176.0, ""callable"": true}, ""sub8"": {""vaf"": 0.00722, ""n"": 478, ""pooled_depth"": 7799.0, ""callable"": false}, ""sub9"": {""vaf"": 0.00782, ""n"": 455, ""pooled_depth"": 5975.0, ""callable"": false}}"	cll6_2
12400	12	1.711674818055042e-06	1.2757862640043555e-06	0.0	True	1.0	True	sub4	True	True	True	True	True	"{""sub1"": {""vaf"": 0.00549, ""n"": 957, ""pooled_depth"": 15794.0, ""callable"": false}, ""sub10"": {""vaf"": 0.00633, ""n"": 396, ""pooled_depth"": 4453.0, ""callable"": false}, ""sub11"": {""vaf"": 0.00464, ""n"": 393, ""pooled_depth"": 5427.0, ""callable"": false}, ""sub12"": {""vaf"": 0.00635, ""n"": 184, ""pooled_depth"": 2547.0, ""callable"": false}, ""sub2"": {""vaf"": 0.00615, ""n"": 783, ""pooled_depth"": 10845.0, ""callable"": false}, ""sub3"": {""vaf"": 0.00672, ""n"": 738, ""pooled_depth"": 7309.0, ""callable"": false}, ""sub4"": {""vaf"": 0.00767, ""n"": 638, ""pooled_depth"": 6552.0, ""callable"": true}, ""sub5"": {""vaf"": 0.00474, ""n"": 532, ""pooled_depth"": 9041.0, ""callable"": false}, ""sub6"": {""vaf"": 0.00679, ""n"": 503, ""pooled_depth"": 5277.0, ""callable"": false}, ""sub7"": {""vaf"": 0.00686, ""n"": 492, ""pooled_depth"": 3446.0, ""callable"": false}, ""sub8"": {""vaf"": 0.00464, ""n"": 481, ""pooled_depth"": 8429.0, ""callable"": false}, ""sub9"": {""vaf"": 0.00567, ""n"": 455, ""pooled_depth"": 6904.0, ""callable"": false}}"	cll6_2
12425	12	1.076313853706546e-06	1.5275774151776176e-06	0.26	False	1.0	True	sub12	True	True	True	True	True	"{""sub1"": {""vaf"": 0.00537, ""n"": 953, ""pooled_depth"": 13922.0, ""callable"": false}, ""sub10"": {""vaf"": 0.00565, ""n"": 392, ""pooled_depth"": 3841.0, ""callable"": false}, ""sub11"": {""vaf"": 0.00651, ""n"": 393, ""pooled_depth"": 4538.0, ""callable"": false}, ""sub12"": {""vaf"": 0.00719, ""n"": 184, ""pooled_depth"": 2217.0, ""callable"": true}, ""sub2"": {""vaf"": 0.00665, ""n"": 783, ""pooled_depth"": 9464.0, ""callable"": false}, ""sub3"": {""vaf"": 0.00606, ""n"": 738, ""pooled_depth"": 6307.0, ""callable"": false}, ""sub4"": {""vaf"": 0.00607, ""n"": 627, ""pooled_depth"": 5796.0, ""callable"": false}, ""sub5"": {""vaf"": 0.00574, ""n"": 526, ""pooled_depth"": 7738.0, ""callable"": false}, ""sub6"": {""vaf"": 0.00675, ""n"": 503, ""pooled_depth"": 4535.0, ""callable"": false}, ""sub7"": {""vaf"": 0.00607, ""n"": 482, ""pooled_depth"": 2989.0, ""callable"": false}, ""sub8"": {""vaf"": 0.00476, ""n"": 478, ""pooled_depth"": 7360.0, ""callable"": false}, ""sub9"": {""vaf"": 0.00557, ""n"": 455, ""pooled_depth"": 5935.0, ""callable"": false}}"	cll6_2
12489	12	1.4817468946040071e-06	1.4528362732121916e-06	0.05	True	1.0	True	sub6	True	True	True	True	True	"{""sub1"": {""vaf"": 0.00643, ""n"": 954, ""pooled_depth"": 14425.0, ""callable"": false}, ""sub10"": {""vaf"": 0.00671, ""n"": 392, ""pooled_depth"": 3834.0, ""callable"": false}, ""sub11"": {""vaf"": 0.00765, ""n"": 393, ""pooled_depth"": 4762.0, ""callable"": true}, ""sub12"": {""vaf"": 0.0063, ""n"": 184, ""pooled_depth"": 2401.0, ""callable"": false}, ""sub2"": {""vaf"": 0.00576, ""n"": 784, ""pooled_depth"": 9903.0, ""callable"": false}, ""sub3"": {""vaf"": 0.00528, ""n"": 738, ""pooled_depth"": 6389.0, ""callable"": false}, ""sub4"": {""vaf"": 0.00682, ""n"": 632, ""pooled_depth"": 5760.0, ""callable"": false}, ""sub5"": {""vaf"": 0.0062, ""n"": 534, ""pooled_depth"": 7977.0, ""callable"": false}, ""sub6"": {""vaf"": 0.00818, ""n"": 505, ""pooled_depth"": 4589.0, ""callable"": true}, ""sub7"": {""vaf"": 0.00691, ""n"": 488, ""pooled_depth"": 3040.0, ""callable"": false}, ""sub8"": {""vaf"": 0.00564, ""n"": 478, ""pooled_depth"": 7708.0, ""callable"": false}, ""sub9"": {""vaf"": 0.00709, ""n"": 459, ""pooled_depth"": 5974.0, ""callable"": false}}"	cll6_2
12538	12	1.4412947094951632e-06	1.3547398151722385e-06	0.04	True	1.0	True	sub4	True	True	True	True	True	"{""sub1"": {""vaf"": 0.00443, ""n"": 949, ""pooled_depth"": 16105.0, ""callable"": false}, ""sub10"": {""vaf"": 0.00557, ""n"": 394, ""pooled_depth"": 4439.0, ""callable"": false}, ""sub11"": {""vaf"": 0.0052, ""n"": 395, ""pooled_depth"": 5364.0, ""callable"": false}, ""sub12"": {""vaf"": 0.00465, ""n"": 185, ""pooled_depth"": 2502.0, ""callable"": false}, ""sub2"": {""vaf"": 0.00577, ""n"": 783, ""pooled_depth"": 11103.0, ""callable"": false}, ""sub3"": {""vaf"": 0.00485, ""n"": 748, ""pooled_depth"": 7224.0, ""callable"": false}, ""sub4"": {""vaf"": 0.00703, ""n"": 632, ""pooled_depth"": 6410.0, ""callable"": true}, ""sub5"": {""vaf"": 0.00509, ""n"": 534, ""pooled_depth"": 9079.0, ""callable"": false}, ""sub6"": {""vaf"": 0.00569, ""n"": 504, ""pooled_depth"": 5152.0, ""callable"": false}, ""sub7"": {""vaf"": 0.00553, ""n"": 498, ""pooled_depth"": 3413.0, ""callable"": false}, ""sub8"": {""vaf"": 0.00372, ""n"": 479, ""pooled_depth"": 8506.0, ""callable"": false}, ""sub9"": {""vaf"": 0.00435, ""n"": 461, ""pooled_depth"": 6805.0, ""callable"": false}}"	cll6_2
12793	12	1.2169887990167332e-06	1.5376827604492297e-06	0.125	False	1.0	True	sub9	True	True	True	True	True	"{""sub1"": {""vaf"": 0.00579, ""n"": 955, ""pooled_depth"": 15461.0, ""callable"": false}, ""sub10"": {""vaf"": 0.00697, ""n"": 398, ""pooled_depth"": 4171.0, ""callable"": false}, ""sub11"": {""vaf"": 0.00682, ""n"": 392, ""pooled_depth"": 5098.0, ""callable"": false}, ""sub12"": {""vaf"": 0.00584, ""n"": 184, ""pooled_depth"": 2467.0, ""callable"": false}, ""sub2"": {""vaf"": 0.00497, ""n"": 783, ""pooled_depth"": 10551.0, ""callable"": false}, ""sub3"": {""vaf"": 0.00584, ""n"": 745, ""pooled_depth"": 6914.0, ""callable"": false}, ""sub4"": {""vaf"": 0.00693, ""n"": 637, ""pooled_depth"": 6235.0, ""callable"": false}, ""sub5"": {""vaf"": 0.00676, ""n"": 534, ""pooled_depth"": 8723.0, ""callable"": false}, ""sub6"": {""vaf"": 0.00635, ""n"": 506, ""pooled_depth"": 5039.0, ""callable"": false}, ""sub7"": {""vaf"": 0.00605, ""n"": 492, ""pooled_depth"": 3363.0, ""callable"": false}, ""sub8"": {""vaf"": 0.00642, ""n"": 475, ""pooled_depth"": 8043.0, ""callable"": false}, ""sub9"": {""vaf"": 0.00731, ""n"": 458, ""pooled_depth"": 6624.0, ""callable"": true}}"	cll6_2
12812	12	5.41207911327318e-07	1.0741760690443156e-06	0.625	False	1.0	True	sub3	True	True	True	True	True	"{""sub1"": {""vaf"": 0.00616, ""n"": 955, ""pooled_depth"": 16632.0, ""callable"": false}, ""sub10"": {""vaf"": 0.00612, ""n"": 396, ""pooled_depth"": 4521.0, ""callable"": false}, ""sub11"": {""vaf"": 0.00629, ""n"": 394, ""pooled_depth"": 5361.0, ""callable"": false}, ""sub12"": {""vaf"": 0.00571, ""n"": 185, ""pooled_depth"": 2651.0, ""callable"": false}, ""sub2"": {""vaf"": 0.00583, ""n"": 783, ""pooled_depth"": 11219.0, ""callable"": false}, ""sub3"": {""vaf"": 0.00675, ""n"": 748, ""pooled_depth"": 7554.0, ""callable"": false}, ""sub4"": {""vaf"": 0.0058, ""n"": 634, ""pooled_depth"": 6655.0, ""callable"": false}, ""sub5"": {""vaf"": 0.00581, ""n"": 529, ""pooled_depth"": 9213.0, ""callable"": false}, ""sub6"": {""vaf"": 0.00578, ""n"": 508, ""pooled_depth"": 5304.0, ""callable"": false}, ""sub7"": {""vaf"": 0.00522, ""n"": 491, ""pooled_depth"": 3632.0, ""callable"": false}, ""sub8"": {""vaf"": 0.00537, ""n"": 478, ""pooled_depth"": 8599.0, ""callable"": false}, ""sub9"": {""vaf"": 0.00633, ""n"": 460, ""pooled_depth"": 7034.0, ""callable"": false}}"	cll6_2
12849	12	1.9899986692176626e-06	1.8937788370021711e-06	0.04	True	1.0	True	sub4	True	True	True	True	True	"{""sub1"": {""vaf"": 0.00761, ""n"": 953, ""pooled_depth"": 14877.0, ""callable"": false}, ""sub10"": {""vaf"": 0.00898, ""n"": 397, ""pooled_depth"": 4221.0, ""callable"": true}, ""sub11"": {""vaf"": 0.0088, ""n"": 393, ""pooled_depth"": 4842.0, ""callable"": true}, ""sub12"": {""vaf"": 0.00834, ""n"": 186, ""pooled_depth"": 2321.0, ""callable"": true}, ""sub2"": {""vaf"": 0.00755, ""n"": 780, ""pooled_depth"": 10132.0, ""callable"": false}, ""sub3"": {""vaf"": 0.00924, ""n"": 742, ""pooled_depth"": 6802.0, ""callable"": true}, ""sub4"": {""vaf"": 0.0096, ""n"": 632, ""pooled_depth"": 6096.0, ""callable"": true}, ""sub5"": {""vaf"": 0.00913, ""n"": 532, ""pooled_depth"": 8358.0, ""callable"": true}, ""sub6"": {""vaf"": 0.00941, ""n"": 503, ""pooled_depth"": 4810.0, ""callable"": true}, ""sub7"": {""vaf"": 0.00809, ""n"": 497, ""pooled_depth"": 3384.0, ""callable"": false}, ""sub8"": {""vaf"": 0.00724, ""n"": 482, ""pooled_depth"": 7958.0, ""callable"": false}, ""sub9"": {""vaf"": 0.00685, ""n"": 458, ""pooled_depth"": 6449.0, ""callable"": false}}"	cll6_2
12863	12	9.824634335661659e-07	1.048816720668201e-06	0.09	False	1.0	True	sub9	True	True	True	True	True	"{""sub1"": {""vaf"": 0.00499, ""n"": 955, ""pooled_depth"": 15868.0, ""callable"": false}, ""sub10"": {""vaf"": 0.00605, ""n"": 398, ""pooled_depth"": 4338.0, ""callable"": false}, ""sub11"": {""vaf"": 0.00569, ""n"": 395, ""pooled_depth"": 5214.0, ""callable"": false}, ""sub12"": {""vaf"": 0.00449, ""n"": 182, ""pooled_depth"": 2489.0, ""callable"": false}, ""sub2"": {""vaf"": 0.00504, ""n"": 785, ""pooled_depth"": 10935.0, ""callable"": false}, ""sub3"": {""vaf"": 0.00524, ""n"": 747, ""pooled_depth"": 7325.0, ""callable"": false}, ""sub4"": {""vaf"": 0.00553, ""n"": 640, ""pooled_depth"": 6544.0, ""callable"": false}, ""sub5"": {""vaf"": 0.00491, ""n"": 534, ""pooled_depth"": 8873.0, ""callable"": false}, ""sub6"": {""vaf"": 0.00566, ""n"": 504, ""pooled_depth"": 5255.0, ""callable"": false}, ""sub7"": {""vaf"": 0.00505, ""n"": 494, ""pooled_depth"": 3579.0, ""callable"": false}, ""sub8"": {""vaf"": 0.00454, ""n"": 483, ""pooled_depth"": 8789.0, ""callable"": false}, ""sub9"": {""vaf"": 0.00691, ""n"": 457, ""pooled_depth"": 6802.0, ""callable"": false}}"	cll6_2
12899	12	4.509362213759006e-07	9.641982331022742e-07	0.64	False	1.0	True	sub3	True	True	True	True	True	"{""sub1"": {""vaf"": 0.0046, ""n"": 958, ""pooled_depth"": 15922.0, ""callable"": false}, ""sub10"": {""vaf"": 0.00513, ""n"": 396, ""pooled_depth"": 4426.0, ""callable"": false}, ""sub11"": {""vaf"": 0.00513, ""n"": 397, ""pooled_depth"": 5387.0, ""callable"": false}, ""sub12"": {""vaf"": 0.00493, ""n"": 183, ""pooled_depth"": 2567.0, ""callable"": false}, ""sub2"": {""vaf"": 0.0051, ""n"": 784, ""pooled_depth"": 11154.0, ""callable"": false}, ""sub3"": {""vaf"": 0.00611, ""n"": 746, ""pooled_depth"": 7313.0, ""callable"": false}, ""sub4"": {""vaf"": 0.00542, ""n"": 641, ""pooled_depth"": 6673.0, ""callable"": false}, ""sub5"": {""vaf"": 0.00476, ""n"": 535, ""pooled_depth"": 8939.0, ""callable"": false}, ""sub6"": {""vaf"": 0.00512, ""n"": 502, ""pooled_depth"": 5210.0, ""callable"": false}, ""sub7"": {""vaf"": 0.00496, ""n"": 488, ""pooled_depth"": 3526.0, ""callable"": false}, ""sub8"": {""vaf"": 0.0048, ""n"": 482, ""pooled_depth"": 8610.0, ""callable"": false}, ""sub9"": {""vaf"": 0.00466, ""n"": 455, ""pooled_depth"": 6882.0, ""callable"": false}}"	cll6_2
12917	12	4.998751924640008e-07	1.179127974961716e-06	0.72	False	1.0	True	sub6	True	True	True	True	True	"{""sub1"": {""vaf"": 0.00473, ""n"": 956, ""pooled_depth"": 15075.0, ""callable"": false}, ""sub10"": {""vaf"": 0.00501, ""n"": 393, ""pooled_depth"": 4189.0, ""callable"": false}, ""sub11"": {""vaf"": 0.00588, ""n"": 398, ""pooled_depth"": 5188.0, ""callable"": false}, ""sub12"": {""vaf"": 0.00522, ""n"": 184, ""pooled_depth"": 2460.0, ""callable"": false}, ""sub2"": {""vaf"": 0.00515, ""n"": 782, ""pooled_depth"": 10526.0, ""callable"": false}, ""sub3"": {""vaf"": 0.0047, ""n"": 745, ""pooled_depth"": 6922.0, ""callable"": false}, ""sub4"": {""vaf"": 0.00554, ""n"": 636, ""pooled_depth"": 6355.0, ""callable"": false}, ""sub5"": {""vaf"": 0.0051, ""n"": 534, ""pooled_depth"": 8539.0, ""callable"": false}, ""sub6"": {""vaf"": 0.00591, ""n"": 504, ""pooled_depth"": 4961.0, ""callable"": false}, ""sub7"": {""vaf"": 0.00494, ""n"": 488, ""pooled_depth"": 3298.0, ""callable"": false}, ""sub8"": {""vaf"": 0.00466, ""n"": 480, ""pooled_depth"": 8099.0, ""callable"": false}, ""sub9"": {""vaf"": 0.00525, ""n"": 452, ""pooled_depth"": 6618.0, ""callable"": false}}"	cll6_2
12933	12	2.373489068242656e-06	1.4289119774681502e-06	0.0	True	1.0	True	sub10	True	True	True	True	True	"{""sub1"": {""vaf"": 0.00736, ""n"": 959, ""pooled_depth"": 17069.0, ""callable"": false}, ""sub10"": {""vaf"": 0.0096, ""n"": 396, ""pooled_depth"": 4861.0, ""callable"": true}, ""sub11"": {""vaf"": 0.00731, ""n"": 397, ""pooled_depth"": 5850.0, ""callable"": false}, ""sub12"": {""vaf"": 0.00642, ""n"": 184, ""pooled_depth"": 2774.0, ""callable"": false}, ""sub2"": {""vaf"": 0.0072, ""n"": 785, ""pooled_depth"": 11805.0, ""callable"": false}, ""sub3"": {""vaf"": 0.00753, ""n"": 746, ""pooled_depth"": 7743.0, ""callable"": false}, ""sub4"": {""vaf"": 0.00813, ""n"": 640, ""pooled_depth"": 7123.0, ""callable"": true}, ""sub5"": {""vaf"": 0.00584, ""n"": 535, ""pooled_depth"": 9766.0, ""callable"": false}, ""sub6"": {""vaf"": 0.00955, ""n"": 507, ""pooled_depth"": 5630.0, ""callable"": true}, ""sub7"": {""vaf"": 0.00897, ""n"": 492, ""pooled_depth"": 3684.0, ""callable"": true}, ""sub8"": {""vaf"": 0.00562, ""n"": 478, ""pooled_depth"": 8996.0, ""callable"": false}, ""sub9"": {""vaf"": 0.00794, ""n"": 458, ""pooled_depth"": 7609.0, ""callable"": true}}"	cll6_2
12972	12	5.3655898199953e-07	1.2187967368559167e-06	0.685	False	1.0	True	sub10	True	True	True	True	True	"{""sub1"": {""vaf"": 0.0075, ""n"": 960, ""pooled_depth"": 18406.0, ""callable"": false}, ""sub10"": {""vaf"": 0.00783, ""n"": 396, ""pooled_depth"": 5567.0, ""callable"": true}, ""sub11"": {""vaf"": 0.00691, ""n"": 398, ""pooled_depth"": 6534.0, ""callable"": false}, ""sub12"": {""vaf"": 0.00652, ""n"": 184, ""pooled_depth"": 3039.0, ""callable"": false}, ""sub2"": {""vaf"": 0.00688, ""n"": 787, ""pooled_depth"": 12830.0, ""callable"": false}, ""sub3"": {""vaf"": 0.00747, ""n"": 742, ""pooled_depth"": 8466.0, ""callable"": false}, ""sub4"": {""vaf"": 0.00751, ""n"": 639, ""pooled_depth"": 7718.0, ""callable"": true}, ""sub5"": {""vaf"": 0.00681, ""n"": 536, ""pooled_depth"": 10687.0, ""callable"": false}, ""sub6"": {""vaf"": 0.00716, ""n"": 503, ""pooled_depth"": 6051.0, ""callable"": false}, ""sub7"": {""vaf"": 0.00708, ""n"": 493, ""pooled_depth"": 4086.0, ""callable"": false}, ""sub8"": {""vaf"": 0.00662, ""n"": 482, ""pooled_depth"": 9531.0, ""callable"": false}, ""sub9"": {""vaf"": 0.00679, ""n"": 460, ""pooled_depth"": 8393.0, ""callable"": false}}"	cll6_2
13022	12	3.642424899501824e-07	1.0491334969275688e-06	0.87	False	1.0	True	sub2	True	True	True	True	True	"{""sub1"": {""vaf"": 0.00589, ""n"": 959, ""pooled_depth"": 18561.0, ""callable"": false}, ""sub10"": {""vaf"": 0.00595, ""n"": 398, ""pooled_depth"": 5529.0, ""callable"": false}, ""sub11"": {""vaf"": 0.006, ""n"": 394, ""pooled_depth"": 6449.0, ""callable"": false}, ""sub12"": {""vaf"": 0.00558, ""n"": 183, ""pooled_depth"": 3056.0, ""callable"": false}, ""sub2"": {""vaf"": 0.00619, ""n"": 785, ""pooled_depth"": 12845.0, ""callable"": false}, ""sub3"": {""vaf"": 0.00573, ""n"": 745, ""pooled_depth"": 8584.0, ""callable"": false}, ""sub4"": {""vaf"": 0.00599, ""n"": 636, ""pooled_depth"": 7627.0, ""callable"": false}, ""sub5"": {""vaf"": 0.0059, ""n"": 534, ""pooled_depth"": 10721.0, ""callable"": false}, ""sub6"": {""vaf"": 0.00598, ""n"": 505, ""pooled_depth"": 5974.0, ""callable"": false}, ""sub7"": {""vaf"": 0.00527, ""n"": 497, ""pooled_depth"": 4144.0, ""callable"": false}, ""sub8"": {""vaf"": 0.00489, ""n"": 481, ""pooled_depth"": 9602.0, ""callable"": false}, ""sub9"": {""vaf"": 0.00606, ""n"": 459, ""pooled_depth"": 8305.0, ""callable"": false}}"	cll6_2
13117	12	1.5693140716140462e-06	1.1531585621677062e-06	0.0	True	1.0	True	sub9	True	True	True	True	True	"{""sub1"": {""vaf"": 0.00476, ""n"": 956, ""pooled_depth"": 16067.0, ""callable"": false}, ""sub10"": {""vaf"": 0.00674, ""n"": 396, ""pooled_depth"": 4618.0, ""callable"": false}, ""sub11"": {""vaf"": 0.00683, ""n"": 393, ""pooled_depth"": 5675.0, ""callable"": false}, ""sub12"": {""vaf"": 0.00577, ""n"": 185, ""pooled_depth"": 2553.0, ""callable"": false}, ""sub2"": {""vaf"": 0.00553, ""n"": 782, ""pooled_depth"": 11140.0, ""callable"": false}, ""sub3"": {""vaf"": 0.00604, ""n"": 741, ""pooled_depth"": 7411.0, ""callable"": false}, ""sub4"": {""vaf"": 0.00628, ""n"": 632, ""pooled_depth"": 6669.0, ""callable"": false}, ""sub5"": {""vaf"": 0.00554, ""n"": 531, ""pooled_depth"": 9137.0, ""callable"": false}, ""sub6"": {""vaf"": 0.00732, ""n"": 506, ""pooled_depth"": 5452.0, ""callable"": true}, ""sub7"": {""vaf"": 0.00674, ""n"": 494, ""pooled_depth"": 3577.0, ""callable"": false}, ""sub8"": {""vaf"": 0.00524, ""n"": 482, ""pooled_depth"": 8541.0, ""callable"": false}, ""sub9"": {""vaf"": 0.00741, ""n"": 458, ""pooled_depth"": 7095.0, ""callable"": true}}"	cll6_2
13120	12	4.5401247213271065e-06	2.168324156323812e-06	0.0	True	1.0	True	sub4	True	True	True	True	True	"{""sub1"": {""vaf"": 0.00875, ""n"": 958, ""pooled_depth"": 16283.0, ""callable"": true}, ""sub10"": {""vaf"": 0.00807, ""n"": 396, ""pooled_depth"": 4651.0, ""callable"": false}, ""sub11"": {""vaf"": 0.01025, ""n"": 394, ""pooled_depth"": 5759.0, ""callable"": true}, ""sub12"": {""vaf"": 0.00825, ""n"": 184, ""pooled_depth"": 2577.0, ""callable"": false}, ""sub2"": {""vaf"": 0.00736, ""n"": 783, ""pooled_depth"": 11242.0, ""callable"": false}, ""sub3"": {""vaf"": 0.0099, ""n"": 741, ""pooled_depth"": 7532.0, ""callable"": true}, ""sub4"": {""vaf"": 0.01315, ""n"": 631, ""pooled_depth"": 6793.0, ""callable"": true}, ""sub5"": {""vaf"": 0.00787, ""n"": 532, ""pooled_depth"": 9263.0, ""callable"": false}, ""sub6"": {""vaf"": 0.01104, ""n"": 504, ""pooled_depth"": 5500.0, ""callable"": true}, ""sub7"": {""vaf"": 0.00719, ""n"": 492, ""pooled_depth"": 3609.0, ""callable"": false}, ""sub8"": {""vaf"": 0.00677, ""n"": 482, ""pooled_depth"": 8658.0, ""callable"": false}, ""sub9"": {""vaf"": 0.00992, ""n"": 458, ""pooled_depth"": 7114.0, ""callable"": true}}"	cll6_2
13159	12	2.1303545753108683e-06	1.3737240971406425e-06	0.0	True	1.0	True	sub6	True	True	True	True	True	"{""sub1"": {""vaf"": 0.00609, ""n"": 954, ""pooled_depth"": 14232.0, ""callable"": false}, ""sub10"": {""vaf"": 0.00682, ""n"": 394, ""pooled_depth"": 3974.0, ""callable"": false}, ""sub11"": {""vaf"": 0.00653, ""n"": 397, ""pooled_depth"": 4857.0, ""callable"": false}, ""sub12"": {""vaf"": 0.0049, ""n"": 185, ""pooled_depth"": 2247.0, ""callable"": false}, ""sub2"": {""vaf"": 0.00548, ""n"": 778, ""pooled_depth"": 9836.0, ""callable"": false}, ""sub3"": {""vaf"": 0.00541, ""n"": 740, ""pooled_depth"": 6657.0, ""callable"": false}, ""sub4"": {""vaf"": 0.00753, ""n"": 635, ""pooled_depth"": 5805.0, ""callable"": true}, ""sub5"": {""vaf"": 0.00539, ""n"": 532, ""pooled_depth"": 8166.0, ""callable"": false}, ""sub6"": {""vaf"": 0.00765, ""n"": 505, ""pooled_depth"": 4760.0, ""callable"": true}, ""sub7"": {""vaf"": 0.0046, ""n"": 488, ""pooled_depth"": 3184.0, ""callable"": false}, ""sub8"": {""vaf"": 0.00379, ""n"": 479, ""pooled_depth"": 7734.0, ""callable"": false}, ""sub9"": {""vaf"": 0.00681, ""n"": 455, ""pooled_depth"": 6185.0, ""callable"": false}}"	cll6_2
13311	12	1.2240125817439603e-06	1.2795109426582647e-06	0.075	False	1.0	True	sub6	True	True	True	True	True	"{""sub1"": {""vaf"": 0.00523, ""n"": 954, ""pooled_depth"": 13680.0, ""callable"": false}, ""sub10"": {""vaf"": 0.0058, ""n"": 393, ""pooled_depth"": 3579.0, ""callable"": false}, ""sub11"": {""vaf"": 0.00618, ""n"": 395, ""pooled_depth"": 4507.0, ""callable"": false}, ""sub12"": {""vaf"": 0.00593, ""n"": 184, ""pooled_depth"": 2206.0, ""callable"": false}, ""sub2"": {""vaf"": 0.00464, ""n"": 785, ""pooled_depth"": 9381.0, ""callable"": false}, ""sub3"": {""vaf"": 0.00541, ""n"": 735, ""pooled_depth"": 6032.0, ""callable"": false}, ""sub4"": {""vaf"": 0.00641, ""n"": 631, ""pooled_depth"": 5424.0, ""callable"": false}, ""sub5"": {""vaf"": 0.00649, ""n"": 532, ""pooled_depth"": 7764.0, ""callable"": false}, ""sub6"": {""vaf"": 0.0068, ""n"": 506, ""pooled_depth"": 4391.0, ""callable"": false}, ""sub7"": {""vaf"": 0.00624, ""n"": 485, ""pooled_depth"": 2978.0, ""callable"": false}, ""sub8"": {""vaf"": 0.00533, ""n"": 480, ""pooled_depth"": 7336.0, ""callable"": false}, ""sub9"": {""vaf"": 0.00631, ""n"": 457, ""pooled_depth"": 5894.0, ""callable"": false}}"	cll6_2
13321	12	9.592490211696763e-07	1.597443548017538e-06	0.315	False	1.0	True	sub1	True	True	True	True	True	"{""sub1"": {""vaf"": 0.00644, ""n"": 955, ""pooled_depth"": 13372.0, ""callable"": false}, ""sub10"": {""vaf"": 0.00499, ""n"": 394, ""pooled_depth"": 3577.0, ""callable"": false}, ""sub11"": {""vaf"": 0.00557, ""n"": 394, ""pooled_depth"": 4445.0, ""callable"": false}, ""sub12"": {""vaf"": 0.00513, ""n"": 183, ""pooled_depth"": 2176.0, ""callable"": false}, ""sub2"": {""vaf"": 0.00524, ""n"": 785, ""pooled_depth"": 9266.0, ""callable"": false}, ""sub3"": {""vaf"": 0.0056, ""n"": 734, ""pooled_depth"": 5831.0, ""callable"": false}, ""sub4"": {""vaf"": 0.00611, ""n"": 631, ""pooled_depth"": 5222.0, ""callable"": false}, ""sub5"": {""vaf"": 0.00529, ""n"": 531, ""pooled_depth"": 7624.0, ""callable"": false}, ""sub6"": {""vaf"": 0.00533, ""n"": 502, ""pooled_depth"": 4322.0, ""callable"": false}, ""sub7"": {""vaf"": 0.00511, ""n"": 486, ""pooled_depth"": 2980.0, ""callable"": false}, ""sub8"": {""vaf"": 0.0044, ""n"": 480, ""pooled_depth"": 7273.0, ""callable"": false}, ""sub9"": {""vaf"": 0.0054, ""n"": 460, ""pooled_depth"": 5864.0, ""callable"": false}}"	cll6_2
13382	12	8.31906086031944e-06	2.836220963988383e-06	0.0	True	1.0	True	sub4	True	True	True	True	True	"{""sub1"": {""vaf"": 0.01054, ""n"": 954, ""pooled_depth"": 15215.0, ""callable"": true}, ""sub10"": {""vaf"": 0.01441, ""n"": 397, ""pooled_depth"": 4092.0, ""callable"": true}, ""sub11"": {""vaf"": 0.01516, ""n"": 392, ""pooled_depth"": 5071.0, ""callable"": true}, ""sub12"": {""vaf"": 0.01317, ""n"": 184, ""pooled_depth"": 2403.0, ""callable"": true}, ""sub2"": {""vaf"": 0.01299, ""n"": 781, ""pooled_depth"": 10767.0, ""callable"": true}, ""sub3"": {""vaf"": 0.0122, ""n"": 734, ""pooled_depth"": 6969.0, ""callable"": true}, ""sub4"": {""vaf"": 0.01765, ""n"": 638, ""pooled_depth"": 6369.0, ""callable"": true}, ""sub5"": {""vaf"": 0.00993, ""n"": 530, ""pooled_depth"": 8376.0, ""callable"": true}, ""sub6"": {""vaf"": 0.01509, ""n"": 508, ""pooled_depth"": 4836.0, ""callable"": true}, ""sub7"": {""vaf"": 0.01088, ""n"": 492, ""pooled_depth"": 3388.0, ""callable"": true}, ""sub8"": {""vaf"": 0.00916, ""n"": 485, ""pooled_depth"": 8324.0, ""callable"": true}, ""sub9"": {""vaf"": 0.01331, ""n"": 458, ""pooled_depth"": 6496.0, ""callable"": true}}"	cll6_2
13411	12	2.6700458808356025e-06	1.412128059481678e-06	0.0	True	1.0	True	sub10	False	True	True	True	True	"{""sub1"": {""vaf"": 0.00472, ""n"": 953, ""pooled_depth"": 11931.0, ""callable"": false}, ""sub10"": {""vaf"": 0.00819, ""n"": 391, ""pooled_depth"": 3047.0, ""callable"": true}, ""sub11"": {""vaf"": 0.00527, ""n"": 392, ""pooled_depth"": 3885.0, ""callable"": false}, ""sub12"": {""vaf"": 0.00598, ""n"": 181, ""pooled_depth"": 1897.0, ""callable"": false}, ""sub2"": {""vaf"": 0.00477, ""n"": 782, ""pooled_depth"": 8427.0, ""callable"": false}, ""sub3"": {""vaf"": 0.00605, ""n"": 728, ""pooled_depth"": 5326.0, ""callable"": false}, ""sub4"": {""vaf"": 0.00535, ""n"": 627, ""pooled_depth"": 4734.0, ""callable"": false}, ""sub5"": {""vaf"": 0.00389, ""n"": 531, ""pooled_depth"": 6570.0, ""callable"": false}, ""sub6"": {""vaf"": 0.00679, ""n"": 493, ""pooled_depth"": 3699.0, ""callable"": false}, ""sub7"": {""vaf"": 0.00445, ""n"": 482, ""pooled_depth"": 2637.0, ""callable"": false}, ""sub8"": {""vaf"": 0.00348, ""n"": 476, ""pooled_depth"": 6663.0, ""callable"": false}, ""sub9"": {""vaf"": 0.00704, ""n"": 455, ""pooled_depth"": 4933.0, ""callable"": false}}"	cll6_2
13426	12	1.6015233703233753e-06	1.321343735597017e-06	0.01	True	1.0	True	sub6	True	True	True	True	True	"{""sub1"": {""vaf"": 0.0063, ""n"": 956, ""pooled_depth"": 14517.0, ""callable"": false}, ""sub10"": {""vaf"": 0.00709, ""n"": 397, ""pooled_depth"": 3922.0, ""callable"": false}, ""sub11"": {""vaf"": 0.00535, ""n"": 392, ""pooled_depth"": 4767.0, ""callable"": false}, ""sub12"": {""vaf"": 0.00558, ""n"": 183, ""pooled_depth"": 2282.0, ""callable"": false}, ""sub2"": {""vaf"": 0.00474, ""n"": 783, ""pooled_depth"": 10030.0, ""callable"": false}, ""sub3"": {""vaf"": 0.00695, ""n"": 736, ""pooled_depth"": 6514.0, ""callable"": false}, ""sub4"": {""vaf"": 0.00635, ""n"": 635, ""pooled_depth"": 5860.0, ""callable"": false}, ""sub5"": {""vaf"": 0.0061, ""n"": 532, ""pooled_depth"": 8036.0, ""callable"": false}, ""sub6"": {""vaf"": 0.0072, ""n"": 499, ""pooled_depth"": 4504.0, ""callable"": true}, ""sub7"": {""vaf"": 0.00608, ""n"": 486, ""pooled_depth"": 3144.0, ""callable"": false}, ""sub8"": {""vaf"": 0.00467, ""n"": 478, ""pooled_depth"": 7854.0, ""callable"": false}, ""sub9"": {""vaf"": 0.00681, ""n"": 458, ""pooled_depth"": 6131.0, ""callable"": false}}"	cll6_2
13432	12	1.4199553134573857e-06	1.3838615278024747e-06	0.03	True	1.0	True	sub4	True	True	True	True	True	"{""sub1"": {""vaf"": 0.00471, ""n"": 955, ""pooled_depth"": 14073.0, ""callable"": false}, ""sub10"": {""vaf"": 0.00607, ""n"": 397, ""pooled_depth"": 3999.0, ""callable"": false}, ""sub11"": {""vaf"": 0.00655, ""n"": 392, ""pooled_depth"": 4755.0, ""callable"": false}, ""sub12"": {""vaf"": 0.00576, ""n"": 182, ""pooled_depth"": 2198.0, ""callable"": false}, ""sub2"": {""vaf"": 0.00605, ""n"": 784, ""pooled_depth"": 9812.0, ""callable"": false}, ""sub3"": {""vaf"": 0.00587, ""n"": 734, ""pooled_depth"": 6326.0, ""callable"": false}, ""sub4"": {""vaf"": 0.00702, ""n"": 635, ""pooled_depth"": 5714.0, ""callable"": false}, ""sub5"": {""vaf"": 0.00495, ""n"": 531, ""pooled_depth"": 7924.0, ""callable"": false}, ""sub6"": {""vaf"": 0.00608, ""n"": 498, ""pooled_depth"": 4480.0, ""callable"": false}, ""sub7"": {""vaf"": 0.00591, ""n"": 485, ""pooled_depth"": 3045.0, ""callable"": false}, ""sub8"": {""vaf"": 0.00487, ""n"": 478, ""pooled_depth"": 7516.0, ""callable"": false}, ""sub9"": {""vaf"": 0.00658, ""n"": 458, ""pooled_depth"": 6089.0, ""callable"": false}}"	cll6_2
13538	12	2.4386803784783096e-06	1.9806077764612687e-06	0.005	True	1.0	True	sub10	True	True	True	True	True	"{""sub1"": {""vaf"": 0.00907, ""n"": 956, ""pooled_depth"": 14795.0, ""callable"": true}, ""sub10"": {""vaf"": 0.01131, ""n"": 397, ""pooled_depth"": 3931.0, ""callable"": true}, ""sub11"": {""vaf"": 0.0097, ""n"": 394, ""pooled_depth"": 4974.0, ""callable"": true}, ""sub12"": {""vaf"": 0.00965, ""n"": 185, ""pooled_depth"": 2426.0, ""callable"": true}, ""sub2"": {""vaf"": 0.0082, ""n"": 785, ""pooled_depth"": 10327.0, ""callable"": true}, ""sub3"": {""vaf"": 0.00916, ""n"": 738, ""pooled_depth"": 6750.0, ""callable"": true}, ""sub4"": {""vaf"": 0.0107, ""n"": 635, ""pooled_depth"": 5915.0, ""callable"": true}, ""sub5"": {""vaf"": 0.00967, ""n"": 535, ""pooled_depth"": 8304.0, ""callable"": true}, ""sub6"": {""vaf"": 0.01046, ""n"": 501, ""pooled_depth"": 4683.0, ""callable"": true}, ""sub7"": {""vaf"": 0.00837, ""n"": 485, ""pooled_depth"": 3254.0, ""callable"": false}, ""sub8"": {""vaf"": 0.00719, ""n"": 480, ""pooled_depth"": 8034.0, ""callable"": false}, ""sub9"": {""vaf"": 0.00923, ""n"": 456, ""pooled_depth"": 6247.0, ""callable"": true}}"	cll6_2
13606	12	3.1543111724808575e-06	1.57043289967158e-06	0.0	True	1.0	True	sub4	True	True	True	True	True	"{""sub1"": {""vaf"": 0.00751, ""n"": 954, ""pooled_depth"": 15410.0, ""callable"": false}, ""sub10"": {""vaf"": 0.00966, ""n"": 396, ""pooled_depth"": 4440.0, ""callable"": true}, ""sub11"": {""vaf"": 0.00748, ""n"": 394, ""pooled_depth"": 5328.0, ""callable"": false}, ""sub12"": {""vaf"": 0.00925, ""n"": 184, ""pooled_depth"": 2447.0, ""callable"": true}, ""sub2"": {""vaf"": 0.00736, ""n"": 782, ""pooled_depth"": 10603.0, ""callable"": false}, ""sub3"": {""vaf"": 0.00801, ""n"": 743, ""pooled_depth"": 6980.0, ""callable"": true}, ""sub4"": {""vaf"": 0.0115, ""n"": 636, ""pooled_depth"": 6046.0, ""callable"": true}, ""sub5"": {""vaf"": 0.00663, ""n"": 535, ""pooled_depth"": 8805.0, ""callable"": false}, ""sub6"": {""vaf"": 0.00717, ""n"": 501, ""pooled_depth"": 4938.0, ""callable"": false}, ""sub7"": {""vaf"": 0.00645, ""n"": 495, ""pooled_depth"": 3364.0, ""callable"": false}, ""sub8"": {""vaf"": 0.00606, ""n"": 479, ""pooled_depth"": 7982.0, ""callable"": false}, ""sub9"": {""vaf"": 0.00766, ""n"": 458, ""pooled_depth"": 6721.0, ""callable"": false}}"	cll6_2
13671	12	2.3929197837080004e-06	1.3094748178058283e-06	0.0	True	1.0	True	sub9	True	True	True	True	True	"{""sub1"": {""vaf"": 0.00546, ""n"": 950, ""pooled_depth"": 12765.0, ""callable"": false}, ""sub10"": {""vaf"": 0.00623, ""n"": 395, ""pooled_depth"": 3534.0, ""callable"": false}, ""sub11"": {""vaf"": 0.00746, ""n"": 393, ""pooled_depth"": 4475.0, ""callable"": true}, ""sub12"": {""vaf"": 0.00538, ""n"": 183, ""pooled_depth"": 2029.0, ""callable"": false}, ""sub2"": {""vaf"": 0.00459, ""n"": 782, ""pooled_depth"": 8853.0, ""callable"": false}, ""sub3"": {""vaf"": 0.00527, ""n"": 738, ""pooled_depth"": 5723.0, ""callable"": false}, ""sub4"": {""vaf"": 0.00609, ""n"": 634, ""pooled_depth"": 5311.0, ""callable"": false}, ""sub5"": {""vaf"": 0.00487, ""n"": 537, ""pooled_depth"": 7390.0, ""callable"": false}, ""sub6"": {""vaf"": 0.00676, ""n"": 500, ""pooled_depth"": 4126.0, ""callable"": false}, ""sub7"": {""vaf"": 0.00577, ""n"": 494, ""pooled_depth"": 2777.0, ""callable"": false}, ""sub8"": {""vaf"": 0.00357, ""n"": 479, ""pooled_depth"": 6965.0, ""callable"": false}, ""sub9"": {""vaf"": 0.0076, ""n"": 457, ""pooled_depth"": 5533.0, ""callable"": true}}"	cll6_2
13733	12	2.7607564891192384e-06	2.2424291405860152e-06	0.005	True	1.0	True	sub3	True	True	True	True	True	"{""sub1"": {""vaf"": 0.0067, ""n"": 951, ""pooled_depth"": 15951.0, ""callable"": false}, ""sub10"": {""vaf"": 0.00925, ""n"": 396, ""pooled_depth"": 4684.0, ""callable"": true}, ""sub11"": {""vaf"": 0.00821, ""n"": 395, ""pooled_depth"": 5430.0, ""callable"": true}, ""sub12"": {""vaf"": 0.00665, ""n"": 185, ""pooled_depth"": 2554.0, ""callable"": false}, ""sub2"": {""vaf"": 0.0066, ""n"": 784, ""pooled_depth"": 11071.0, ""callable"": false}, ""sub3"": {""vaf"": 0.00964, ""n"": 743, ""pooled_depth"": 7411.0, ""callable"": true}, ""sub4"": {""vaf"": 0.00893, ""n"": 634, ""pooled_depth"": 6606.0, ""callable"": true}, ""sub5"": {""vaf"": 0.00645, ""n"": 532, ""pooled_depth"": 9055.0, ""callable"": false}, ""sub6"": {""vaf"": 0.00906, ""n"": 509, ""pooled_depth"": 5265.0, ""callable"": true}, ""sub7"": {""vaf"": 0.00649, ""n"": 487, ""pooled_depth"": 3440.0, ""callable"": false}, ""sub8"": {""vaf"": 0.00587, ""n"": 482, ""pooled_depth"": 8118.0, ""callable"": false}, ""sub9"": {""vaf"": 0.00675, ""n"": 457, ""pooled_depth"": 7223.0, ""callable"": false}}"	cll6_2
13951	12	1.952038578166174e-06	1.5801133387901183e-06	0.01	True	1.0	True	sub6	True	True	True	True	True	"{""sub1"": {""vaf"": 0.00867, ""n"": 955, ""pooled_depth"": 18577.0, ""callable"": true}, ""sub10"": {""vaf"": 0.00901, ""n"": 397, ""pooled_depth"": 5197.0, ""callable"": true}, ""sub11"": {""vaf"": 0.01057, ""n"": 396, ""pooled_depth"": 6417.0, ""callable"": true}, ""sub12"": {""vaf"": 0.01058, ""n"": 181, ""pooled_depth"": 3007.0, ""callable"": true}, ""sub2"": {""vaf"": 0.00873, ""n"": 783, ""pooled_depth"": 12940.0, ""callable"": true}, ""sub3"": {""vaf"": 0.01, ""n"": 750, ""pooled_depth"": 8508.0, ""callable"": true}, ""sub4"": {""vaf"": 0.00997, ""n"": 641, ""pooled_depth"": 7438.0, ""callable"": true}, ""sub5"": {""vaf"": 0.00928, ""n"": 536, ""pooled_depth"": 10654.0, ""callable"": true}, ""sub6"": {""vaf"": 0.01165, ""n"": 502, ""pooled_depth"": 5975.0, ""callable"": true}, ""sub7"": {""vaf"": 0.0098, ""n"": 498, ""pooled_depth"": 4060.0, ""callable"": true}, ""sub8"": {""vaf"": 0.00792, ""n"": 478, ""pooled_depth"": 9602.0, ""callable"": false}, ""sub9"": {""vaf"": 0.00973, ""n"": 459, ""pooled_depth"": 8126.0, ""callable"": true}}"	cll6_2
14000	12	3.0503456740826773e-06	2.478573085625864e-06	0.01	True	1.0	True	sub10	True	True	True	True	True	"{""sub1"": {""vaf"": 0.01071, ""n"": 956, ""pooled_depth"": 14703.0, ""callable"": true}, ""sub10"": {""vaf"": 0.01476, ""n"": 393, ""pooled_depth"": 3843.0, ""callable"": true}, ""sub11"": {""vaf"": 0.0112, ""n"": 391, ""pooled_depth"": 4966.0, ""callable"": true}, ""sub12"": {""vaf"": 0.00861, ""n"": 184, ""pooled_depth"": 2392.0, ""callable"": false}, ""sub2"": {""vaf"": 0.01183, ""n"": 784, ""pooled_depth"": 10255.0, ""callable"": true}, ""sub3"": {""vaf"": 0.0116, ""n"": 742, ""pooled_depth"": 6536.0, ""callable"": true}, ""sub4"": {""vaf"": 0.0106, ""n"": 635, ""pooled_depth"": 5921.0, ""callable"": true}, ""sub5"": {""vaf"": 0.0099, ""n"": 535, ""pooled_depth"": 8396.0, ""callable"": true}, ""sub6"": {""vaf"": 0.01122, ""n"": 500, ""pooled_depth"": 4770.0, ""callable"": true}, ""sub7"": {""vaf"": 0.00996, ""n"": 491, ""pooled_depth"": 3213.0, ""callable"": true}, ""sub8"": {""vaf"": 0.0098, ""n"": 482, ""pooled_depth"": 7790.0, ""callable"": true}, ""sub9"": {""vaf"": 0.01216, ""n"": 457, ""pooled_depth"": 6478.0, ""callable"": true}}"	cll6_2
14248	12	1.9364821406824316e-06	1.7915534974244701e-06	0.025	True	1.0	True	sub11	False	True	True	True	True	"{""sub1"": {""vaf"": 0.00423, ""n"": 952, ""pooled_depth"": 11455.0, ""callable"": false}, ""sub10"": {""vaf"": 0.00531, ""n"": 393, ""pooled_depth"": 2911.0, ""callable"": false}, ""sub11"": {""vaf"": 0.00713, ""n"": 392, ""pooled_depth"": 3861.0, ""callable"": true}, ""sub12"": {""vaf"": 0.00556, ""n"": 183, ""pooled_depth"": 1761.0, ""callable"": false}, ""sub2"": {""vaf"": 0.00455, ""n"": 777, ""pooled_depth"": 7817.0, ""callable"": false}, ""sub3"": {""vaf"": 0.00621, ""n"": 730, ""pooled_depth"": 4996.0, ""callable"": false}, ""sub4"": {""vaf"": 0.00586, ""n"": 626, ""pooled_depth"": 4267.0, ""callable"": false}, ""sub5"": {""vaf"": 0.00445, ""n"": 528, ""pooled_depth"": 6479.0, ""callable"": false}, ""sub6"": {""vaf"": 0.00588, ""n"": 500, ""pooled_depth"": 3554.0, ""callable"": false}, ""sub7"": {""vaf"": 0.00589, ""n"": 476, ""pooled_depth"": 2358.0, ""callable"": false}, ""sub8"": {""vaf"": 0.00394, ""n"": 470, ""pooled_depth"": 6398.0, ""callable"": false}, ""sub9"": {""vaf"": 0.0058, ""n"": 457, ""pooled_depth"": 4848.0, ""callable"": false}}"	cll6_2
14267	12	9.366195304824718e-06	4.1094564085752705e-06	0.0	True	1.0	True	sub4	True	True	True	True	True	"{""sub1"": {""vaf"": 0.01073, ""n"": 960, ""pooled_depth"": 14438.0, ""callable"": true}, ""sub10"": {""vaf"": 0.01399, ""n"": 399, ""pooled_depth"": 4049.0, ""callable"": true}, ""sub11"": {""vaf"": 0.01299, ""n"": 394, ""pooled_depth"": 5052.0, ""callable"": true}, ""sub12"": {""vaf"": 0.00942, ""n"": 185, ""pooled_depth"": 2262.0, ""callable"": false}, ""sub2"": {""vaf"": 0.01078, ""n"": 784, ""pooled_depth"": 10201.0, ""callable"": true}, ""sub3"": {""vaf"": 0.0127, ""n"": 742, ""pooled_depth"": 6688.0, ""callable"": true}, ""sub4"": {""vaf"": 0.01916, ""n"": 636, ""pooled_depth"": 5916.0, ""callable"": true}, ""sub5"": {""vaf"": 0.01139, ""n"": 531, ""pooled_depth"": 8458.0, ""callable"": true}, ""sub6"": {""vaf"": 0.01702, ""n"": 503, ""pooled_depth"": 4673.0, ""callable"": true}, ""sub7"": {""vaf"": 0.01234, ""n"": 488, ""pooled_depth"": 3106.0, ""callable"": true}, ""sub8"": {""vaf"": 0.00981, ""n"": 476, ""pooled_depth"": 7945.0, ""callable"": true}, ""sub9"": {""vaf"": 0.01158, ""n"": 456, ""pooled_depth"": 6482.0, ""callable"": true}}"	cll6_2
14333	12	2.521517254124195e-06	1.5108225754272433e-06	0.0	True	1.0	True	sub6	True	True	True	True	True	"{""sub1"": {""vaf"": 0.00468, ""n"": 951, ""pooled_depth"": 13535.0, ""callable"": false}, ""sub10"": {""vaf"": 0.00523, ""n"": 398, ""pooled_depth"": 3537.0, ""callable"": false}, ""sub11"": {""vaf"": 0.00626, ""n"": 390, ""pooled_depth"": 4614.0, ""callable"": false}, ""sub12"": {""vaf"": 0.00394, ""n"": 184, ""pooled_depth"": 2164.0, ""callable"": false}, ""sub2"": {""vaf"": 0.00416, ""n"": 778, ""pooled_depth"": 9417.0, ""callable"": false}, ""sub3"": {""vaf"": 0.00547, ""n"": 737, ""pooled_depth"": 6054.0, ""callable"": false}, ""sub4"": {""vaf"": 0.00737, ""n"": 634, ""pooled_depth"": 5589.0, ""callable"": false}, ""sub5"": {""vaf"": 0.00564, ""n"": 530, ""pooled_depth"": 7781.0, ""callable"": false}, ""sub6"": {""vaf"": 0.00872, ""n"": 502, ""pooled_depth"": 4248.0, ""callable"": true}, ""sub7"": {""vaf"": 0.00542, ""n"": 493, ""pooled_depth"": 2991.0, ""callable"": false}, ""sub8"": {""vaf"": 0.0043, ""n"": 479, ""pooled_depth"": 7436.0, ""callable"": false}, ""sub9"": {""vaf"": 0.00552, ""n"": 458, ""pooled_depth"": 5802.0, ""callable"": false}}"	cll6_2
14442	12	9.75990629665477e-07	1.5268188403596003e-06	0.325	False	1.0	True	sub3	True	True	True	True	True	"{""sub1"": {""vaf"": 0.00589, ""n"": 953, ""pooled_depth"": 13465.0, ""callable"": false}, ""sub10"": {""vaf"": 0.0066, ""n"": 396, ""pooled_depth"": 3682.0, ""callable"": false}, ""sub11"": {""vaf"": 0.00539, ""n"": 392, ""pooled_depth"": 4514.0, ""callable"": false}, ""sub12"": {""vaf"": 0.00519, ""n"": 183, ""pooled_depth"": 2148.0, ""callable"": false}, ""sub2"": {""vaf"": 0.00518, ""n"": 783, ""pooled_depth"": 9302.0, ""callable"": false}, ""sub3"": {""vaf"": 0.00694, ""n"": 738, ""pooled_depth"": 6027.0, ""callable"": false}, ""sub4"": {""vaf"": 0.00648, ""n"": 626, ""pooled_depth"": 5367.0, ""callable"": false}, ""sub5"": {""vaf"": 0.00563, ""n"": 530, ""pooled_depth"": 7884.0, ""callable"": false}, ""sub6"": {""vaf"": 0.00632, ""n"": 504, ""pooled_depth"": 4188.0, ""callable"": false}, ""sub7"": {""vaf"": 0.00625, ""n"": 485, ""pooled_depth"": 3005.0, ""callable"": false}, ""sub8"": {""vaf"": 0.00531, ""n"": 478, ""pooled_depth"": 7482.0, ""callable"": false}, ""sub9"": {""vaf"": 0.00628, ""n"": 457, ""pooled_depth"": 5991.0, ""callable"": false}}"	cll6_2
14452	12	1.6585829672037021e-06	1.712279580710694e-06	0.055	False	1.0	True	sub9	False	True	True	True	True	"{""sub1"": {""vaf"": 0.00631, ""n"": 951, ""pooled_depth"": 12506.0, ""callable"": false}, ""sub10"": {""vaf"": 0.00709, ""n"": 395, ""pooled_depth"": 3432.0, ""callable"": false}, ""sub11"": {""vaf"": 0.00569, ""n"": 392, ""pooled_depth"": 4198.0, ""callable"": false}, ""sub12"": {""vaf"": 0.00659, ""n"": 183, ""pooled_depth"": 1971.0, ""callable"": false}, ""sub2"": {""vaf"": 0.00671, ""n"": 783, ""pooled_depth"": 8732.0, ""callable"": false}, ""sub3"": {""vaf"": 0.00617, ""n"": 733, ""pooled_depth"": 5722.0, ""callable"": false}, ""sub4"": {""vaf"": 0.00654, ""n"": 626, ""pooled_depth"": 5065.0, ""callable"": false}, ""sub5"": {""vaf"": 0.00682, ""n"": 528, ""pooled_depth"": 7213.0, ""callable"": false}, ""sub6"": {""vaf"": 0.0079, ""n"": 503, ""pooled_depth"": 3887.0, ""callable"": true}, ""sub7"": {""vaf"": 0.006, ""n"": 483, ""pooled_depth"": 2816.0, ""callable"": false}, ""sub8"": {""vaf"": 0.00496, ""n"": 479, ""pooled_depth"": 7100.0, ""callable"": false}, ""sub9"": {""vaf"": 0.008, ""n"": 459, ""pooled_depth"": 5549.0, ""callable"": true}}"	cll6_2
14518	12	4.377726946332086e-06	2.2030788587076807e-06	0.0	True	1.0	True	sub3	False	True	True	True	True	"{""sub1"": {""vaf"": 0.00546, ""n"": 948, ""pooled_depth"": 9828.0, ""callable"": false}, ""sub10"": {""vaf"": 0.00714, ""n"": 387, ""pooled_depth"": 2489.0, ""callable"": false}, ""sub11"": {""vaf"": 0.00596, ""n"": 391, ""pooled_depth"": 3204.0, ""callable"": false}, ""sub12"": {""vaf"": 0.00462, ""n"": 184, ""pooled_depth"": 1660.0, ""callable"": false}, ""sub2"": {""vaf"": 0.0045, ""n"": 778, ""pooled_depth"": 6837.0, ""callable"": false}, ""sub3"": {""vaf"": 0.00949, ""n"": 720, ""pooled_depth"": 4218.0, ""callable"": true}, ""sub4"": {""vaf"": 0.00865, ""n"": 615, ""pooled_depth"": 3932.0, ""callable"": true}, ""sub5"": {""vaf"": 0.0074, ""n"": 526, ""pooled_depth"": 5598.0, ""callable"": false}, ""sub6"": {""vaf"": 0.00616, ""n"": 496, ""pooled_depth"": 3066.0, ""callable"": false}, ""sub7"": {""vaf"": 0.00483, ""n"": 469, ""pooled_depth"": 2160.0, ""callable"": false}, ""sub8"": {""vaf"": 0.00465, ""n"": 477, ""pooled_depth"": 5505.0, ""callable"": false}, ""sub9"": {""vaf"": 0.00416, ""n"": 452, ""pooled_depth"": 4376.0, ""callable"": false}}"	cll6_2
14628	12	2.577649512881382e-06	1.7934166371323935e-06	0.0	True	1.0	True	sub10	True	True	True	True	True	"{""sub1"": {""vaf"": 0.00422, ""n"": 956, ""pooled_depth"": 12762.0, ""callable"": false}, ""sub10"": {""vaf"": 0.00815, ""n"": 396, ""pooled_depth"": 3406.0, ""callable"": true}, ""sub11"": {""vaf"": 0.00526, ""n"": 395, ""pooled_depth"": 4132.0, ""callable"": false}, ""sub12"": {""vaf"": 0.00618, ""n"": 183, ""pooled_depth"": 2072.0, ""callable"": false}, ""sub2"": {""vaf"": 0.00526, ""n"": 779, ""pooled_depth"": 8686.0, ""callable"": false}, ""sub3"": {""vaf"": 0.0062, ""n"": 730, ""pooled_depth"": 5610.0, ""callable"": false}, ""sub4"": {""vaf"": 0.0075, ""n"": 633, ""pooled_depth"": 4674.0, ""callable"": true}, ""sub5"": {""vaf"": 0.00533, ""n"": 536, ""pooled_depth"": 7055.0, ""callable"": false}, ""sub6"": {""vaf"": 0.00699, ""n"": 500, ""pooled_depth"": 3738.0, ""callable"": false}, ""sub7"": {""vaf"": 0.00559, ""n"": 489, ""pooled_depth"": 2694.0, ""callable"": false}, ""sub8"": {""vaf"": 0.00454, ""n"": 476, ""pooled_depth"": 6435.0, ""callable"": false}, ""sub9"": {""vaf"": 0.00704, ""n"": 458, ""pooled_depth"": 5403.0, ""callable"": false}}"	cll6_2
14989	12	5.006344271411527e-06	3.2400295844277813e-06	0.0	True	1.0	True	sub4	True	True	True	True	True	"{""sub1"": {""vaf"": 0.01489, ""n"": 955, ""pooled_depth"": 17060.0, ""callable"": true}, ""sub10"": {""vaf"": 0.01618, ""n"": 393, ""pooled_depth"": 4686.0, ""callable"": true}, ""sub11"": {""vaf"": 0.01797, ""n"": 399, ""pooled_depth"": 5699.0, ""callable"": true}, ""sub12"": {""vaf"": 0.01461, ""n"": 184, ""pooled_depth"": 2717.0, ""callable"": true}, ""sub2"": {""vaf"": 0.01365, ""n"": 783, ""pooled_depth"": 11945.0, ""callable"": true}, ""sub3"": {""vaf"": 0.01658, ""n"": 745, ""pooled_depth"": 7709.0, ""callable"": true}, ""sub4"": {""vaf"": 0.01804, ""n"": 639, ""pooled_depth"": 7109.0, ""callable"": true}, ""sub5"": {""vaf"": 0.01369, ""n"": 537, ""pooled_depth"": 9718.0, ""callable"": true}, ""sub6"": {""vaf"": 0.01684, ""n"": 506, ""pooled_depth"": 5536.0, ""callable"": true}, ""sub7"": {""vaf"": 0.01373, ""n"": 493, ""pooled_depth"": 3633.0, ""callable"": true}, ""sub8"": {""vaf"": 0.01266, ""n"": 482, ""pooled_depth"": 9047.0, ""callable"": true}, ""sub9"": {""vaf"": 0.01459, ""n"": 462, ""pooled_depth"": 7520.0, ""callable"": true}}"	cll6_2
15038	12	6.786434146285986e-06	4.802328030364764e-06	0.0	True	1.0	True	sub4	True	True	True	True	True	"{""sub1"": {""vaf"": 0.01899, ""n"": 955, ""pooled_depth"": 14649.0, ""callable"": true}, ""sub10"": {""vaf"": 0.01931, ""n"": 400, ""pooled_depth"": 4170.0, ""callable"": true}, ""sub11"": {""vaf"": 0.02137, ""n"": 394, ""pooled_depth"": 4878.0, ""callable"": true}, ""sub12"": {""vaf"": 0.0174, ""n"": 185, ""pooled_depth"": 2444.0, ""callable"": true}, ""sub2"": {""vaf"": 0.01728, ""n"": 782, ""pooled_depth"": 10171.0, ""callable"": true}, ""sub3"": {""vaf"": 0.01967, ""n"": 736, ""pooled_depth"": 6700.0, ""callable"": true}, ""sub4"": {""vaf"": 0.02177, ""n"": 639, ""pooled_depth"": 5943.0, ""callable"": true}, ""sub5"": {""vaf"": 0.01682, ""n"": 544, ""pooled_depth"": 8248.0, ""callable"": true}, ""sub6"": {""vaf"": 0.0213, ""n"": 503, ""pooled_depth"": 4713.0, ""callable"": true}, ""sub7"": {""vaf"": 0.0164, ""n"": 496, ""pooled_depth"": 3331.0, ""callable"": true}, ""sub8"": {""vaf"": 0.01536, ""n"": 483, ""pooled_depth"": 7927.0, ""callable"": true}, ""sub9"": {""vaf"": 0.01768, ""n"": 459, ""pooled_depth"": 6502.0, ""callable"": true}}"	cll6_2
15061	12	1.8695095096274711e-06	2.145929158034243e-06	0.13	False	1.0	True	sub11	True	True	True	True	True	"{""sub1"": {""vaf"": 0.00613, ""n"": 950, ""pooled_depth"": 13521.0, ""callable"": false}, ""sub10"": {""vaf"": 0.00898, ""n"": 398, ""pooled_depth"": 3630.0, ""callable"": true}, ""sub11"": {""vaf"": 0.00911, ""n"": 396, ""pooled_depth"": 4517.0, ""callable"": true}, ""sub12"": {""vaf"": 0.00684, ""n"": 183, ""pooled_depth"": 2269.0, ""callable"": false}, ""sub2"": {""vaf"": 0.00761, ""n"": 783, ""pooled_depth"": 9339.0, ""callable"": false}, ""sub3"": {""vaf"": 0.00789, ""n"": 740, ""pooled_depth"": 5971.0, ""callable"": true}, ""sub4"": {""vaf"": 0.00846, ""n"": 623, ""pooled_depth"": 5465.0, ""callable"": true}, ""sub5"": {""vaf"": 0.00753, ""n"": 540, ""pooled_depth"": 7608.0, ""callable"": false}, ""sub6"": {""vaf"": 0.00709, ""n"": 504, ""pooled_depth"": 4330.0, ""callable"": false}, ""sub7"": {""vaf"": 0.00763, ""n"": 494, ""pooled_depth"": 3011.0, ""callable"": false}, ""sub8"": {""vaf"": 0.00665, ""n"": 478, ""pooled_depth"": 7394.0, ""callable"": false}, ""sub9"": {""vaf"": 0.00711, ""n"": 457, ""pooled_depth"": 5856.0, ""callable"": false}}"	cll6_2
15210	12	6.594088117655394e-07	1.7512753762481066e-06	0.705	False	1.0	True	sub4	True	True	True	True	True	"{""sub1"": {""vaf"": 0.00806, ""n"": 955, ""pooled_depth"": 15020.0, ""callable"": true}, ""sub10"": {""vaf"": 0.00836, ""n"": 394, ""pooled_depth"": 4145.0, ""callable"": true}, ""sub11"": {""vaf"": 0.00823, ""n"": 397, ""pooled_depth"": 5065.0, ""callable"": true}, ""sub12"": {""vaf"": 0.00849, ""n"": 184, ""pooled_depth"": 2425.0, ""callable"": true}, ""sub2"": {""vaf"": 0.00783, ""n"": 783, ""pooled_depth"": 10593.0, ""callable"": false}, ""sub3"": {""vaf"": 0.00816, ""n"": 740, ""pooled_depth"": 6783.0, ""callable"": true}, ""sub4"": {""vaf"": 0.00912, ""n"": 633, ""pooled_depth"": 6196.0, ""callable"": true}, ""sub5"": {""vaf"": 0.0076, ""n"": 532, ""pooled_depth"": 8405.0, ""callable"": false}, ""sub6"": {""vaf"": 0.00812, ""n"": 509, ""pooled_depth"": 4756.0, ""callable"": true}, ""sub7"": {""vaf"": 0.00791, ""n"": 489, ""pooled_depth"": 3453.0, ""callable"": false}, ""sub8"": {""vaf"": 0.00802, ""n"": 482, ""pooled_depth"": 8156.0, ""callable"": false}, ""sub9"": {""vaf"": 0.00802, ""n"": 457, ""pooled_depth"": 6529.0, ""callable"": false}}"	cll6_2
15220	12	2.662143434225967e-06	2.1206340594449e-06	0.015	True	1.0	True	sub10	True	True	True	True	True	"{""sub1"": {""vaf"": 0.00844, ""n"": 953, ""pooled_depth"": 13641.0, ""callable"": true}, ""sub10"": {""vaf"": 0.01037, ""n"": 393, ""pooled_depth"": 3768.0, ""callable"": true}, ""sub11"": {""vaf"": 0.01003, ""n"": 393, ""pooled_depth"": 4585.0, ""callable"": true}, ""sub12"": {""vaf"": 0.00866, ""n"": 184, ""pooled_depth"": 2138.0, ""callable"": true}, ""sub2"": {""vaf"": 0.00656, ""n"": 782, ""pooled_depth"": 9591.0, ""callable"": false}, ""sub3"": {""vaf"": 0.00892, ""n"": 734, ""pooled_depth"": 6145.0, ""callable"": true}, ""sub4"": {""vaf"": 0.00961, ""n"": 635, ""pooled_depth"": 5516.0, ""callable"": true}, ""sub5"": {""vaf"": 0.00739, ""n"": 533, ""pooled_depth"": 7685.0, ""callable"": false}, ""sub6"": {""vaf"": 0.00852, ""n"": 503, ""pooled_depth"": 4210.0, ""callable"": true}, ""sub7"": {""vaf"": 0.00751, ""n"": 490, ""pooled_depth"": 3123.0, ""callable"": false}, ""sub8"": {""vaf"": 0.00689, ""n"": 482, ""pooled_depth"": 7556.0, ""callable"": false}, ""sub9"": {""vaf"": 0.00793, ""n"": 459, ""pooled_depth"": 5849.0, ""callable"": false}}"	cll6_2
15260	12	1.2224408402769195e-06	1.5321953411509917e-06	0.22	False	1.0	True	sub4	True	True	True	True	True	"{""sub1"": {""vaf"": 0.00795, ""n"": 952, ""pooled_depth"": 15077.0, ""callable"": true}, ""sub10"": {""vaf"": 0.00866, ""n"": 395, ""pooled_depth"": 4343.0, ""callable"": true}, ""sub11"": {""vaf"": 0.00805, ""n"": 392, ""pooled_depth"": 5274.0, ""callable"": true}, ""sub12"": {""vaf"": 0.0071, ""n"": 183, ""pooled_depth"": 2371.0, ""callable"": false}, ""sub2"": {""vaf"": 0.00858, ""n"": 782, ""pooled_depth"": 10376.0, ""callable"": true}, ""sub3"": {""vaf"": 0.0082, ""n"": 737, ""pooled_depth"": 6915.0, ""callable"": true}, ""sub4"": {""vaf"": 0.00885, ""n"": 634, ""pooled_depth"": 6188.0, ""callable"": true}, ""sub5"": {""vaf"": 0.00706, ""n"": 531, ""pooled_depth"": 8502.0, ""callable"": false}, ""sub6"": {""vaf"": 0.00796, ""n"": 507, ""pooled_depth"": 4757.0, ""callable"": true}, ""sub7"": {""vaf"": 0.00839, ""n"": 490, ""pooled_depth"": 3434.0, ""callable"": true}, ""sub8"": {""vaf"": 0.00672, ""n"": 485, ""pooled_depth"": 8128.0, ""callable"": false}, ""sub9"": {""vaf"": 0.00776, ""n"": 460, ""pooled_depth"": 6671.0, ""callable"": false}}"	cll6_2
15270	12	2.6408097146609822e-06	2.0722411551799853e-06	0.01	True	1.0	True	sub10	True	True	True	True	True	"{""sub1"": {""vaf"": 0.0076, ""n"": 951, ""pooled_depth"": 15708.0, ""callable"": false}, ""sub10"": {""vaf"": 0.01078, ""n"": 398, ""pooled_depth"": 4468.0, ""callable"": true}, ""sub11"": {""vaf"": 0.00871, ""n"": 394, ""pooled_depth"": 5423.0, ""callable"": true}, ""sub12"": {""vaf"": 0.00848, ""n"": 182, ""pooled_depth"": 2462.0, ""callable"": false}, ""sub2"": {""vaf"": 0.0093, ""n"": 783, ""pooled_depth"": 10911.0, ""callable"": true}, ""sub3"": {""vaf"": 0.01, ""n"": 741, ""pooled_depth"": 7144.0, ""callable"": true}, ""sub4"": {""vaf"": 0.01078, ""n"": 636, ""pooled_depth"": 6232.0, ""callable"": true}, ""sub5"": {""vaf"": 0.00906, ""n"": 532, ""pooled_depth"": 8737.0, ""callable"": true}, ""sub6"": {""vaf"": 0.00848, ""n"": 504, ""pooled_depth"": 4821.0, ""callable"": true}, ""sub7"": {""vaf"": 0.01014, ""n"": 490, ""pooled_depth"": 3551.0, ""callable"": true}, ""sub8"": {""vaf"": 0.00697, ""n"": 487, ""pooled_depth"": 8359.0, ""callable"": false}, ""sub9"": {""vaf"": 0.00869, ""n"": 460, ""pooled_depth"": 6823.0, ""callable"": true}}"	cll6_2
15299	12	7.305055155251957e-07	1.1824783623168928e-06	0.38	False	1.0	True	sub4	True	True	True	True	True	"{""sub1"": {""vaf"": 0.00547, ""n"": 955, ""pooled_depth"": 16966.0, ""callable"": false}, ""sub10"": {""vaf"": 0.00491, ""n"": 400, ""pooled_depth"": 4829.0, ""callable"": false}, ""sub11"": {""vaf"": 0.00538, ""n"": 393, ""pooled_depth"": 5808.0, ""callable"": false}, ""sub12"": {""vaf"": 0.00528, ""n"": 183, ""pooled_depth"": 2597.0, ""callable"": false}, ""sub2"": {""vaf"": 0.00521, ""n"": 783, ""pooled_depth"": 11738.0, ""callable"": false}, ""sub3"": {""vaf"": 0.00546, ""n"": 744, ""pooled_depth"": 7647.0, ""callable"": false}, ""sub4"": {""vaf"": 0.00661, ""n"": 638, ""pooled_depth"": 6752.0, ""callable"": false}, ""sub5"": {""vaf"": 0.00529, ""n"": 534, ""pooled_depth"": 9590.0, ""callable"": false}, ""sub6"": {""vaf"": 0.00535, ""n"": 509, ""pooled_depth"": 5301.0, ""callable"": false}, ""sub7"": {""vaf"": 0.00572, ""n"": 496, ""pooled_depth"": 3745.0, ""callable"": false}, ""sub8"": {""vaf"": 0.00445, ""n"": 484, ""pooled_depth"": 8824.0, ""callable"": false}, ""sub9"": {""vaf"": 0.00587, ""n"": 459, ""pooled_depth"": 7251.0, ""callable"": false}}"	cll6_2
15467	12	4.247122135737791e-06	1.97700384641339e-06	0.0	True	1.0	True	sub6	True	True	True	True	True	"{""sub1"": {""vaf"": 0.00682, ""n"": 958, ""pooled_depth"": 12760.0, ""callable"": false}, ""sub10"": {""vaf"": 0.00912, ""n"": 394, ""pooled_depth"": 3374.0, ""callable"": true}, ""sub11"": {""vaf"": 0.00904, ""n"": 393, ""pooled_depth"": 4190.0, ""callable"": true}, ""sub12"": {""vaf"": 0.00803, ""n"": 183, ""pooled_depth"": 2032.0, ""callable"": true}, ""sub2"": {""vaf"": 0.00651, ""n"": 781, ""pooled_depth"": 8971.0, ""callable"": false}, ""sub3"": {""vaf"": 0.00604, ""n"": 735, ""pooled_depth"": 5810.0, ""callable"": false}, ""sub4"": {""vaf"": 0.00805, ""n"": 630, ""pooled_depth"": 5006.0, ""callable"": true}, ""sub5"": {""vaf"": 0.00638, ""n"": 528, ""pooled_depth"": 7304.0, ""callable"": false}, ""sub6"": {""vaf"": 0.01052, ""n"": 498, ""pooled_depth"": 4069.0, ""callable"": true}, ""sub7"": {""vaf"": 0.00602, ""n"": 486, ""pooled_depth"": 2843.0, ""callable"": false}, ""sub8"": {""vaf"": 0.00416, ""n"": 478, ""pooled_depth"": 6904.0, ""callable"": false}, ""sub9"": {""vaf"": 0.00898, ""n"": 454, ""pooled_depth"": 5232.0, ""callable"": true}}"	cll6_2
15585	12	1.5753984189583693e-06	1.4410908585218794e-06	0.025	True	1.0	True	sub11	True	True	True	True	True	"{""sub1"": {""vaf"": 0.00533, ""n"": 952, ""pooled_depth"": 15863.0, ""callable"": false}, ""sub10"": {""vaf"": 0.00652, ""n"": 397, ""pooled_depth"": 4520.0, ""callable"": false}, ""sub11"": {""vaf"": 0.00857, ""n"": 395, ""pooled_depth"": 5405.0, ""callable"": true}, ""sub12"": {""vaf"": 0.00578, ""n"": 183, ""pooled_depth"": 2593.0, ""callable"": false}, ""sub2"": {""vaf"": 0.00709, ""n"": 783, ""pooled_depth"": 11215.0, ""callable"": false}, ""sub3"": {""vaf"": 0.0068, ""n"": 739, ""pooled_depth"": 7421.0, ""callable"": false}, ""sub4"": {""vaf"": 0.00632, ""n"": 631, ""pooled_depth"": 6516.0, ""callable"": false}, ""sub5"": {""vaf"": 0.00566, ""n"": 528, ""pooled_depth"": 9075.0, ""callable"": false}, ""sub6"": {""vaf"": 0.0074, ""n"": 504, ""pooled_depth"": 5191.0, ""callable"": false}, ""sub7"": {""vaf"": 0.0066, ""n"": 492, ""pooled_depth"": 3510.0, ""callable"": false}, ""sub8"": {""vaf"": 0.00673, ""n"": 480, ""pooled_depth"": 8427.0, ""callable"": false}, ""sub9"": {""vaf"": 0.00699, ""n"": 457, ""pooled_depth"": 6987.0, ""callable"": false}}"	cll6_2
15627	12	1.247712593593251e-06	1.355088631318945e-06	0.09	False	1.0	True	sub4	True	True	True	True	True	"{""sub1"": {""vaf"": 0.00616, ""n"": 956, ""pooled_depth"": 15356.0, ""callable"": false}, ""sub10"": {""vaf"": 0.00692, ""n"": 394, ""pooled_depth"": 4371.0, ""callable"": false}, ""sub11"": {""vaf"": 0.00673, ""n"": 395, ""pooled_depth"": 5369.0, ""callable"": false}, ""sub12"": {""vaf"": 0.00582, ""n"": 183, ""pooled_depth"": 2570.0, ""callable"": false}, ""sub2"": {""vaf"": 0.00656, ""n"": 783, ""pooled_depth"": 11104.0, ""callable"": false}, ""sub3"": {""vaf"": 0.00696, ""n"": 735, ""pooled_depth"": 7197.0, ""callable"": false}, ""sub4"": {""vaf"": 0.00747, ""n"": 634, ""pooled_depth"": 6420.0, ""callable"": true}, ""sub5"": {""vaf"": 0.00525, ""n"": 531, ""pooled_depth"": 8837.0, ""callable"": false}, ""sub6"": {""vaf"": 0.00656, ""n"": 503, ""pooled_depth"": 5159.0, ""callable"": false}, ""sub7"": {""vaf"": 0.00591, ""n"": 488, ""pooled_depth"": 3483.0, ""callable"": false}, ""sub8"": {""vaf"": 0.005, ""n"": 479, ""pooled_depth"": 8705.0, ""callable"": false}, ""sub9"": {""vaf"": 0.00608, ""n"": 461, ""pooled_depth"": 6889.0, ""callable"": false}}"	cll6_2
15644	12	1.7679781772717673e-06	1.847651259670877e-06	0.06	False	1.0	True	sub4	True	True	True	True	True	"{""sub1"": {""vaf"": 0.00547, ""n"": 950, ""pooled_depth"": 12058.0, ""callable"": false}, ""sub10"": {""vaf"": 0.00538, ""n"": 392, ""pooled_depth"": 3389.0, ""callable"": false}, ""sub11"": {""vaf"": 0.0066, ""n"": 394, ""pooled_depth"": 4206.0, ""callable"": false}, ""sub12"": {""vaf"": 0.00517, ""n"": 183, ""pooled_depth"": 2086.0, ""callable"": false}, ""sub2"": {""vaf"": 0.00499, ""n"": 779, ""pooled_depth"": 8681.0, ""callable"": false}, ""sub3"": {""vaf"": 0.00691, ""n"": 738, ""pooled_depth"": 5626.0, ""callable"": false}, ""sub4"": {""vaf"": 0.00775, ""n"": 627, ""pooled_depth"": 4977.0, ""callable"": true}, ""sub5"": {""vaf"": 0.00563, ""n"": 530, ""pooled_depth"": 7011.0, ""callable"": false}, ""sub6"": {""vaf"": 0.0057, ""n"": 499, ""pooled_depth"": 4086.0, ""callable"": false}, ""sub7"": {""vaf"": 0.006, ""n"": 486, ""pooled_depth"": 2745.0, ""callable"": false}, ""sub8"": {""vaf"": 0.00431, ""n"": 476, ""pooled_depth"": 7011.0, ""callable"": false}, ""sub9"": {""vaf"": 0.00577, ""n"": 457, ""pooled_depth"": 5390.0, ""callable"": false}}"	cll6_2
15663	12	2.71778464918801e-06	2.07979528670109e-06	0.015	True	1.0	True	sub4	True	True	True	True	True	"{""sub1"": {""vaf"": 0.006, ""n"": 951, ""pooled_depth"": 12724.0, ""callable"": false}, ""sub10"": {""vaf"": 0.00858, ""n"": 391, ""pooled_depth"": 3415.0, ""callable"": true}, ""sub11"": {""vaf"": 0.0081, ""n"": 397, ""pooled_depth"": 4254.0, ""callable"": true}, ""sub12"": {""vaf"": 0.00675, ""n"": 183, ""pooled_depth"": 2170.0, ""callable"": false}, ""sub2"": {""vaf"": 0.00673, ""n"": 781, ""pooled_depth"": 9173.0, ""callable"": false}, ""sub3"": {""vaf"": 0.00809, ""n"": 734, ""pooled_depth"": 5870.0, ""callable"": true}, ""sub4"": {""vaf"": 0.0094, ""n"": 630, ""pooled_depth"": 5251.0, ""callable"": true}, ""sub5"": {""vaf"": 0.00601, ""n"": 531, ""pooled_depth"": 7220.0, ""callable"": false}, ""sub6"": {""vaf"": 0.009, ""n"": 502, ""pooled_depth"": 4151.0, ""callable"": true}, ""sub7"": {""vaf"": 0.00681, ""n"": 488, ""pooled_depth"": 2863.0, ""callable"": false}, ""sub8"": {""vaf"": 0.00592, ""n"": 477, ""pooled_depth"": 7194.0, ""callable"": false}, ""sub9"": {""vaf"": 0.00747, ""n"": 459, ""pooled_depth"": 5476.0, ""callable"": false}}"	cll6_2
15677	12	4.431115310309658e-06	2.7023408502246434e-06	0.0	True	1.0	True	sub4	True	True	True	True	True	"{""sub1"": {""vaf"": 0.00938, ""n"": 951, ""pooled_depth"": 12631.0, ""callable"": true}, ""sub10"": {""vaf"": 0.011, ""n"": 393, ""pooled_depth"": 3402.0, ""callable"": true}, ""sub11"": {""vaf"": 0.01116, ""n"": 397, ""pooled_depth"": 4221.0, ""callable"": true}, ""sub12"": {""vaf"": 0.00863, ""n"": 183, ""pooled_depth"": 2062.0, ""callable"": false}, ""sub2"": {""vaf"": 0.00994, ""n"": 782, ""pooled_depth"": 8993.0, ""callable"": true}, ""sub3"": {""vaf"": 0.01052, ""n"": 738, ""pooled_depth"": 5734.0, ""callable"": true}, ""sub4"": {""vaf"": 0.01239, ""n"": 628, ""pooled_depth"": 5232.0, ""callable"": true}, ""sub5"": {""vaf"": 0.00661, ""n"": 530, ""pooled_depth"": 7197.0, ""callable"": false}, ""sub6"": {""vaf"": 0.01061, ""n"": 499, ""pooled_depth"": 4161.0, ""callable"": true}, ""sub7"": {""vaf"": 0.00871, ""n"": 491, ""pooled_depth"": 2832.0, ""callable"": true}, ""sub8"": {""vaf"": 0.00741, ""n"": 479, ""pooled_depth"": 7029.0, ""callable"": false}, ""sub9"": {""vaf"": 0.00875, ""n"": 457, ""pooled_depth"": 5548.0, ""callable"": true}}"	cll6_2
15701	12	2.051279248631048e-06	2.416846111945514e-06	0.115	False	1.0	True	sub10	True	True	True	True	True	"{""sub1"": {""vaf"": 0.01016, ""n"": 953, ""pooled_depth"": 13732.0, ""callable"": true}, ""sub10"": {""vaf"": 0.01206, ""n"": 397, ""pooled_depth"": 3809.0, ""callable"": true}, ""sub11"": {""vaf"": 0.0105, ""n"": 396, ""pooled_depth"": 4531.0, ""callable"": true}, ""sub12"": {""vaf"": 0.01107, ""n"": 183, ""pooled_depth"": 2245.0, ""callable"": true}, ""sub2"": {""vaf"": 0.00975, ""n"": 781, ""pooled_depth"": 9722.0, ""callable"": true}, ""sub3"": {""vaf"": 0.00981, ""n"": 736, ""pooled_depth"": 6278.0, ""callable"": true}, ""sub4"": {""vaf"": 0.01093, ""n"": 630, ""pooled_depth"": 5605.0, ""callable"": true}, ""sub5"": {""vaf"": 0.00924, ""n"": 526, ""pooled_depth"": 7719.0, ""callable"": true}, ""sub6"": {""vaf"": 0.00887, ""n"": 497, ""pooled_depth"": 4448.0, ""callable"": true}, ""sub7"": {""vaf"": 0.0089, ""n"": 490, ""pooled_depth"": 3075.0, ""callable"": false}, ""sub8"": {""vaf"": 0.00848, ""n"": 482, ""pooled_depth"": 7496.0, ""callable"": false}, ""sub9"": {""vaf"": 0.00975, ""n"": 458, ""pooled_depth"": 6036.0, ""callable"": true}}"	cll6_2
15750	12	6.681728567251696e-07	1.3118253866800644e-06	0.49	False	1.0	True	sub2	True	True	True	True	True	"{""sub1"": {""vaf"": 0.00634, ""n"": 954, ""pooled_depth"": 16815.0, ""callable"": false}, ""sub10"": {""vaf"": 0.00695, ""n"": 396, ""pooled_depth"": 4838.0, ""callable"": false}, ""sub11"": {""vaf"": 0.00704, ""n"": 391, ""pooled_depth"": 5685.0, ""callable"": false}, ""sub12"": {""vaf"": 0.00612, ""n"": 182, ""pooled_depth"": 2620.0, ""callable"": false}, ""sub2"": {""vaf"": 0.00756, ""n"": 784, ""pooled_depth"": 11737.0, ""callable"": true}, ""sub3"": {""vaf"": 0.00662, ""n"": 743, ""pooled_depth"": 7817.0, ""callable"": false}, ""sub4"": {""vaf"": 0.00664, ""n"": 639, ""pooled_depth"": 6719.0, ""callable"": false}, ""sub5"": {""vaf"": 0.0066, ""n"": 532, ""pooled_depth"": 9535.0, ""callable"": false}, ""sub6"": {""vaf"": 0.00682, ""n"": 510, ""pooled_depth"": 5353.0, ""callable"": false}, ""sub7"": {""vaf"": 0.00625, ""n"": 495, ""pooled_depth"": 3884.0, ""callable"": false}, ""sub8"": {""vaf"": 0.00591, ""n"": 484, ""pooled_depth"": 8880.0, ""callable"": false}, ""sub9"": {""vaf"": 0.00662, ""n"": 457, ""pooled_depth"": 7515.0, ""callable"": false}}"	cll6_2
15769	12	1.8061777144862804e-06	1.5708681240174153e-06	0.01	True	1.0	True	sub4	True	True	True	True	True	"{""sub1"": {""vaf"": 0.00667, ""n"": 956, ""pooled_depth"": 14651.0, ""callable"": false}, ""sub10"": {""vaf"": 0.00655, ""n"": 396, ""pooled_depth"": 4127.0, ""callable"": false}, ""sub11"": {""vaf"": 0.00707, ""n"": 389, ""pooled_depth"": 5029.0, ""callable"": false}, ""sub12"": {""vaf"": 0.008, ""n"": 180, ""pooled_depth"": 2242.0, ""callable"": true}, ""sub2"": {""vaf"": 0.00685, ""n"": 783, ""pooled_depth"": 10240.0, ""callable"": false}, ""sub3"": {""vaf"": 0.00652, ""n"": 737, ""pooled_depth"": 6761.0, ""callable"": false}, ""sub4"": {""vaf"": 0.00929, ""n"": 636, ""pooled_depth"": 5959.0, ""callable"": true}, ""sub5"": {""vaf"": 0.00639, ""n"": 531, ""pooled_depth"": 8363.0, ""callable"": false}, ""sub6"": {""vaf"": 0.00668, ""n"": 503, ""pooled_depth"": 4735.0, ""callable"": false}, ""sub7"": {""vaf"": 0.00619, ""n"": 495, ""pooled_depth"": 3390.0, ""callable"": false}, ""sub8"": {""vaf"": 0.00515, ""n"": 482, ""pooled_depth"": 7944.0, ""callable"": false}, ""sub9"": {""vaf"": 0.00695, ""n"": 460, ""pooled_depth"": 6464.0, ""callable"": false}}"	cll6_2
15903	12	1.4694576933993064e-06	1.5817253266979139e-06	0.07	False	1.0	True	sub11	False	True	True	True	True	"{""sub1"": {""vaf"": 0.00457, ""n"": 949, ""pooled_depth"": 12167.0, ""callable"": false}, ""sub10"": {""vaf"": 0.00645, ""n"": 392, ""pooled_depth"": 3420.0, ""callable"": false}, ""sub11"": {""vaf"": 0.00668, ""n"": 396, ""pooled_depth"": 4073.0, ""callable"": false}, ""sub12"": {""vaf"": 0.00545, ""n"": 183, ""pooled_depth"": 1938.0, ""callable"": false}, ""sub2"": {""vaf"": 0.0043, ""n"": 777, ""pooled_depth"": 8283.0, ""callable"": false}, ""sub3"": {""vaf"": 0.00562, ""n"": 731, ""pooled_depth"": 5508.0, ""callable"": false}, ""sub4"": {""vaf"": 0.00649, ""n"": 628, ""pooled_depth"": 4759.0, ""callable"": false}, ""sub5"": {""vaf"": 0.00526, ""n"": 530, ""pooled_depth"": 6884.0, ""callable"": false}, ""sub6"": {""vaf"": 0.0052, ""n"": 499, ""pooled_depth"": 3732.0, ""callable"": false}, ""sub7"": {""vaf"": 0.00521, ""n"": 491, ""pooled_depth"": 2761.0, ""callable"": false}, ""sub8"": {""vaf"": 0.00538, ""n"": 483, ""pooled_depth"": 6279.0, ""callable"": false}, ""sub9"": {""vaf"": 0.00618, ""n"": 454, ""pooled_depth"": 5340.0, ""callable"": false}}"	cll6_2
15966	12	3.2932654707117416e-06	2.796606165298296e-06	0.015	True	1.0	True	sub9	False	True	True	True	True	"{""sub1"": {""vaf"": 0.00892, ""n"": 953, ""pooled_depth"": 12326.0, ""callable"": true}, ""sub10"": {""vaf"": 0.01096, ""n"": 391, ""pooled_depth"": 3524.0, ""callable"": true}, ""sub11"": {""vaf"": 0.01173, ""n"": 393, ""pooled_depth"": 4113.0, ""callable"": true}, ""sub12"": {""vaf"": 0.00974, ""n"": 184, ""pooled_depth"": 1889.0, ""callable"": true}, ""sub2"": {""vaf"": 0.0092, ""n"": 780, ""pooled_depth"": 8378.0, ""callable"": true}, ""sub3"": {""vaf"": 0.01105, ""n"": 731, ""pooled_depth"": 5737.0, ""callable"": true}, ""sub4"": {""vaf"": 0.01154, ""n"": 634, ""pooled_depth"": 5186.0, ""callable"": true}, ""sub5"": {""vaf"": 0.01094, ""n"": 533, ""pooled_depth"": 6825.0, ""callable"": true}, ""sub6"": {""vaf"": 0.01092, ""n"": 497, ""pooled_depth"": 4010.0, ""callable"": true}, ""sub7"": {""vaf"": 0.01032, ""n"": 484, ""pooled_depth"": 2677.0, ""callable"": true}, ""sub8"": {""vaf"": 0.00849, ""n"": 483, ""pooled_depth"": 6273.0, ""callable"": false}, ""sub9"": {""vaf"": 0.0122, ""n"": 456, ""pooled_depth"": 5396.0, ""callable"": true}}"	cll6_2
16015	12	2.227703419156329e-06	2.0099892410535647e-06	0.025	True	1.0	True	sub11	False	True	True	True	True	"{""sub1"": {""vaf"": 0.00525, ""n"": 953, ""pooled_depth"": 10969.0, ""callable"": false}, ""sub10"": {""vaf"": 0.00692, ""n"": 391, ""pooled_depth"": 3038.0, ""callable"": false}, ""sub11"": {""vaf"": 0.00789, ""n"": 391, ""pooled_depth"": 3665.0, ""callable"": true}, ""sub12"": {""vaf"": 0.00488, ""n"": 183, ""pooled_depth"": 1714.0, ""callable"": false}, ""sub2"": {""vaf"": 0.00529, ""n"": 781, ""pooled_depth"": 7465.0, ""callable"": false}, ""sub3"": {""vaf"": 0.00717, ""n"": 730, ""pooled_depth"": 5092.0, ""callable"": false}, ""sub4"": {""vaf"": 0.00691, ""n"": 629, ""pooled_depth"": 4489.0, ""callable"": false}, ""sub5"": {""vaf"": 0.0073, ""n"": 530, ""pooled_depth"": 6196.0, ""callable"": false}, ""sub6"": {""vaf"": 0.00729, ""n"": 495, ""pooled_depth"": 3457.0, ""callable"": false}, ""sub7"": {""vaf"": 0.00697, ""n"": 487, ""pooled_depth"": 2426.0, ""callable"": false}, ""sub8"": {""vaf"": 0.00488, ""n"": 475, ""pooled_depth"": 5808.0, ""callable"": false}, ""sub9"": {""vaf"": 0.0068, ""n"": 455, ""pooled_depth"": 4891.0, ""callable"": false}}"	cll6_2
