1,13864
2,14782
3,16117
4,16272
5,16499
6,17681
7,17919
8,19884
9,22271
10,22699
11,23705
12,23937
13,24613
14,25001
15,25167
16,25708
17,28426
18,28846
19,32459
20,33094
21,35259
22,36085
23,36622
24,36837
25,37151
26,37767
27,37644
28,38917
29,40481
30,40917
31,42737
32,42835
33,43909
34,44160
35,45111
36,45397
37,45345
38,45883
39,47377
40,48110
41,53162
42,52705
43,53231
44,53277
45,53720
46,53643
47,53883
48,54026
49,53398
50,48510
51,47253
52,46668
53,46473
54,46925
55,46757
56,46856
57,46061
58,44706
59,44048
60,43910
61,44442
62,44617
63,45425
64,45581
65,45422
66,45412
67,45067
68,44173
69,43899
70,43190
71,46613
72,46011
73,48607
74,49346
75,50576
76,50531
77,49936
78,50839
79,50379
80,54471
81,54074
82,52977
83,53250
84,52945
85,55614
86,56323
87,54426
88,54876
89,51869
90,51587
91,49742
92,49883
93,49584
94,48059
95,48331
96,48844
97,50008
98,51222
99,50781
100,51201
101,51519
102,52027
103,52152
104,51758
105,51210
106,51066
107,51528
108,51843
109,52283
110,51623
111,51947
112,53742
113,52812
114,53821
115,51970
116,52123
117,51954
118,50975
119,50884
120,46221
121,40728
122,40165
123,37907
124,39262
125,37312
126,38696
127,37879
128,36569
129,34959
130,36385
131,36219
132,36518
133,35717
134,36218
135,34366
136,35168
137,35700
138,38625
139,36290
140,36133
141,35868
142,35887
143,36874
144,37187
145,37468
146,37317
147,34814
148,35351
149,36428
150,36499
151,37455
152,37116
153,37796
154,39339
155,40306
156,40990
157,40785
158,39902
159,39950
160,38281
161,37170
162,35865
163,35445
164,36161
165,35164
166,35456
167,35122
168,34841
169,35310
170,35011
171,35940
172,35673
173,34010
174,35278
175,34141
176,35295
177,35338
178,34839
179,34481
180,32504
181,32331
182,32708
183,31176
184,32035
185,30716
186,31217
187,30552
188,30210
189,30469
190,31266
191,31245
192,31331
193,31457
194,32292
195,33353
196,33128
197,32962
198,32456
199,31708
200,30999
201,30410
202,29690
203,29956
204,26962
205,27024
206,26171
207,26272
208,26836
209,27771
210,28211
211,28493
212,28962
213,28859
214,28612
215,28597
216,28383
217,28391
218,28193
219,28218
220,28281
221,28088
222,28466
223,29431
224,29829
225,29946
226,29355
227,29664
228,30891
229,31380
230,32289
231,32565
232,31966
233,32881
234,33971
235,34221
236,33634
237,32855
238,32479
239,31963
240,31429
241,31261
242,31295
243,30403
244,29353
245,27954
246,27383
247,27020
248,13207
249,27033
250,30317
251,30426
252,30270
253,31515
254,31082
255,31553
256,31722
257,31568
258,31677
259,29522
260,30767
261,31554
262,31014
263,31830
264,33016
265,34256
266,34794
267,35095
268,36956
269,37130
270,38375
271,39886
272,40280
273,41309
274,39547
275,41745
276,41500
277,41895
278,41767
279,41842
280,41435
281,41312
282,40986
283,40359
284,37469
285,37662
286,36623
287,36663
288,36470
289,36557
290,36671
291,37037
292,37156
293,37328
294,37400
295,37253
296,37542
297,37322
298,37278
299,36006
300,33922
301,33734
302,33450
303,33588
304,33659
305,34068
306,34544
307,36154
308,36839
309,35802
310,31253
311,32170
312,33657
313,33186
314,32724
315,32337
316,28211
317,30316
318,30166
319,29658
320,29390
321,27700
322,28358
323,28252
324,28504
325,28038
326,26102
327,26805
328,27978
329,31015
330,32870
331,32662
332,34955
333,35490
334,36715
335,38903
336,39101
337,39572
338,40388
339,40333
340,41881
341,40658
342,43268
343,43451
344,42265
345,43604
346,43384
347,43823
348,43884
349,42957
350,42565
351,39924
352,39713
353,40002
354,38369
355,37533
356,36726
357,36315
358,36251
359,36107
360,35601
361,35034
362,34734
363,34381
364,35016
365,35255
366,34815
367,34090
368,34347
369,41902
370,42351
371,42266
372,42641
373,43167
374,45597
375,46520
376,45839
377,45566
378,40577
379,41204
380,42416
381,42424
382,41456
383,39495
384,38468
385,37874
386,37819
387,37759
388,35445
389,34839
390,34309
391,33741
392,33230
393,33352
394,33007
395,32595
396,32765
397,33137
398,33715
399,34060
400,33974
401,33932
402,33814
403,33851
404,35170
405,36381
406,36646
407,36740
408,37561
409,38526
410,39602
411,39793
412,40125
413,40514
414,38922
415,38847
416,38468
417,38117
418,34650
419,32767
420,35378
421,34856
422,34409
423,33214
424,33619
425,35461
426,35768
427,36905
428,35180
429,34273
430,32165
431,32025
432,33561
433,35881
434,36133
435,36350
436,36228
437,36487
438,36014
439,36476
440,36456
441,36507
442,36180
443,36448
444,36391
445,36631
446,36334
447,36759
448,35949
449,36852
450,36619
451,37426
452,37516
453,37116
454,36231
455,35377
456,35068
457,35225
458,33683
459,33666
460,33536
461,34063
462,34794
463,35618
464,35334
465,38502
466,38470
467,40325
468,40638
469,38153
470,37289
471,37928
472,38427
473,42965
474,38438
475,38826
476,38067
477,36615
478,37026
479,36702
480,36889
481,37440
482,33830
483,36799
484,36835
485,37395
486,39064
487,39163
488,42222
489,42392
490,42779
491,43396
492,42275
493,44178
494,44579
495,44501
496,44653
497,44655
498,46411
499,46286
500,46246
501,46463
502,46132
503,51220
504,51345
505,51511
506,51657
507,50737
508,51020
509,50224
510,49126
511,48531
512,43644
513,43469
514,17565
515,17027
516,29763
517,28261
518,46063
519,45798
520,45916
521,40918
522,39812
523,37046
524,38283
525,38319
526,39728
527,43280
528,43884
529,46569
530,46914
531,47079
532,47354
533,48652
534,51743
535,55039
536,55214
537,53273
538,52759
539,53128
540,56850
541,57926
542,55675
543,55117
544,52896
545,53876
546,54473
547,54283
548,54545
549,50843
550,50587
551,51046
552,50934
553,51179
554,50266
555,49875
556,49904
557,51362
558,52868
559,52929
560,52779
561,52561
562,52560
563,52629
564,52343
565,50859
566,49872
567,47171
568,47527
569,47280
570,47933
571,47545
572,47557
573,46812
574,46391
575,47952
576,46685
577,48084
578,45910
579,45444
580,44615
581,44668
582,44095
583,42796
584,41342
585,37248
586,39662
587,39554
588,37595
589,37930
590,37139
591,38348
592,38494
593,37505
594,40005
595,39071
596,39069
597,40090
598,39984
599,43457
600,42895
601,44593
602,44859
603,43821
604,44408
605,44511
606,44040
607,43501
608,40081
609,40213
610,38935
611,39788
612,40300
613,40217
614,40124
615,39830
616,39501
617,40134
618,40226
619,39836
620,39224
621,38811
622,38929
623,39179
624,38627
625,37160
626,36683
627,36248
628,35879
629,35620
630,36402
631,36924
632,37152
633,36579
634,35950
635,31282
636,29734
637,30432
638,30280
639,29001
640,27131
641,26282
642,26400
643,25318
644,24867
645,25148
646,25647
647,24322
648,22924
649,21714
650,21169
651,20494
652,21274
653,21523
654,21333
655,20842
656,20538
657,20510
658,22037
659,22093
660,21951
661,20783
662,20443
663,21297
664,22464
665,22900
666,23105
667,21884
668,23044
669,24167
670,25765
671,26154
672,26204
673,26147
674,26079
675,25065
676,24784
677,25897
678,26290
679,26705
680,25360
681,26588
682,26560
683,27307
684,27618
685,28791
686,31157
687,32866
688,32907
689,33765
690,33600
691,34405
692,35455
693,35372
694,36866
695,37055
696,37813
697,37743
698,38007
699,39332
700,40578
701,40511
702,39918
703,39630
704,41317
705,41971
706,41941
707,42087
708,41653
709,44304
710,44684
711,44639
712,45014
713,45038
714,46054
715,46516
716,45897
717,47522
718,45381
719,45529
720,44850
721,44530
722,44805
723,44328
724,46131
725,46258
726,50259
727,49825
728,50920
729,50824
730,51666
731,51677
732,51771
733,50168
734,50102
735,45342
736,44662
737,43365
738,43231
739,42127
740,42773
741,43399
742,43091
743,43426
744,43360
745,44015
746,43759
747,43840
748,43311
749,43175
750,44423
751,46317
752,46358
753,45576
754,49619
755,51909
756,53392
757,53457
758,51750
759,50290
760,50451
761,50743
762,51632
763,48080
764,47336
765,47163
766,46184
767,47821
768,47394
769,48354
770,48549
771,47814
772,49063
773,48097
774,47071
775,45771
776,40956
777,41572
778,40294
779,40296
780,40446
781,40270
782,40848
783,40784
784,41553
785,43426
786,43771
787,44365
788,44223
789,44395
790,45386
791,50697
792,50549
793,49477
794,48208
795,49423
796,50396
797,51091
798,50484
799,47984
800,44211
801,42999
802,43869
803,42431
804,39856
805,39245
806,38551
807,38807
808,39031
809,38808
810,39816
811,38054
812,38896
813,38094
814,38530
815,40484
816,39891
817,40099
818,39569
819,39355
820,41227
821,39723
822,41750
823,41734
824,41200
825,41593
826,42774
827,45482
828,46014
829,45283
830,44214
831,41489
832,41701
833,41476
834,41174
835,40551
836,38208
837,38681
838,37458
839,36918
840,35056
841,34007
842,34266
843,33814
844,32856
845,32249
846,31613
847,31832
848,31572
849,31384
850,31703
851,32009
852,32169
853,32193
854,31664
855,36195
856,36640
857,38902
858,38881
859,38131
860,39462
861,39261
862,39233
863,39491
864,36329
865,35514
866,34450
867,37204
868,38253
869,36186
870,35518
871,34230
872,33871
873,34297
874,34490
875,33777
876,28683
877,29308
878,29610
879,30102
880,30225
881,30261
882,31357
883,31821
884,31964
885,31943
886,30616
887,31399
888,31419
889,31543
890,31561
891,31178
892,33322
893,34450
894,35052
895,35645
896,35066
897,35338
898,35130
899,35156
900,35318
901,33926
902,34900
903,34918
904,34531
905,33819
906,33382
907,32566
908,34982
909,35441
910,35654
911,35247
912,35464
913,35250
914,36793
915,37016
916,35502
917,33930
918,32756
919,35858
920,37783
921,38748
922,41028
923,40341
924,41628
925,41934
926,41217
927,40569
928,39674
929,39374
930,39915
931,38969
932,38510
933,39307
934,39866
935,40256
936,40182
937,39886
938,39939
939,39916
940,39883
941,40037
942,36930
943,37332
944,35837
945,38626
946,38810
947,38768
948,39034
949,38623
950,38800
951,39710
952,38995
953,38688
954,35982
955,35257
956,36806
957,36208
958,35159
959,33736
960,35639
961,34813
962,38078
963,37750
964,36951
965,37334
966,36936
967,37477
968,37027
969,33493
970,33260
971,33392
972,34955
973,34933
974,34046
975,34047
976,34912
977,35467
978,36086
979,36490
980,35355
981,36511
982,35756
983,35091
984,34982
985,34429
986,34613
987,34357
988,34980
989,35674
990,35720
991,36520
992,36464
993,36243
994,35838
995,34794
996,34962
997,34364
998,34377
999,34535
1000,33587
1001,33546
1002,33773
1003,34050
1004,34574
1005,33872
1006,33636
1007,33854
1008,34176
1009,33443
1010,32692
1011,33397
1012,33242
1013,33796
1014,33408
1015,33587
1016,34237
1017,33131
1018,33560
1019,33311
1020,32016
1021,29068
1022,28063
1023,28185
1024,28138
1025,27732
1026,27402
1027,26414
1028,26294
1029,25632
1030,25091
1031,24569
1032,25140
1033,25425
1034,25293
1035,25308
1036,25241
1037,25247
1038,25192
1039,23875
1040,23120
1041,22363
1042,22511
1043,22579
1044,21539
1045,22028
1046,21862
1047,22043
1048,21925
1049,21136
1050,21446
1051,20356
1052,20513
1053,19903
1054,18653
1055,18634
1056,17697
1057,17712
1058,17268
1059,16192
1060,16010
1061,11912
1062,11788
1063,11177
1064,11172
1065,9940
1066,9656
1067,9465
1068,9343
1069,9345
1070,9402
1071,8878
1072,8849
1073,8826
1074,8843
1075,8869
1076,8553
1077,8498
1078,8512
1079,8548
1080,8645
1081,8403
1082,7432
1083,7489
1084,7265
1085,7577
1086,7407
1087,7012
1088,7043
1089,6574
1090,6755
1091,6646
1092,6700
1093,6791
1094,5673
1095,5696
1096,5115
1097,5355
1098,5469
1099,4929
1100,4868
1101,4475
1102,4614
1103,4903
1104,4925
1105,4989
1106,4642
1107,4531
1108,4565
1109,4562
1110,4589
1111,4653
1112,4427
1113,4473
1114,4480
1115,4525
1116,4533
1117,4519
1118,4524
1119,4502
1120,4571
1121,4447
1122,4359
1123,4307
1124,4297
1125,4296
1126,4254
1127,4173
1128,4158
1129,3987
1130,3974
1131,3940
1132,3860
1133,3928
1134,3699
1135,3596
1136,3501
1137,3395
1138,3443
1139,3334
1140,3314
1141,3258
1142,2948
1143,3091
1144,2912
1145,2932
1146,2814
1147,2595
1148,2608
1149,2583
1150,2592
1151,2688
1152,2431
1153,2361
1154,2279
1155,2361
1156,2331
1157,2286
1158,2272
1159,2252
1160,2238
1161,2181
1162,2138
1163,2172
1164,2065
1165,2108
1166,2088
1167,2076
1168,2080
1169,2050
1170,2026
1171,2079
1172,2072
1173,2035
1174,2042
1175,2066
1176,2129
1177,2143
1178,2107
1179,2225
1180,2182
1181,2388
1182,2479
1183,2511
1184,2545
1185,2490
1186,2531
1187,2540
1188,2486
1189,2611
1190,2565
1191,2942
1192,3643
1193,3692
1194,3847
1195,3885
1196,4044
1197,4057
1198,3991
1199,4032
1200,4041
1201,4279
1202,4386
1203,4383
1204,4462
1205,4436
1206,4918
1207,4939
1208,4992
1209,5117
1210,5256
1211,5751
1212,6055
1213,6299
1214,6317
1215,6386
1216,6755
1217,7076
1218,7116
1219,7084
1220,7023
1221,7075
1222,7429
1223,7535
1224,7515
1225,7678
1226,7940
1227,8136
1228,8229
1229,8161
1230,8192
1231,8370
1232,8627
1233,9225
1234,9274
1235,9422
1236,10050
1237,10623
1238,10949
1239,11077
1240,11696
1241,12652
1242,13774
1243,13681
1244,13768
1245,13811
1246,14557
1247,15109
1248,15480
1249,15929
1250,16448
1251,18081
1252,31175
1253,32429
1254,34241
1255,35324
1256,38006
1257,38661
1258,39004
1259,39071
1260,39052
1261,39710
1262,39692
1263,40751
1264,41253
1265,41193
1266,42331
1267,42609
1268,43798
1269,44057
1270,44460
1271,45437
1272,45900
1273,47298
1274,48448
1275,48424
1276,48379
1277,48566
1278,49058
1279,49155
1280,49657
1281,49754
1282,49708
1283,49329
1284,49185
1285,49030
1286,48351
1287,47902
1288,48649
1289,47905
1290,47615
1291,45791
1292,45954
1293,46815
1294,46962
1295,47130
1296,45308
1297,45238
1298,43964
1299,43374
1300,42588
1301,37877
1302,32918
1303,32263
1304,29708
1305,28674
1306,26954
1307,27029
1308,26892
1309,26966
1310,26526
1311,25744
1312,25347
1313,24134
1314,24958
1315,24504
1316,23563
1317,22988
1318,22521
1319,22123
1320,21977
1321,21538
1322,21098
1323,19124
1324,18859
1325,18908
1326,19049
1327,19892
1328,21080
1329,20936
1330,20403
1331,19991
1332,21290
1333,23410
1334,26726
1335,26637
1336,26199
1337,25433
1338,25275
1339,28676
1340,29401
1341,29568
1342,29598
1343,29228
1344,29322
1345,29439
1346,30048
1347,31001
1348,30067
1349,29646
1350,30593
1351,30659
1352,31626
1353,32615
1354,33088
1355,34299
1356,34867
1357,35286
1358,35578
1359,35223
1360,35859
1361,36261
1362,36735
1363,36783
1364,36612
1365,38431
1366,38911
1367,39779
1368,40228
1369,40615
1370,40979
1371,41119
1372,41290
1373,41251
1374,41204
1375,42670
1376,42489
1377,41590
1378,40483
1379,40003
1380,40845
1381,40638
1382,40159
1383,39785
1384,37620
1385,38366
1386,37478
1387,39462
1388,39038
1389,37230
1390,36989
1391,36299
1392,35315
1393,36716
1394,38168
1395,38865
1396,37814
1397,37981
1398,39222
1399,40366
1400,40490
1401,40470
1402,40010
1403,39127
1404,39244
1405,39444
1406,38570
1407,38402
1408,38507
1409,38521
1410,38198
1411,38092
1412,38356
1413,38294
1414,37748
1415,36903
1416,36766
1417,36543
1418,36125
1419,35632
1420,35052
1421,34794
1422,35262
1423,35781
1424,35936
1425,33441
1426,33340
1427,32741
1428,32637
1429,32359
1430,31012
1431,31117
1432,29731
1433,29718
1434,30389
1435,31081
1436,30485
1437,28429
1438,28131
1439,27670
1440,28221
1441,27988
1442,26994
1443,25899
1444,23939
1445,23828
1446,22997
1447,22737
1448,20473
1449,19065
1450,19052
1451,18220
1452,18375
1453,17779
1454,17714
1455,17481
1456,16755
1457,17199
1458,16741
1459,16890
1460,16981
1461,15462
1462,16014
1463,14704
1464,15487
1465,15395
1466,15026
1467,15104
1468,15040
1469,15128
1470,15076
1471,14723
1472,14873
1473,15369
1474,15502
1475,17774
1476,17815
1477,17963
1478,18013
1479,18417
1480,18017
1481,18284
1482,17143
1483,17842
1484,15876
1485,16765
1486,17131
1487,18023
1488,17772
1489,17572
1490,17635
1491,17920
1492,18085
1493,18573
1494,18270
1495,19680
1496,19467
1497,20949
1498,23212
1499,24903
1500,27639
1501,28875
1502,29491
1503,31232
1504,31670
1505,31957
1506,31677
1507,31821
1508,33420
1509,33550
1510,33872
1511,33706
1512,33487
1513,33276
1514,32972
1515,33087
1516,33033
1517,33752
1518,35460
1519,36145
1520,35962
1521,35600
1522,34758
1523,34425
1524,33523
1525,32824
1526,33077
1527,33173
1528,33392
1529,33543
1530,33620
1531,34177
1532,33805
1533,34079
1534,34206
1535,33991
1536,34020
1537,33699
1538,33744
1539,37149
1540,36553
1541,38135
1542,37740
1543,37743
1544,38265
1545,37489
1546,36780
1547,35969
1548,31648
1549,32070
1550,28132
1551,28155
1552,27446
1553,25415
1554,25620
1555,25410
1556,25535
1557,24911
1558,25082
1559,26642
1560,26586
1561,26583
1562,26635
1563,26871
1564,27171
1565,27663
1566,28599
1567,27086
1568,25995
1569,26200
1570,27255
1571,27904
1572,27638
1573,27221
1574,27865
1575,27149
1576,28326
1577,27845
1578,27282
1579,27295
1580,26618
1581,26564
1582,26425
1583,24951
1584,24960
1585,23442
1586,23749
1587,23515
1588,22708
1589,22271
1590,21293
1591,20538
1592,20201
1593,19604
1594,19381
1595,19187
1596,19283
1597,19077
1598,18659
1599,21234
1600,21081
1601,21693
1602,21483
1603,21534
1604,22784
1605,22899
1606,26505
1607,25958
1608,24458
1609,24265
1610,24280
1611,28056
1612,27784
1613,27370
1614,27754
1615,26354
1616,27078
1617,27015
1618,26772
1619,27039
1620,25263
1621,25339
1622,25337
1623,26555
1624,29067
1625,29296
1626,28702
1627,28556
1628,29888
1629,32226
1630,33040
1631,33367
1632,33174
1633,33230
1634,33617
1635,34433
1636,35074
1637,35144
1638,34172
1639,33933
1640,34141
1641,35057
1642,35895
1643,35820
1644,35668
1645,35561
1646,35837
1647,36007
1648,34401
1649,33181
1650,33275
1651,33338
1652,33673
1653,33059
1654,32827
1655,31148
1656,29478
1657,30271
1658,30894
1659,30727
1660,28705
1661,27106
1662,27693
1663,27720
1664,29200
1665,30452
1666,30365
1667,30644
1668,30273
1669,32397
1670,32536
1671,33166
1672,34522
1673,32589
1674,30505
1675,30783
1676,32301
1677,32714
1678,29676
1679,28592
1680,27899
1681,29027
1682,31124
1683,31428
1684,31230
1685,30162
1686,30287
1687,31197
1688,31654
1689,31830
1690,31639
1691,31229
1692,31190
1693,31997
1694,32326
1695,33432
1696,33376
1697,34738
1698,37998
1699,38686
1700,39208
1701,40282
1702,40693
1703,42292
1704,41677
1705,41852
1706,42346
1707,41528
1708,41560
1709,41754
1710,41421
1711,41523
1712,39460
1713,43368
1714,42208
1715,41407
1716,41047
1717,41229
1718,40568
1719,40036
1720,39732
1721,39456
1722,34589
1723,34494
1724,34436
1725,35122
1726,34498
1727,34479
1728,34584
1729,34772
1730,34991
1731,34695
1732,35468
1733,35598
1734,37554
1735,39820
1736,42011
1737,44579
1738,44525
1739,44725
1740,46686
1741,46898
1742,50319
1743,49538
1744,48276
1745,47610
1746,46265
1747,45169
1748,43994
1749,42505
1750,41920
1751,39523
1752,38905
1753,38270
1754,38310
1755,38056
1756,37521
1757,37239
1758,36997
1759,36773
1760,36613
1761,36458
1762,34697
1763,33295
1764,33329
1765,32771
1766,32400
1767,31819
1768,31843
1769,31721
1770,32039
1771,32270
1772,32242
1773,33012
1774,32809
1775,34249
1776,34566
1777,35316
1778,35982
1779,35888
1780,36674
1781,35916
1782,35381
1783,33888
1784,28795
1785,28559
1786,23173
1787,22576
1788,22267
1789,21279
1790,21280
1791,19902
1792,19317
1793,19231
1794,18928
1795,18964
1796,19816
1797,20924
1798,21533
1799,21737
1800,21731
1801,21679
1802,21699
1803,21891
1804,22244
1805,22812
1806,22825
1807,22589
1808,22646
1809,22759
1810,22927
1811,23314
1812,23261
1813,22984
1814,23507
1815,23423
1816,25056
1817,25077
1818,25149
1819,25882
1820,25423
1821,28289
1822,28031
1823,27397
1824,26621
1825,25903
1826,25329
1827,24502
1828,23380
1829,23290
1830,21420
1831,22920
1832,22873
1833,23048
1834,22376
1835,22962
1836,23269
1837,28262
1838,28880
1839,31060
1840,30859
1841,30998
1842,31300
1843,31484
1844,32074
1845,32343
1846,30873
1847,31447
1848,31014
1849,31580
1850,31312
1851,32181
1852,34003
1853,35792
1854,36161
1855,35177
1856,35627
1857,35639
1858,36484
1859,36505
1860,36234
1861,36749
1862,37367
1863,38101
1864,38047
1865,37694
1866,37307
1867,38438
1868,38615
1869,38804
1870,37652
1871,36418
1872,36362
1873,36285
1874,36387
1875,36537
1876,37038
1877,38103
1878,38749
1879,38727
1880,38565
1881,40536
1882,42501
1883,42344
1884,42494
1885,41811
1886,40464
1887,39691
1888,40064
1889,38670
1890,39105
1891,39438
1892,39454
1893,39817
1894,39796
1895,38948
1896,37211
1897,36026
1898,35864
1899,35901
1900,35473
1901,34843
1902,31189
1903,29989
1904,29968
1905,30406
1906,30831
1907,31567
1908,32008
1909,31926
1910,31866
1911,30573
1912,29602
1913,29683
1914,29544
1915,29669
1916,28891
1917,27913
1918,27793
1919,27325
1920,27168
1921,28095
1922,28912
1923,28692
1924,28132
1925,27527
1926,25620
1927,25267
1928,24420
1929,24340
1930,21705
1931,16681
1932,17206
1933,17382
1934,17771
1935,17866
1936,17228
1937,16658
1938,16442
1939,16928
1940,15633
1941,15736
1942,15143
1943,14669
1944,14766
1945,14596
1946,16434
1947,16475
1948,18762
1949,18848
1950,18837
1951,19184
1952,19152
1953,20685
1954,21506
1955,20575
1956,21468
1957,19940
1958,20631
1959,20624
1960,20444
1961,20868
1962,20853
1963,22018
1964,22472
1965,22295
1966,22492
1967,22974
1968,24209
1969,24749
1970,24467
1971,23810
1972,23667
1973,27562
1974,29016
1975,32778
1976,32982
1977,33603
1978,33891
1979,34008
1980,34920
1981,36689
1982,37416
1983,37268
1984,36625
1985,36628
1986,36988
1987,38284
1988,39023
1989,39140
1990,39055
1991,39042
1992,39534
1993,39603
1994,41717
1995,41025
1996,40549
1997,39386
1998,38534
1999,38688
2000,38600
2001,37919
2002,37595
2003,36223
2004,36850
2005,36829
2006,36260
2007,35897
2008,37607
2009,39081
2010,39322
2011,39401
2012,37567
2013,36935
2014,36569
2015,36740
2016,36425
2017,33439
2018,31963
2019,31853
2020,31707
2021,30947
2022,32807
2023,31738
2024,31331
2025,30872
2026,30923
2027,33587
2028,35182
2029,35732
2030,35641
2031,33440
2032,33886
2033,33799
2034,34729
2035,35196
2036,34182
2037,33544
2038,33442
2039,33414
2040,33634
2041,33261
2042,32959
2043,31888
2044,30952
2045,32125
2046,32685
2047,32178
2048,31861
2049,31640
2050,31776
2051,31952
2052,31909
2053,31641
2054,30836
2055,30617
2056,31081
2057,30351
2058,30956
2059,30390
2060,30472
2061,30300
2062,30180
2063,31062
2064,30746
2065,31504
2066,31861
2067,31185
2068,33813
2069,33067
2070,33735
2071,32508
2072,31159
2073,31442
2074,31168
2075,31706
2076,30964
2077,27929
2078,27360
2079,26501
2080,26507
2081,26018
2082,26048
2083,25701
2084,26106
2085,26212
2086,26505
2087,26798
2088,26791
2089,26711
2090,26600
2091,26511
2092,27094
2093,26656
2094,26673
2095,25724
2096,28737
2097,32287
2098,34089
2099,34902
2100,35315
2101,35030
2102,34416
2103,35273
2104,35131
2105,35112
2106,34845
2107,33107
2108,32678
2109,32312
2110,31982
2111,31917
2112,30411
2113,30544
2114,29887
2115,29792
2116,29811
2117,27739
2118,26589
2119,26182
2120,25858
2121,25901
2122,26514
2123,29068
2124,29353
2125,30006
2126,29852
2127,30442
2128,31077
2129,30990
2130,30920
2131,30841
2132,30933
2133,31957
2134,32477
2135,33144
2136,33069
2137,35601
2138,35509
2139,35947
2140,36314
2141,36084
2142,35664
2143,35397
2144,34613
2145,34709
2146,27241
2147,26832
2148,25171
2149,25087
2150,25357
2151,25710
2152,25711
2153,25784
2154,25758
2155,25614
2156,25612
2157,25473
2158,25074
2159,25080
2160,25114
2161,25328
2162,26261
2163,27278
2164,30550
2165,30611
2166,30493
2167,31023
2168,32052
2169,32303
2170,32406
2171,32025
2172,29750
2173,28793
2174,30336
2175,31205
2176,30841
2177,29891
2178,29852
2179,29763
2180,29965
2181,30158
2182,30044
2183,28174
2184,26905
2185,27187
2186,25920
2187,25301
2188,25071
2189,26195
2190,26175
2191,28528
2192,29878
2193,30935
2194,30809
2195,30971
2196,30930
2197,30992
2198,31047
2199,31707
2200,30773
2201,31466
2202,31388
2203,32716
2204,34116
2205,34146
2206,34360
2207,34755
2208,35223
2209,37281
2210,37761
2211,37303
2212,37211
2213,35096
2214,34495
2215,34269
2216,34466
2217,34140
2218,33971
2219,34350
2220,34431
2221,35058
2222,34489
2223,34077
2224,32585
2225,31433
2226,31016
2227,30884
2228,31094
2229,31215
2230,30788
2231,30688
2232,29477
2233,32098
2234,34712
2235,35674
2236,36301
2237,36216
2238,35780
2239,37282
2240,37284
2241,36928
2242,36719
2243,37560
2244,39668
2245,40022
2246,41106
2247,41439
2248,39605
2249,40004
2250,39278
2251,39038
2252,38624
2253,36864
2254,37533
2255,37144
2256,36901
2257,36833
2258,35908
2259,35912
2260,35526
2261,35240
2262,35240
2263,35043
2264,34610
2265,34262
2266,33817
2267,33566
2268,32971
2269,33203
2270,32581
2271,32402
2272,30424
2273,29861
2274,32914
2275,33284
2276,34273
2277,34156
2278,34040
2279,34135
2280,34221
2281,34276
2282,35362
2283,28984
2284,29286
2285,27335
2286,27940
2287,28075
2288,27598
2289,26963
2290,26697
2291,25100
2292,26446
2293,24412
2294,24373
2295,23112
2296,22401
2297,23046
2298,23990
2299,24525
2300,24632
2301,24183
2302,24563
2303,25380
2304,26892
2305,26857
2306,26795
2307,26496
2308,26718
2309,27107
2310,27409
2311,27455
2312,26461
2313,25679
2314,26342
2315,26608
2316,27053
2317,26842
2318,27108
2319,27143
2320,27452
2321,28527
2322,28694
2323,27682
2324,26184
2325,25455
2326,26404
2327,26712
2328,28089
2329,28171
2330,27861
2331,30003
2332,29251
2333,34821
2334,34408
2335,33943
2336,34402
2337,34705
2338,36831
2339,37914
2340,37514
2341,38082
2342,35942
2343,37994
2344,39726
2345,39844
2346,39877
2347,38148
2348,37442
2349,38435
2350,38604
2351,39520
2352,38806
2353,37537
2354,37284
2355,37553
2356,38894
2357,38806
2358,37229
2359,37342
2360,36659
2361,37598
2362,38146
2363,38208
2364,38094
2365,37413
2366,40106
2367,41182
2368,41645
2369,41810
2370,41421
2371,41550
2372,41429
2373,41685
2374,42198
2375,42157
2376,39492
2377,40222
2378,40275
2379,41151
2380,40549
2381,39717
2382,37545
2383,35774
2384,38623
2385,39559
2386,38223
2387,37593
2388,36752
2389,37209
2390,36473
2391,36587
2392,36168
2393,32689
2394,33062
2395,34034
2396,34112
2397,33985
2398,33470
2399,33436
2400,34128
2401,34181
2402,35859
2403,37634
2404,37097
2405,37161
2406,36948
2407,40080
2408,39969
2409,40708
2410,40722
2411,40757
2412,40421
2413,41505
2414,42422
2415,41750
2416,38526
2417,38553
2418,37986
2419,39451
2420,38433
2421,38449
2422,37903
2423,37709
2424,37316
2425,39657
2426,39486
2427,38516
2428,38836
2429,37556
2430,40013
2431,39903
2432,39162
2433,38787
2434,36218
2435,38651
2436,38823
2437,37861
2438,37708
2439,36002
2440,37533
2441,41315
2442,41916
2443,44858
2444,42381
2445,42811
2446,42903
2447,43065
2448,43038
2449,41792
2450,38944
2451,38753
2452,34618
2453,35074
2454,35191
2455,34946
2456,34069
2457,33446
2458,33327
2459,33377
2460,33414
2461,33123
2462,32652
2463,31840
2464,31678
2465,31750
2466,31913
2467,31927
2468,31350
2469,30737
2470,30660
2471,31088
2472,32505
2473,33960
2474,32997
2475,31734
2476,32322
2477,32359
2478,32286
2479,31046
2480,29790
2481,30271
2482,32723
2483,33153
2484,32450
2485,31250
2486,31571
2487,34930
2488,38210
2489,38013
2490,36357
2491,33826
2492,32638
2493,31385
2494,31439
2495,31060
2496,31317
2497,30980
2498,30840
2499,30959
2500,31930
2501,32671
2502,32256
2503,31747
2504,31487
2505,31777
2506,32344
2507,32644
2508,33063
2509,32742
2510,33083
2511,33553
2512,33904
2513,39026
2514,39795
2515,39891
2516,39824
2517,40316
2518,42226
2519,42779
2520,43229
2521,42908
2522,40007
2523,40402
2524,40910
2525,41805
2526,41696
2527,40047
2528,47781
2529,47569
2530,49597
2531,49151
2532,48490
2533,47902
2534,49234
2535,51862
2536,53928
2537,46826
2538,46600
2539,45392
2540,46814
2541,48781
2542,48968
2543,49478
2544,49921
2545,50146
2546,53444
2547,54169
2548,54308
2549,54825
2550,53511
2551,55685
2552,55624
2553,56179
2554,56399
2555,56001
2556,55618
2557,56004
2558,55554
2559,55896
2560,54092
2561,53712
2562,51079
2563,49217
2564,47375
2565,47331
2566,46527
2567,43568
2568,41312
2569,41315
2570,40286
2571,41386
2572,41411
2573,41105
2574,44460
2575,44210
2576,48185
2577,47547
2578,45141
2579,44577
2580,42495
2581,42328
2582,42574
2583,43106
2584,36323
2585,33097
2586,34105
2587,36336
2588,36543
2589,36371
2590,36516
2591,36665
2592,36752
2593,36743
2594,35558
2595,34426
2596,35563
2597,36521
2598,36720
2599,36326
2600,35407
2601,35120
2602,34781
2603,35017
2604,35044
2605,35234
2606,35322
2607,35035
2608,34771
2609,34277
2610,35200
2611,36263
2612,37234
2613,37254
2614,37500
2615,38624
2616,39165
2617,40197
2618,39979
2619,39395
2620,38813
2621,38268
2622,39962
2623,38695
2624,38337
2625,37563
2626,35066
2627,40179
2628,40148
2629,40593
2630,40532
2631,40672
2632,40685
2633,40089
2634,38979
2635,38496
2636,34433
2637,36286
2638,35891
2639,36073
2640,36170
2641,35939
2642,35948
2643,35753
2644,35694
2645,36615
2646,38034
2647,40744
2648,40468
2649,40660
2650,41839
2651,41973
2652,42663
2653,39863
2654,38731
2655,39743
2656,39360
2657,41605
2658,41668
2659,42342
2660,43188
2661,43575
2662,45072
2663,47779
2664,47316
2665,48052
2666,47614
2667,48371
2668,48325
2669,48697
2670,49382
2671,49222
2672,46892
2673,47476
2674,46722
2675,47623
2676,47801
2677,45861
2678,46165
2679,46231
2680,46032
2681,46078
2682,45454
2683,45553
2684,46342
2685,46046
2686,48685
2687,50331
2688,50907
2689,50677
2690,51957
2691,51784
2692,52285
2693,52370
2694,51973
2695,50218
2696,45079
2697,45040
2698,44649
2699,42321
2700,43922
2701,43559
2702,44675
2703,44780
2704,44045
2705,44324
2706,42565
2707,43800
2708,44008
2709,42068
2710,42860
2711,41349
2712,41575
2713,41675
2714,40141
2715,40596
2716,37468
2717,38362
2718,39837
2719,38797
2720,38149
2721,37991
2722,38063
2723,38518
2724,38337
2725,40046
2726,40674
2727,39937
2728,41073
2729,40206
2730,40167
2731,40058
2732,39666
2733,39731
2734,34622
2735,33714
2736,32885
2737,31623
2738,31641
2739,30948
2740,30735
2741,30880
2742,30542
2743,30594
2744,30074
2745,30283
2746,30362
2747,30128
2748,30707
2749,30454
2750,30399
2751,29969
2752,29400
2753,31778
2754,31953
2755,31905
2756,32531
2757,31384
2758,34881
2759,33890
2760,34048
2761,34054
2762,32658
2763,33809
2764,34029
2765,33053
2766,34034
2767,31306
2768,31924
2769,31842
2770,32195
2771,32105
2772,31292
2773,30795
2774,29837
2775,28389
2776,29696
2777,31840
2778,31711
2779,32398
2780,34555
2781,35955
2782,36781
2783,37218
2784,37122
2785,39994
2786,39987
2787,41241
2788,41639
2789,41415
2790,42756
2791,44410
2792,44828
2793,45279
2794,45008
2795,44275
2796,44719
2797,44500
2798,44639
2799,44704
2800,44358
2801,44590
2802,43520
2803,42709
2804,43042
2805,42367
2806,42035
2807,40553
2808,42944
2809,46852
2810,46690
2811,46851
2812,46001
2813,46099
2814,46952
2815,47539
2816,47741
2817,47337
2818,46519
2819,46688
2820,47983
2821,50666
2822,50664
2823,51172
2824,50503
2825,49027
2826,48777
2827,47048
2828,47123
2829,45585
2830,42284
2831,43165
2832,41979
2833,42262
2834,42366
2835,38352
2836,38014
2837,36886
2838,37387
2839,38883
2840,36576
2841,36606
2842,36973
2843,36457
2844,37977
2845,38360
2846,39331
2847,39675
2848,38873
2849,49776
2850,49609
2851,50037
2852,50332
2853,48740
2854,51554
2855,51475
2856,51382
2857,51438
2858,39619
2859,39767
2860,40472
2861,40016
2862,40209
2863,37072
2864,37188
2865,36990
2866,37022
2867,37139
2868,36946
2869,36709
2870,36770
2871,36395
2872,36460
2873,36104
2874,36787
2875,36651
2876,37337
2877,37596
2878,37583
2879,37787
2880,38089
2881,40998
2882,41142
2883,43668
2884,43560
2885,43970
2886,47576
2887,47614
2888,47280
2889,46950
2890,45848
2891,48172
2892,45834
2893,46072
2894,45653
2895,43273
2896,43320
2897,42735
2898,39629
2899,36429
2900,36202
2901,36233
2902,36138
2903,35175
2904,34342
2905,34641
2906,34941
2907,34584
2908,34277
2909,34145
2910,34363
2911,34814
2912,34797
2913,34273
2914,34476
2915,34640
2916,34523
2917,35396
2918,34918
2919,34472
2920,34329
2921,35044
2922,35753
2923,35335
2924,34719
2925,34565
2926,34160
2927,34947
2928,34645
2929,34695
2930,32063
2931,32526
2932,31410
2933,31198
2934,31479
2935,29193
2936,28355
2937,28524
2938,28046
2939,28334
2940,24563
2941,25218
2942,23655
2943,23800
2944,24240
2945,23787
2946,26101
2947,26174
2948,26157
2949,27406
2950,27523
2951,29662
2952,29726
2953,29953
2954,31133
2955,31485
2956,32728
2957,32788
2958,32232
2959,33533
2960,33419
2961,34707
2962,35820
2963,36106
2964,36787
2965,39084
2966,39607
2967,40520
2968,40507
2969,42089
2970,42310
2971,41376
2972,41410
2973,42235
2974,42750
2975,42792
2976,42030
2977,43552
2978,43056
2979,43012
2980,41954
2981,40905
2982,41219
2983,42118
2984,43477
2985,43475
2986,41885
2987,41915
2988,41978
2989,42033
2990,44278
2991,44226
2992,44383
2993,43703
2994,43694
2995,43696
2996,45942
2997,45773
2998,45282
2999,43822
3000,42949
3001,44286
3002,44143
3003,43478
3004,43682
3005,40579
3006,43061
3007,43869
3008,44289
3009,44208
3010,41704
3011,41506
3012,41527
3013,41119
3014,44361
3015,41657
3016,41174
3017,40971
3018,40409
3019,40563
3020,40231
3021,40230
3022,40509
3023,43005
3024,43446
3025,45184
3026,44505
3027,43876
3028,43964
3029,45013
3030,45681
3031,45404
3032,42389
3033,39183
3034,38270
3035,38820
3036,38705
3037,38754
3038,39089
3039,40241
3040,41861
3041,41642
3042,41729
3043,42032
3044,41723
3045,41572
3046,41523
3047,42357
3048,43199
3049,43409
3050,42674
3051,42061
3052,42134
3053,42169
3054,45103
3055,44131
3056,42763
3057,42185
3058,42250
3059,42290
3060,42508
3061,42288
3062,41578
3063,38296
3064,37472
3065,38634
3066,38776
3067,37708
3068,38573
3069,38041
3070,39415
3071,39156
3072,36998
3073,34956
3074,33796
3075,34024
3076,34371
3077,34869
3078,34003
3079,34597
3080,40426
3081,40918
3082,41977
3083,41761
3084,41377
3085,43173
3086,42942
3087,42921
3088,42200
3089,36841
3090,37644
3091,37762
3092,37840
3093,37471
3094,35929
3095,38334
3096,38113
3097,37766
3098,38172
3099,38364
3100,38355
3101,38716
3102,38562
3103,37484
3104,34540
3105,33826
3106,33650
3107,2299
3108,34877
3109,34991
3110,35360
3111,36729
3112,37102
3113,38053
3114,38263
3115,37319
3116,37017
3117,36803
3118,37162
3119,36933
3120,36376
3121,38742
3122,38272
3123,40424
3124,40258
3125,39916
3126,39981
3127,39099
3128,39137
3129,39342
3130,34855
3131,33935
3132,33130
3133,33259
3134,34031
3135,33632
3136,35053
3137,36289
3138,36499
3139,37551
3140,38263
3141,38076
3142,38230
3143,38375
3144,39092
3145,37398
3146,37513
3147,37812
3148,37415
3149,37787
3150,38288
3151,41142
3152,41723
3153,41733
3154,42276
3155,42103
3156,42539
3157,43300
3158,43002
3159,43093
3160,40828
3161,41685
3162,42476
3163,43166
3164,43187
3165,42745
3166,42812
3167,42715
3168,42579
3169,42649
3170,41564
3171,41387
3172,39881
3173,40006
3174,40375
3175,40344
3176,40592
3177,40237
3178,40215
3179,39083
3180,37527
3181,36871
3182,35171
3183,34936
3184,34631
3185,33028
3186,32617
3187,32124
3188,31586
3189,31131
3190,30613
3191,33088
3192,33186
3193,31245
3194,31524
3195,30320
3196,33038
3197,33100
3198,35201
3199,34924
3200,32041
3201,32156
3202,34071
3203,37391
3204,38161
3205,36025
3206,36219
3207,35045
3208,35559
3209,35616
3210,35695
3211,34364
3212,33267
3213,32974
3214,36784
3215,36786
3216,37370
3217,36962
3218,37297
3219,37924
3220,37439
3221,37069
3222,37150
3223,35508
3224,35997
3225,35684
3226,36593
3227,36233
3228,36326
3229,37422
3230,38426
3231,38604
3232,38973
3233,38398
3234,38961
3235,39372
3236,39621
3237,40595
3238,40524
3239,40167
3240,39357
3241,38380
3242,38803
3243,38868
3244,40789
3245,40121
3246,39000
3247,38845
3248,37599
3249,38299
3250,38422
3251,36834
3252,34263
3253,31508
3254,31429
3255,32154
3256,31769
3257,32654
3258,33003
3259,32906
3260,32968
3261,32861
3262,34054
3263,33610
3264,32766
3265,32905
3266,32705
3267,32922
3268,32880
3269,34530
3270,35770
3271,35025
3272,35159
3273,35193
3274,35436
3275,35511
3276,35273
3277,36048
3278,34410
3279,34643
3280,34753
3281,35470
3282,36240
3283,35922
3284,35782
3285,35082
3286,33407
3287,33667
3288,33557
3289,34186
3290,34408
3291,34652
3292,35034
3293,33806
3294,33163
3295,34062
3296,33398
3297,34493
3298,36241
3299,35042
3300,35317
3301,35246
3302,36347
3303,38640
3304,37877
3305,39323
3306,38393
3307,36859
3308,37011
3309,37847
3310,39747
3311,38574
3312,36853
3313,35908
3314,34997
3315,35298
3316,35823
3317,35866
3318,34541
3319,32059
3320,34576
3321,36938
3322,39941
3323,40273
3324,40035
3325,39969
3326,39754
3327,40750
3328,42258
3329,40677
3330,41384
3331,39902
3332,41028
3333,41514
3334,42180
3335,42354
3336,41715
3337,42006
3338,41393
3339,40920
3340,40906
3341,38407
3342,37860
3343,36738
3344,37087
3345,37045
3346,36327
3347,34633
3348,34362
3349,34379
3350,35075
3351,35623
3352,34977
3353,34253
3354,36182
3355,38383
3356,38734
3357,40068
3358,40001
3359,39578
3360,39549
3361,41247
3362,46844
3363,47946
3364,47889
3365,47663
3366,47159
3367,47432
3368,47765
3369,46758
3370,44824
3371,39002
3372,38467
3373,38214
3374,38255
3375,37542
3376,36841
3377,35315
3378,35415
3379,35570
3380,35899
3381,36533
3382,36429
3383,35856
3384,35385
3385,35868
3386,35670
3387,35384
3388,35585
3389,35865
3390,37022
3391,37456
3392,40449
3393,39940
3394,39182
3395,46768
3396,47816
3397,49470
3398,49611
3399,49389
3400,51110
3401,49167
3402,50333
3403,50930
3404,43206
3405,43847
3406,43017
3407,43019
3408,43120
3409,41910
3410,41537
3411,38668
3412,38487
3413,38796
3414,39654
3415,39386
3416,39148
3417,39158
3418,39077
3419,40399
3420,40842
3421,41341
3422,43307
3423,42889
3424,43239
3425,43190
3426,42946
3427,43759
3428,42161
3429,43641
3430,42443
3431,41306
3432,43176
3433,43406
3434,43771
3435,44244
3436,44516
3437,48825
3438,46989
3439,48388
3440,47347
3441,49835
3442,51357
3443,51402
3444,51052
3445,50334
3446,47712
3447,48741
3448,48722
3449,48377
3450,46092
3451,44397
3452,44569
3453,44830
3454,45198
3455,45369
3456,44858
3457,44758
3458,45136
3459,47692
3460,49565
3461,51765
3462,51352
3463,51876
3464,52108
3465,52685
3466,53213
3467,53224
3468,52767
3469,52756
3470,51403
3471,52845
3472,51711
3473,56085
3474,57510
3475,58979
3476,61178
3477,60632
3478,60077
3479,59366
3480,57504
3481,57081
3482,53399
3483,53835
3484,53490
3485,54316
3486,54199
3487,52549
3488,51767
3489,50945
3490,49647
3491,48200
3492,48088
3493,48029
3494,45919
3495,44556
3496,44243
3497,44203
3498,44091
3499,45245
3500,48866
3501,50488
3502,51266
3503,51054
3504,51939
3505,52528
3506,53450
3507,52943
3508,51294
3509,47826
3510,45797
3511,46460
3512,48147
3513,48478
3514,50956
3515,50340
3516,54600
3517,55001
3518,56316
3519,56770
3520,54646
3521,54506
3522,52964
3523,48287
3524,48349
3525,44690
3526,46114
3527,45912
3528,46280
3529,46388
3530,45797
3531,46942
3532,49909
3533,52797
3534,52573
3535,50656
3536,50676
3537,51597
3538,53021
3539,53428
3540,52776
3541,51299
3542,48287
3543,48804
3544,48803
3545,49217
3546,48264
3547,46411
3548,46276
3549,43970
3550,42565
3551,44405
3552,43155
3553,44354
3554,43470
3555,43935
3556,44609
3557,43824
3558,45099
3559,45395
3560,42050
3561,42385
3562,38858
3563,37897
3564,36003
3565,34426
3566,33829
3567,31564
3568,32650
3569,32757
3570,32711
3571,33109
3572,34224
3573,41534
3574,44058
3575,43702
3576,43294
3577,43696
3578,44047
3579,45644
3580,46530
3581,44701
3582,40364
3583,38406
3584,38978
3585,39484
3586,39454
3587,39374
3588,39504
3589,40722
3590,39127
3591,40514
3592,40701
3593,40745
3594,40722
3595,40597
3596,42863
3597,43583
3598,43352
3599,43123
3600,42710
3601,43434
3602,46831
3603,46854
3604,46551
3605,44448
3606,44237
3607,44250
3608,44482
3609,44183
3610,44052
3611,40390
3612,41598
3613,43024
3614,45348
3615,46332
3616,46219
3617,45965
3618,46431
3619,47157
3620,47109
3621,45274
3622,42995
3623,39688
3624,40634
3625,40926
3626,40519
3627,40307
3628,39642
3629,45397
3630,46918
3631,46940
3632,47150
3633,46518
3634,47265
3635,47649
3636,47540
3637,47155
3638,43251
3639,42132
3640,42119
3641,42011
3642,43663
3643,42991
3644,42387
3645,41692
3646,40814
3647,42207
3648,43603
3649,42638
3650,42488
3651,39989
3652,41123
3653,41458
3654,43698
3655,43855
3656,43744
3657,44389
3658,44398
3659,47535
3660,47511
3661,46133
3662,46468
3663,45517
3664,50151
3665,50150
3666,50490
3667,49616
3668,47337
3669,46594
3670,47810
3671,48159
3672,48216
3673,43451
3674,43400
3675,43497
3676,45485
3677,45389
3678,44983
3679,42753
3680,42372
3681,42447
3682,44393
3683,47036
3684,47073
3685,45774
3686,46119
3687,46411
3688,50854
3689,50857
3690,50526
3691,49984
3692,47696
3693,49047
3694,49357
3695,49945
3696,49571
3697,47163
3698,48680
3699,49516
3700,49401
3701,49054
3702,47701
3703,50678
3704,49141
3705,50488
3706,49633
3707,49171
3708,48462
3709,48006
3710,49109
3711,48493
3712,47212
3713,44392
3714,43298
3715,44357
3716,43905
3717,43930
3718,43464
3719,42448
3720,42564
3721,42085
3722,42414
3723,39982
3724,40359
3725,40431
3726,40689
3727,41006
3728,42380
3729,42560
3730,42773
3731,42351
3732,41478
3733,40085
3734,40446
3735,39981
3736,40032
3737,36901
3738,36009
3739,36660
3740,37463
3741,38489
3742,38961
3743,38142
3744,38373
3745,38151
3746,38216
3747,37448
3748,35325
3749,35106
3750,36508
3751,38144
3752,37183
3753,35108
3754,35021
3755,34498
3756,35420
3757,35999
3758,35356
3759,35085
3760,33853
3761,34040
3762,33871
3763,33095
3764,32699
3765,31313
3766,32341
3767,32211
3768,33934
3769,35364
3770,34761
3771,34994
3772,34498
3773,33747
3774,33415
3775,32239
3776,32276
3777,30247
3778,29359
3779,29698
3780,29619
3781,30009
3782,34223
3783,34758
3784,35304
3785,35198
3786,35208
3787,35411
3788,35349
3789,35478
3790,35384
3791,33635
3792,34009
3793,33413
3794,33350
3795,33395
3796,34127
3797,35481
3798,35447
3799,34708
3800,31367
3801,30666
3802,30758
3803,31124
3804,31180
3805,29811
3806,29609
3807,27164
3808,27498
3809,28357
3810,27489
3811,27764
3812,27128
3813,27100
3814,27486
3815,26364
3816,26205
3817,25484
3818,23367
3819,24408
3820,23996
3821,24446
3822,24789
3823,24833
3824,25830
3825,26052
3826,26309
3827,26344
3828,25141
3829,26636
3830,25980
3831,25496
3832,24615
3833,23927
3834,24376
3835,25461
3836,27254
3837,28808
3838,28726
3839,28919
3840,28313
3841,27989
3842,28215
3843,28930
3844,30191
3845,29901
3846,29153
3847,28738
3848,28671
3849,29279
3850,29636
3851,30190
3852,29676
3853,29271
3854,31066
3855,32132
3856,33058
3857,32945
3858,32162
3859,31888
3860,31872
3861,32548
3862,32806
3863,32183
3864,32347
3865,32873
3866,34275
3867,35394
3868,35064
3869,35317
3870,35220
3871,34944
3872,39789
3873,39064
3874,40135
3875,39472
3876,43514
3877,44651
3878,44270
3879,43539
3880,44199
3881,42011
3882,44346
3883,43535
3884,43596
3885,40885
3886,40486
3887,42176
3888,42641
3889,42306
3890,42356
3891,41839
3892,41719
3893,41740
3894,41625
3895,47355
3896,47454
3897,47744
3898,47412
3899,47081
3900,46831
3901,47096
3902,48542
3903,48859
3904,45372
3905,45348
3906,46646
3907,48483
3908,49417
3909,49302
3910,49526
3911,48632
3912,49444
3913,50597
3914,50196
3915,48477
3916,46207
3917,44382
3918,44585
3919,43776
3920,44135
3921,42909
3922,41575
3923,41243
3924,40871
3925,39545
3926,37649
3927,36076
3928,36192
3929,36181
3930,36297
3931,33745
3932,33100
3933,32969
3934,33100
3935,33259
3936,31727
3937,29755
3938,28976
3939,28923
3940,28715
3941,28866
3942,28996
3943,27664
3944,26185
3945,23067
3946,22962
3947,22783
3948,22884
3949,22899
3950,21916
3951,21549
3952,19236
3953,19578
3954,19001
3955,17244
3956,16250
3957,15392
3958,15410
3959,15057
3960,14816
3961,14648
3962,13615
3963,13362
3964,13145
3965,13298
3966,13317
3967,13142
3968,13151
3969,12705
3970,12665
3971,12337
3972,13091
3973,13150
3974,13076
3975,13620
3976,12338
3977,12426
3978,12503
3979,11888
3980,12090
3981,11164
3982,11635
3983,11609
3984,10901
3985,10925
3986,10668
3987,10784
3988,10949
3989,11046
3990,11220
3991,10664
3992,10639
3993,10284
3994,10277
3995,10175
3996,10446
3997,10314
3998,10625
3999,10646
4000,11095
4001,11959
4002,12630
4003,14202
4004,14434
4005,15216
4006,16182
4007,16687
4008,16936
4009,16837
4010,16777
4011,17173
4012,17524
4013,18472
4014,18788
4015,19423
4016,19463
4017,20829
4018,21326
4019,22650
4020,22718
4021,22873
4022,23442
4023,23492
4024,24416
4025,25012
4026,24867
4027,25634
4028,25882
4029,26770
4030,26743
4031,26777
4032,27706
4033,27751
4034,27864
4035,28703
4036,29007
4037,30101
4038,29970
4039,30412
4040,30948
4041,31046
4042,34411
4043,34967
4044,35710
4045,35711
4046,36610
4047,36778
4048,36867
4049,36330
4050,36126
4051,34053
4052,33309
4053,32655
4054,32804
4055,31384
4056,31634
4057,31374
4058,33350
4059,33882
4060,33903
4061,33613
4062,32458
4063,32188
4064,31903
4065,31690
4066,31362
4067,29515
4068,30245
4069,29286
4070,29256
4071,28732
4072,28393
4073,28945
4074,26599
4075,27120
4076,27266
4077,25646
4078,25420
4079,24777
4080,24751
4081,24549
4082,24073
4083,24007
4084,23539
4085,22448
4086,22393
4087,22627
4088,22455
4089,22138
4090,21961
4091,21522
4092,21293
4093,21013
4094,21438
4095,20890
4096,20503
4097,20651
4098,21874
4099,23422
4100,23344
4101,23510
4102,23546
4103,23284
4104,23266
4105,22803
4106,22806
4107,21502
4108,19668
4109,19454
4110,19261
4111,19372
4112,19533
4113,19772
4114,19248
4115,18642
4116,19048
4117,18307
4118,18687
4119,19556
4120,19635
4121,19894
4122,19004
4123,18981
4124,18699
4125,18306
4126,18232
4127,18247
4128,18199
4129,18173
4130,18188
4131,17622
4132,17536
4133,17099
4134,17024
4135,16923
4136,16012
4137,15845
4138,15756
4139,15319
4140,15222
4141,12962
4142,12637
4143,12199
4144,12027
4145,11565
4146,11325
4147,10260
4148,9274
4149,8812
4150,8553
4151,8474
4152,7746
4153,7756
4154,7802
4155,8021
4156,7708
4157,7625
4158,7670
4159,8079
4160,7945
4161,7883
4162,7159
4163,7130
4164,7140
4165,7211
4166,6465
4167,6542
4168,4814
4169,4671
4170,4493
4171,4317
4172,4094
4173,4126
4174,4112
4175,4147
4176,3968
4177,3946
4178,3939
4179,3922
4180,4105
4181,4265
4182,4311
4183,4275
4184,4361
4185,4344
4186,4392
4187,4398
4188,4435
4189,4605
4190,4626
4191,4716
4192,4742
4193,4516
4194,4554
4195,4469
4196,4809
4197,4778
4198,4645
4199,4666
4200,4732
4201,4796
4202,4773
4203,4679
4204,4682
4205,4194
4206,4294
4207,4423
4208,4225
4209,3986
4210,3966
4211,4063
4212,4061
4213,4093
4214,4124
4215,4169
4216,4051
4217,4019
4218,4028
4219,4241
4220,4598
4221,5366
4222,5662
4223,5762
4224,5698
4225,5745
4226,5751
4227,6099
4228,6172
4229,6148
4230,6165
4231,6152
4232,6688
4233,6649
4234,6771
4235,6759
4236,6725
4237,7028
4238,6921
4239,7943
4240,7850
4241,7950
4242,8067
4243,8053
4244,8282
4245,8133
4246,7999
4247,8198
4248,8085
4249,8147
4250,8108
4251,8480
4252,8703
4253,8719
4254,8696
4255,8624
4256,8438
4257,8610
4258,8636
4259,9095
4260,8980
4261,8998
4262,9016
4263,9029
4264,9350
4265,9952
4266,10009
4267,10053
4268,9952
4269,10282
4270,10628
4271,10642
4272,10544
4273,10639
4274,10889
4275,11416
4276,11436
4277,11320
4278,11252
4279,11650
4280,12129
4281,12020
4282,12081
4283,12068
4284,12376
4285,12616
4286,14413
4287,15957
4288,16061
4289,15526
4290,15692
4291,15780
4292,16545
4293,17103
4294,17115
4295,17391
4296,18459
4297,18752
4298,20191
4299,20086
4300,20605
4301,21468
4302,21702
4303,22098
4304,22169
4305,22411
4306,22518
4307,22606
4308,22543
4309,22568
4310,23708
4311,26062
4312,27556
4313,27664
4314,27396
4315,27141
4316,27169
4317,27184
4318,27277
4319,26182
4320,25279
4321,25151
4322,25162
4323,24944
4324,24633
4325,24358
4326,24305
4327,24455
4328,24396
4329,23325
4330,22991
4331,22689
4332,22628
4333,22651
4334,22060
4335,21849
4336,18724
4337,18336
4338,18099
4339,18083
4340,18444
4341,18602
4342,17273
4343,17627
4344,17855
4345,17592
4346,16592
4347,15935
4348,15382
4349,15227
4350,14146
4351,13559
4352,13473
4353,13439
4354,13492
4355,13488
4356,13238
4357,12850
4358,12730
4359,12002
4360,10954
4361,8266
4362,7664
4363,7466
4364,7174
4365,7123
4366,7080
4367,6994
4368,6895
4369,6835
4370,6779
4371,6676
4372,6726
4373,6646
4374,6780
4375,6715
4376,6708
4377,6608
4378,6628
4379,6854
4380,6874
4381,8558
4382,8551
4383,9494
4384,10059
4385,11399
4386,11387
4387,11458
4388,11447
4389,11555
4390,10513
4391,10595
4392,10001
4393,9829
4394,8956
4395,9485
4396,9727
4397,9772
4398,9749
4399,9715
4400,9844
4401,9812
4402,9807
4403,9805
4404,9493
4405,9363
4406,9365
4407,9752
4408,10733
4409,12183
4410,13237
4411,13254
4412,14869
4413,15261
4414,15825
4415,18174
4416,18318
4417,18651
4418,19395
4419,20565
4420,20745
4421,21267
4422,21919
4423,23062
4424,24709
4425,24673
4426,24837
4427,25295
4428,30163
4429,30896
4430,31186
4431,30538
4432,30021
4433,29269
4434,28416
4435,28275
4436,29321
4437,29259
4438,29406
4439,29359
4440,29808
4441,30488
4442,30748
4443,30937
4444,31094
4445,30720
4446,30871
4447,31172
4448,32160
4449,34803
4450,37145
4451,37862
4452,38104
4453,38998
4454,40129
4455,41291
4456,42248
4457,41797
4458,39619
4459,37310
4460,37267
4461,36733
4462,36195
4463,35668
4464,34637
4465,33810
4466,33873
4467,33814
4468,31589
4469,31322
4470,31149
4471,30715
4472,30539
4473,27464
4474,27187
4475,27204
4476,26894
4477,25342
4478,22556
4479,22536
4480,22153
4481,22160
4482,22356
4483,22374
4484,22373
4485,21028
4486,20398
4487,20282
4488,20192
4489,20159
4490,18768
4491,18148
4492,17959
4493,17718
4494,17472
4495,17313
4496,17073
4497,16038
4498,14583
4499,12937
4500,10071
4501,10011
4502,9057
4503,8277
4504,7866
4505,6564
4506,6379
4507,5957
4508,5886
4509,5497
4510,5252
4511,5207
4512,4965
4513,4971
4514,4893
4515,4804
4516,4578
4517,4633
4518,4638
4519,4492
4520,4486
4521,4501
4522,4132
4523,4306
4524,4168
4525,4199
4526,4173
4527,3989
4528,4080
4529,3261
4530,3304
4531,3243
4532,2852
4533,2856
4534,2488
4535,2495
4536,2502
4537,2507
4538,2505
4539,2284
4540,2146
4541,2011
4542,2017
4543,2021
4544,2038
4545,1938
4546,1935
4547,1924
4548,1937
4549,1936
4550,2010
4551,2056
4552,2046
4553,2029
4554,2042
4555,2065
4556,2052
4557,1953
4558,2073
4559,2066
4560,2064
4561,2060
4562,2015
4563,2065
4564,2083
4565,2077
4566,2046
4567,1749
4568,1745
4569,1792
4570,1773
4571,1768
4572,1633
4573,1457
4574,1432
4575,1420
4576,1429
4577,1427
4578,1262
4579,1263
4580,1258
4581,1324
4582,1335
4583,1379
4584,1429
4585,1497
4586,1499
4587,1486
4588,1460
4589,1469
4590,1493
4591,1616
4592,1598
4593,1595
4594,1529
4595,1505
4596,1559
4597,1554
4598,1555
4599,1543
4600,1428
4601,1457
4602,1467
4603,1474
4604,1452
4605,1397
4606,1406
4607,1349
4608,1315
4609,1360
4610,1372
4611,1383
4612,1347
4613,1288
4614,1265
4615,1283
4616,1328
4617,1325
4618,1266
4619,1280
4620,1279
4621,1382
4622,1586
4623,1586
4624,1842
4625,1844
4626,1873
4627,1914
4628,1896
4629,1918
4630,1861
4631,1828
4632,1825
4633,1760
4634,1699
4635,1722
4636,1722
4637,1750
4638,1821
4639,1824
4640,1807
4641,1837
4642,1888
4643,2037
4644,2045
4645,2018
4646,1996
4647,2016
4648,2073
4649,2102
4650,2072
4651,2077
4652,2099
4653,2147
4654,2272
4655,2273
4656,2360
4657,2386
4658,2437
4659,2421
4660,2515
4661,2531
4662,2629
4663,2685
4664,2727
4665,2702
4666,2809
4667,2854
4668,3304
4669,3504
4670,3478
4671,3316
4672,3235
4673,3088
4674,3063
4675,3045
4676,3337
4677,3350
4678,3728
4679,3971
4680,4027
4681,4053
4682,4078
4683,4087
4684,4951
4685,4924
4686,5057
4687,5103
4688,5144
4689,5948
4690,6558
4691,6749
4692,7493
4693,7426
4694,8351
4695,8586
4696,8708
4697,9263
4698,9269
4699,12326
4700,13598
4701,14411
4702,15126
4703,15114
4704,15693
4705,15857
4706,15944
4707,16202
4708,16885
4709,17169
4710,17353
4711,17647
4712,17737
4713,17995
4714,18348
4715,18613
4716,19178
4717,19013
4718,18917
4719,18916
4720,19229
4721,19653
4722,20408
4723,20753
4724,20820
4725,20759
4726,20596
4727,20696
4728,20894
4729,21210
4730,21432
4731,21440
4732,21482
4733,21061
4734,20659
4735,20689
4736,20739
4737,20627
4738,20417
4739,18636
4740,18513
4741,17749
4742,17403
4743,17086
4744,16080
4745,16065
4746,15541
4747,15271
4748,14431
4749,11138
4750,10747
4751,9987
4752,9672
4753,9527
4754,8913
4755,8890
4756,8672
4757,8219
4758,7877
4759,7416
4760,7224
4761,6914
4762,6701
4763,6474
4764,5999
4765,5644
4766,5275
4767,5185
4768,5164
4769,5664
4770,5322
4771,4976
4772,4647
4773,4608
4774,4658
4775,4631
4776,4619
4777,4668
4778,4025
4779,4080
4780,3930
4781,3938
4782,4060
4783,4315
4784,4719
4785,4694
4786,4596
4787,4689
4788,4848
4789,5263
4790,5224
4791,5257
4792,5251
4793,5347
4794,5636
4795,5893
4796,6100
4797,6436
4798,6708
4799,6758
4800,7512
4801,7521
4802,7708
4803,7765
4804,7775
4805,8285
4806,8278
4807,8710
4808,8899
4809,8951
4810,9102
4811,9195
4812,11065
4813,12492
4814,13143
4815,13477
4816,13752
4817,13912
4818,14172
4819,16200
4820,16899
4821,17124
4822,17032
4823,17165
4824,20176
4825,21169
4826,21379
4827,22061
4828,22159
4829,22748
4830,22824
4831,23438
4832,23723
4833,23566
4834,26082
4835,26403
4836,32381
4837,33587
4838,35872
4839,36987
4840,37129
4841,37784
4842,38548
4843,40529
4844,41534
4845,42076
4846,42296
4847,42405
4848,43273
4849,44745
4850,45868
4851,46276
4852,46577
4853,47957
4854,48936
4855,49400
4856,50581
4857,50260
4858,49953
4859,50017
4860,50040
4861,49542
4862,47794
4863,46070
4864,46042
4865,45399
4866,45164
4867,45027
4868,44860
4869,43969
4870,43511
4871,44100
4872,45206
4873,44770
4874,43694
4875,43335
4876,42231
4877,41134
4878,41954
4879,42502
4880,42586
4881,41671
4882,40637
4883,40579
4884,40338
4885,39364
4886,37799
4887,36552
4888,36057
4889,36329
4890,39407
4891,39553
4892,37997
4893,36590
4894,35316
4895,34842
4896,36146
4897,36184
4898,37264
4899,34452
4900,33936
4901,34103
4902,34649
4903,34787
4904,35027
4905,33757
4906,34184
4907,33802
4908,34459
4909,34454
4910,34529
4911,34930
4912,37919
4913,38363
4914,39178
4915,39025
4916,39654
4917,39085
4918,40320
4919,40391
4920,40344
4921,38479
4922,37948
4923,37935
4924,38906
4925,39331
4926,40262
4927,37923
4928,38442
4929,39561
4930,40205
4931,40773
4932,40113
4933,39408
4934,39744
4935,38843
4936,39293
4937,37858
4938,39816
4939,39018
4940,38543
4941,38386
4942,38403
4943,38468
4944,40444
4945,39893
4946,40082
4947,37805
4948,36991
4949,37717
4950,37621
4951,37825
4952,39194
4953,37928
4954,39579
4955,39327
4956,39776
4957,39928
4958,39383
4959,39611
4960,39513
4961,38223
4962,37868
4963,37307
4964,38809
4965,38222
4966,40321
4967,39842
4968,39226
4969,39806
4970,39667
4971,41093
4972,42421
4973,41423
4974,43557
4975,43001
4976,43206
4977,43121
4978,42268
4979,42589
4980,43522
4981,44289
4982,44707
4983,43415
4984,42599
4985,43135
4986,44047
4987,43267
4988,41207
4989,40188
4990,40200
4991,40861
4992,40836
4993,39029
4994,38703
4995,38573
4996,38716
4997,38764
4998,38050
4999,38035
5000,37715
5001,37931
5002,37636
5003,37741
5004,36812
5005,36824
5006,36889
5007,37016
5008,37015
5009,37298
5010,35436
5011,34422
5012,36503
5013,34545
5014,34898
5015,33480
5016,32386
5017,32953
5018,34263
5019,36478
5020,36484
5021,32551
5022,33177
5023,33042
5024,32389
5025,32120
5026,31741
5027,32152
5028,31068
5029,30566
5030,29428
5031,30239
5032,29712
5033,29806
5034,29004
5035,28423
5036,28343
5037,28545
5038,28600
5039,28360
5040,27189
5041,27185
5042,26956
5043,26813
5044,26263
5045,24973
5046,25434
5047,25601
5048,25753
5049,25827
5050,25165
5051,24938
5052,24735
5053,23744
5054,24076
5055,22921
5056,22973
5057,23151
5058,22411
5059,23893
5060,23838
5061,22558
5062,21935
5063,21520
5064,21813
5065,21907
5066,21718
5067,21420
5068,16969
5069,15985
5070,15829
5071,15564
5072,14586
5073,13809
5074,13608
5075,13368
5076,13265
5077,13096
5078,13308
5079,13094
5080,12687
5081,12326
5082,12016
5083,11605
5084,11360
5085,10956
5086,11067
5087,10937
5088,12069
5089,12028
5090,12031
5091,11997
5092,12975
5093,12912
5094,12964
5095,12898
5096,12565
5097,13403
5098,13358
5099,13641
5100,13842
5101,13657
5102,15598
5103,15476
5104,17348
5105,17560
5106,17449
5107,18423
5108,20062
5109,21901
5110,22705
5111,23338
5112,24003
5113,25847
5114,26872
5115,27732
5116,28645
5117,29785
5118,31323
5119,31601
5120,31706
5121,32144
5122,31786
5123,31983
5124,31967
5125,31981
5126,32271
5127,32322
5128,33487
5129,33652
5130,33749
5131,33870
5132,33835
5133,33998
5134,34169
5135,36701
5136,36997
5137,36516
5138,36185
5139,36594
5140,37079
5141,37348
5142,37506
5143,38088
5144,38274
5145,38774
5146,38749
5147,38341
5148,38297
5149,38215
5150,37669
5151,36466
5152,35614
5153,35422
5154,35315
5155,34730
5156,34386
5157,32449
5158,26802
5159,26350
5160,24457
5161,23287
5162,22636
5163,19529
5164,19159
5165,18384
5166,17892
5167,17520
5168,16680
5169,16494
5170,16470
5171,16557
5172,16584
5173,16602
5174,16132
5175,16193
5176,15802
5177,16129
5178,16361
5179,16300
5180,16159
5181,16233
5182,16241
5183,16103
5184,14973
5185,13108
5186,12991
5187,12912
5188,12618
5189,11653
5190,11352
5191,10840
5192,10201
5193,10327
5194,9563
5195,9100
5196,8672
5197,8590
5198,8436
5199,8378
5200,8343
5201,8239
5202,7988
5203,6636
5204,6569
5205,6579
5206,6593
5207,6514
5208,6431
5209,6463
5210,6396
5211,6737
5212,6552
5213,6925
5214,6900
5215,6908
5216,7495
5217,7319
5218,9475
5219,9480
5220,9428
5221,9682
5222,9490
5223,9506
5224,9462
5225,9024
5226,9193
5227,8059
5228,8039
5229,7856
5230,7781
5231,8108
5232,8121
5233,8118
5234,8215
5235,8354
5236,8450
5237,8460
5238,8536
5239,8507
5240,8526
5241,8501
5242,8369
5243,8060
5244,7954
5245,8047
5246,8098
5247,8122
5248,8074
5249,8007
5250,8058
5251,8067
5252,8388
5253,8319
5254,8285
5255,8524
5256,8766
5257,8941
5258,8858
5259,8829
5260,8694
5261,8981
5262,8804
5263,8684
5264,8623
5265,8468
5266,8710
5267,7592
5268,6875
5269,6784
5270,6502
5271,6517
5272,6714
5273,6897
5274,7169
5275,7261
5276,7417
5277,7643
5278,8103
5279,8631
5280,8874
5281,8922
5282,9142
5283,9646
5284,9568
5285,10361
5286,10486
5287,11689
5288,12806
5289,13489
5290,13890
5291,13940
5292,14752
5293,15846
5294,16186
5295,17426
5296,18955
5297,20027
5298,20501
5299,20677
5300,21650
5301,23005
5302,23506
5303,24210
5304,24703
5305,24896
5306,25777
5307,25924
5308,28512
5309,28697
5310,31159
5311,32059
5312,33650
5313,34238
5314,34482
5315,34587
5316,35275
5317,35828
5318,36699
5319,37266
5320,38502
5321,38598
5322,39044
5323,39127
5324,38901
5325,38630
5326,39266
5327,38791
5328,39481
5329,39139
5330,41981
5331,42062
5332,41718
5333,41804
5334,41858
5335,41665
5336,42771
5337,41825
5338,40225
5339,39569
5340,39773
5341,41384
5342,41942
5343,41830
5344,42082
5345,40938
5346,40165
5347,42509
5348,43514
5349,43933
5350,42609
5351,41669
5352,43545
5353,44529
5354,44650
5355,44159
5356,43181
5357,43582
5358,43632
5359,42590
5360,41568
5361,39099
5362,38304
5363,38328
5364,37797
5365,37621
5366,36292
5367,35809
5368,35611
5369,35044
5370,34605
5371,34593
5372,34511
5373,34615
5374,35386
5375,35403
5376,35810
5377,36404
5378,35412
5379,35063
5380,33056
5381,33828
5382,33942
5383,33279
5384,36059
5385,36684
5386,36787
5387,36856
5388,38551
5389,38819
5390,39737
5391,39277
5392,38747
5393,37045
5394,36517
5395,36734
5396,37204
5397,32914
5398,33346
5399,31824
5400,31966
5401,31894
5402,31341
5403,31225
5404,31443
5405,34385
5406,36845
5407,36898
5408,36900
5409,37077
5410,37120
5411,37126
5412,36989
5413,36888
5414,37323
5415,37962
5416,38301
5417,38665
5418,38901
5419,39141
5420,39369
5421,39706
5422,39629
5423,39431
5424,39530
5425,40483
5426,40543
5427,40096
5428,40421
5429,40772
5430,40299
5431,39963
5432,40276
5433,39691
5434,37591
5435,36326
5436,36864
5437,37156
5438,36149
5439,36469
5440,35392
5441,35747
5442,36431
5443,36414
5444,37255
5445,36716
5446,43087
5447,44028
5448,43885
5449,43911
5450,44134
5451,44505
5452,44809
5453,44297
5454,45331
5455,38955
5456,38591
5457,37588
5458,37597
5459,37787
5460,38106
5461,38965
5462,38958
5463,37991
5464,37922
5465,38428
5466,38097
5467,38152
5468,38009
5469,38749
5470,37812
5471,37381
5472,37511
5473,36691
5474,37014
5475,37203
5476,36716
5477,37515
5478,35113
5479,34578
5480,34879
5481,34851
5482,34751
5483,32045
5484,30411
5485,29556
5486,28563
5487,27228
5488,26505
5489,25367
5490,25085
5491,27383
5492,28297
5493,28310
5494,28263
5495,26410
5496,25059
5497,24459
5498,24139
5499,24359
5500,21784
5501,22101
5502,22519
5503,22710
5504,22675
5505,22567
5506,22544
5507,22510
5508,22243
5509,22038
5510,21750
5511,21771
5512,21835
5513,22031
5514,21674
5515,21677
5516,21862
5517,21876
5518,21321
5519,20318
5520,20440
5521,20715
5522,21500
5523,20786
5524,19507
5525,19135
5526,19161
5527,19162
5528,18942
5529,18508
5530,18192
5531,17215
5532,19059
5533,19159
5534,19838
5535,19790
5536,19625
5537,19820
5538,19813
5539,19805
5540,19413
5541,17018
5542,18625
5543,19672
5544,21421
5545,22441
5546,22283
5547,22296
5548,22129
5549,23168
5550,23569
5551,24496
5552,24511
5553,24252
5554,25975
5555,26196
5556,26942
5557,27246
5558,27525
5559,28288
5560,28750
5561,29049
5562,28955
5563,28309
5564,28849
5565,28942
5566,29293
5567,29100
5568,30519
5569,31829
5570,31748
5571,31650
5572,31140
5573,31272
5574,31444
5575,32269
5576,31906
5577,32125
5578,32107
5579,32638
5580,32798
5581,31876
5582,30864
5583,30651
5584,29794
5585,29918
5586,29476
5587,29252
5588,29002
5589,28773
5590,28347
5591,27594
5592,24563
5593,24013
5594,21307
5595,21482
5596,21460
5597,21652
5598,21967
5599,20541
5600,19755
5601,19148
5602,18497
5603,18167
5604,17351
5605,17123
5606,16869
5607,15960
5608,15857
5609,14456
5610,14538
5611,14440
5612,14247
5613,14491
5614,13552
5615,13227
5616,13171
5617,12899
5618,10574
5619,9934
5620,9101
5621,9174
5622,9220
5623,9083
5624,8778
5625,8116
5626,7877
5627,7704
5628,7447
5629,7476
5630,7238
5631,7261
5632,7233
5633,7066
5634,6968
5635,6918
5636,6877
5637,6890
5638,7030
5639,7096
5640,7074
5641,7072
5642,7066
5643,7004
5644,6815
5645,6977
5646,6956
5647,6496
5648,6018
5649,5929
5650,6314
5651,6430
5652,6388
5653,5973
5654,6016
5655,6275
5656,6379
5657,6429
5658,6419
5659,5407
5660,5409
5661,5383
5662,5402
5663,4884
5664,4392
5665,4524
5666,4546
5667,4603
5668,4556
5669,4548
5670,4530
5671,4525
5672,4416
5673,4347
5674,4295
5675,4300
5676,4337
5677,4391
5678,4236
5679,4225
5680,4198
5681,4251
5682,4260
5683,4400
5684,4457
5685,4792
5686,4790
5687,4990
5688,4819
5689,4813
5690,4838
5691,5171
5692,5076
5693,5054
5694,4741
5695,4742
5696,5212
5697,5043
5698,5476
5699,5314
5700,5001
5701,5013
5702,4964
5703,4915
5704,4724
5705,4502
5706,5061
5707,4879
5708,5132
5709,5071
5710,5194
5711,5176
5712,5145
5713,5166
5714,5088
5715,4956
5716,4986
5717,4895
5718,5012
5719,4967
5720,5100
5721,5102
5722,5248
5723,5379
5724,5590
5725,5962
5726,5922
5727,6119
5728,6112
5729,6311
5730,6394
5731,6384
5732,6527
5733,6512
5734,6341
5735,6160
5736,6001
5737,5883
5738,5833
5739,5874
5740,5698
5741,5735
5742,5740
5743,5703
5744,5833
5745,5667
5746,5742
5747,5542
5748,5347
5749,5319
5750,5331
5751,5365
5752,5420
5753,5738
5754,5781
5755,5516
5756,5295
5757,6098
5758,6420
5759,6339
5760,6291
5761,6299
5762,6859
5763,7847
5764,8078
5765,8231
5766,8215
5767,8430
5768,8541
5769,8452
5770,8381
5771,8394
5772,9332
5773,12178
5774,12068
5775,12163
5776,12729
5777,13301
5778,13558
5779,13601
5780,13659
5781,14236
5782,14529
5783,14824
5784,14971
5785,15628
5786,17678
5787,19519
5788,19581
5789,19610
5790,19652
5791,20391
5792,21335
5793,21290
5794,21206
5795,21959
5796,22465
5797,23884
5798,25165
5799,25499
5800,26036
5801,26232
5802,26581
5803,27873
5804,28252
5805,29708
5806,29406
5807,29310
5808,29920
5809,31328
5810,31887
5811,31998
5812,31562
5813,31210
5814,31322
5815,31651
5816,32115
5817,33054
5818,33321
5819,33612
5820,33598
5821,33147
5822,31974
5823,30982
5824,31572
5825,31612
5826,30782
5827,33452
5828,33817
5829,34290
5830,34682
5831,34115
5832,35177
5833,35111
5834,34768
5835,34613
5836,30924
5837,32465
5838,34306
5839,35018
5840,34940
5841,33340
5842,33567
5843,33956
5844,33985
5845,33655
5846,31958
5847,29255
5848,28479
5849,28587
5850,28173
5851,27833
5852,26982
5853,26130
5854,26074
5855,25793
5856,25926
5857,26004
5858,24170
5859,23676
5860,23000
5861,22969
5862,23029
5863,22432
5864,22447
5865,21685
5866,21228
5867,20862
5868,20058
5869,20125
5870,20047
5871,19599
5872,19221
5873,17368
5874,17371
5875,16468
5876,15380
5877,14296
5878,12842
5879,12831
5880,11642
5881,11202
5882,10793
5883,10664
5884,10745
5885,10517
5886,9852
5887,8713
5888,7777
5889,7556
5890,7505
5891,7254
5892,6844
5893,6501
5894,6321
5895,6476
5896,6527
5897,6524
5898,6256
5899,6231
5900,6206
5901,6281
5902,5923
5903,5904
5904,5454
5905,5247
5906,5282
5907,4793
5908,4598
5909,4577
5910,4370
5911,4470
5912,4302
5913,4299
5914,4487
5915,4656
5916,4589
5917,4637
5918,4667
5919,4837
5920,4953
5921,5019
5922,5078
5923,4875
5924,5036
5925,5029
5926,4980
5927,5047
5928,4738
5929,4904
5930,4865
5931,4831
5932,4815
5933,4372
5934,4367
5935,4255
5936,4427
5937,4441
5938,4255
5939,4239
5940,4212
5941,4229
5942,4223
5943,4327
5944,4319
5945,4412
5946,4321
5947,4772
5948,4680
5949,4700
5950,4797
5951,4772
5952,5303
5953,5603
5954,5759
5955,6867
5956,6748
5957,7128
5958,7153
5959,7551
5960,7638
5961,8376
5962,8274
5963,8298
5964,8052
5965,8002
5966,8000
5967,7992
5968,7804
5969,7697
5970,7514
5971,7948
5972,7924
5973,7919
5974,7943
5975,8107
5976,8420
5977,9284
5978,10048
5979,10553
5980,11707
5981,12892
5982,13505
5983,13626
5984,13661
5985,16818
5986,17580
5987,20383
5988,20380
5989,20429
5990,21204
5991,21601
5992,23116
5993,23225
5994,23284
5995,24279
5996,24128
5997,29035
5998,30199
5999,30536
6000,31415
6001,32785
6002,34111
6003,34171
6004,34301
6005,34137
6006,35361
6007,39440
6008,41407
6009,41326
6010,40995
6011,42458
6012,43048
6013,43480
6014,43771
6015,43908
6016,46022
6017,47757
6018,49416
6019,51524
6020,52410
6021,56060
6022,56971
6023,56957
6024,56884
6025,56236
6026,55594
6027,54935
6028,54649
6029,54565
6030,51162
6031,49763
6032,49612
6033,49751
6034,49380
6035,46968
6036,45619
6037,44777
6038,44756
6039,44408
6040,43704
6041,43217
6042,42229
6043,42020
6044,41214
6045,40739
6046,38658
6047,36656
6048,36490
6049,34886
6050,33579
6051,27184
6052,27117
6053,26415
6054,26018
6055,25601
6056,24144
6057,21721
6058,20780
6059,21090
6060,20664
6061,20124
6062,19743
6063,19343
6064,18915
6065,18477
6066,16420
6067,16123
6068,13252
6069,12082
6070,10461
6071,9253
6072,9011
6073,9027
6074,9080
6075,9332
6076,9117
6077,9088
6078,8414
6079,8652
6080,8438
6081,8783
6082,8711
6083,8371
6084,7364
6085,7234
6086,7290
6087,7308
6088,7309
6089,7281
6090,6344
6091,6194
6092,6088
6093,6230
6094,6178
6095,6226
6096,6232
6097,6008
6098,5835
6099,5898
6100,5874
6101,5910
6102,5704
6103,5789
6104,6009
6105,6029
6106,6180
6107,6171
6108,5910
6109,6684
6110,6566
6111,7036
6112,6863
6113,6740
6114,6881
6115,6867
6116,7089
6117,7143
6118,6395
6119,6604
6120,6527
6121,6703
6122,6728
6123,6647
6124,6619
6125,6411
6126,6580
6127,6649
6128,6460
6129,6243
6130,6042
6131,5861
6132,6000
6133,6223
6134,6333
6135,6307
6136,6279
6137,6276
6138,6288
6139,6284
6140,6555
6141,6500
6142,6597
6143,6699
6144,6600
6145,7421
6146,7405
6147,7528
6148,7515
6149,7508
6150,7747
6151,7717
6152,7669
6153,7688
6154,8120
6155,8553
6156,9268
6157,9377
6158,9828
6159,9464
6160,9287
6161,9119
6162,9170
6163,9125
6164,9080
6165,8909
6166,9244
6167,9123
6168,10258
6169,10215
6170,12025
6171,12033
6172,12985
6173,14830
6174,16447
6175,17656
6176,17804
6177,17990
6178,18449
6179,18594
6180,19481
6181,19677
6182,20107
6183,20452
6184,20508
6185,21802
6186,22587
6187,24233
6188,27206
6189,29398
6190,30320
6191,31062
6192,31102
6193,31599
6194,32117
6195,32156
6196,32219
6197,33069
6198,33165
6199,35832
6200,35924
6201,36042
6202,36007
6203,36164
6204,36305
6205,36288
6206,37481
6207,38277
6208,38455
6209,38501
6210,39108
6211,40288
6212,41066
6213,44402
6214,45029
6215,46282
6216,46368
6217,46275
6218,46293
6219,46833
6220,46025
6221,46080
6222,44843
6223,44890
6224,43758
6225,44055
6226,46744
6227,46403
6228,52216
6229,52420
6230,52909
6231,52674
6232,51509
6233,51661
6234,53688
6235,52007
6236,52340
6237,48111
6238,44266
6239,44075
6240,43449
6241,43305
6242,43524
6243,43184
6244,47203
6245,48116
6246,47949
6247,51912
6248,51589
6249,55734
6250,59064
6251,58822
6252,62155
6253,61511
6254,63094
6255,64967
6256,61630
6257,61291
6258,59348
6259,56972
6260,57832
6261,56058
6262,55563
6263,54014
6264,52876
6265,56288
6266,56744
6267,56885
6268,57045
6269,56889
6270,58425
6271,58530
6272,57919
6273,57489
6274,56964
6275,53802
6276,54519
6277,53803
6278,52383
6279,51031
6280,51037
6281,50977
6282,51299
6283,51140
6284,48489
6285,51728
6286,51670
6287,54190
6288,54734
6289,54371
6290,54520
6291,53614
6292,54028
6293,50389
6294,50673
6295,50979
6296,49987
6297,48644
6298,47982
6299,46416
6300,46197
6301,45841
6302,42908
6303,42094
6304,40111
6305,40619
6306,40734
6307,40987
6308,42743
6309,41336
6310,41609
6311,42091
6312,41892
6313,42236
6314,39671
6315,38761
6316,39337
6317,40075
6318,40044
6319,39053
6320,38054
6321,37977
6322,38095
6323,38348
6324,38144
6325,36801
6326,36075
6327,37936
6328,39977
6329,40562
6330,41144
6331,41191
6332,40900
6333,41411
6334,40758
6335,41441
6336,35798
6337,33423
6338,33331
6339,33360
6340,33432
6341,33510
6342,33236
6343,32074
6344,31446
6345,31304
6346,31895
6347,32332
6348,34763
6349,37774
6350,37698
6351,37377
6352,37367
6353,37531
6354,38401
6355,38087
6356,38872
6357,36585
6358,36631
6359,36491
6360,36435
6361,36537
6362,36588
6363,36595
6364,36658
6365,36312
6366,36216
6367,34622
6368,35535
6369,35534
6370,38613
6371,40327
6372,40690
6373,42373
6374,42202
6375,47962
6376,47085
6377,45694
6378,44770
6379,42890
6380,42544
6381,42802
6382,41698
6383,41369
6384,36364
6385,37377
6386,38890
6387,40089
6388,39958
6389,40151
6390,40291
6391,41751
6392,43374
6393,42896
6394,42696
6395,42717
6396,42657
6397,42753
6398,41044
6399,40003
6400,40432
6401,40274
6402,40896
6403,40731
6404,40031
6405,40002
6406,39798
6407,39993
6408,39571
6409,39466
6410,40211
6411,39549
6412,41818
6413,41565
6414,42429
6415,42951
6416,42378
6417,41856
6418,41207
6419,40161
6420,39134
6421,37198
6422,36603
6423,34940
6424,34165
6425,33415
6426,36857
6427,38149
6428,38043
6429,39066
6430,40052
6431,40076
6432,46552
6433,47236
6434,46859
6435,44532
6436,42155
6437,44555
6438,44839
6439,46573
6440,47750
6441,44065
6442,43928
6443,44205
6444,44599
6445,44806
6446,43325
6447,44498
6448,44766
6449,45169
6450,47325
6451,47549
6452,47562
6453,47593
6454,47692
6455,50546
6456,50086
6457,50512
6458,51054
6459,49489
6460,49620
6461,48497
6462,47644
6463,49014
6464,48187
6465,53222
6466,53222
6467,53869
6468,53959
6469,52744
6470,55785
6471,55720
6472,56134
6473,56186
6474,49740
6475,49191
6476,47171
6477,47044
6478,47207
6479,44235
6480,47725
6481,45618
6482,45167
6483,46403
6484,46962
6485,47524
6486,48249
6487,48343
6488,50305
6489,50037
6490,50553
6491,51280
6492,50985
6493,50784
6494,51765
6495,51189
6496,51456
6497,50150
6498,51584
6499,50591
6500,49812
6501,49451
6502,49091
6503,48389
6504,49884
6505,48909
6506,48886
6507,47373
6508,47184
6509,47143
6510,47149
6511,47469
6512,46701
6513,41723
6514,39918
6515,38899
6516,39299
6517,39600
6518,40817
6519,39974
6520,41052
6521,41342
6522,41390
6523,45684
6524,45050
6525,46042
6526,45934
6527,48692
6528,51174
6529,47375
6530,47526
6531,48109
6532,45144
6533,45820
6534,44551
6535,44780
6536,41241
6537,41585
6538,39604
6539,40166
6540,39475
6541,39253
6542,40588
6543,42055
6544,42730
6545,46963
6546,47868
6547,49612
6548,53401
6549,54110
6550,55747
6551,56227
6552,56618
6553,56691
6554,55656
6555,59174
6556,59582
6557,59363
6558,63931
6559,64837
6560,65850
6561,65638
6562,65543
6563,65403
6564,64942
6565,64794
6566,64534
6567,58793
6568,57852
6569,56683
6570,55567
6571,55437
6572,54047
6573,52721
6574,52765
6575,52166
6576,51414
6577,49423
6578,46517
6579,44968
6580,44013
6581,43666
6582,43849
6583,42040
6584,42906
6585,41999
6586,41835
6587,41241
6588,46162
6589,47818
6590,48046
6591,48557
6592,45125
6593,44690
6594,43916
6595,42856
6596,44269
6597,35841
6598,32459
6599,32312
6600,33132
6601,33154
6602,33476
6603,32384
6604,32088
6605,32975
6606,33253
6607,32648
6608,32115
6609,31094
6610,31299
6611,31612
6612,32263
6613,32641
6614,32457
6615,32621
6616,32741
6617,33273
6618,33314
6619,33030
6620,32922
6621,32881
6622,34345
6623,35535
6624,35651
6625,35972
6626,36006
6627,36416
6628,36278
6629,36741
6630,39175
6631,39513
6632,39033
6633,38225
6634,38212
6635,38312
6636,38881
6637,38743
6638,35774
6639,35509
6640,35223
6641,35609
6642,35255
6643,34737
6644,34409
6645,34139
6646,32207
6647,32193
6648,32118
6649,31315
6650,30368
6651,30220
6652,29523
6653,30093
6654,28022
6655,27903
6656,27796
6657,27903
6658,28993
6659,28935
6660,28680
6661,28266
6662,27863
6663,29380
6664,29431
6665,31109
6666,30952
6667,31652
6668,32430
6669,32937
6670,34020
6671,35533
6672,36262
6673,37325
6674,36494
6675,37984
6676,38036
6677,39401
6678,41432
6679,40422
6680,39219
6681,39559
6682,40539
6683,41040
6684,40283
6685,39996
6686,39874
6687,38203
6688,38263
6689,37435
6690,37226
6691,37097
6692,36815
6693,36755
6694,36189
6695,35600
6696,35476
6697,35452
6698,35530
6699,35534
6700,35231
6701,34962
6702,34528
6703,33997
6704,33801
6705,33582
6706,33677
6707,33774
6708,33586
6709,33547
6710,33470
6711,33343
6712,31949
6713,31537
6714,30383
6715,29774
6716,28739
6717,27004
6718,26194
6719,24886
6720,23927
6721,21589
6722,18695
6723,18649
6724,17537
6725,17305
6726,14428
6727,13526
6728,12793
6729,12368
6730,12187
6731,9896
6732,9374
6733,9434
6734,9409
6735,9620
6736,8557
6737,8560
6738,8507
6739,8173
6740,8117
6741,7771
6742,7764
6743,7591
6744,7433
6745,7412
6746,7468
6747,7478
6748,7494
6749,7823
6750,8009
6751,8008
6752,7987
6753,7966
6754,7978
6755,8141
6756,7607
6757,6860
6758,6834
6759,6783
6760,6816
6761,6614
6762,6528
6763,5927
6764,5939
6765,5758
6766,5780
6767,5701
6768,5679
6769,5732
6770,5505
6771,5510
6772,5124
6773,5247
6774,5128
6775,4928
6776,4924
6777,4856
6778,4864
6779,4844
6780,4462
6781,4294
6782,3921
6783,3854
6784,3870
6785,3287
6786,3317
6787,3215
6788,3180
6789,3233
6790,3392
6791,3394
6792,3395
6793,3348
6794,3330
6795,3407
6796,3345
6797,3338
6798,3211
6799,2782
6800,2818
6801,2827
6802,2894
6803,2927
6804,2622
6805,2662
6806,2602
6807,2545
6808,2530
6809,2588
6810,2617
6811,2577
6812,2577
6813,2663
6814,2620
6815,2724
6816,2701
6817,2695
6818,2605
6819,2569
6820,2582
6821,2559
6822,2455
6823,2528
6824,2449
6825,2420
6826,2474
6827,2450
6828,2847
6829,2852
6830,2869
6831,2894
6832,2870
6833,2989
6834,3069
6835,3041
6836,3052
6837,2872
6838,3294
6839,3204
6840,3249
6841,3350
6842,3361
6843,3851
6844,3791
6845,4076
6846,4065
6847,3954
6848,3938
6849,3884
6850,3879
6851,3865
6852,3796
6853,3953
6854,3955
6855,3969
6856,4028
6857,4030
6858,4117
6859,4066
6860,4046
6861,4498
6862,4438
6863,4612
6864,4571
6865,4515
6866,4644
6867,4724
6868,4759
6869,4749
6870,4726
6871,4910
6872,5108
6873,5526
6874,6044
6875,6273
6876,6898
6877,6848
6878,6649
6879,6901
6880,7062
6881,7123
6882,8719
6883,8575
6884,9246
6885,9299
6886,9482
6887,9540
6888,9350
6889,9687
6890,9932
6891,10133
6892,10345
6893,10444
6894,10550
6895,12548
6896,12709
6897,13178
6898,13335
6899,14053
6900,14483
6901,14725
6902,14920
6903,14953
6904,15716
6905,16683
6906,16868
6907,20296
6908,21192
6909,23120
6910,23913
6911,24644
6912,26796
6913,26875
6914,27042
6915,28287
6916,28562
6917,32030
6918,34039
6919,34746
6920,34948
6921,35784
6922,36970
6923,36681
6924,37878
6925,39164
6926,39555
6927,40331
6928,40296
6929,40278
6930,41249
6931,44816
6932,47701
6933,47437
6934,47643
6935,48395
6936,48342
6937,49078
6938,48889
6939,48291
6940,47879
6941,47620
6942,47418
6943,47092
6944,46146
6945,45155
6946,45416
6947,45955
6948,45367
6949,45283
6950,44737
6951,44480
6952,44344
6953,43964
6954,43590
6955,42995
6956,41360
6957,38982
6958,37426
6959,36991
6960,36168
6961,33400
6962,32687
6963,32577
6964,32192
6965,31496
6966,29704
6967,27379
6968,26452
6969,25859
6970,25865
6971,23420
6972,23624
6973,23053
6974,21964
6975,20860
6976,19854
6977,19548
6978,19575
6979,19229
6980,17993
6981,9930
6982,9827
6983,9801
6984,8844
6985,8684
6986,8244
6987,8189
6988,8204
6989,8211
6990,8313
6991,8252
6992,8027
6993,8054
6994,7847
6995,7928
6996,6480
6997,6518
6998,6286
6999,6191
7000,6270
7001,6234
7002,6281
7003,5744
7004,5785
7005,5833
7006,5548
7007,5605
7008,4603
7009,4656
7010,4656
7011,4466
7012,4474
7013,4420
7014,4443
7015,4426
7016,4495
7017,4297
7018,4293
7019,4341
7020,4222
7021,4159
7022,3453
7023,3470
7024,3464
7025,3310
7026,3372
7027,3292
7028,3318
7029,3271
7030,3177
7031,3442
7032,3397
7033,3417
7034,3515
7035,3615
7036,3659
7037,3650
7038,3567
7039,3629
7040,3429
7041,3799
7042,3788
7043,3848
7044,3756
7045,3719
7046,4001
7047,3986
7048,4053
7049,4045
7050,3904
7051,3908
7052,3850
7053,3819
7054,4183
7055,4053
7056,4172
7057,4183
7058,4094
7059,4814
7060,4823
7061,4836
7062,4754
7063,4579
7064,4728
7065,4721
7066,4833
7067,5027
7068,5623
7069,6631
7070,6740
7071,6899
7072,7004
7073,7051
7074,7093
7075,7069
7076,7082
7077,7177
7078,7298
7079,7467
7080,7397
7081,7309
7082,7384
7083,7481
7084,7415
7085,7380
7086,7421
7087,7412
7088,7509
7089,7452
7090,7485
7091,7315
7092,7307
7093,7231
7094,7210
7095,8022
7096,7916
7097,7973
7098,7985
7099,8023
7100,9335
7101,9981
7102,10944
7103,11155
7104,11395
7105,11504
7106,12244
7107,15784
7108,17672
7109,20225
7110,20393
7111,22046
7112,22898
7113,26522
7114,30438
7115,30390
7116,30401
7117,30053
7118,29867
7119,31184
7120,31404
7121,32005
7122,32576
7123,32534
7124,33048
7125,33498
7126,34073
7127,34598
7128,34599
7129,34573
7130,34693
7131,34848
7132,35074
7133,35108
7134,35294
7135,35412
7136,35689
7137,36300
7138,36284
7139,36791
7140,37140
7141,37562
7142,38385
7143,38491
7144,39273
7145,39228
7146,39607
7147,40139
7148,39920
7149,40480
7150,39611
7151,39226
7152,39780
7153,38174
7154,37981
7155,37712
7156,34709
7157,33778
7158,27471
7159,26960
7160,26414
7161,25295
7162,25494
7163,23014
7164,22103
7165,22057
7166,22008
7167,22142
7168,21430
7169,20779
7170,20622
7171,19498
7172,19608
7173,19504
7174,19264
7175,18979
7176,18315
7177,18285
7178,18303
7179,18189
7180,18695
7181,18719
7182,18921
7183,18854
7184,18527
7185,19444
7186,20050
7187,21321
7188,21490
7189,20664
7190,21630
7191,21531
7192,23608
7193,23407
7194,22623
7195,22876
7196,22601
7197,25314
7198,27982
7199,27852
7200,28069
7201,27769
7202,33370
7203,33489
7204,33983
7205,34266
7206,34356
7207,34750
7208,35124
7209,35320
7210,35277
7211,34287
7212,34431
7213,34391
7214,34449
7215,34335
7216,34381
7217,35326
7218,35344
7219,35493
7220,35523
7221,36012
7222,36640
7223,36745
7224,36857
7225,37173
7226,37996
7227,39093
7228,39039
7229,38932
7230,38388
7231,39145
7232,39264
7233,39265
7234,39392
7235,36923
7236,34486
7237,34325
7238,35184
7239,35818
7240,33030
7241,32109
7242,31414
7243,30662
7244,31109
7245,29570
7246,29820
7247,24488
7248,22762
7249,22794
7250,22068
7251,21239
7252,20633
7253,20800
7254,20892
7255,20442
7256,20518
7257,19754
7258,19754
7259,20132
7260,20065
7261,19632
7262,19710
7263,19695
7264,20014
7265,20043
7266,19815
7267,20389
7268,19941
7269,19868
7270,19567
7271,18712
7272,19088
7273,18733
7274,18798
7275,17633
7276,16690
7277,17130
7278,17636
7279,17851
7280,17907
7281,17238
7282,17488
7283,17303
7284,17738
7285,19426
7286,19855
7287,19512
7288,18859
7289,18658
7290,18534
7291,19119
7292,19096
7293,19696
7294,19849
7295,19385
7296,19719
7297,19516
7298,19386
7299,19704
7300,19988
7301,20170
7302,19887
7303,19634
7304,19540
7305,19515
7306,19699
7307,20033
7308,20550
7309,20390
7310,20491
7311,20696
7312,20657
7313,21559
7314,22192
7315,22289
7316,24022
7317,23899
7318,23976
7319,24066
7320,24034
7321,23806
7322,23479
7323,23499
7324,23599
7325,23119
7326,22980
7327,22242
7328,22611
7329,22470
7330,22326
7331,22135
7332,21844
7333,22100
7334,21425
7335,19839
7336,19291
7337,18986
7338,18952
7339,18955
7340,18728
7341,18130
7342,17729
7343,17514
7344,17801
7345,18601
7346,18848
7347,18986
7348,18890
7349,18494
7350,18101
7351,17864
7352,17827
7353,17762
7354,17771
7355,17253
7356,16885
7357,15966
7358,15535
7359,15495
7360,15107
7361,15003
7362,14819
7363,13044
7364,13185
7365,12181
7366,10576
7367,10582
7368,10332
7369,10395
7370,10317
7371,10209
7372,10227
7373,9846
7374,9832
7375,9788
7376,9565
7377,9065
7378,8461
7379,8384
7380,8386
7381,8369
7382,8418
7383,7367
7384,7512
7385,7560
7386,7740
7387,7715
7388,7628
7389,7503
7390,7495
7391,7499
7392,7408
7393,6582
7394,6073
7395,4481
7396,4491
7397,4072
7398,4068
7399,3997
7400,3927
7401,3968
7402,3921
7403,3913
7404,4154
7405,4015
7406,3692
7407,3553
7408,3522
7409,3550
7410,3313
7411,3290
7412,3190
7413,2717
7414,2836
7415,2583
7416,2643
7417,2606
7418,2597
7419,2582
7420,2590
7421,2560
7422,2612
7423,2498
7424,2528
7425,2675
7426,2676
7427,2782
7428,2855
7429,2841
7430,2850
7431,2828
7432,2849
7433,2893
7434,2705
7435,2611
7436,2478
7437,2432
7438,2452
7439,2476
7440,2480
7441,2441
7442,2380
7443,2391
7444,2434
7445,2463
7446,2401
7447,2307
7448,2306
7449,2330
7450,2338
7451,2329
7452,2331
7453,2240
7454,2150
7455,2058
7456,2001
7457,2023
7458,2197
7459,2225
7460,2289
7461,2282
7462,2264
7463,2213
7464,2170
7465,2126
7466,2185
7467,2145
7468,2597
7469,2649
7470,2663
7471,2633
7472,2590
7473,2670
7474,2723
7475,2709
7476,2664
7477,2544
7478,2834
7479,3390
7480,4282
7481,4543
7482,4442
7483,4502
7484,4665
7485,6901
7486,7180
7487,7177
7488,7209
7489,7466
7490,8247
7491,9192
7492,10221
7493,10396
7494,10512
7495,11056
7496,11544
7497,11970
7498,12437
7499,12413
7500,13180
7501,13273
7502,13505
7503,13605
7504,13658
7505,13697
7506,13797
7507,13702
7508,13693
7509,13624
7510,13605
7511,13823
7512,14083
7513,14332
7514,14511
7515,14464
7516,14494
7517,14282
7518,14286
7519,14589
7520,15059
7521,15999
7522,15877
7523,15687
7524,15667
7525,15800
7526,15897
7527,15746
7528,15296
7529,14573
7530,13789
7531,14209
7532,14193
7533,14303
7534,13378
7535,12453
7536,12586
7537,12559
7538,12532
7539,12117
7540,11550
7541,10848
7542,10369
7543,10236
7544,10194
7545,9163
7546,8984
7547,8753
7548,8960
7549,8606
7550,8275
7551,8124
7552,8054
7553,8029
7554,8106
7555,8040
7556,8029
7557,8123
7558,8210
7559,8339
7560,8442
7561,8307
7562,8253
7563,7973
7564,7916
7565,8087
7566,8262
7567,8540
7568,8185
7569,7946
7570,7400
7571,7640
7572,7708
7573,7804
7574,7954
7575,7833
7576,8071
7577,8136
7578,8056
7579,8264
7580,7435
7581,7656
7582,7696
7583,7406
7584,7506
7585,7274
7586,7279
7587,7274
7588,7965
7589,7921
7590,7928
7591,8028
7592,8214
7593,8624
7594,8683
7595,8700
7596,8888
7597,8188
7598,8862
7599,8767
7600,8876
7601,9617
7602,10304
7603,10656
7604,10814
7605,10851
7606,10889
7607,12876
7608,13981
7609,14181
7610,15255
7611,15522
7612,16585
7613,16998
7614,16939
7615,17536
7616,17245
7617,18173
7618,18972
7619,19128
7620,20046
7621,19669
7622,20234
7623,20481
7624,20779
7625,21675
7626,22651
7627,25082
7628,25477
7629,26039
7630,26071
7631,27917
7632,30700
7633,30945
7634,31357
7635,32310
7636,32260
7637,32285
7638,32449
7639,33019
7640,33366
7641,33445
7642,34514
7643,34534
7644,34912
7645,35252
7646,35461
7647,35312
7648,35291
7649,35634
7650,36663
7651,36290
7652,37382
7653,37714
7654,37737
7655,37810
7656,37647
7657,36899
7658,36892
7659,36832
7660,36896
7661,36167
7662,35413
7663,35802
7664,35472
7665,35593
7666,35387
7667,36132
7668,35425
7669,35754
7670,35659
7671,36104
7672,36233
7673,37106
7674,36273
7675,35887
7676,32441
7677,31744
7678,30485
7679,31636
7680,31058
7681,30109
7682,28933
7683,28564
7684,28360
7685,29257
7686,29204
7687,29611
7688,28218
7689,28713
7690,28421
7691,27946
7692,31292
7693,31067
7694,31319
7695,31383
7696,31494
7697,33996
7698,33843
7699,34223
7700,34715
7701,33116
7702,33253
7703,32783
7704,32933
7705,32698
7706,31640
7707,32210
7708,31634
7709,31126
7710,30593
7711,30554
7712,30364
7713,30656
7714,30548
7715,30325
7716,29363
7717,28785
7718,28220
7719,27992
7720,27305
7721,27475
7722,25213
7723,25275
7724,25865
7725,26974
7726,27033
7727,27025
7728,26551
7729,25626
7730,25256
7731,24946
7732,24750
7733,25543
7734,25321
7735,25299
7736,25013
7737,24987
7738,25671
7739,26204
7740,26184
7741,24598
7742,23092
7743,23190
7744,22545
7745,22379
7746,20890
7747,20553
7748,19725
7749,19063
7750,18183
7751,17496
7752,17252
7753,17196
7754,17380
7755,17408
7756,16238
7757,16459
7758,16661
7759,17318
7760,17892
7761,17779
7762,17967
7763,18038
7764,18506
7765,19642
7766,19916
7767,20203
7768,20328
7769,20335
7770,19833
7771,19966
7772,19782
7773,20062
7774,21070
7775,21630
7776,22201
7777,23083
7778,23500
7779,26784
7780,26980
7781,27501
7782,28710
7783,27912
7784,30780
7785,30763
7786,31020
7787,31353
7788,29273
7789,29742
7790,29565
7791,29529
7792,29884
7793,30599
7794,33539
7795,34086
7796,34275
7797,35097
7798,35297
7799,38586
7800,44212
7801,44754
7802,45584
7803,45307
7804,45928
7805,47077
7806,46847
7807,47382
7808,47102
7809,46255
7810,46451
7811,46209
7812,46852
7813,46520
7814,45066
7815,44601
7816,44044
7817,44125
7818,44565
7819,45501
7820,45713
7821,45530
7822,45593
7823,47173
7824,47676
7825,47950
7826,47745
7827,47044
7828,46332
7829,45489
7830,44274
7831,44315
7832,41415
7833,41363
7834,43261
7835,43631
7836,42371
7837,45305
7838,45236
7839,46318
7840,46684
7841,45953
7842,46995
7843,42080
7844,41632
7845,41890
7846,40130
7847,40520
7848,39323
7849,37808
7850,37134
7851,38129
7852,40339
7853,42652
7854,42579
7855,43097
7856,43846
7857,44769
7858,44868
7859,45438
7860,47071
7861,47016
7862,46867
7863,48250
7864,53207
7865,53429
7866,54866
7867,54967
7868,56553
7869,56395
7870,56261
7871,55923
7872,55587
7873,51372
7874,49731
7875,48234
7876,47937
7877,46163
7878,47923
7879,48999
7880,48873
7881,48407
7882,47703
7883,46961
7884,46110
7885,45482
7886,45267
7887,44579
7888,44668
7889,44880
7890,45200
7891,45590
7892,47502
7893,47686
7894,48723
7895,48404
7896,48018
7897,50390
7898,49733
7899,48968
7900,48516
7901,44457
7902,44863
7903,44259
7904,48709
7905,49331
7906,46591
7907,47920
7908,47831
7909,51184
7910,51643
7911,51050
7912,51916
7913,47654
7914,46091
7915,45703
7916,44213
7917,44190
7918,41275
7919,41565
7920,41382
7921,41259
7922,40531
7923,40333
7924,41263
7925,41175
7926,41166
7927,40787
7928,37231
7929,37486
7930,37473
7931,37746
7932,37126
7933,36793
7934,37136
7935,36794
7936,36719
7937,35846
7938,35064
7939,35186
7940,34466
7941,33646
7942,33604
7943,31655
7944,32494
7945,32162
7946,31086
7947,30556
7948,30767
7949,31022
7950,31193
7951,27843
7952,27729
7953,22407
7954,20292
7955,19943
7956,19172
7957,18806
7958,17927
7959,16745
7960,16592
7961,16038
7962,15708
7963,15940
7964,16140
7965,18402
7966,18926
7967,18408
7968,18028
7969,17654
7970,18083
7971,18579
7972,18635
7973,18877
7974,17547
7975,17761
7976,18422
7977,18709
7978,19136
7979,19402
7980,21416
7981,21775
7982,22483
7983,22430
7984,22567
7985,22501
7986,22826
7987,23437
7988,24623
7989,24844
7990,25974
7991,25557
7992,25382
7993,25029
7994,25478
7995,25835
7996,26653
7997,28246
7998,27915
7999,27761
8000,28071
8001,28096
8002,28793
8003,28776
8004,30960
8005,31030
8006,31009
8007,33425
8008,33379
8009,33980
8010,35184
8011,35644
8012,37257
8013,36865
8014,36008
8015,35275
8016,34825
8017,35611
8018,35567
8019,36629
8020,37014
8021,37166
8022,37374
8023,36733
8024,36023
8025,35910
8026,35013
8027,36838
8028,36864
8029,36516
8030,35372
8031,35042
8032,35306
8033,35302
8034,35998
8035,36402
8036,35992
8037,39739
8038,41078
8039,41550
8040,42187
8041,41977
8042,42300
8043,42566
8044,43129
8045,43154
8046,40461
8047,39859
8048,39912
8049,40271
8050,39963
8051,41534
8052,41548
8053,41105
8054,40740
8055,40429
8056,39653
8057,38976
8058,38482
8059,37948
8060,38091
8061,37456
8062,36807
8063,36907
8064,36458
8065,36421
8066,35988
8067,36020
8068,37495
8069,35592
8070,35701
8071,35246
8072,35005
8073,35056
8074,34815
8075,34842
8076,34526
8077,33049
8078,36082
8079,35168
8080,36318
8081,36566
8082,36583
8083,36285
8084,36450
8085,36673
8086,35378
8087,29174
8088,28405
8089,26161
8090,26101
8091,26292
8092,26941
8093,25105
8094,24448
8095,24364
8096,24361
8097,24654
8098,25052
8099,25205
8100,24944
8101,24733
8102,26340
8103,26582
8104,27036
8105,27169
8106,27623
8107,27544
8108,29967
8109,30020
8110,30147
8111,30039
8112,32104
8113,34370
8114,35312
8115,36622
8116,37568
8117,40272
8118,45064
8119,44974
8120,45129
8121,45204
8122,46001
8123,46694
8124,46898
8125,47274
8126,46074
8127,43515
8128,42377
8129,41922
8130,41470
8131,41568
8132,41848
8133,41870
8134,41387
8135,41152
8136,41164
8137,41327
8138,41300
8139,42746
8140,42391
8141,41485
8142,44570
8143,43686
8144,43981
8145,44013
8146,43888
8147,44046
8148,42591
8149,43962
8150,43955
8151,40391
8152,40426
8153,46846
8154,48137
8155,49990
8156,51728
8157,50969
8158,52036
8159,53799
8160,55233
8161,56231
8162,48151
8163,47633
8164,45398
8165,43514
8166,43386
8167,40762
8168,39983
8169,39442
8170,39828
8171,39845
8172,41065
8173,42529
8174,43211
8175,43495
8176,43372
8177,44314
8178,44714
8179,45348
8180,45658
8181,44985
8182,45399
8183,44600
8184,44949
8185,44903
8186,44522
8187,45100
8188,44393
8189,44277
8190,44238
8191,42359
8192,41652
8193,41155
8194,42204
8195,42145
8196,41476
8197,41629
8198,40647
8199,43716
8200,43702
8201,43843
8202,40980
8203,36701
8204,35845
8205,34323
8206,33166
8207,32542
8208,27931
8209,27537
8210,25823
8211,26003
8212,25746
8213,25578
8214,26314
8215,28114
8216,28421
8217,28408
8218,28202
8219,28153
8220,28545
8221,29680
8222,28289
8223,27153
8224,27909
8225,28104
8226,28309
8227,27705
8228,27119
8229,26300
8230,26162
8231,25948
8232,25838
8233,25983
8234,26454
8235,26968
8236,26930
8237,26689
8238,26253
8239,26162
8240,25995
8241,25800
8242,25655
8243,25293
8244,25345
8245,25681
8246,25596
8247,25513
8248,23546
8249,21798
8250,20839
8251,20339
8252,19600
8253,19176
8254,18751
8255,19070
8256,19369
8257,19538
8258,19400
8259,18727
8260,18567
8261,18686
8262,19079
8263,18817
8264,17087
8265,14832
8266,14658
8267,14772
8268,14606
8269,14679
8270,13176
8271,11623
8272,11821
8273,9680
8274,10028
8275,10179
8276,10399
8277,10140
8278,10121
8279,10024
8280,10450
8281,10652
8282,11131
8283,10775
8284,10761
8285,12423
8286,12336
8287,12747
8288,12692
8289,12696
8290,12713
8291,12347
8292,12678
8293,12341
8294,12218
8295,12307
8296,12165
8297,13764
8298,13621
8299,13929
8300,13862
8301,14144
8302,14312
8303,14781
8304,14768
8305,14508
8306,14117
8307,14740
8308,15773
8309,15909
8310,15674
8311,15411
8312,15556
8313,16028
8314,15875
8315,15789
8316,15668
8317,15515
8318,15492
8319,15467
8320,15831
8321,15918
8322,15805
8323,15551
8324,14894
8325,14332
8326,14285
8327,14252
8328,14514
8329,14244
8330,13889
8331,13437
8332,13285
8333,13239
8334,12397
8335,11552
8336,11314
8337,11279
8338,11379
8339,11404
8340,11696
8341,11551
8342,11783
8343,13113
8344,14602
8345,15563
8346,15670
8347,15508
8348,15354
8349,15310
8350,15111
8351,15801
8352,15566
8353,15737
8354,16184
8355,16802
8356,18635
8357,19209
8358,19007
8359,19668
8360,20087
8361,20469
8362,19898
8363,19891
8364,19910
8365,20762
8366,21531
8367,22055
8368,22802
8369,22873
8370,22725
8371,22713
8372,23138
8373,23416
8374,25545
8375,27549
8376,28058
8377,28918
8378,28885
8379,29531
8380,29976
8381,30138
8382,30805
8383,30541
8384,32388
8385,33880
8386,34392
8387,34848
8388,34853
8389,34824
8390,34732
8391,34487
8392,34300
8393,31934
8394,30672
8395,30123
8396,29282
8397,30533
8398,30455
8399,30666
8400,30718
8401,30185
8402,30022
8403,29529
8404,28943
8405,28163
8406,26217
8407,26096
8408,26892
8409,26480
8410,26023
8411,26117
8412,26098
8413,26541
8414,27713
8415,27239
8416,30714
8417,29302
8418,30150
8419,30799
8420,31707
8421,32761
8422,32416
8423,33124
8424,30081
8425,30784
8426,31510
8427,31446
8428,32222
8429,32077
8430,31777
8431,31820
8432,32214
8433,33056
8434,32275
8435,32335
8436,32155
8437,32498
8438,33277
8439,33477
8440,33855
8441,33850
8442,33705
8443,33724
8444,33723
8445,33673
8446,32886
8447,32582
8448,32496
8449,32239
8450,31938
8451,31763
8452,31982
8453,32100
8454,32510
8455,31940
8456,31086
8457,30683
8458,29724
8459,31667
8460,31713
8461,32862
8462,32529
8463,32461
8464,31747
8465,30210
8466,30189
8467,30834
8468,29884
8469,29459
8470,28402
8471,28798
8472,28650
8473,29887
8474,29412
8475,28434
8476,28031
8477,27133
8478,29535
8479,29955
8480,30287
8481,30147
8482,28098
8483,27625
8484,26613
8485,27383
8486,27328
8487,25899
8488,25366
8489,25157
8490,25292
8491,25519
8492,25543
8493,25608
8494,25159
8495,25405
8496,25508
8497,25377
8498,25475
8499,25540
8500,25844
8501,26239
8502,26356
8503,26410
8504,27116
8505,28798
8506,29473
8507,30943
8508,30656
8509,30304
8510,30106
8511,30303
8512,31308
8513,31576
8514,31066
8515,30279
8516,29188
8517,28800
8518,28746
8519,30222
8520,30658
8521,30842
8522,29835
8523,28812
8524,28155
8525,30456
8526,33778
8527,33390
8528,31241
8529,30898
8530,30620
8531,31873
8532,32533
8533,32529
8534,32148
8535,31812
8536,32426
8537,32557
8538,32546
8539,32884
8540,32383
8541,33786
8542,34755
8543,34729
8544,35137
8545,36394
8546,37192
8547,37724
8548,37555
8549,37572
8550,37092
8551,36972
8552,36766
8553,36519
8554,34173
8555,33063
8556,32307
8557,31223
8558,30618
8559,30111
8560,29355
8561,28567
8562,27652
8563,27187
8564,27114
8565,26629
8566,27772
8567,28180
8568,27391
8569,26422
8570,25666
8571,25576
8572,26015
8573,25622
8574,25573
8575,19281
8576,17479
8577,17560
8578,17565
8579,17543
8580,17212
8581,15635
8582,16967
8583,17066
8584,17216
8585,17281
8586,16807
8587,17773
8588,17551
8589,17484
8590,17418
8591,14454
8592,14658
8593,14407
8594,14018
8595,13651
8596,12613
8597,13360
8598,13278
8599,13540
8600,13424
8601,13588
8602,13581
8603,13580
8604,13596
8605,13528
8606,14281
8607,14561
8608,16806
8609,17834
8610,17678
8611,22445
8612,23061
8613,24718
8614,24897
8615,23739
8616,23673
8617,23711
8618,24391
8619,25565
8620,24744
8621,24765
8622,25459
8623,26914
8624,29510
8625,29741
8626,30385
8627,32189
8628,32720
8629,33093
8630,33123
8631,32629
8632,32836
8633,33046
8634,33087
8635,33784
8636,33421
8637,33854
8638,35063
8639,35108
8640,35156
8641,35036
8642,35541
8643,35894
8644,35957
8645,36245
8646,35936
8647,36277
8648,36696
8649,37997
8650,38193
8651,38089
8652,39196
8653,39881
8654,40497
8655,40131
8656,38963
8657,38532
8658,36524
8659,37247
8660,37112
8661,35763
8662,35240
8663,35656
8664,36741
8665,36980
8666,36078
8667,36017
8668,34199
8669,33956
8670,34841
8671,35591
8672,33284
8673,32280
8674,32119
8675,31870
8676,31109
8677,30387
8678,30350
8679,30393
8680,30323
8681,29772
8682,28686
8683,28436
8684,28538
8685,28333
8686,27697
8687,26756
8688,26384
8689,26629
8690,26624
8691,27047
8692,27960
8693,27996
8694,28784
8695,28847
8696,28624
8697,28454
8698,27317
8699,28199
8700,28361
8701,32052
8702,32433
8703,31306
8704,32192
8705,32092
8706,32633
8707,32724
8708,31485
8709,31455
8710,27994
8711,29397
8712,29088
8713,27677
8714,28109
8715,27421
8716,27312
8717,27245
8718,26571
8719,26515
8720,24303
8721,24007
8722,23713
8723,22709
8724,22795
8725,22755
8726,22649
8727,22543
8728,22826
8729,23028
8730,23234
8731,23206
8732,23292
8733,22756
8734,22715
8735,22620
8736,22899
8737,23473
8738,23591
8739,23717
8740,23820
8741,21628
8742,19965
8743,18815
8744,18534
8745,19014
8746,18434
8747,18092
8748,17789
8749,16340
8750,14952
8751,13176
8752,12974
8753,12716
8754,12254
8755,11871
8756,11347
8757,11884
8758,12304
8759,12094
8760,11222
8761,10320
8762,10292
8763,9921
8764,9628
8765,9427
8766,9439
8767,9375
8768,9405
8769,9511
8770,9647
8771,9695
8772,9375
8773,9142
8774,9045
8775,9073
8776,9063
8777,8126
8778,8001
8779,7655
8780,7787
8781,8173
8782,8183
8783,8169
8784,7991
8785,8073
8786,7549
8787,7241
8788,7168
8789,6982
8790,6989
8791,7116
8792,7076
8793,7053
8794,5766
8795,5751
8796,5769
8797,5649
8798,5796
8799,5748
8800,5712
8801,5723
8802,5684
8803,5691
8804,5819
8805,5714
8806,5923
8807,4677
8808,4569
8809,4545
8810,4604
8811,4485
8812,4403
8813,4370
8814,4356
8815,4325
8816,4272
8817,4220
8818,4196
8819,3952
8820,3951
8821,3870
8822,3828
8823,3787
8824,3747
8825,3779
8826,3649
8827,3610
8828,3596
8829,3536
8830,3222
8831,2766
8832,2752
8833,2759
8834,2706
8835,2621
8836,2392
8837,2212
8838,2197
8839,2202
8840,2191
8841,1898
8842,1793
8843,1773
8844,1796
8845,1791
8846,1789
8847,1644
8848,1487
8849,1464
8850,1463
8851,1388
8852,1370
8853,1072
8854,1064
8855,722
8856,639
8857,664
8858,698
8859,676
8860,685
8861,798
8862,792
8863,972
8864,965
8865,1354
8866,1615
8867,1756
8868,1805
8869,1859
8870,1853
8871,1846
8872,1860
8873,1899
8874,1922
8875,1879
8876,1878
8877,1886
8878,1938
8879,1997
8880,2159
8881,2172
8882,2175
8883,2201
8884,2368
8885,2415
8886,2823
8887,2855
8888,2858
8889,2856
8890,2890
8891,3000
8892,3030
8893,3041
8894,3134
8895,3202
8896,3672
8897,3946
8898,4428
8899,5107
8900,5241
8901,6041
8902,7414
8903,7622
8904,8037
8905,8254
8906,8552
8907,10292
8908,10520
8909,13310
8910,13391
8911,13516
8912,13585
8913,13546
8914,14327
8915,14111
8916,14076
8917,14094
8918,14094
8919,15019
8920,15398
8921,16258
8922,16544
8923,16823
8924,19647
8925,20385
8926,22508
8927,23962
8928,24851
8929,25269
8930,25544
8931,25850
8932,27521
8933,28100
8934,30700
8935,31233
8936,31365
8937,31510
8938,32048
8939,34035
8940,34805
8941,35404
8942,36937
8943,37728
8944,37914
8945,37806
8946,37488
8947,37613
8948,36111
8949,36282
8950,36223
8951,34744
8952,34386
8953,33858
8954,33761
8955,34371
8956,33867
8957,33439
8958,32037
8959,31729
8960,32057
8961,32437
8962,32633
8963,32584
8964,32286
8965,32073
8966,32052
8967,32252
8968,32231
8969,32116
8970,31608
8971,31247
8972,30459
8973,29151
8974,28327
8975,27268
8976,26219
8977,24347
8978,23561
8979,23544
8980,23028
8981,22133
8982,21621
8983,20465
8984,19669
8985,18760
8986,18873
8987,18911
8988,18410
8989,18409
8990,18212
8991,17007
8992,16269
8993,15179
8994,15529
8995,15886
8996,16448
8997,15977
8998,14840
8999,14480
9000,15413
9001,16203
9002,16603
9003,16685
9004,15987
9005,15285
9006,15282
9007,15406
9008,15879
9009,15251
9010,14978
9011,14743
9012,14781
9013,15132
9014,15964
9015,17996
9016,17983
9017,19152
9018,20164
9019,21422
9020,22185
9021,22589
9022,23629
9023,23707
9024,23083
9025,24002
9026,24919
9027,28718
9028,30114
9029,33209
9030,34448
9031,35122
9032,35910
9033,37315
9034,39951
9035,40084
9036,39984
9037,39804
9038,39224
9039,38996
9040,39258
9041,40084
9042,41083
9043,41133
9044,41677
9045,44142
9046,46543
9047,46725
9048,47013
9049,46933
9050,46524
9051,46497
9052,46441
9053,46922
9054,47397
9055,47389
9056,47545
9057,47277
9058,48558
9059,50007
9060,50008
9061,49848
9062,50387
9063,50168
9064,48958
9065,47933
9066,47269
9067,44986
9068,42253
9069,42214
9070,41992
9071,39287
9072,37969
9073,39205
9074,40041
9075,39461
9076,36186
9077,35070
9078,33257
9079,32468
9080,32026
9081,31992
9082,30063
9083,28162
9084,27834
9085,27907
9086,30909
9087,31892
9088,31321
9089,31653
9090,31019
9091,30981
9092,30932
9093,29772
9094,29782
9095,24172
9096,23696
9097,23691
9098,23002
9099,23185
9100,22099
9101,21716
9102,21589
9103,20607
9104,21280
9105,21917
9106,22042
9107,21575
9108,20190
9109,20351
9110,20929
9111,20606
9112,19980
9113,19760
9114,19801
9115,20106
9116,19955
9117,19883
9118,19931
9119,19376
9120,19618
9121,19875
9122,19461
9123,19440
9124,19146
9125,19842
9126,19805
9127,22663
9128,22773
9129,23349
9130,23739
9131,25938
9132,28128
9133,28274
9134,28298
9135,27839
9136,25688
9137,25633
9138,25298
9139,25230
9140,25427
9141,25845
9142,26834
9143,26766
9144,26958
9145,30150
9146,32824
9147,33273
9148,33275
9149,33608
9150,34490
9151,35936
9152,36100
9153,35989
9154,35227
9155,35037
9156,36265
9157,37544
9158,37380
9159,37605
9160,38038
9161,38490
9162,39587
9163,40469
9164,40848
9165,40650
9166,40735
9167,40449
9168,40030
9169,39839
9170,39923
9171,39120
9172,40129
9173,39123
9174,39238
9175,38963
9176,37792
9177,36532
9178,36440
9179,35660
9180,35474
9181,29918
9182,30584
9183,30010
9184,29797
9185,28550
9186,28828
9187,28996
9188,29228
9189,29244
9190,29234
9191,26643
9192,26531
9193,26288
9194,25316
9195,23744
9196,22421
9197,23042
9198,23011
9199,21919
9200,22810
9201,22738
9202,22683
9203,24160
9204,23569
9205,23442
9206,21871
9207,22340
9208,22455
9209,20802
9210,20253
9211,20296
9212,18710
9213,19843
9214,21553
9215,23272
9216,24014
9217,24712
9218,26307
9219,27548
9220,27893
9221,27560
9222,27160
9223,26688
9224,26940
9225,29113
9226,29223
9227,30675
9228,30997
9229,33892
9230,35888
9231,36252
9232,37103
9233,36986
9234,36592
9235,38191
9236,37967
9237,39355
9238,39638
9239,39944
9240,40513
9241,41857
9242,42679
9243,42783
9244,42435
9245,42283
9246,41655
9247,44134
9248,44839
9249,44983
9250,44176
9251,43862
9252,43228
9253,43887
9254,49056
9255,49832
9256,49435
9257,49255
9258,49105
9259,49617
9260,49787
9261,49752
9262,49474
9263,46403
9264,45050
9265,42275
9266,41679
9267,40848
9268,38887
9269,38662
9270,38984
9271,39508
9272,39696
9273,39426
9274,38827
9275,37574
9276,37713
9277,37316
9278,35836
9279,35387
9280,34163
9281,37987
9282,38873
9283,38873
9284,39263
9285,38323
9286,38015
9287,37827
9288,36588
9289,38247
9290,36239
9291,36390
9292,38136
9293,38416
9294,41632
9295,44344
9296,45906
9297,45840
9298,45079
9299,46006
9300,46810
9301,47170
9302,47117
9303,44702
9304,43636
9305,43524
9306,43120
9307,43547
9308,43377
9309,43824
9310,43995
9311,44140
9312,44735
9313,44651
9314,45509
9315,45486
9316,45693
9317,46528
9318,46422
9319,45969
9320,47395
9321,46825
9322,49435
9323,50342
9324,51231
9325,51299
9326,50678
9327,51232
9328,49607
9329,45672
9330,44413
9331,40820
9332,40988
9333,40249
9334,40137
9335,40176
9336,39764
9337,39597
9338,38519
9339,37888
9340,37175
9341,32531
9342,32292
9343,30885
9344,30037
9345,27119
9346,24929
9347,24840
9348,24673
9349,24093
9350,23859
9351,23470
9352,23279
9353,22907
9354,21222
9355,21254
9356,21188
9357,20280
9358,20545
9359,19450
9360,19672
9361,18462
9362,18473
9363,18617
9364,19042
9365,18539
9366,18012
9367,16725
9368,16710
9369,15780
9370,15701
9371,15118
9372,13545
9373,11959
9374,12079
9375,11759
9376,11572
9377,10904
9378,10964
9379,10290
9380,10400
9381,10128
9382,10028
9383,10006
9384,9946
9385,11986
9386,11874
9387,11948
9388,12837
9389,13331
9390,13651
9391,13807
9392,13823
9393,14038
9394,12788
9395,13856
9396,13831
9397,13794
9398,13915
9399,14789
9400,16193
9401,16652
9402,16626
9403,17654
9404,17842
9405,21241
9406,22520
9407,22413
9408,22139
9409,21974
9410,22744
9411,25245
9412,25067
9413,25998
9414,25544
9415,30015
9416,32054
9417,32065
9418,35517
9419,39708
9420,39940
9421,41097
9422,41233
9423,42648
9424,42641
9425,42556
9426,42904
9427,42699
9428,42627
9429,45291
9430,45211
9431,45318
9432,45421
9433,45527
9434,44641
9435,43117
9436,42995
9437,42780
9438,40211
9439,40072
9440,39798
9441,39974
9442,39720
9443,39716
9444,39650
9445,39356
9446,40922
9447,40625
9448,39989
9449,39355
9450,37996
9451,39268
9452,38887
9453,37981
9454,36804
9455,32113
9456,33947
9457,34313
9458,34311
9459,34141
9460,30376
9461,30744
9462,30204
9463,30325
9464,30124
9465,25186
9466,25165
9467,24416
9468,22016
9469,21449
9470,20047
9471,19440
9472,18963
9473,18677
9474,19701
9475,20222
9476,20111
9477,20253
9478,20266
9479,21798
9480,23005
9481,22895
9482,22822
9483,23343
9484,24246
9485,25015
9486,25422
9487,25809
9488,25760
9489,25726
9490,25658
9491,25683
9492,26925
9493,27166
9494,27478
9495,27067
9496,26758
9497,27954
9498,28973
9499,29318
9500,28923
9501,28060
9502,28408
9503,28562
9504,31845
9505,31947
9506,30921
9507,32757
9508,33068
9509,33910
9510,34078
9511,33568
9512,33699
9513,33131
9514,34233
9515,37278
9516,36582
9517,36790
9518,36846
9519,39170
9520,41226
9521,41281
9522,41539
9523,41295
9524,42392
9525,44067
9526,45323
9527,45728
9528,42809
9529,40736
9530,41001
9531,41497
9532,42362
9533,42038
9534,42655
9535,41983
9536,42794
9537,43511
9538,45804
9539,47563
9540,48007
9541,47676
9542,47619
9543,48208
9544,48426
9545,47041
9546,46694
9547,44591
9548,43959
9549,43853
9550,43026
9551,43282
9552,41996
9553,41594
9554,41108
9555,40502
9556,41719
9557,41236
9558,41001
9559,41676
9560,41388
9561,41556
9562,41326
9563,38590
9564,37364
9565,35132
9566,35095
9567,34934
9568,32573
9569,31558
9570,30965
9571,31600
9572,30865
9573,29658
9574,27778
9575,27389
9576,27043
9577,26682
9578,26334
9579,25201
9580,24642
9581,25044
9582,24874
9583,25015
9584,24077
9585,24268
9586,24235
9587,23845
9588,23179
9589,22594
9590,22576
9591,22962
9592,22012
9593,21915
9594,21739
9595,21650
9596,21485
9597,27846
9598,27663
9599,30010
9600,29836
9601,29683
9602,30362
9603,30306
9604,30838
9605,31122
9606,28418
9607,30270
9608,29705
9609,30952
9610,31765
9611,31764
9612,34855
9613,34650
9614,35750
9615,37341
9616,37049
9617,37636
9618,37468
9619,37540
9620,38184
9621,37333
9622,40411
9623,40249
9624,39992
9625,40845
9626,40820
9627,41855
9628,42515
9629,42487
9630,42516
9631,39529
9632,38791
9633,38313
9634,37426
9635,37061
9636,36165
9637,35510
9638,35742
9639,34817
9640,34605
9641,34068
9642,33220
9643,33480
9644,33520
9645,34325
9646,31985
9647,29096
9648,28731
9649,27841
9650,28458
9651,28202
9652,27666
9653,27826
9654,26773
9655,28123
9656,27472
9657,25614
9658,24803
9659,22689
9660,22721
9661,21647
9662,20422
9663,20506
9664,16793
9665,16841
9666,16551
9667,16505
9668,16521
9669,15770
9670,15695
9671,14584
9672,13500
9673,13638
9674,13952
9675,14154
9676,13839
9677,13205
9678,13351
9679,13903
9680,14185
9681,14347
9682,14348
9683,14246
9684,14335
9685,14965
9686,14944
9687,14800
9688,14653
9689,14891
9690,15271
9691,15436
9692,15240
9693,15571
9694,14369
9695,14903
9696,14946
9697,14719
9698,14607
9699,14168
9700,14148
9701,14200
9702,13525
9703,13836
9704,12409
9705,12563
9706,12494
9707,12774
9708,12983
9709,12882
9710,12848
9711,12890
9712,12708
9713,12988
9714,13334
9715,16354
9716,16362
9717,17014
9718,17901
9719,21470
9720,22078
9721,23758
9722,23805
9723,23780
9724,23053
9725,23034
9726,23156
9727,23679
9728,23000
9729,25253
9730,25257
9731,27411
9732,28356
9733,28306
9734,28345
9735,28015
9736,29167
9737,30977
9738,31721
9739,34629
9740,35926
9741,36677
9742,36678
9743,36693
9744,38534
9745,38169
9746,39455
9747,39621
9748,39878
9749,40888
9750,40796
9751,41074
9752,41367
9753,41592
9754,41680
9755,41471
9756,41433
9757,41909
9758,41825
9759,43640
9760,43782
9761,44867
9762,44909
9763,45187
9764,45186
9765,44062
9766,44450
9767,43236
9768,41354
9769,40946
9770,40311
9771,40737
9772,41195
9773,41299
9774,42194
9775,41972
9776,42241
9777,45236
9778,44908
9779,45091
9780,49220
9781,48763
9782,49414
9783,49205
9784,49202
9785,49275
9786,46208
9787,46011
9788,45535
9789,40372
9790,40709
9791,40546
9792,41433
9793,41200
9794,40770
9795,40547
9796,40033
9797,40365
9798,40514
9799,40131
9800,40151
9801,39673
9802,39182
9803,39951
9804,41153
9805,42521
9806,42246
9807,42167
9808,41841
9809,41606
9810,43473
9811,43361
9812,45440
9813,45553
9814,47049
9815,47535
9816,47400
9817,47396
9818,47223
9819,44418
9820,45586
9821,43331
9822,44745
9823,41703
9824,41579
9825,41488
9826,40306
9827,39825
9828,39434
9829,38074
9830,36931
9831,36804
9832,37393
9833,37532
9834,37420
9835,37358
9836,36570
9837,36497
9838,35249
9839,35211
9840,33892
9841,33916
9842,33646
9843,35091
9844,36088
9845,35957
9846,36180
9847,35617
9848,36844
9849,37900
9850,38491
9851,39181
9852,37978
9853,42627
9854,41542
9855,42296
9856,42504
9857,42811
9858,42426
9859,42303
9860,41637
9861,41141
9862,36626
9863,35474
9864,33417
9865,33696
9866,33623
9867,33559
9868,33191
9869,32992
9870,32491
9871,32936
9872,32597
9873,33775
9874,33734
9875,33903
9876,34067
9877,33770
9878,33694
9879,33941
9880,35103
9881,37359
9882,36688
9883,36861
9884,38308
9885,38368
9886,39079
9887,38822
9888,39030
9889,39843
9890,39838
9891,40862
9892,40497
9893,39405
9894,40610
9895,40710
9896,42422
9897,44512
9898,43267
9899,43060
9900,42787
9901,43229
9902,42091
9903,38743
9904,37894
9905,37077
9906,37591
9907,37774
9908,37663
9909,36834
9910,36514
9911,36352
9912,36735
9913,36937
9914,37037
9915,37039
9916,37809
9917,38220
9918,38224
9919,39159
9920,39120
9921,43465
9922,43590
9923,43158
9924,42816
9925,43198
9926,44024
9927,44448
9928,42872
9929,42937
9930,36067
9931,36389
9932,36628
9933,36793
9934,37063
9935,36146
9936,35906
9937,37271
9938,36954
9939,37305
9940,36748
9941,36064
9942,36641
9943,35495
9944,35343
9945,35517
9946,31825
9947,31787
9948,31655
9949,31180
9950,30960
9951,29582
9952,30148
9953,30358
9954,30899
9955,30274
9956,29989
9957,30494
9958,31593
9959,32494
9960,33728
9961,32813
9962,33642
9963,33813
9964,34311
9965,33371
9966,32506
9967,31701
9968,31655
9969,30784
9970,29350
9971,27112
9972,27479
9973,27569
9974,28397
9975,27117
9976,27224
9977,26873
9978,26596
9979,26927
9980,26474
9981,25374
9982,25313
9983,23542
9984,23942
9985,23045
9986,23467
9987,23019
9988,22665
9989,22394
9990,22552
9991,22436
9992,22756
9993,22254
9994,22949
9995,21912
9996,21671
9997,21419
9998,21382
9999,23773
10000,26408
10001,25996
10002,26205
10003,26213
10004,28788
10005,28679
10006,28474
10007,28017
10008,26218
10009,25895
10010,24972
10011,24913
10012,24839
10013,23739
10014,24282
10015,24372
10016,24637
10017,24621
10018,24584
10019,24890
10020,24555
10021,24237
10022,24080
10023,23790
10024,23295
10025,22912
10026,22428
10027,22515
10028,22645
10029,22535
10030,22532
10031,22488
10032,22880
10033,23501
10034,23106
10035,22654
10036,22193
10037,22133
10038,22088
10039,22044
10040,21972
10041,22048
10042,22763
10043,22849
10044,23290
10045,23414
10046,23600
10047,23882
10048,22747
10049,20405
10050,19308
10051,21074
10052,23709
10053,21989
10054,21288
10055,21106
10056,22355
10057,22691
10058,23352
10059,23754
10060,23561
10061,23398
10062,23468
10063,23162
10064,23208
10065,22339
10066,22951
10067,22899
10068,22695
10069,22639
10070,22563
10071,22434
10072,22197
10073,22274
10074,22384
10075,22471
10076,22469
10077,22218
10078,21808
10079,21895
10080,22232
10081,22200
10082,22428
10083,22439
10084,22524
10085,22777
10086,22777
10087,23103
10088,23551
10089,23966
10090,24952
10091,24281
10092,29129
10093,28997
10094,28841
10095,28866
10096,28963
10097,29429
10098,30094
10099,30402
10100,30271
10101,25390
10102,24724
10103,24612
10104,25289
10105,24574
10106,25151
10107,25495
10108,24435
10109,24583
10110,24617
10111,24767
10112,24912
10113,24458
10114,24898
10115,24295
10116,24311
10117,24327
10118,24194
10119,24260
10120,24762
10121,25773
10122,26231
10123,27807
10124,29818
10125,29821
10126,31205
10127,31243
10128,31985
10129,32769
10130,33730
10131,36218
10132,35772
10133,35449
10134,36012
10135,35476
10136,36161
10137,36821
10138,35798
10139,35325
10140,33715
10141,31376
10142,31436
10143,32453
10144,33893
10145,35411
10146,36293
10147,38497
10148,38123
10149,38048
10150,38985
10151,39039
10152,39788
10153,39079
10154,38860
10155,38565
10156,37837
10157,38171
10158,38199
10159,38151
10160,38128
10161,37789
10162,40029
10163,40080
10164,43987
10165,43745
10166,43711
10167,43904
10168,43910
10169,43661
10170,43363
10171,41674
10172,42556
10173,36800
10174,36705
10175,35917
10176,35850
10177,36521
10178,36257
10179,35435
10180,33962
10181,32434
10182,32709
10183,39560
10184,40626
10185,44418
10186,48001
10187,49004
10188,50210
10189,50312
10190,50561
10191,52553
10192,49100
10193,49859
10194,46898
10195,44724
10196,42442
10197,41490
10198,42018
10199,42319
10200,41024
10201,41054
10202,41783
10203,42781
10204,43408
10205,43985
10206,44137
10207,43503
10208,43495
10209,43305
10210,43152
10211,42809
10212,41494
10213,40998
10214,39850
10215,39308
10216,39224
10217,38811
10218,39177
10219,39290
10220,38979
10221,38739
10222,37421
10223,37789
10224,37227
10225,37861
10226,37619
10227,36688
10228,37179
10229,36882
10230,37960
10231,40006
10232,39175
10233,37750
10234,35403
10235,32062
10236,30402
10237,29508
10238,29826
10239,30361
10240,30693
10241,29201
10242,28983
10243,29560
10244,30923
10245,30322
10246,30192
10247,29978
10248,29772
10249,29765
10250,30092
10251,29760
10252,29644
10253,28903
10254,29093
10255,29571
10256,29363
10257,29269
10258,29210
10259,29790
10260,30193
10261,30245
10262,30171
10263,29783
10264,29268
10265,29362
10266,29774
10267,29730
10268,29334
10269,29275
10270,29269
10271,33972
10272,35697
10273,36201
10274,36236
10275,35724
10276,36196
10277,36907
10278,39584
10279,39850
10280,39084
10281,36505
10282,35829
10283,37986
10284,38230
10285,38058
10286,37838
10287,36354
10288,36408
10289,34955
10290,35822
10291,35860
10292,33442
10293,33749
10294,33597
10295,34496
10296,34793
10297,34652
10298,34664
10299,33746
10300,34899
10301,34499
10302,33734
10303,33758
10304,32690
10305,32675
10306,33577
10307,34823
10308,35249
10309,33938
10310,34192
10311,34458
10312,35417
10313,36455
10314,37543
10315,36861
10316,36655
10317,36799
10318,39584
10319,39961
10320,38991
10321,35354
10322,34158
10323,33637
10324,34676
10325,35919
10326,35804
10327,33187
10328,32596
10329,31936
10330,31596
10331,31649
10332,30865
10333,29748
10334,30502
10335,30519
10336,31308
10337,31797
10338,31789
10339,31202
10340,30438
10341,30238
10342,30147
10343,29294
10344,28541
10345,28542
10346,29184
10347,30463
10348,32533
10349,32029
10350,31521
10351,31545
10352,32104
10353,33138
10354,35532
10355,35532
10356,34233
10357,32683
10358,32991
10359,34524
10360,35124
10361,34924
10362,34192
10363,33057
10364,34139
10365,38161
10366,39778
10367,39721
10368,37320
10369,37707
10370,37637
10371,37789
10372,38789
10373,39392
10374,36264
10375,36108
10376,35217
10377,36352
10378,35212
10379,35363
10380,35205
10381,34668
10382,34660
10383,34329
10384,33854
10385,33570
10386,34007
10387,34169
10388,33644
10389,33400
10390,33439
10391,34147
10392,34393
10393,34284
10394,34228
10395,31582
10396,31085
10397,29782
10398,29232
10399,29348
10400,28980
10401,29891
10402,29657
10403,28265
10404,29382
10405,29216
10406,31855
10407,32194
10408,31320
10409,30937
10410,29652
10411,29252
10412,29398
10413,29191
10414,28789
10415,25225
10416,24193
10417,24051
10418,23990
10419,24242
10420,24370
10421,24374
10422,22111
10423,22111
10424,22580
10425,23009
10426,22675
10427,22396
10428,22349
10429,22246
10430,22197
10431,22830
10432,23202
10433,23590
10434,23671
10435,23176
10436,22426
10437,22855
10438,23471
10439,23543
10440,22448
10441,22490
10442,22598
10443,22910
10444,23104
10445,23308
10446,23404
10447,23395
10448,24007
10449,24447
10450,23387
10451,22469
10452,22422
10453,21874
10454,21612
10455,20510
10456,19521
10457,19263
10458,20082
10459,21141
10460,21942
10461,22015
10462,21424
10463,19785
10464,19719
10465,20089
10466,20278
10467,20127
10468,19684
10469,19601
10470,19729
10471,19657
10472,19650
10473,19730
10474,19526
10475,19997
10476,19927
10477,19811
10478,20547
10479,20630
10480,20366
10481,20091
10482,19719
10483,19818
10484,20525
10485,20628
10486,21614
10487,21582
10488,21740
10489,23578
10490,23781
10491,23242
10492,23284
10493,22904
10494,23355
10495,23645
10496,23686
10497,23910
10498,22674
10499,23809
10500,24481
10501,24878
10502,25295
10503,25220
10504,25206
10505,25496
10506,25352
10507,25579
10508,24010
10509,23123
10510,23110
10511,23565
10512,23887
10513,24592
10514,24770
10515,25900
10516,26262
10517,27077
10518,27021
10519,27134
10520,27270
10521,27379
10522,28090
10523,28171
10524,27854
10525,28714
10526,28514
10527,31879
10528,31398
10529,31907
10530,32717
10531,32015
10532,32708
10533,32598
10534,31851
10535,31959
10536,29964
10537,30465
10538,30100
10539,29069
10540,29025
10541,28739
10542,30097
10543,29818
10544,32133
10545,32747
10546,32466
10547,32816
10548,32705
10549,32108
10550,32107
10551,31774
10552,33933
10553,33248
10554,33678
10555,34439
10556,34457
10557,36561
10558,36558
10559,37195
10560,37222
10561,36090
10562,36561
10563,35579
10564,37386
10565,37718
10566,35826
10567,35617
10568,34744
10569,34791
10570,35198
10571,35232
10572,35712
10573,36735
10574,36888
10575,37063
10576,36494
10577,35638
10578,36631
10579,37581
10580,37569
10581,37700
10582,36359
10583,36644
10584,37053
10585,36901
10586,36745
10587,36732
10588,37329
10589,39797
10590,39667
10591,40162
10592,41181
10593,41334
10594,41530
10595,41197
10596,41088
10597,41974
10598,41784
10599,42450
10600,42363
10601,40807
10602,40083
10603,39446
10604,39506
10605,41128
10606,40053
10607,39462
10608,38962
10609,38461
10610,39003
10611,40793
10612,40693
10613,41164
10614,40941
10615,41018
10616,42334
10617,42484
10618,43493
10619,44700
10620,44558
10621,45266
10622,43381
10623,42756
10624,42380
10625,42864
10626,42449
10627,42181
10628,41016
10629,43317
10630,43247
10631,43447
10632,43113
10633,43063
10634,45278
10635,45817
10636,45480
10637,45348
10638,41483
10639,42798
10640,42893
10641,43258
10642,43401
10643,41659
10644,42456
10645,42225
10646,43228
10647,43599
10648,43582
10649,44880
10650,44718
10651,47857
10652,49090
10653,50943
10654,53231
10655,53403
10656,56716
10657,58425
10658,59476
10659,61453
10660,58734
10661,59378
10662,59926
10663,59141
10664,59259
10665,57626
10666,57027
10667,56677
10668,55441
10669,55228
10670,54163
10671,54799
10672,54835
10673,55705
10674,55185
10675,55681
10676,55719
10677,55687
10678,55624
10679,54887
10680,55344
10681,55371
10682,54386
10683,55329
10684,55261
10685,57630
10686,57883
10687,56617
10688,56785
10689,58053
10690,59474
10691,59350
10692,56627
10693,56051
10694,56758
10695,58280
10696,58631
10697,58011
10698,55495
10699,52729
10700,51745
10701,50454
10702,49150
10703,45832
10704,43569
10705,41488
10706,40680
10707,37992
10708,37708
10709,37442
10710,38035
10711,37575
10712,38155
10713,37297
10714,37423
10715,37468
10716,37486
10717,37699
10718,38092
10719,37657
10720,38922
10721,38214
10722,38048
10723,37381
10724,37166
10725,39832
10726,40368
10727,39794
10728,38585
10729,37322
10730,37599
10731,38256
10732,38222
10733,38165
10734,31829
10735,31333
10736,31475
10737,32572
10738,32365
10739,30644
10740,30012
10741,29400
10742,29408
10743,29403
10744,33842
10745,33749
10746,33057
10747,32901
10748,32806
10749,34200
10750,36302
10751,36980
10752,37070
10753,34429
10754,34510
10755,35294
10756,35542
10757,35794
10758,35055
10759,34573
10760,35405
10761,36489
10762,37605
10763,37377
10764,37001
10765,37203
10766,37368
10767,37868
10768,37588
10769,37027
10770,35403
10771,34943
10772,34994
10773,35029
10774,33783
10775,32248
10776,32055
10777,32102
10778,32074
10779,31947
10780,31408
10781,31057
10782,32140
10783,31802
10784,32412
10785,32568
10786,32253
10787,32562
10788,32526
10789,32803
10790,33267
10791,33336
10792,33355
10793,31911
10794,30613
10795,31737
10796,32605
10797,32447
10798,32206
10799,31678
10800,32503
10801,34447
10802,34066
10803,34762
10804,34970
10805,34835
10806,34725
10807,34691
10808,35042
10809,33745
10810,33925
10811,33911
10812,33715
10813,33948
10814,34196
10815,34681
10816,35016
10817,35423
10818,35748
10819,35877
10820,36262
10821,36295
10822,36774
10823,36975
10824,37384
10825,37303
10826,37957
10827,37971
10828,38085
10829,38014
10830,38045
10831,37900
10832,37427
10833,36950
10834,38431
10835,37682
10836,38562
10837,37964
10838,37479
10839,37942
10840,36561
10841,38318
10842,37865
10843,35139
10844,35142
10845,34132
10846,33571
10847,33324
10848,32054
10849,31842
10850,28315
10851,30416
10852,30285
10853,29723
10854,29024
10855,29869
10856,30480
10857,31550
10858,31733
10859,32022
10860,29440
10861,29646
10862,29348
10863,30873
10864,31320
10865,31240
10866,31008
10867,30457
10868,30531
10869,31578
10870,31616
10871,31842
10872,31920
10873,31421
10874,32196
10875,32662
10876,33583
10877,33864
10878,32850
10879,33010
10880,32548
10881,32514
10882,32862
10883,32309
10884,32398
10885,31345
10886,30936
10887,31142
10888,31248
10889,31281
10890,30026
10891,29888
10892,30789
10893,30428
10894,30038
10895,31064
10896,32669
10897,33595
10898,35036
10899,36477
10900,35917
10901,35931
10902,36369
10903,36554
10904,39004
10905,38326
10906,39558
10907,38786
10908,38351
10909,38893
10910,38542
10911,38972
10912,41035
10913,41177
10914,42010
10915,40721
10916,41666
10917,42402
10918,41700
10919,41308
10920,41109
10921,40843
10922,41645
10923,42301
10924,43203
10925,42018
10926,41938
10927,42531
10928,42798
10929,42912
10930,42927
10931,42223
10932,42776
10933,41075
10934,41119
10935,39900
10936,41327
10937,41105
10938,42003
10939,43684
10940,44274
10941,44618
10942,45132
10943,45157
10944,45061
10945,41611
10946,41889
10947,40885
10948,38011
10949,37253
10950,36097
10951,35980
10952,36325
10953,38131
10954,40043
10955,39263
10956,39089
10957,40108
10958,40707
10959,40633
10960,40297
10961,40862
10962,33741
10963,33171
10964,33167
10965,35061
10966,34904
10967,36747
10968,37626
10969,37682
10970,37669
10971,39688
10972,39741
10973,44849
10974,44232
10975,44966
10976,44335
10977,44193
10978,45213
10979,45762
10980,45636
10981,49169
10982,48981
10983,49494
10984,49801
10985,49039
10986,50711
10987,50143
10988,50965
10989,50024
10990,48592
10991,47362
10992,48540
10993,48372
10994,48328
10995,46661
10996,46105
10997,44778
10998,45217
10999,45115
11000,45319
11001,44635
11002,43864
11003,42726
11004,42208
11005,45259
11006,48669
11007,48810
11008,51525
11009,51992
11010,53164
11011,55226
11012,55061
11013,55719
11014,54747
11015,51250
11016,51307
11017,48035
11018,48000
11019,47578
11020,46409
11021,47067
11022,45246
11023,43796
11024,43743
11025,42075
11026,42022
11027,40785
11028,39235
11029,38799
11030,36715
11031,35284
11032,34533
11033,33977
11034,33923
11035,33366
11036,33259
11037,32840
11038,32567
11039,32831
11040,32537
11041,32272
11042,31640
11043,31846
11044,32175
11045,32492
11046,35692
11047,37029
11048,36569
11049,38437
11050,37881
11051,40420
11052,40156
11053,40939
11054,41454
11055,35150
11056,32288
11057,31411
11058,29498
11059,29755
11060,26426
11061,27967
11062,27564
11063,28077
11064,28341
11065,28333
11066,28230
11067,27935
11068,27789
11069,27948
11070,26526
11071,26960
11072,26541
11073,26978
11074,26876
11075,26806
11076,27215
11077,27873
11078,28394
11079,28801
11080,28710
11081,29189
11082,29187
11083,29381
11084,29526
11085,29515
11086,30768
11087,31792
11088,31704
11089,32109
11090,31888
11091,32236
11092,32829
11093,33744
11094,35711
11095,33903
11096,31685
11097,31860
11098,31341
11099,31727
11100,30297
11101,29115
11102,28998
11103,27702
11104,28648
11105,29254
11106,29234
11107,29258
11108,29209
11109,30233
11110,29963
11111,29790
11112,30321
11113,30508
11114,30596
11115,30592
11116,30801
11117,31079
11118,31139
11119,30993
11120,30661
11121,30501
11122,31252
11123,31078
11124,31205
11125,31280
11126,30911
11127,33013
11128,33276
11129,33878
11130,34453
11131,34069
11132,34779
11133,37198
11134,38364
11135,39939
11136,37511
11137,39194
11138,40249
11139,41052
11140,41126
11141,40623
11142,40162
11143,40589
11144,40940
11145,42979
11146,41894
11147,41241
11148,41135
11149,43868
11150,44809
11151,44983
11152,44645
11153,46289
11154,47484
11155,48552
11156,48894
11157,50084
11158,49056
11159,48946
11160,50658
11161,50588
11162,50238
11163,50818
11164,52317
11165,52403
11166,52639
11167,52889
11168,54220
11169,54188
11170,55995
11171,55392
11172,55758
11173,55803
11174,56269
11175,59644
11176,60690
11177,60341
11178,61135
11179,60441
11180,60700
11181,60100
11182,58972
11183,59866
11184,55512
11185,55762
11186,55218
11187,53834
11188,53759
11189,53378
11190,53677
11191,54767
11192,51621
11193,51704
11194,49507
11195,51051
11196,51304
11197,51244
11198,50255
11199,49250
11200,47830
11201,48064
11202,46988
11203,48528
11204,45128
11205,45139
11206,44059
11207,43417
11208,41966
11209,42660
11210,43330
11211,43352
11212,42999
11213,39518
11214,39416
11215,39405
11216,38143
11217,42854
11218,40869
11219,42193
11220,42169
11221,43026
11222,43604
11223,43406
11224,42656
11225,41795
11226,39510
11227,41318
11228,39461
11229,41659
11230,41083
11231,43138
11232,44050
11233,44034
11234,47763
11235,47567
11236,48217
11237,49436
11238,48457
11239,49083
11240,49068
11241,46174
11242,46437
11243,43877
11244,43697
11245,43601
11246,43929
11247,45043
11248,44777
11249,45044
11250,44850
11251,47281
11252,47257
11253,47203
11254,47116
11255,46820
11256,46226
11257,46576
11258,46408
11259,46464
11260,44309
11261,46152
11262,45706
11263,46600
11264,46565
11265,47395
11266,46577
11267,47552
11268,48519
11269,46835
11270,45158
11271,44529
11272,44081
11273,44176
11274,44302
11275,44371
11276,40462
11277,39831
11278,39129
11279,39065
11280,38452
11281,37578
11282,37503
11283,37696
11284,36867
11285,36410
11286,37740
11287,37167
11288,38454
11289,38373
11290,38971
11291,39328
11292,38549
11293,39746
11294,40172
11295,38772
11296,40976
11297,40214
11298,41660
11299,41682
11300,42406
11301,41569
11302,40759
11303,40296
11304,41180
11305,40536
11306,43680
11307,42969
11308,42508
11309,45004
11310,47370
11311,46853
11312,47610
11313,47324
11314,47377
11315,46919
11316,45222
11317,44723
11318,44193
11319,44214
11320,44230
11321,43742
11322,43884
11323,45616
11324,44981
11325,45221
11326,43717
11327,42696
11328,42859
11329,42831
11330,43265
11331,43146
11332,41341
11333,40797
11334,40527
11335,40269
11336,39480
11337,40014
11338,39590
11339,38131
11340,38736
11341,38917
11342,39095
11343,39370
11344,38967
11345,38721
11346,35996
11347,34902
11348,34559
11349,33392
11350,36607
11351,36838
11352,37208
11353,37630
11354,37225
11355,36348
11356,36282
11357,37044
11358,37609
11359,29733
11360,29467
11361,29113
11362,28428
11363,28590
11364,28503
11365,28085
11366,28557
11367,29215
11368,30190
11369,31432
11370,31579
11371,31296
11372,31777
11373,30875
11374,31298
11375,31274
11376,31861
11377,32180
11378,31776
11379,32004
11380,32202
11381,34089
11382,34030
11383,36090
11384,37099
11385,36780
11386,36537
11387,36121
11388,36547
11389,36605
11390,35674
11391,35869
11392,34645
11393,37168
11394,36542
11395,38627
11396,38618
11397,42405
11398,43684
11399,42801
11400,40998
11401,41621
11402,41352
11403,41807
11404,41281
11405,41432
11406,39314
11407,42168
11408,42994
11409,43495
11410,43584
11411,43608
11412,43494
11413,44071
11414,45350
11415,45464
11416,43074
11417,41264
11418,41296
11419,41761
11420,43396
11421,43415
11422,43574
11423,43937
11424,44044
11425,44043
11426,45118
11427,44978
11428,47090
11429,46608
11430,45754
11431,45106
11432,44479
11433,45203
11434,44942
11435,44329
11436,44518
11437,43555
11438,44443
11439,46525
11440,48043
11441,48580
11442,48983
11443,50910
11444,54505
11445,54319
11446,53859
11447,54457
11448,52850
11449,52367
11450,52354
11451,51333
11452,52262
11453,52143
11454,53495
11455,53584
11456,51255
11457,49446
11458,48913
11459,49677
11460,49478
11461,50027
11462,50689
11463,49426
11464,50796
11465,50733
11466,50600
11467,50270
11468,48900
11469,48158
11470,46942
11471,47105
11472,44617
11473,43516
11474,43530
11475,42963
11476,42775
11477,41676
11478,41854
11479,42572
11480,42425
11481,43700
11482,43381
11483,43845
11484,48700
11485,48231
11486,48899
11487,47805
11488,45103
11489,45215
11490,43571
11491,42836
11492,41514
11493,36350
11494,37293
11495,36559
11496,36386
11497,36128
11498,36128
11499,37728
11500,40386
11501,44645
11502,42866
11503,43519
11504,44265
11505,46196
11506,47270
11507,48024
11508,46875
11509,46881
11510,46266
11511,46664
11512,47317
11513,46466
11514,45989
11515,45822
11516,45696
11517,45861
11518,46678
11519,46976
11520,47237
11521,47039
11522,47020
11523,46955
11524,47948
11525,48881
11526,49346
11527,49262
11528,46294
11529,46239
11530,46665
11531,47386
11532,46510
11533,43132
11534,40841
11535,40588
11536,40887
11537,40673
11538,40458
11539,38245
11540,36557
11541,44145
11542,44076
11543,43175
11544,42469
11545,42022
11546,43579
11547,43281
11548,42448
11549,42918
11550,33996
11551,36029
11552,35798
11553,36934
11554,36936
11555,35777
11556,35206
11557,35161
11558,34954
11559,35298
11560,35181
11561,35959
11562,35046
11563,34722
11564,34119
11565,35147
11566,35980
11567,37551
11568,37578
11569,37343
11570,37377
11571,37518
11572,38052
11573,37848
11574,38930
11575,40493
11576,41088
11577,41810
11578,42332
11579,41614
11580,41525
11581,41307
11582,43019
11583,44470
11584,44961
11585,44493
11586,47591
11587,47530
11588,47477
11589,47123
11590,44587
11591,41481
11592,41195
11593,41687
11594,42254
11595,40684
11596,41096
11597,41483
11598,41373
11599,39792
11600,38678
11601,37896
11602,37661
11603,36992
11604,36546
11605,36471
11606,37260
11607,37730
11608,38194
11609,37679
11610,35700
11611,35459
11612,35383
11613,35365
11614,35961
11615,36342
11616,36532
11617,35999
11618,36333
11619,36335
11620,36774
11621,36711
11622,36502
11623,38902
11624,34496
11625,33221
11626,32284
11627,31771
11628,31909
11629,31368
11630,31417
11631,31334
11632,29068
11633,28556
11634,31293
11635,31003
11636,31472
11637,32446
11638,32674
11639,32018
11640,32187
11641,31971
11642,33908
11643,33282
11644,33638
11645,33932
11646,33192
11647,35965
11648,36120
11649,37730
11650,38078
11651,39266
11652,38943
11653,39124
11654,38966
11655,41198
11656,40690
11657,41669
11658,41129
11659,41276
11660,41789
11661,43612
11662,43915
11663,44130
11664,42241
11665,43243
11666,42492
11667,43639
11668,43623
11669,42922
11670,41487
11671,42049
11672,41662
11673,42705
11674,41701
11675,42444
11676,42185
11677,43812
11678,45343
11679,46255
11680,46978
11681,47328
11682,47041
11683,44849
11684,42472
11685,41415
11686,41118
11687,41323
11688,41620
11689,41554
11690,40094
11691,40553
11692,40089
11693,39753
11694,39383
11695,38872
11696,38802
11697,37806
11698,37407
11699,36414
11700,35318
11701,35521
11702,36126
11703,35680
11704,35375
11705,33680
11706,33396
11707,32690
11708,32619
11709,32005
11710,30374
11711,28510
11712,28485
11713,27960
11714,26755
11715,25624
11716,25534
11717,24828
11718,28665
11719,28329
11720,30408
11721,29141
11722,28844
11723,27996
11724,28064
11725,27890
11726,28049
11727,27454
11728,29046
11729,28829
11730,30403
11731,30203
11732,34079
11733,34293
11734,34666
11735,36133
11736,35194
11737,36626
11738,37421
11739,37849
11740,39826
11741,39382
11742,41316
11743,41430
11744,41032
11745,41182
11746,41033
11747,41043
11748,40975
11749,41281
11750,43053
11751,42824
11752,43686
11753,44010
11754,43948
11755,43816
11756,44899
11757,44953
11758,45983
11759,46155
11760,46825
11761,47103
11762,46995
11763,47351
11764,47441
11765,48152
11766,48384
11767,48236
11768,47240
11769,48652
11770,47673
11771,48228
11772,47640
11773,48078
11774,47158
11775,48157
11776,46396
11777,45099
11778,42082
11779,43656
11780,42994
11781,44629
11782,42799
11783,43290
11784,41957
11785,41654
11786,42178
11787,41615
11788,39930
11789,38891
11790,36282
11791,37106
11792,35981
11793,37231
11794,37167
11795,36688
11796,39138
11797,41374
11798,41450
11799,40197
11800,39093
11801,41093
11802,39578
11803,39642
11804,39568
11805,39971
11806,40200
11807,41191
11808,42721
11809,43078
11810,44275
11811,44242
11812,44792
11813,44780
11814,44517
11815,45959
11816,44595
11817,43441
11818,42502
11819,42136
11820,42482
11821,42770
11822,42804
11823,42848
11824,41344
11825,41881
11826,41127
11827,40430
11828,39199
11829,38752
11830,37769
11831,36948
11832,36948
11833,38015
11834,39198
11835,39343
11836,39793
11837,50120
11838,49974
11839,49727
11840,50026
11841,50375
11842,50727
11843,50564
11844,50535
11845,50151
11846,45246
11847,45957
11848,46265
11849,45793
11850,45847
11851,45571
11852,45662
11853,45892
11854,46027
11855,47059
11856,46741
11857,46254
11858,45391
11859,44279
11860,44098
11861,45887
11862,46971
11863,47114
11864,46085
11865,45746
11866,46898
11867,47187
11868,47160
11869,47894
11870,46128
11871,45898
11872,46376
11873,46020
11874,49768
11875,47153
11876,47537
11877,47789
11878,46031
11879,46283
11880,45724
11881,46227
11882,46036
11883,40699
11884,40259
11885,40553
11886,37608
11887,36021
11888,35973
11889,35820
11890,35059
11891,34679
11892,34343
11893,34005
11894,34790
11895,35143
11896,36760
11897,36276
11898,37194
11899,36728
11900,38662
11901,38584
11902,39575
11903,39833
11904,38981
11905,37431
11906,37267
11907,36696
11908,36895
11909,34128
11910,33684
11911,32326
11912,33688
11913,34318
11914,33844
11915,33585
11916,32729
11917,33280
11918,32162
11919,31958
11920,31737
11921,30417
11922,31134
11923,30441
11924,29668
11925,29462
11926,29083
11927,29409
11928,30664
11929,31691
11930,32091
11931,32285
11932,31825
11933,31689
11934,32431
11935,31547
11936,34026
11937,33595
11938,35139
11939,35301
11940,36009
11941,37284
11942,37469
11943,37754
11944,37523
11945,35168
11946,34874
11947,33589
11948,34197
11949,32882
11950,31726
11951,32005
11952,30706
11953,33253
11954,33437
11955,34424
11956,34723
11957,35527
11958,36117
11959,36204
11960,36156
11961,35430
11962,33926
11963,34170
11964,33546
11965,33633
11966,32709
11967,33062
11968,32865
11969,36446
11970,36831
11971,38433
11972,38881
11973,38698
11974,40180
11975,40140
11976,39933
11977,40669
11978,36426
11979,36995
11980,35910
11981,36684
11982,37260
11983,38487
11984,38603
11985,38812
11986,38474
11987,39021
11988,38683
11989,39604
11990,38273
11991,37766
11992,37879
11993,38006
11994,39819
11995,39598
11996,39180
11997,40927
11998,40233
11999,43515
12000,43599
12001,43608
12002,43961
12003,42447
12004,42626
12005,42473
12006,41850
12007,42246
12008,40765
12009,40852
12010,41238
12011,41261
12012,42764
12013,42543
12014,44678
12015,44896
12016,45010
12017,45408
12018,44811
12019,43309
12020,42272
12021,40093
12022,41753
12023,39937
12024,40567
12025,42293
12026,41742
12027,41407
12028,41978
12029,41934
12030,44234
12031,48250
12032,46481
12033,48090
12034,47211
12035,46941
12036,47189
12037,47121
12038,47225
12039,47379
12040,47699
12041,48587
12042,46641
12043,46651
12044,46270
12045,46749
12046,46666
12047,46174
12048,45585
12049,44874
12050,44725
12051,45078
12052,44548
12053,45017
12054,44766
12055,45437
12056,45419
12057,45146
12058,44939
12059,44743
12060,43988
12061,43646
12062,42601
12063,42576
12064,40934
12065,41414
12066,40375
12067,40335
12068,40202
12069,40827
12070,42453
12071,43772
12072,43956
12073,43984
12074,41706
12075,41398
12076,40635
12077,41888
12078,40437
12079,41632
12080,34872
12081,32009
12082,31656
12083,30669
12084,31834
12085,32108
12086,31417
12087,31554
12088,30616
12089,32400
12090,34597
12091,33955
12092,34876
12093,33552
12094,35467
12095,36195
12096,37651
12097,39282
12098,39043
12099,38568
12100,40025
12101,41648
12102,42674
12103,43462
12104,42983
12105,42589
12106,42874
12107,42741
12108,43891
12109,44299
12110,42811
12111,42558
12112,41441
12113,41353
12114,41116
12115,42362
12116,42380
12117,42624
12118,42620
12119,42211
12120,41490
12121,39894
12122,39254
12123,39436
12124,38545
12125,38830
12126,37915
12127,38083
12128,37066
12129,36089
12130,36480
12131,36154
12132,36707
12133,36906
12134,36557
12135,37559
12136,36869
12137,38296
12138,38460
12139,37043
12140,36749
12141,36562
12142,36833
12143,36438
12144,34819
12145,36108
12146,35267
12147,35587
12148,35173
12149,34342
12150,32782
12151,31558
12152,31223
12153,31203
12154,31989
12155,31578
12156,33117
12157,33794
12158,34489
12159,34641
12160,34361
12161,34274
12162,34155
12163,34089
12164,34689
12165,33758
12166,33860
12167,32526
12168,32477
12169,31764
12170,31811
12171,31895
12172,32028
12173,33217
12174,33041
12175,33346
12176,33961
12177,33544
12178,34336
12179,34145
12180,35081
12181,35262
12182,33933
12183,35613
12184,35431
12185,37753
12186,39101
12187,37881
12188,37976
12189,37593
12190,37962
12191,38283
12192,37562
12193,38930
12194,38357
12195,36757
12196,36701
12197,39549
12198,40047
12199,40796
12200,40682
12201,41366
12202,41045
12203,43004
12204,43336
12205,43771
12206,40979
12207,41022
12208,40369
12209,40532
12210,40650
12211,40872
12212,41010
12213,41547
12214,41193
12215,40930
12216,42406
12217,42170
12218,42424
12219,42410
12220,42364
12221,42416
12222,41078
12223,40462
12224,42187
12225,40537
12226,40833
12227,40497
12228,40271
12229,39761
12230,39296
12231,40920
12232,40353
12233,37466
12234,36000
12235,34819
12236,34788
12237,35338
12238,35517
12239,35725
12240,34287
12241,34624
12242,35701
12243,35965
12244,39638
12245,39572
12246,38109
12247,37527
12248,37677
12249,38164
12250,38975
12251,37080
12252,37145
12253,35278
12254,35840
12255,35786
12256,35330
12257,35268
12258,35172
12259,34643
12260,34605
12261,34421
12262,34245
12263,33996
12264,33984
12265,33394
12266,33155
12267,33530
12268,33438
12269,33389
12270,33257
12271,33103
12272,33006
12273,32104
12274,31113
12275,32374
12276,33363
12277,33148
12278,33217
12279,33017
12280,32757
12281,34106
12282,34062
12283,35294
12284,34155
12285,33134
12286,34357
12287,33522
12288,35649
12289,35812
12290,35156
12291,34661
12292,33991
12293,33955
12294,35703
12295,34538
12296,34323
12297,32482
12298,32067
12299,32057
12300,32776
12301,32928
12302,32159
12303,28710
12304,29063
12305,29464
12306,29712
12307,30887
12308,31613
12309,34134
12310,36803
12311,38426
12312,39500
12313,39513
12314,39553
12315,39788
12316,40256
12317,40049
12318,39974
12319,40003
12320,40217
12321,41055
12322,41467
12323,41323
12324,40767
12325,38634
12326,38676
12327,38867
12328,38785
12329,38656
12330,36627
12331,35278
12332,34824
12333,34889
12334,35665
12335,34322
12336,34082
12337,33321
12338,32195
12339,31814
12340,33072
12341,33221
12342,30652
12343,27753
12344,25881
12345,27012
12346,27354
12347,27783
12348,29352
12349,27540
12350,35417
12351,35959
12352,40394
12353,41058
12354,40804
12355,41707
12356,41564
12357,40196
12358,40225
12359,35765
12360,35160
12361,33666
12362,36072
12363,36871
12364,37653
12365,37646
12366,38184
12367,38891
12368,39317
12369,39355
12370,38917
12371,38086
12372,38446
12373,38408
12374,39130
12375,38590
12376,38497
12377,41127
12378,41213
12379,41353
12380,41523
12381,42084
12382,41946
12383,41108
12384,40816
12385,41856
12386,42128
12387,42175
12388,42123
12389,41771
12390,41415
12391,43361
12392,44120
12393,44940
12394,45538
12395,45596
12396,46065
12397,45414
12398,45031
12399,42475
12400,38771
12401,37426
12402,35620
12403,36066
12404,35592
12405,37257
12406,37295
12407,37599
12408,37764
12409,37316
12410,36717
12411,36381
12412,34595
12413,33558
12414,32337
12415,32233
12416,32023
12417,32148
12418,31914
12419,32079
12420,31758
12421,31940
12422,32117
12423,32823
12424,33450
12425,34544
12426,35486
12427,34680
12428,34985
12429,35098
12430,36097
12431,35903
12432,37200
12433,37173
12434,37311
12435,37589
12436,37555
12437,38402
12438,38597
12439,37855
12440,38846
12441,36807
12442,37198
12443,36679
12444,33869
12445,33154
12446,32127
12447,33080
12448,33387
12449,32910
12450,33066
12451,32573
12452,32712
12453,32239
12454,32144
12455,31852
12456,31527
12457,32094
12458,32099
12459,32085
12460,31840
12461,32652
12462,34845
12463,34832
12464,36471
12465,36481
12466,37537
12467,37611
12468,38331
12469,38732
12470,39049
12471,38576
12472,38717
12473,36508
12474,36395
12475,33870
12476,34564
12477,34436
12478,34880
12479,33894
12480,34099
12481,33255
12482,32908
12483,33819
12484,32363
12485,31100
12486,30562
12487,29671
12488,31785
12489,31531
12490,32654
12491,33041
12492,31806
12493,33319
12494,33412
12495,34116
12496,34264
12497,33548
12498,34404
12499,33278
12500,33390
12501,33816
12502,35781
12503,37361
12504,36506
12505,37100
12506,38077
12507,37966
12508,39022
12509,39993
12510,40427
12511,37639
12512,35655
12513,35233
12514,35142
12515,35442
12516,35531
12517,35654
12518,34979
12519,34966
12520,35203
12521,35312
12522,35173
12523,36302
12524,37247
12525,38094
12526,37884
12527,37457
12528,37818
12529,42803
12530,42541
12531,43195
12532,42798
12533,43339
12534,44301
12535,44788
12536,45072
12537,45681
12538,41948
12539,42794
12540,42343
12541,43016
12542,42828
12543,41659
12544,41053
12545,41532
12546,41856
12547,43402
12548,43043
12549,42672
12550,42328
12551,41956
12552,40694
12553,40545
12554,41464
12555,39401
12556,40373
12557,40282
12558,39547
12559,39508
12560,38983
12561,39692
12562,39707
12563,39060
12564,41064
12565,40121
12566,42329
12567,44556
12568,46361
12569,45950
12570,45020
12571,44971
12572,45488
12573,44258
12574,41458
12575,39075
12576,39054
12577,40238
12578,39903
12579,39334
12580,40217
12581,39494
12582,39490
12583,39622
12584,39264
12585,39452
12586,37947
12587,37337
12588,37285
12589,36792
12590,37434
12591,37103
12592,36563
12593,38333
12594,38469
12595,38981
12596,38066
12597,36631
12598,37347
12599,36807
12600,36481
12601,36196
12602,34864
12603,34867
12604,33589
12605,33858
12606,33488
12607,33003
12608,36811
12609,36400
12610,36929
12611,37251
12612,37513
12613,37531
12614,35643
12615,34878
12616,34548
12617,30288
12618,32307
12619,31885
12620,33614
12621,33522
12622,33314
12623,33828
12624,33758
12625,34004
12626,34020
12627,32229
12628,32332
12629,30660
12630,32717
12631,32011
12632,31362
12633,31521
12634,32490
12635,32981
12636,33011
12637,33224
12638,33251
12639,30599
12640,30882
12641,30433
12642,30178
12643,28737
12644,28103
12645,28046
12646,27779
12647,28184
12648,27996
12649,28850
12650,28382
12651,31084
12652,30980
12653,32720
12654,32749
12655,33095
12656,35898
12657,35010
12658,33036
12659,33081
12660,31316
12661,31643
12662,31378
12663,31484
12664,30998
12665,30502
12666,29229
12667,29420
12668,29265
12669,29724
12670,29024
12671,28442
12672,28768
12673,29246
12674,30100
12675,30375
12676,30103
12677,30720
12678,30741
12679,30322
12680,29456
12681,29383
12682,30108
12683,30113
12684,30479
12685,30465
12686,30385
12687,30776
12688,30797
12689,30827
12690,30650
12691,30510
12692,30761
12693,30619
12694,30743
12695,31277
12696,31535
12697,31896
12698,31351
12699,31008
12700,29939
12701,28671
12702,28830
12703,28053
12704,27762
12705,26777
12706,25868
12707,25979
12708,27019
12709,26960
12710,26975
12711,26634
12712,26361
12713,27397
12714,27586
12715,27317
12716,27659
12717,26886
12718,27116
12719,27003
12720,27210
12721,27631
12722,27324
12723,29848
12724,30979
12725,30911
12726,31544
12727,30650
12728,30733
12729,30572
12730,30933
12731,31176
12732,30728
12733,30461
12734,30894
12735,30563
12736,32647
12737,33415
12738,34139
12739,34733
12740,35388
12741,36775
12742,37019
12743,38303
12744,38526
12745,39116
12746,39301
12747,40454
12748,41247
12749,41579
12750,41707
12751,41486
12752,40554
12753,40612
12754,41053
12755,39430
12756,40431
12757,39620
12758,39237
12759,39452
12760,39228
12761,39745
12762,40110
12763,43138
12764,44731
12765,44428
12766,43949
12767,44865
12768,45048
12769,45061
12770,44394
12771,44582
12772,42644
12773,42522
12774,42449
12775,42921
12776,42629
12777,42603
12778,43131
12779,44842
12780,44508
12781,44353
12782,43030
12783,42985
12784,44846
12785,45517
12786,44519
12787,44166
12788,42989
12789,43552
12790,43201
12791,43191
12792,42756
12793,42326
12794,41789
12795,41405
12796,41054
12797,40111
12798,40005
12799,39916
12800,41194
12801,41463
12802,41148
12803,43367
12804,43298
12805,42858
12806,42520
12807,42451
12808,44621
12809,45669
12810,46882
12811,46396
12812,44781
12813,46337
12814,46410
12815,48785
12816,48361
12817,46683
12818,47541
12819,48033
12820,48599
12821,48200
12822,45644
12823,47224
12824,45347
12825,49251
12826,49205
12827,48831
12828,48504
12829,47459
12830,47431
12831,47784
12832,45949
12833,46081
12834,41385
12835,41636
12836,41646
12837,40985
12838,41245
12839,40381
12840,39986
12841,40085
12842,39688
12843,39896
12844,39345
12845,40048
12846,40035
12847,39943
12848,39976
12849,39103
12850,45479
12851,45322
12852,45127
12853,51169
12854,50612
12855,52140
12856,51993
12857,51217
12858,52557
12859,48627
12860,49722
12861,50483
12862,44756
12863,46617
12864,45864
12865,45674
12866,45962
12867,45563
12868,45780
12869,45788
12870,45750
12871,46346
12872,46205
12873,46186
12874,45405
12875,44663
12876,44795
12877,45298
12878,46873
12879,46997
12880,46800
12881,46026
12882,45653
12883,46642
12884,46634
12885,46919
12886,46541
12887,45098
12888,45602
12889,46086
12890,48356
12891,48386
12892,46994
12893,47911
12894,48757
12895,49059
12896,48939
12897,48072
12898,47217
12899,44954
12900,43381
12901,43302
12902,42052
12903,39575
12904,43561
12905,44417
12906,44906
12907,44915
12908,41665
12909,41437
12910,42405
12911,42228
12912,43519
12913,39916
12914,40287
12915,41680
12916,42363
12917,42851
12918,43538
12919,42969
12920,43679
12921,42670
12922,42651
12923,42567
12924,42158
12925,42471
12926,42993
12927,42745
12928,43886
12929,43778
12930,45350
12931,46666
12932,47376
12933,49669
12934,51463
12935,51206
12936,51160
12937,50385
12938,50341
12939,48418
12940,47767
12941,47300
12942,46378
12943,47567
12944,47328
12945,50974
12946,52050
12947,51987
12948,51220
12949,49940
12950,50566
12951,51158
12952,48415
12953,47214
12954,43363
12955,43671
12956,46194
12957,46851
12958,47347
12959,46476
12960,45437
12961,45473
12962,45874
12963,46382
12964,45455
12965,43255
12966,42899
12967,42423
12968,46586
12969,46451
12970,47145
12971,47550
12972,48927
12973,55573
12974,56046
12975,56517
12976,56244
12977,52553
12978,52662
12979,53250
12980,53307
12981,53705
12982,50164
12983,48755
12984,52105
12985,55263
12986,58656
12987,60873
12988,59732
12989,61187
12990,61495
12991,61689
12992,61512
12993,58752
12994,57933
12995,56827
12996,56288
12997,56931
12998,55737
12999,57022
13000,57383
13001,59785
13002,62277
13003,61988
13004,62578
13005,61945
13006,60701
13007,60584
13008,58265
13009,59677
13010,59664
13011,59794
13012,61474
13013,63355
13014,64541
13015,64323
13016,64682
13017,63483
13018,61692
13019,61981
13020,60738
13021,60457
13022,55610
13023,53398
13024,52942
13025,53946
13026,55642
13027,55733
13028,56320
13029,57074
13030,55044
13031,55476
13032,54296
13033,53880
13034,49914
13035,49555
13036,48840
13037,48968
13038,48777
13039,47844
13040,48892
13041,48631
13042,57773
13043,58313
13044,56767
13045,57357
13046,57588
13047,58589
13048,59373
13049,57881
13050,57673
13051,49344
13052,50464
13053,51588
13054,50388
13055,50125
13056,49956
13057,51596
13058,53757
13059,53526
13060,52982
13061,51678
13062,51216
13063,52075
13064,52364
13065,52586
13066,51054
13067,49863
13068,49590
13069,53329
13070,53080
13071,52346
13072,50886
13073,50020
13074,50356
13075,50036
13076,49404
13077,49889
13078,40661
13079,40467
13080,41175
13081,40671
13082,41256
13083,40394
13084,39807
13085,40191
13086,39697
13087,39477
13088,44332
13089,43582
13090,44992
13091,43337
13092,41787
13093,43051
13094,43053
13095,42817
13096,42685
13097,39631
13098,39696
13099,39687
13100,39487
13101,38434
13102,37719
13103,37634
13104,37759
13105,37946
13106,39060
13107,42035
13108,42971
13109,43198
13110,43474
13111,43592
13112,43289
13113,42704
13114,43086
13115,42373
13116,42608
13117,42506
13118,41363
13119,42455
13120,44866
13121,45157
13122,46800
13123,46538
13124,47067
13125,47282
13126,47051
13127,46940
13128,47600
13129,47824
13130,49814
13131,49620
13132,49258
13133,49078
13134,48777
13135,50310
13136,50196
13137,47946
13138,47171
13139,45570
13140,45728
13141,45745
13142,45734
13143,46369
13144,44362
13145,44621
13146,44579
13147,43881
13148,44337
13149,43806
13150,44155
13151,43561
13152,43865
13153,44539
13154,44775
13155,44582
13156,42750
13157,40550
13158,40700
13159,40552
13160,46312
13161,44930
13162,45010
13163,45134
13164,45640
13165,46116
13166,46263
13167,45757
13168,46597
13169,39963
13170,43209
13171,42824
13172,45430
13173,45898
13174,44537
13175,43850
13176,43825
13177,43345
13178,43517
13179,41265
13180,41150
13181,39727
13182,39718
13183,40479
13184,41043
13185,40497
13186,40245
13187,40123
13188,39179
13189,39567
13190,39359
13191,37995
13192,37861
13193,34802
13194,35835
13195,35594
13196,36920
13197,37228
13198,36467
13199,37176
13200,36949
13201,36935
13202,36900
13203,35936
13204,40016
13205,39268
13206,40167
13207,40362
13208,40329
13209,38622
13210,36890
13211,40089
13212,39712
13213,40330
13214,39735
13215,38903
13216,39954
13217,40425
13218,40460
13219,40562
13220,38312
13221,40171
13222,39933
13223,40129
13224,40163
13225,39782
13226,39621
13227,39950
13228,39940
13229,40107
13230,40721
13231,41297
13232,41366
13233,40839
13234,40674
13235,40885
13236,41137
13237,43331
13238,43969
13239,43787
13240,43821
13241,43566
13242,43659
13243,44273
13244,44102
13245,44649
13246,43059
13247,43464
13248,44535
13249,44493
13250,44391
13251,44103
13252,42806
13253,41675
13254,39108
13255,39062
13256,39055
13257,38668
13258,39081
13259,39594
13260,38026
13261,36723
13262,37820
13263,38312
13264,39073
13265,38584
13266,38095
13267,38318
13268,37833
13269,38830
13270,39075
13271,36528
13272,38014
13273,38004
13274,39941
13275,40443
13276,40091
13277,40456
13278,39766
13279,41290
13280,40238
13281,40696
13282,41531
13283,40632
13284,40479
13285,40585
13286,39585
13287,38583
13288,37685
13289,38056
13290,38095
13291,38019
13292,37722
13293,37500
13294,36838
13295,36765
13296,36494
13297,36382
13298,35754
13299,36118
13300,36117
13301,35832
13302,35005
13303,35194
13304,34804
13305,35289
13306,33115
13307,33517
13308,32757
13309,32764
13310,33750
13311,33182
13312,31513
13313,30185
13314,30112
13315,31683
13316,30374
13317,30652
13318,29931
13319,29236
13320,31595
13321,30792
13322,35922
13323,35445
13324,33848
13325,34869
13326,34841
13327,35346
13328,35361
13329,33857
13330,33820
13331,32134
13332,32691
13333,33101
13334,33481
13335,34390
13336,34442
13337,34177
13338,36912
13339,36617
13340,37000
13341,37331
13342,38077
13343,39522
13344,39368
13345,39956
13346,39713
13347,38578
13348,39964
13349,40065
13350,40285
13351,45498
13352,45332
13353,47660
13354,47313
13355,47122
13356,47610
13357,47205
13358,47132
13359,47165
13360,42855
13361,43517
13362,42255
13363,41345
13364,40775
13365,39675
13366,40224
13367,40584
13368,41426
13369,41189
13370,40165
13371,38489
13372,38854
13373,38808
13374,38503
13375,39589
13376,39845
13377,39429
13378,39073
13379,38779
13380,39439
13381,39613
13382,42793
13383,45287
13384,43146
13385,42207
13386,43318
13387,43396
13388,43020
13389,43396
13390,42093
13391,41880
13392,36810
13393,37646
13394,37844
13395,37878
13396,38532
13397,38180
13398,37752
13399,38078
13400,36720
13401,36000
13402,34761
13403,33982
13404,34094
13405,33854
13406,33616
13407,33643
13408,33737
13409,35028
13410,35901
13411,36249
13412,38901
13413,38896
13414,39083
13415,39698
13416,40009
13417,40615
13418,40014
13419,39612
13420,40138
13421,37563
13422,40361
13423,40810
13424,39961
13425,40294
13426,40819
13427,44118
13428,44390
13429,44632
13430,45958
13431,42954
13432,41042
13433,39946
13434,40262
13435,41553
13436,39574
13437,40685
13438,40709
13439,40840
13440,43088
13441,43504
13442,45552
13443,44945
13444,44546
13445,44937
13446,44219
13447,44510
13448,44753
13449,44564
13450,45720
13451,46771
13452,47328
13453,47577
13454,47544
13455,48664
13456,49367
13457,51605
13458,51210
13459,51022
13460,49992
13461,48551
13462,47592
13463,47668
13464,47524
13465,45752
13466,48366
13467,48748
13468,47907
13469,47711
13470,48087
13471,49423
13472,49445
13473,49715
13474,49424
13475,45840
13476,45495
13477,45163
13478,46103
13479,44574
13480,43486
13481,43877
13482,43635
13483,44101
13484,44162
13485,43381
13486,43992
13487,43057
13488,43575
13489,42334
13490,40899
13491,40772
13492,40171
13493,40301
13494,40540
13495,39786
13496,40476
13497,40137
13498,41384
13499,41607
13500,40340
13501,40027
13502,39920
13503,40214
13504,39898
13505,39714
13506,39438
13507,37668
13508,37856
13509,35754
13510,35801
13511,35998
13512,35754
13513,36326
13514,35259
13515,34142
13516,31578
13517,31894
13518,33432
13519,33080
13520,32477
13521,32022
13522,32078
13523,32997
13524,33823
13525,34642
13526,34128
13527,33171
13528,33331
13529,33853
13530,32646
13531,32298
13532,32939
13533,32703
13534,33599
13535,33813
13536,35054
13537,35568
13538,35377
13539,37184
13540,37236
13541,36438
13542,37269
13543,36908
13544,37629
13545,38047
13546,37879
13547,37884
13548,35714
13549,35411
13550,35240
13551,35487
13552,35548
13553,36030
13554,35626
13555,35804
13556,37136
13557,37565
13558,40115
13559,40408
13560,40239
13561,41705
13562,41077
13563,44390
13564,44360
13565,48929
13566,48367
13567,46478
13568,45971
13569,46027
13570,45509
13571,45488
13572,42415
13573,42943
13574,38729
13575,39617
13576,38796
13577,39530
13578,39591
13579,39367
13580,39530
13581,39197
13582,39552
13583,40281
13584,41113
13585,42327
13586,41667
13587,41653
13588,40965
13589,40130
13590,40634
13591,40398
13592,40544
13593,40003
13594,38924
13595,38600
13596,41273
13597,42119
13598,43354
13599,43553
13600,43270
13601,43066
13602,42763
13603,42478
13604,43122
13605,40499
13606,40887
13607,39664
13608,37721
13609,37615
13610,38055
13611,38850
13612,38886
13613,38744
13614,38064
13615,38211
13616,38375
13617,38222
13618,38942
13619,38242
13620,38176
13621,38231
13622,37983
13623,41844
13624,41371
13625,44141
13626,43910
13627,43684
13628,43689
13629,43572
13630,43709
13631,44070
13632,42393
13633,42279
13634,39919
13635,39187
13636,38684
13637,38286
13638,38665
13639,38779
13640,38673
13641,39481
13642,38959
13643,39522
13644,41390
13645,40743
13646,46442
13647,45419
13648,44630
13649,44417
13650,44164
13651,44934
13652,46453
13653,46078
13654,46657
13655,40186
13656,41160
13657,41171
13658,41094
13659,40642
13660,39371
13661,36677
13662,36960
13663,35158
13664,33760
13665,31671
13666,31918
13667,31861
13668,31764
13669,31752
13670,32050
13671,32664
13672,32365
13673,31772
13674,31482
13675,31041
13676,32578
13677,33207
13678,33200
13679,33730
13680,33760
13681,36258
13682,39895
13683,39962
13684,46082
13685,46256
13686,49511
13687,49470
13688,49069
13689,49444
13690,48560
13691,47762
13692,48244
13693,46004
13694,47402
13695,43244
13696,41962
13697,42268
13698,42309
13699,42449
13700,42676
13701,42976
13702,43649
13703,43128
13704,43828
13705,43044
13706,43295
13707,43555
13708,44267
13709,44885
13710,45139
13711,46240
13712,47467
13713,47502
13714,47896
13715,48080
13716,48451
13717,50719
13718,51686
13719,51837
13720,50457
13721,49186
13722,49935
13723,49966
13724,50391
13725,49839
13726,46521
13727,46983
13728,45795
13729,46397
13730,46156
13731,43971
13732,43360
13733,40009
13734,39662
13735,38735
13736,37406
13737,37936
13738,37477
13739,37709
13740,37160
13741,37751
13742,38251
13743,36494
13744,36267
13745,36070
13746,36501
13747,36353
13748,36603
13749,38700
13750,38142
13751,38152
13752,37706
13753,37463
13754,37800
13755,37663
13756,38323
13757,38782
13758,39161
13759,38672
13760,38382
13761,36794
13762,37377
13763,37742
13764,38070
13765,37819
13766,36861
13767,36534
13768,36357
13769,36618
13770,38455
13771,37326
13772,37871
13773,37979
13774,37588
13775,38753
13776,37149
13777,37883
13778,38556
13779,37540
13780,39896
13781,39165
13782,39410
13783,40200
13784,39959
13785,41117
13786,41758
13787,42067
13788,43602
13789,42895
13790,48335
13791,48757
13792,48213
13793,47304
13794,46891
13795,46696
13796,48174
13797,49458
13798,49862
13799,45847
13800,45593
13801,44727
13802,45492
13803,45922
13804,47702
13805,47640
13806,47319
13807,47025
13808,47031
13809,47564
13810,47951
13811,47896
13812,47816
13813,47130
13814,46767
13815,46836
13816,46813
13817,46658
13818,45605
13819,45173
13820,45703
13821,45708
13822,44325
13823,44103
13824,43210
13825,43171
13826,43119
13827,43312
13828,42299
13829,37777
13830,37705
13831,37814
13832,37722
13833,37207
13834,36236
13835,36099
13836,33532
13837,36832
13838,37572
13839,35418
13840,33519
13841,33265
13842,33738
13843,36294
13844,37019
13845,37772
13846,34956
13847,34504
13848,36386
13849,36380
13850,36574
13851,38253
13852,37215
13853,37742
13854,37193
13855,36873
13856,36507
13857,35249
13858,34980
13859,35003
13860,34286
13861,33587
13862,33026
13863,32807
13864,32568
13865,32787
13866,33081
13867,33270
13868,32882
13869,32176
13870,31704
13871,32207
13872,32489
13873,32861
13874,32853
13875,32486
13876,32063
13877,33127
13878,33285
13879,33593
13880,33715
13881,33737
13882,35199
13883,35497
13884,37041
13885,37686
13886,35082
13887,33934
13888,33778
13889,34810
13890,35594
13891,34668
13892,35791
13893,33559
13894,34511
13895,35019
13896,34228
13897,34687
13898,34887
13899,35262
13900,35037
13901,33358
13902,33623
13903,32456
13904,33793
13905,35179
13906,37142
13907,38391
13908,38418
13909,38466
13910,38758
13911,39643
13912,41295
13913,41096
13914,41059
13915,40660
13916,41247
13917,41609
13918,41976
13919,42184
13920,42823
13921,42381
13922,43191
13923,43797
13924,43645
13925,42851
13926,42187
13927,41365
13928,42404
13929,42328
13930,44149
13931,43062
13932,41865
13933,41401
13934,40870
13935,41720
13936,41687
13937,39772
13938,41978
13939,39962
13940,41277
13941,41443
13942,40395
13943,40267
13944,38039
13945,41635
13946,42158
13947,43913
13948,43966
13949,44504
13950,47612
13951,49647
13952,53016
13953,52984
13954,50009
13955,49671
13956,47398
13957,47579
13958,49079
13959,49200
13960,50491
13961,46532
13962,47017
13963,47598
13964,47781
13965,47791
13966,47809
13967,46979
13968,46845
13969,47035
13970,47756
13971,47151
13972,46488
13973,46083
13974,46399
13975,47124
13976,47474
13977,47291
13978,45480
13979,44552
13980,44827
13981,47795
13982,48948
13983,48613
13984,48059
13985,47359
13986,47883
13987,47320
13988,45760
13989,46181
13990,45444
13991,49387
13992,49595
13993,48710
13994,47432
13995,45492
13996,45417
13997,44316
13998,44168
13999,40702
14000,35079
14001,35441
14002,35179
14003,35545
14004,35514
14005,33268
14006,34609
14007,34778
14008,35795
14009,35879
14010,35762
14011,36387
14012,36740
14013,37636
14014,38421
14015,38828
14016,40394
14017,41054
14018,40919
14019,40811
14020,40736
14021,40983
14022,43180
14023,43334
14024,42899
14025,42439
14026,41970
14027,42183
14028,42101
14029,41686
14030,41344
14031,38778
14032,38887
14033,38789
14034,38448
14035,38722
14036,38180
14037,37852
14038,37612
14039,35717
14040,34860
14041,33038
14042,34057
14043,34813
14044,34786
14045,34148
14046,33964
14047,34711
14048,35260
14049,35774
14050,34318
14051,33734
14052,33778
14053,34897
14054,36328
14055,36019
14056,36013
14057,35799
14058,35032
14059,35671
14060,35747
14061,36154
14062,35011
14063,34798
14064,35187
14065,33329
14066,33630
14067,33569
14068,32797
14069,32521
14070,32265
14071,33040
14072,33099
14073,33220
14074,33025
14075,32817
14076,33491
14077,33791
14078,33728
14079,33625
14080,32841
14081,33652
14082,36941
14083,39458
14084,39538
14085,39612
14086,40053
14087,41033
14088,42586
14089,42048
14090,40645
14091,39914
14092,39690
14093,39799
14094,40139
14095,40162
14096,40070
14097,39777
14098,38852
14099,38144
14100,38046
14101,37929
14102,37535
14103,36772
14104,35867
14105,35166
14106,34339
14107,35391
14108,35454
14109,35092
14110,34491
14111,34611
14112,34624
14113,33019
14114,32764
14115,32729
14116,31629
14117,32173
14118,31793
14119,32173
14120,31092
14121,31140
14122,30942
14123,35224
14124,35377
14125,35031
14126,34581
14127,34767
14128,36216
14129,37852
14130,36814
14131,35884
14132,30012
14133,30860
14134,32913
14135,32660
14136,34241
14137,32548
14138,32498
14139,33216
14140,33119
14141,34473
14142,34946
14143,34137
14144,34459
14145,33480
14146,33609
14147,33843
14148,36711
14149,36894
14150,37376
14151,36899
14152,36581
14153,36295
14154,36182
14155,37226
14156,36986
14157,34948
14158,34851
14159,33883
14160,34341
14161,34047
14162,34136
14163,34314
14164,33600
14165,34368
14166,34213
14167,35275
14168,35699
14169,37157
14170,36881
14171,37037
14172,35655
14173,35548
14174,37616
14175,38239
14176,37755
14177,37878
14178,36161
14179,37763
14180,37271
14181,36916
14182,36756
14183,34734
14184,34150
14185,33654
14186,34166
14187,33862
14188,31623
14189,31648
14190,31803
14191,31701
14192,32099
14193,32430
14194,32519
14195,32420
14196,33081
14197,31822
14198,30877
14199,30353
14200,29745
14201,29662
14202,29506
14203,30189
14204,30291
14205,29694
14206,29492
14207,29602
14208,29732
14209,30889
14210,31466
14211,32326
14212,32536
14213,33094
14214,34063
14215,33352
14216,32604
14217,32113
14218,29708
14219,29022
14220,28107
14221,27543
14222,27156
14223,23652
14224,23147
14225,22618
14226,22904
14227,23695
14228,23294
14229,23240
14230,23125
14231,24240
14232,24340
14233,26997
14234,27719
14235,27130
14236,26755
14237,28101
14238,28187
14239,28665
14240,27570
14241,28045
14242,26492
14243,27619
14244,28147
14245,28040
14246,27162
14247,27263
14248,27772
14249,28656
14250,32201
14251,32225
14252,35287
14253,35823
14254,37413
14255,37908
14256,37837
14257,37710
14258,37656
14259,35969
14260,35893
14261,34604
14262,34209
14263,34189
14264,34304
14265,34591
14266,36171
14267,38208
14268,38608
14269,41214
14270,41375
14271,41389
14272,41140
14273,41356
14274,45105
14275,46493
14276,46149
14277,45363
14278,42737
14279,43232
14280,42924
14281,44118
14282,43360
14283,41050
14284,40465
14285,39916
14286,39843
14287,39300
14288,39383
14289,39210
14290,38581
14291,38956
14292,38474
14293,38166
14294,38337
14295,38024
14296,38171
14297,37465
14298,37396
14299,35035
14300,34732
14301,34609
14302,34231
14303,34816
14304,34795
14305,35645
14306,35796
14307,38523
14308,39065
14309,38894
14310,39473
14311,39809
14312,39693
14313,39358
14314,38540
14315,40311
14316,35634
14317,35816
14318,34844
14319,33732
14320,33819
14321,33978
14322,33943
14323,33589
14324,30961
14325,30225
14326,30284
14327,30605
14328,31167
14329,31886
14330,32517
14331,32554
14332,32631
14333,34132
14334,35397
14335,35613
14336,35649
14337,36356
14338,36099
14339,35950
14340,36903
14341,36740
14342,38951
14343,39280
14344,41488
14345,41799
14346,41549
14347,42196
14348,42140
14349,41239
14350,41884
14351,40121
14352,41549
14353,39060
14354,40323
14355,40077
14356,38872
14357,38163
14358,38274
14359,38965
14360,39041
14361,38397
14362,39350
14363,39008
14364,41112
14365,41477
14366,41481
14367,41341
14368,40514
14369,41295
14370,44957
14371,45693
14372,46398
14373,45221
14374,44937
14375,44915
14376,44850
14377,46835
14378,46841
14379,44966
14380,43908
14381,43644
14382,45014
14383,45508
14384,45486
14385,46061
14386,45091
14387,45092
14388,44884
14389,46124
14390,45650
14391,44585
14392,45432
14393,45701
14394,47260
14395,47661
14396,47752
14397,47942
14398,47433
14399,47773
14400,47783
14401,45812
14402,47286
14403,45448
14404,48099
14405,48346
14406,48781
14407,48683
14408,48045
14409,47537
14410,47998
14411,47168
14412,47463
14413,45286
14414,43605
14415,42785
14416,42763
14417,43505
14418,44825
14419,44663
14420,44348
14421,43785
14422,42779
14423,43712
14424,43876
14425,44693
14426,44189
14427,41893
14428,41571
14429,41163
14430,41238
14431,41085
14432,40658
14433,43987
14434,42647
14435,42285
14436,42124
14437,41776
14438,42085
14439,41691
14440,41194
14441,39820
14442,34604
14443,35298
14444,33278
14445,34498
14446,34368
14447,33769
14448,33829
14449,33732
14450,34324
14451,34166
14452,33216
14453,33052
14454,31777
14455,31605
14456,31030
14457,31947
14458,32101
14459,32841
14460,34959
14461,34460
14462,35151
14463,34931
14464,36101
14465,36329
14466,35560
14467,34839
14468,32599
14469,29160
14470,29521
14471,28153
14472,28036
14473,26248
14474,25850
14475,25573
14476,25750
14477,25734
14478,25618
14479,25587
14480,27631
14481,29846
14482,28891
14483,28107
14484,27961
14485,27489
14486,27534
14487,27162
14488,26942
14489,26604
14490,26374
14491,26526
14492,25915
14493,25425
14494,24792
14495,24364
14496,24194
14497,24052
14498,24098
14499,22921
14500,22537
14501,22422
14502,22184
14503,22310
14504,22328
14505,22425
14506,22437
14507,22384
14508,22048
14509,21042
14510,20394
14511,21011
14512,20543
14513,20648
14514,20350
14515,20446
14516,20826
14517,21495
14518,22277
14519,24237
14520,25455
14521,29275
14522,30177
14523,30203
14524,30323
14525,30454
14526,30474
14527,30424
14528,30211
14529,29568
14530,26488
14531,25204
14532,25151
14533,24967
14534,25577
14535,26074
14536,26048
14537,26286
14538,26376
14539,27193
14540,27380
14541,27372
14542,27637
14543,27453
14544,29394
14545,29420
14546,29915
14547,32210
14548,32242
14549,33784
14550,35993
14551,36117
14552,36752
14553,36616
14554,37845
14555,39306
14556,38455
14557,39691
14558,39233
14559,39608
14560,39471
14561,39189
14562,39058
14563,38223
14564,37641
14565,38552
14566,38562
14567,39630
14568,36901
14569,36118
14570,33830
14571,32141
14572,31916
14573,31877
14574,31974
14575,31712
14576,31503
14577,31345
14578,30699
14579,29872
14580,31094
14581,31209
14582,31479
14583,31468
14584,29532
14585,29113
14586,29160
14587,28554
14588,29048
14589,26569
14590,27403
14591,27108
14592,27102
14593,27571
14594,27830
14595,29161
14596,28774
14597,27954
14598,27698
14599,25443
14600,25412
14601,25312
14602,24351
14603,24014
14604,21957
14605,21937
14606,22967
14607,24450
14608,24054
14609,23273
14610,23440
14611,23572
14612,24182
14613,24202
14614,23847
14615,23249
14616,20806
14617,21353
14618,21196
14619,21182
14620,21903
14621,21979
14622,23367
14623,23868
14624,23986
14625,24062
14626,23962
14627,24958
14628,25455
14629,26890
14630,26719
14631,27158
14632,27027
14633,27048
14634,29052
14635,30096
14636,31344
14637,31273
14638,30581
14639,30150
14640,30423
14641,30844
14642,30728
14643,29690
14644,28649
14645,31422
14646,34488
14647,35337
14648,36547
14649,35893
14650,36704
14651,36952
14652,37597
14653,37784
14654,37520
14655,36948
14656,35516
14657,34991
14658,35801
14659,36150
14660,35622
14661,35871
14662,36059
14663,37359
14664,37152
14665,37389
14666,37158
14667,36648
14668,37468
14669,36881
14670,36678
14671,36128
14672,34388
14673,34369
14674,33606
14675,33572
14676,33522
14677,31359
14678,30764
14679,28806
14680,28775
14681,28785
14682,28740
14683,28083
14684,27115
14685,26154
14686,32123
14687,32007
14688,33987
14689,33084
14690,32554
14691,32472
14692,32987
14693,33293
14694,33145
14695,24835
14696,24792
14697,22901
14698,23621
14699,24095
14700,24105
14701,23839
14702,23701
14703,24439
14704,25394
14705,26155
14706,26256
14707,25835
14708,25967
14709,26035
14710,26410
14711,26738
14712,26165
14713,25999
14714,26030
14715,26018
14716,26159
14717,26040
14718,26154
14719,26100
14720,25711
14721,26910
14722,27555
14723,27918
14724,28770
14725,28689
14726,28895
14727,28931
14728,28845
14729,28765
14730,28243
14731,28843
14732,29405
14733,30021
14734,29980
14735,26704
14736,24819
14737,23909
14738,23037
14739,24600
14740,24688
14741,24869
14742,24978
14743,25203
14744,26187
14745,26190
14746,26254
14747,26004
14748,24917
14749,25055
14750,24994
14751,26279
14752,26012
14753,25738
14754,25650
14755,25059
14756,25109
14757,25442
14758,26651
14759,26668
14760,25355
14761,25415
14762,24998
14763,25563
14764,25752
14765,25986
14766,26357
14767,28028
14768,30342
14769,30711
14770,30440
14771,29940
14772,30250
14773,30553
14774,30317
14775,30777
14776,31345
14777,31949
14778,32765
14779,32932
14780,33207
14781,32399
14782,32401
14783,32266
14784,32414
14785,32150
14786,32252
14787,32218
14788,31556
14789,30723
14790,30540
14791,30687
14792,30483
14793,30015
14794,31618
14795,31288
14796,31699
14797,31479
14798,32876
14799,32589
14800,31678
14801,31092
14802,31069
14803,29546
14804,30074
14805,30038
14806,31074
14807,30652
14808,35942
14809,37789
14810,37852
14811,39595
14812,41126
14813,42301
14814,44038
14815,43831
14816,44936
14817,40608
14818,42371
14819,44371
14820,44314
14821,45424
14822,44313
14823,44889
14824,46384
14825,45922
14826,47649
14827,46675
14828,45658
14829,46357
14830,45324
14831,45405
14832,45887
14833,45872
14834,46425
14835,45984
14836,47091
14837,47384
14838,47313
14839,47333
14840,47811
14841,47791
14842,48614
14843,47417
14844,47005
14845,46101
14846,47309
14847,48359
14848,48751
14849,48748
14850,48824
14851,48703
14852,56256
14853,57847
14854,61116
14855,60601
14856,59046
14857,56249
14858,52920
14859,54227
14860,55042
14861,48707
14862,48575
14863,46344
14864,47115
14865,47742
14866,47131
14867,47375
14868,45916
14869,46103
14870,46836
14871,46684
14872,46885
14873,45430
14874,44135
14875,43804
14876,43134
14877,42988
14878,43648
14879,43347
14880,43575
14881,43525
14882,42175
14883,43705
14884,43105
14885,42596
14886,42409
14887,41438
14888,43657
14889,43811
14890,43605
14891,43726
14892,41137
14893,44314
14894,45135
14895,45304
14896,44737
14897,41318
14898,40418
14899,39879
14900,42431
14901,40708
14902,35079
14903,34937
14904,34119
14905,36028
14906,36171
14907,36287
14908,39818
14909,37654
14910,41692
14911,43069
14912,43869
14913,45533
14914,44305
14915,44816
14916,44735
14917,42520
14918,42871
14919,40882
14920,42735
14921,42916
14922,43507
14923,43547
14924,43487
14925,44294
14926,45196
14927,45398
14928,45309
14929,44669
14930,45300
14931,46941
14932,46980
14933,46424
14934,46512
14935,48263
14936,48656
14937,48467
14938,47674
14939,47580
14940,47828
14941,48229
14942,47656
14943,46132
14944,46632
14945,47886
14946,47866
14947,48270
14948,49042
14949,49104
14950,50337
14951,49634
14952,50477
14953,48728
14954,47550
14955,48009
14956,48014
14957,46114
14958,44430
14959,41903
14960,40569
14961,38485
14962,37535
14963,36713
14964,36021
14965,36152
14966,37113
14967,37595
14968,37322
14969,36321
14970,35473
14971,35267
14972,34909
14973,35571
14974,35746
14975,33642
14976,34389
14977,34374
14978,35471
14979,35550
14980,33859
14981,33854
14982,34448
14983,35405
14984,35975
14985,35071
14986,35359
14987,34784
14988,38558
14989,41555
14990,44620
14991,44674
14992,44285
14993,43698
14994,42420
14995,44186
14996,44569
14997,44089
14998,43405
14999,39797
15000,39461
15001,39382
15002,38610
15003,38276
15004,36403
15005,36250
15006,37361
15007,38328
15008,38760
15009,40129
15010,40906
15011,41896
15012,42225
15013,42718
15014,44362
15015,43848
15016,43707
15017,42877
15018,43166
15019,43382
15020,41623
15021,41304
15022,40796
15023,39597
15024,40637
15025,40420
15026,40237
15027,40517
15028,41750
15029,45320
15030,45248
15031,46794
15032,47021
15033,46014
15034,45584
15035,45634
15036,44696
15037,44908
15038,37667
15039,36271
15040,33463
15041,32955
15042,33417
15043,33276
15044,32488
15045,31781
15046,30974
15047,34836
15048,35391
15049,35612
15050,40382
15051,39923
15052,43116
15053,43932
15054,44425
15055,45302
15056,42655
15057,43037
15058,43484
15059,39647
15060,40105
15061,37551
15062,38195
15063,37530
15064,37119
15065,39965
15066,40644
15067,42070
15068,42205
15069,41786
15070,42851
15071,43006
15072,45382
15073,46156
15074,45815
15075,46654
15076,45927
15077,45687
15078,44121
15079,43211
15080,43395
15081,42347
15082,42067
15083,42040
15084,42401
15085,42689
15086,42669
15087,44093
15088,45945
15089,45693
15090,45401
15091,45067
15092,45436
15093,48756
15094,50091
15095,50635
15096,49949
15097,47992
15098,50648
15099,49181
15100,47888
15101,47088
15102,44125
15103,44116
15104,43557
15105,42001
15106,43267
15107,41350
15108,41242
15109,40837
15110,40350
15111,41521
15112,41513
15113,42841
15114,43792
15115,42056
15116,41543
15117,41938
15118,42300
15119,42469
15120,41165
15121,39468
15122,38919
15123,37824
15124,36482
15125,38073
15126,37737
15127,38455
15128,42315
15129,42948
15130,43236
15131,43521
15132,44038
15133,44490
15134,47253
15135,47804
15136,48047
15137,44273
15138,45759
15139,45820
15140,48317
15141,48563
15142,48837
15143,46009
15144,45078
15145,45100
15146,45136
15147,43908
15148,43466
15149,41544
15150,41823
15151,41198
15152,41309
15153,42940
15154,42661
15155,42344
15156,42430
15157,42850
15158,45563
15159,45585
15160,45510
15161,45022
15162,45585
15163,47561
15164,48259
15165,48341
15166,48791
15167,46153
15168,46520
15169,45857
15170,46833
15171,48224
15172,46931
15173,46347
15174,46310
15175,45903
15176,45677
15177,45427
15178,43523
15179,43941
15180,43839
15181,43882
15182,44493
15183,42583
15184,41117
15185,40707
15186,39904
15187,38721
15188,37854
15189,37231
15190,38151
15191,37066
15192,36476
15193,36816
15194,37574
15195,37352
15196,37808
15197,37129
15198,38474
15199,37680
15200,37530
15201,37515
15202,36421
15203,38485
15204,39049
15205,41308
15206,41785
15207,40240
15208,40614
15209,41368
15210,43955
15211,50034
15212,46000
15213,45813
15214,43870
15215,44268
15216,44961
15217,44947
15218,44873
15219,45118
15220,42852
15221,46841
15222,47730
15223,47668
15224,46981
15225,46552
15226,46617
15227,46985
15228,46770
15229,46501
15230,44788
15231,43359
15232,43261
15233,43207
15234,43434
15235,43424
15236,44231
15237,44867
15238,44920
15239,44439
15240,44408
15241,44244
15242,44238
15243,43648
15244,44052
15245,43589
15246,43390
15247,43601
15248,42812
15249,45086
15250,46776
15251,49317
15252,53494
15253,50962
15254,52002
15255,51240
15256,50978
15257,50747
15258,47835
15259,47996
15260,40656
15261,41831
15262,42663
15263,42038
15264,42323
15265,42497
15266,44067
15267,46156
15268,46269
15269,46257
15270,43810
15271,43234
15272,43312
15273,43515
15274,43406
15275,43818
15276,44266
15277,48015
15278,49395
15279,50047
15280,50813
15281,51271
15282,51497
15283,51707
15284,51715
15285,51925
15286,49638
15287,49635
15288,49610
15289,49839
15290,50456
15291,50580
15292,51027
15293,50371
15294,50421
15295,51683
15296,52995
15297,52948
15298,52059
15299,50133
15300,48451
15301,45507
15302,44374
15303,43168
15304,43805
15305,42306
15306,45108
15307,46805
15308,46517
15309,46600
15310,45706
15311,45366
15312,45595
15313,44120
15314,44110
15315,42143
15316,40729
15317,43248
15318,44166
15319,45217
15320,44396
15321,46283
15322,46687
15323,47106
15324,47384
15325,46092
15326,44446
15327,42489
15328,43066
15329,46128
15330,44965
15331,45543
15332,45337
15333,45861
15334,46877
15335,48333
15336,50504
15337,51790
15338,51181
15339,50876
15340,51220
15341,53346
15342,53629
15343,53288
15344,51496
15345,48521
15346,48329
15347,47967
15348,47968
15349,47492
15350,46078
15351,48077
15352,47926
15353,47591
15354,47272
15355,46579
15356,46851
15357,46702
15358,46685
15359,46709
15360,42667
15361,43439
15362,44894
15363,45789
15364,46013
15365,44133
15366,44199
15367,43716
15368,43876
15369,49123
15370,48620
15371,50312
15372,52029
15373,52573
15374,53444
15375,52992
15376,52304
15377,52106
15378,47024
15379,46475
15380,45656
15381,47933
15382,48799
15383,48322
15384,47413
15385,46290
15386,45046
15387,44379
15388,44206
15389,43699
15390,43234
15391,40998
15392,40987
15393,40869
15394,40929
15395,40991
15396,41391
15397,42222
15398,42839
15399,42770
15400,41871
15401,41041
15402,42455
15403,44477
15404,44862
15405,44187
15406,44453
15407,44995
15408,45717
15409,48884
15410,49350
15411,48928
15412,51551
15413,51187
15414,51268
15415,52167
15416,50426
15417,50509
15418,48447
15419,45003
15420,45513
15421,39670
15422,42801
15423,42526
15424,41305
15425,41337
15426,40752
15427,41229
15428,41933
15429,40775
15430,40509
15431,38767
15432,40487
15433,41369
15434,41347
15435,41192
15436,41796
15437,43358
15438,45373
15439,45464
15440,45241
15441,44579
15442,44919
15443,46342
15444,46163
15445,45837
15446,44516
15447,43050
15448,43645
15449,43738
15450,45278
15451,46182
15452,44604
15453,43653
15454,42968
15455,42596
15456,40848
15457,41178
15458,38814
15459,38639
15460,38587
15461,36315
15462,34943
15463,34714
15464,34478
15465,34537
15466,33856
15467,34252
15468,35719
15469,36206
15470,36900
15471,35882
15472,34985
15473,37356
15474,38123
15475,38425
15476,39480
15477,37786
15478,41758
15479,42115
15480,42461
15481,41870
15482,39440
15483,40139
15484,40029
15485,40147
15486,40723
15487,39215
15488,39871
15489,40205
15490,41469
15491,43012
15492,42890
15493,42979
15494,42803
15495,42584
15496,42787
15497,42315
15498,42291
15499,40655
15500,39337
15501,39431
15502,39507
15503,39528
15504,39469
15505,39704
15506,40340
15507,40468
15508,42176
15509,41267
15510,44398
15511,44476
15512,44177
15513,44335
15514,43526
15515,44339
15516,44979
15517,41443
15518,40922
15519,37061
15520,38146
15521,38482
15522,37808
15523,37158
15524,35185
15525,35105
15526,38119
15527,41318
15528,41558
15529,44438
15530,44379
15531,44694
15532,45188
15533,45802
15534,46665
15535,46642
15536,43457
15537,45025
15538,43445
15539,44655
15540,44447
15541,46237
15542,48312
15543,49098
15544,49840
15545,50635
15546,50546
15547,52718
15548,51842
15549,51252
15550,48821
15551,46980
15552,46904
15553,46894
15554,46642
15555,47524
15556,47477
15557,47434
15558,47032
15559,46457
15560,46272
15561,47168
15562,47771
15563,47758
15564,47726
15565,47693
15566,48552
15567,49034
15568,48959
15569,48781
15570,47375
15571,46865
15572,46891
15573,46680
15574,48931
15575,46692
15576,44777
15577,44166
15578,42412
15579,41752
15580,41942
15581,41643
15582,42574
15583,42261
15584,45956
15585,45843
15586,47029
15587,48007
15588,48365
15589,48172
15590,46604
15591,45000
15592,45116
15593,44228
15594,44578
15595,42912
15596,45580
15597,45746
15598,46938
15599,47402
15600,47388
15601,47564
15602,47820
15603,47970
15604,48681
15605,46208
15606,46787
15607,46724
15608,47023
15609,45982
15610,45354
15611,44969
15612,44917
15613,44630
15614,43994
15615,41990
15616,41002
15617,41257
15618,41753
15619,41528
15620,41336
15621,41228
15622,41607
15623,42302
15624,45783
15625,45824
15626,45516
15627,44764
15628,47428
15629,47910
15630,47825
15631,47874
15632,47728
15633,41829
15634,42390
15635,40776
15636,40269
15637,36432
15638,36001
15639,36413
15640,36271
15641,35639
15642,34389
15643,33609
15644,33583
15645,34484
15646,34679
15647,32999
15648,33123
15649,33220
15650,33324
15651,34407
15652,34293
15653,34692
15654,33095
15655,32843
15656,33020
15657,33728
15658,33615
15659,33768
15660,33304
15661,34638
15662,36676
15663,37651
15664,39646
15665,40374
15666,39708
15667,42604
15668,42733
15669,42908
15670,42971
15671,42055
15672,42033
15673,38794
15674,37775
15675,38589
15676,36310
15677,35701
15678,34723
15679,34783
15680,35492
15681,34646
15682,34625
15683,34448
15684,34895
15685,36223
15686,36191
15687,38597
15688,38223
15689,38980
15690,39716
15691,40668
15692,41978
15693,42035
15694,41351
15695,40600
15696,39529
15697,39695
15698,39173
15699,39238
15700,39328
15701,40111
15702,44214
15703,43917
15704,44439
15705,45101
15706,46290
15707,46136
15708,46697
15709,46417
15710,46189
15711,42508
15712,41720
15713,40780
15714,39967
15715,41263
15716,41699
15717,39854
15718,40402
15719,40595
15720,41324
15721,41280
15722,40690
15723,40921
15724,39544
15725,42033
15726,41297
15727,41838
15728,42138
15729,43409
15730,45055
15731,47071
15732,49021
15733,48460
15734,47042
15735,47888
15736,46892
15737,46947
15738,46103
15739,46576
15740,45761
15741,46467
15742,48166
15743,48657
15744,48903
15745,49481
15746,51379
15747,52719
15748,51842
15749,51784
15750,49565
15751,48212
15752,48016
15753,48307
15754,48033
15755,44394
15756,43892
15757,44353
15758,44776
15759,45156
15760,44368
15761,44545
15762,45528
15763,45368
15764,45212
15765,43757
15766,43606
15767,44680
15768,44359
15769,45996
15770,48436
15771,49569
15772,50271
15773,50186
15774,48865
15775,48986
15776,48503
15777,48808
15778,47276
15779,44387
15780,43460
15781,43083
15782,42707
15783,43139
15784,41824
15785,41176
15786,40500
15787,40334
15788,40186
15789,40176
15790,38567
15791,36841
15792,35760
15793,35803
15794,35170
15795,34624
15796,34455
15797,35694
15798,36333
15799,36342
15800,36541
15801,34911
15802,35824
15803,36517
15804,36556
15805,36427
15806,35997
15807,36305
15808,36473
15809,36847
15810,37834
15811,36179
15812,37925
15813,37989
15814,38073
15815,39008
15816,36880
15817,37119
15818,35912
15819,33717
15820,34266
15821,30463
15822,30411
15823,30250
15824,29147
15825,29344
15826,28190
15827,28213
15828,28208
15829,26998
15830,28169
15831,28826
15832,28760
15833,28414
15834,27875
15835,27951
15836,28099
15837,32241
15838,33034
15839,32229
15840,31659
15841,32118
15842,32284
15843,33214
15844,33398
15845,33774
15846,31916
15847,32257
15848,35041
15849,38428
15850,37915
15851,38200
15852,37654
15853,38114
15854,38053
15855,39653
15856,40168
15857,40671
15858,39959
15859,39362
15860,38930
15861,38625
15862,37726
15863,38856
15864,39314
15865,39642
15866,39420
15867,39351
15868,39544
15869,38895
15870,38542
15871,38533
15872,38898
15873,38945
15874,39767
15875,40464
15876,40916
15877,42006
15878,42316
15879,41616
15880,40430
15881,39495
15882,39574
15883,40073
15884,40045
15885,39964
15886,37259
15887,34645
15888,36972
15889,37721
15890,37549
15891,37536
15892,36642
15893,35982
15894,35845
15895,35343
15896,34468
15897,35324
15898,29327
15899,28925
15900,28578
15901,27319
15902,29107
15903,29109
15904,32862
15905,32196
15906,29781
15907,30323
15908,30892
15909,31676
15910,32656
15911,31187
15912,31520
15913,29570
15914,29154
15915,34197
15916,34044
15917,37003
15918,37448
15919,37223
15920,37659
15921,37544
15922,37557
15923,37730
15924,35633
15925,35906
15926,34932
15927,35237
15928,35844
15929,36081
15930,36588
15931,36750
15932,36792
15933,37113
15934,37644
15935,38253
15936,38663
15937,38291
15938,38379
15939,38549
15940,39860
15941,41402
15942,42115
15943,42715
15944,44202
15945,44201
15946,43083
15947,42308
15948,42938
15949,44496
15950,44435
15951,43537
15952,43185
15953,40856
15954,39908
15955,40027
15956,39902
15957,39600
15958,37556
15959,37438
15960,37195
15961,37423
15962,37251
15963,36178
15964,33846
15965,32105
15966,31177
15967,31290
15968,30611
15969,31060
15970,31056
15971,31251
15972,31450
15973,31670
15974,32087
15975,33250
15976,32141
15977,33205
15978,32970
15979,33522
15980,35027
15981,36036
15982,36755
15983,37065
15984,36132
15985,36338
15986,35720
15987,35513
15988,34778
15989,34743
15990,31765
15991,30837
15992,29618
15993,29829
15994,29811
15995,30310
15996,30502
15997,29725
15998,28813
15999,28665
16000,29256
16001,30492
16002,30517
16003,30162
16004,30185
16005,29831
16006,31103
16007,31468
16008,31550
16009,31081
16010,30593
16011,31748
16012,32358
16013,33281
16014,35244
16015,35156
16016,35895
16017,35454
16018,37291
16019,39250
16020,39499
16021,40872
16022,40347
16023,41539
16024,41250
16025,40470
16026,40926
16027,40301
16028,41009
16029,40057
16030,39158
16031,38891
16032,37423
16033,37614
16034,38038
16035,37441
16036,36968
16037,35963
16038,35525
16039,35527
16040,35524
16041,35581
16042,36910
16043,36354
16044,37606
16045,37073
16046,36950
16047,37525
16048,37443
16049,37481
16050,36781
16051,34372
16052,35104
16053,34262
16054,35065
16055,37635
16056,36784
16057,36972
16058,36942
16059,40211
16060,43175
16061,41960
16062,41