position_1based,learned_profile,sim_coverage,holdout_coverage
1,2.2393984814457426e-06,1787.0,1349.0
2,2.499186533885283e-06,1928.0,1500.0
3,2.6691948917317467e-06,2101.0,1576.0
4,2.9340768275524547e-06,2304.0,1789.0
5,3.0843463872968944e-06,2408.0,1884.0
6,3.3670569149516882e-06,2669.0,2095.0
7,3.4670243763070998e-06,2655.0,2148.0
8,3.6943389221916974e-06,2893.0,2312.0
9,3.921016732653649e-06,3134.0,2408.0
10,4.094208767613342e-06,3139.0,2489.0
11,4.475613285778256e-06,3581.0,2653.0
12,4.639254289398261e-06,3671.0,2749.0
13,4.9264219650115755e-06,3734.0,2904.0
14,5.076691524756016e-06,3987.0,2960.0
15,5.262618268168628e-06,4139.0,3050.0
16,5.386781675584584e-06,4262.0,3155.0
17,5.665035055280856e-06,4307.0,3331.0
18,5.998047681324679e-06,4790.0,3537.0
19,6.327876630255272e-06,4982.0,3692.0
20,6.67871784813318e-06,5148.0,3844.0
21,6.739207713284544e-06,5232.0,3883.0
22,6.8818364479572324e-06,5375.0,3956.0
23,7.126979585675917e-06,5585.0,4080.0
24,7.489918776584098e-06,5697.0,4230.0
25,7.592433179630093e-06,5988.0,4267.0
26,7.789821160650332e-06,6208.0,4330.0
27,7.97956831659882e-06,6210.0,4431.0
28,8.086539867603337e-06,6432.0,4491.0
29,8.217070629245753e-06,6528.0,4575.0
30,8.393446341318676e-06,6567.0,4637.0
31,8.537985282259302e-06,6651.0,4738.0
32,8.775487594906235e-06,6909.0,4843.0
33,8.892646912673086e-06,7065.0,4900.0
34,9.263226928653019e-06,7343.0,5101.0
35,9.367651537966952e-06,7489.0,5158.0
36,9.452974084601506e-06,7459.0,5200.0
37,9.498819035032014e-06,7567.0,5233.0
38,9.760517293739492e-06,7759.0,5354.0
39,9.866852109321363e-06,7897.0,5409.0
40,1.0059146206960433e-05,7969.0,5509.0
41,1.0110721776194754e-05,7818.0,5536.0
42,1.040234659976659e-05,8112.0,5668.0
43,1.0490852823514375e-05,8172.0,5721.0
44,1.0650036679175859e-05,8436.0,5824.0
45,1.0950575798664738e-05,8633.0,5918.0
46,1.1310331312459689e-05,8885.0,6052.0
47,1.1418576334309498e-05,8860.0,6108.0
48,1.1741401193590986e-05,9178.0,6236.0
49,1.190822587432422e-05,9471.0,6306.0
50,1.2159736366269362e-05,9419.0,6380.0
51,1.2399148885184234e-05,9808.0,6463.0
52,1.2499753081962291e-05,9713.0,6502.0
53,1.2892618837734831e-05,10084.0,6717.0
54,1.3140308917144098e-05,10391.0,6825.0
55,1.369872588280458e-05,10848.0,7002.0
56,1.3863003621847232e-05,10732.0,7088.0
57,1.3984620087572605e-05,11085.0,7158.0
58,1.4075036517588327e-05,11033.0,7216.0
59,1.4196016247891053e-05,11236.0,7282.0
60,1.4338644982563742e-05,11196.0,7311.0
61,1.4806008782785856e-05,11641.0,7473.0
62,1.4891968064843057e-05,11671.0,7539.0
63,1.4939723221541503e-05,11718.0,7594.0
64,1.504796824339131e-05,11832.0,7664.0
65,1.5270825641317387e-05,11816.0,7762.0
66,1.5351054304570775e-05,12173.0,7791.0
67,1.5517878985304007e-05,12292.0,7852.0
68,1.563503830307086e-05,12228.0,7902.0
69,1.578403439197001e-05,12295.0,7969.0
70,1.589355288466511e-05,12484.0,8024.0
71,1.604063876729632e-05,12692.0,8086.0
72,1.6023446910884878e-05,12361.0,8080.0
73,1.5983332579258183e-05,12421.0,8072.0
74,1.7026305201552222e-05,13329.0,8461.0
75,1.7146011461009657e-05,13495.0,8540.0
76,1.737905662569807e-05,13429.0,8650.0
77,1.757453440045037e-05,13745.0,8720.0
78,1.7664314095043444e-05,13809.0,8767.0
79,1.7754093789636522e-05,14035.0,8794.0
80,1.784705716134283e-05,14036.0,8839.0
81,1.797313077502672e-05,14214.0,8923.0
82,1.7682779422300177e-05,13768.0,8755.0
83,1.772162028308158e-05,13929.0,8720.0
84,1.7673228390960487e-05,13783.0,8645.0
85,1.7750910112523293e-05,14258.0,8641.0
86,1.7642028355250837e-05,14009.0,8540.0
87,1.7802485681757612e-05,14139.0,8537.0
88,1.7908820497339483e-05,14052.0,8491.0
89,1.789672252430921e-05,14153.0,8423.0
90,1.7896085788886563e-05,14040.0,8383.0
91,1.7756640731327106e-05,14012.0,8271.0
92,1.7713342722587182e-05,13924.0,8270.0
93,1.7556069073193636e-05,13741.0,8164.0
94,1.7679595745186948e-05,13820.0,8176.0
95,1.753378333340103e-05,13676.0,7980.0
96,1.7636297736447024e-05,13750.0,7948.0
97,1.7540150687627488e-05,14065.0,7790.0
98,1.750513023938196e-05,13864.0,7767.0
99,1.742681178239651e-05,13632.0,7673.0
100,1.754906498354453e-05,13820.0,7673.0
101,1.748539144127994e-05,13511.0,7611.0
102,1.7235154420180087e-05,13743.0,7490.0
103,1.7156199227771992e-05,13432.0,7437.0
104,1.7033946026623972e-05,13286.0,7323.0
105,1.7063872591488333e-05,13409.0,7385.0
106,1.7008476609718137e-05,13571.0,7351.0
107,1.7007203138872844e-05,13442.0,7266.0
108,1.6944166332030894e-05,13207.0,7133.0
109,1.672130893410482e-05,13077.0,6976.0
110,1.6485716827725825e-05,12890.0,6838.0
111,1.6225928775286285e-05,12747.0,6711.0
112,1.6217651214791887e-05,12882.0,6696.0
113,1.6288328846705587e-05,13088.0,6686.0
114,1.6173716470629318e-05,12636.0,6611.0
115,1.60043448482055e-05,12362.0,6513.0
116,1.6000524435669624e-05,12460.0,6493.0
117,1.6008801996164022e-05,12442.0,6506.0
118,1.602153670461694e-05,12658.0,6484.0
119,1.625012472134683e-05,12517.0,6500.0
120,1.6207463448029552e-05,12755.0,6441.0
121,1.614060622865173e-05,12833.0,6432.0
122,1.6133602139002626e-05,12384.0,6359.0
123,1.6157161349640525e-05,12870.0,6325.0
124,1.6194092004153988e-05,12585.0,6302.0
125,1.5926663126642698e-05,12373.0,6136.0
126,1.6034271413069858e-05,12362.0,6151.0
127,1.630488396769438e-05,12948.0,6195.0
128,1.6384475895525123e-05,12780.0,6198.0
129,1.6197275681267217e-05,12580.0,6092.0
130,1.6176900147742547e-05,12661.0,6060.0
131,1.6147610318300834e-05,12648.0,6012.0
132,1.627241046113944e-05,12949.0,6060.0
133,1.6146336847455542e-05,12683.0,5973.0
134,1.615461440794994e-05,12630.0,5955.0
135,1.616734911640286e-05,12638.0,5870.0
136,1.5961683574888224e-05,12548.0,5808.0
137,1.5715903701746893e-05,12346.0,5719.0
138,1.578085071485678e-05,12375.0,5695.0
139,1.5675152634697553e-05,12418.0,5625.0
140,1.5579005585878017e-05,12143.0,5599.0
141,1.5540801460519262e-05,12126.0,5582.0
142,1.5382891075703072e-05,11992.0,5525.0
143,1.549431977466611e-05,11962.0,5551.0
144,1.517786226961108e-05,11846.0,5363.0
145,1.4990662055353176e-05,11730.0,5295.0
146,1.4690122935864296e-05,11635.0,5168.0
147,1.4637273895784685e-05,11545.0,5109.0
148,1.4592065680776824e-05,11313.0,5060.0
149,1.4659559635577292e-05,11642.0,5033.0
150,1.4664016783535813e-05,11554.0,4990.0
151,1.4641731043743206e-05,11531.0,5009.0
152,1.4408049143632148e-05,11322.0,4843.0
153,1.4410596085322733e-05,11227.0,4636.0
154,1.4438612443919153e-05,11297.0,4756.0
155,1.434373886594491e-05,11130.0,4776.0
156,1.4281338794525608e-05,11280.0,4720.0
157,1.4261599996423584e-05,11218.0,4679.0
158,1.422148566479689e-05,10985.0,4666.0
159,1.4271151027763274e-05,11065.0,4649.0
160,1.4301714328050277e-05,11168.0,4638.0
161,1.4311265359389968e-05,11070.0,4594.0
162,1.4178824391479614e-05,11065.0,4565.0
163,1.3867460769805753e-05,10769.0,4487.0
164,1.3770040250140925e-05,10715.0,4425.0
165,1.3689811586887537e-05,10694.0,4337.0
166,1.3766856573027696e-05,11057.0,4338.0
167,1.3640782959343801e-05,10641.0,4270.0
168,1.3578382887924499e-05,10286.0,4222.0
169,1.3545909381369557e-05,10672.0,4179.0
170,1.3580929829615084e-05,10652.0,4166.0
171,1.3750938187461547e-05,10868.0,4233.0
172,1.374266062696715e-05,10861.0,4187.0
173,1.3864277092692522e-05,10983.0,4221.0
174,1.3912032249390968e-05,10969.0,4229.0
175,1.3740750420699212e-05,10692.0,4184.0
176,1.3664978905404346e-05,10694.0,4136.0
177,1.3687264645196954e-05,10899.0,4126.0
178,1.3523623641576949e-05,10524.0,4056.0
179,1.3635052340539987e-05,10660.0,4064.0
180,1.368471770350637e-05,10612.0,4071.0
181,1.388656283248513e-05,10870.0,4099.0
182,1.3912668984813614e-05,10908.0,4105.0
183,1.3700636089072518e-05,10635.0,4012.0
184,1.3699362618227226e-05,10785.0,4033.0
185,1.3559917560667767e-05,10633.0,3965.0
186,1.3570105327430102e-05,10687.0,3987.0
187,1.3460586834735002e-05,10740.0,3971.0
188,1.3381631642326906e-05,10464.0,3938.0
189,1.3397550027893054e-05,10415.0,3927.0
190,1.3401370440428931e-05,10568.0,3901.0
191,1.3163868127781998e-05,10486.0,3820.0
192,1.3269566207941223e-05,10530.0,3842.0
193,1.3272113149631806e-05,10347.0,3819.0
194,1.3347884664926672e-05,10500.0,3781.0
195,1.3510888933124031e-05,10671.0,3570.0
196,1.3434480682406519e-05,10536.0,3694.0
197,1.3353615283730485e-05,10473.0,3721.0
198,1.3295672360269706e-05,10453.0,3742.0
199,1.3176602836234916e-05,10182.0,3733.0
200,1.319506816349165e-05,10157.0,3740.0
201,1.3184880396729314e-05,10204.0,3742.0
202,1.3333239750205816e-05,10507.0,3763.0
203,1.3444031713746208e-05,10532.0,3776.0
204,1.3535721614607222e-05,10655.0,3741.0
205,1.3935591460028867e-05,10882.0,3813.0
206,1.4440522650187092e-05,11464.0,3870.0
207,1.457996770774655e-05,11571.0,3950.0
208,1.4779902630457373e-05,11597.0,3918.0
209,1.4806008782785856e-05,11582.0,3882.0
210,1.453157581562546e-05,11370.0,3865.0
211,1.449719210280258e-05,11442.0,3891.0
212,1.4543037053233086e-05,11394.0,3870.0
213,1.4653192281350833e-05,11530.0,3908.0
214,1.4564686057603048e-05,11304.0,3886.0
215,1.4555135026263359e-05,11283.0,3879.0
216,1.4925715042243291e-05,11513.0,3904.0
217,1.4815559814125545e-05,11690.0,3894.0
218,1.4588245268240947e-05,11403.0,3853.0
219,1.4828294522578464e-05,11612.0,3866.0
220,1.5187413300950769e-05,11911.0,3900.0
221,1.5221797013773649e-05,11890.0,3905.0
222,1.5202694951094272e-05,11884.0,3934.0
223,1.5361878806755754e-05,11978.0,3898.0
224,1.5340229802385792e-05,11975.0,3854.0
225,1.5403903344650386e-05,12117.0,3642.0
226,1.5440197263741205e-05,12181.0,3643.0
227,1.5532523900024864e-05,12150.0,3647.0
228,1.559428723602152e-05,12361.0,4055.0
229,1.5781487450279424e-05,12439.0,4101.0
230,1.6138059286961147e-05,12647.0,4074.0
231,1.6460884146242634e-05,12923.0,4100.0
232,1.6455790262861468e-05,12843.0,4107.0
233,1.6764606942844742e-05,13198.0,4197.0
234,1.67792518575656e-05,13231.0,4192.0
235,1.702503173070693e-05,13388.0,4243.0
236,1.7354860679637522e-05,13666.0,4302.0
237,1.7329391262731686e-05,13788.0,4285.0
238,1.7522958831216047e-05,13724.0,4326.0
239,1.768405289314547e-05,13950.0,4415.0
240,1.7748363170832708e-05,13861.0,4422.0
241,1.7905636820226254e-05,14071.0,4437.0
242,1.80781921197633e-05,14241.0,4440.0
243,1.8167971814356378e-05,14111.0,4486.0
244,1.8531547740687204e-05,14446.0,4513.0
245,1.8879205281451885e-05,14894.0,4530.0
246,1.9151091306921696e-05,15006.0,4577.0
247,1.9201393405310723e-05,15154.0,4574.0
248,1.9294993512439678e-05,15048.0,4577.0
249,1.9470732489089953e-05,15443.0,4620.0
250,1.9415973242742405e-05,15267.0,4625.0
251,1.9366944615198667e-05,15448.0,4617.0
252,1.9398781386330964e-05,15025.0,4607.0
253,1.9633100021864668e-05,15427.0,4601.0
254,1.9903712576489187e-05,15480.0,4609.0
255,2.031631713036375e-05,16117.0,4577.0
256,2.0281296682118225e-05,15853.0,4494.0
257,2.023545173168772e-05,15794.0,4442.0
258,2.0271745650778538e-05,15920.0,4438.0
259,2.0471043838066712e-05,15893.0,4448.0
260,2.0869640212643068e-05,16259.0,4496.0
261,2.1282881501940277e-05,16647.0,4493.0
262,2.1023093449500737e-05,16535.0,4389.0
263,2.058374600787504e-05,16048.0,4256.0
264,2.15452164960704e-05,16944.0,4335.0
265,2.185212296978574e-05,17057.0,4384.0
266,2.2062245659258896e-05,17331.0,4369.0
267,2.226982140704147e-05,17548.0,4371.0
268,2.2530882930326304e-05,17560.0,4373.0
269,2.270853211324452e-05,17708.0,4312.0
270,2.2932662982015885e-05,17793.0,4295.0
271,2.344077784928734e-05,18491.0,4290.0
272,2.3817088484071086e-05,18880.0,4252.0
273,2.403548873403864e-05,18754.0,4261.0
274,2.407942347820121e-05,18935.0,4260.0
275,2.4279358400912032e-05,19130.0,4249.0
276,2.4585628139204726e-05,19283.0,4291.0
277,2.497785715955462e-05,19566.0,4328.0
278,2.529049425207377e-05,19801.0,4313.0
279,2.5587212959026777e-05,20124.0,4300.0
280,2.5789058088005536e-05,20024.0,4308.0
281,2.605139308213566e-05,20624.0,4291.0
282,2.623158920674446e-05,20576.0,4308.0
283,2.6215670821178312e-05,20717.0,4292.0
284,2.63111811345752e-05,20668.0,4287.0
285,2.6335377080635747e-05,20787.0,4279.0
286,2.6429613923187346e-05,20756.0,4255.0
287,2.6816112324733426e-05,21347.0,4259.0
288,2.7412096680330016e-05,21454.0,4251.0
289,2.7627313253184343e-05,21436.0,4223.0
290,2.7734284804188858e-05,21710.0,4194.0
291,2.7719003154045357e-05,21767.0,4189.0
292,2.7876913538861547e-05,21796.0,4195.0
293,2.8005534094236025e-05,21634.0,4207.0
294,2.8045011690440072e-05,21853.0,4180.0
295,2.7406366061526203e-05,21612.0,4117.0
296,2.6820569472691948e-05,20941.0,4017.0
297,2.602847060692041e-05,20552.0,3912.0
298,2.573047842912211e-05,20026.0,3873.0
299,2.5366265767368637e-05,19929.0,3850.0
300,2.502943272878894e-05,19639.0,3808.0
301,2.4908452998486212e-05,19413.0,3731.0
302,2.4677954775488385e-05,19153.0,3693.0
303,2.4886167258693605e-05,19634.0,3905.0
304,2.4643571062665506e-05,19259.0,3965.0
305,2.4628289412522002e-05,19360.0,4047.0
306,2.1932988368461774e-05,17157.0,4063.0
307,1.2391508060112482e-05,9684.0,3974.0
308,1.0434183370898888e-05,8135.0,3854.0
309,9.677104953372874e-06,7790.0,3724.0
310,7.275338939152419e-06,5671.0,3448.0
311,2.7965419762609333e-05,22047.0,4028.0
312,2.9221698751489755e-05,22858.0,4660.0
313,2.967823804952689e-05,23387.0,4974.0
314,3.031688367844076e-05,23602.0,5056.0
315,3.0837096518742485e-05,24119.0,5055.0
316,3.0735218851119135e-05,24194.0,4337.0
317,3.1189211207465683e-05,24631.0,4435.0
318,3.2048167292615045e-05,25135.0,4535.0
319,3.2987988776440446e-05,26012.0,4666.0
320,3.4239810617362347e-05,26918.0,4872.0
321,3.5247762791410856e-05,27388.0,5015.0
322,3.6010571827740685e-05,28174.0,5299.0
323,3.682304622703689e-05,28858.0,5555.0
324,3.75813981154082e-05,29319.0,5661.0
325,3.808378236387584e-05,30127.0,5901.0
326,3.8306639761801914e-05,29904.0,6048.0
327,3.93419715590242e-05,30621.0,6330.0
328,4.024804606544936e-05,31462.0,6434.0
329,4.1383982059449705e-05,32554.0,6639.0
330,4.225630958847463e-05,33098.0,6771.0
331,4.29809144994457e-05,33890.0,6944.0
332,4.418498118366916e-05,34555.0,7416.0
333,4.60569833262482e-05,35975.0,7572.0
334,4.8828055885603295e-05,38303.0,7881.0
335,5.032820454135711e-05,39579.0,8071.0
336,5.147878545007831e-05,40387.0,8369.0
337,5.307317094838372e-05,41547.0,8624.0
338,5.487958934243023e-05,42994.0,9107.0
339,5.750230254830883e-05,45194.0,9608.0
340,6.184865854328996e-05,48824.0,10615.0
341,6.846433958458119e-05,53760.0,12439.0
342,7.905452313402833e-05,61916.0,15071.0
343,9.524988860902761e-05,74554.0,18812.0
344,0.00012629392414013,98463.0,24084.0
345,0.00018507606488795718,145260.0,32373.0
346,0.00030095427098444504,236297.0,45526.0
347,0.0004259893691940041,332942.0,57259.0
348,0.0004740864528144098,371814.0,62345.0
349,0.00047641117384249014,372356.0,62839.0
350,0.0004757667975947724,373807.0,62929.0
351,0.0004755636789949484,372655.0,62951.0
352,0.00047545543397309857,373265.0,63004.0
353,0.00047541595637689454,372925.0,63127.0
354,0.0004750269110336579,372631.0,63298.0
355,0.00047452325331434495,371945.0,63883.0
356,0.0004740749915768022,371018.0,64629.0
357,0.0004734745500732471,371849.0,64685.0
358,0.0004733210968363894,371330.0,64980.0
359,0.0004730963292321954,370360.0,65186.0
360,0.0004727639533415742,371509.0,65303.0
361,0.00047241056518200573,369900.0,65377.0
362,0.00047222909558655165,371375.0,65686.0
363,0.0004718222216514809,370418.0,65971.0
364,0.00047145737225430474,370057.0,66167.0
365,0.000471072147323604,368623.0,66253.0
366,0.0004703972077755993,369587.0,66443.0
367,0.00046957072519700487,368446.0,66425.0
368,0.00046937079027429407,368439.0,66502.0
369,0.00046931221061541063,368819.0,66741.0
370,0.0004689155244471022,368019.0,66973.0
371,0.0004685455811665449,368265.0,67232.0
372,0.0004675771065887005,367130.0,67197.0
373,0.0004668722404758314,365980.0,66900.0
374,0.00046615081924197355,365588.0,66902.0
375,0.0004660292027762482,366156.0,67113.0
376,0.0004653510795511303,365170.0,67179.0
377,0.0004650645486109396,366245.0,67352.0
378,0.00046489326678224785,365707.0,67455.0
379,0.00046424761706368486,365152.0,67544.0
380,0.0004639789147153283,363470.0,67758.0
381,0.00046355803260095935,362758.0,67804.0
382,0.00046317471787652646,362840.0,67817.0
383,0.00046184712452030974,362200.0,67768.0
384,0.00046158924667413813,362391.0,67810.0
385,0.00046128743408380395,361617.0,67883.0
386,0.0004611874666224485,361090.0,68253.0
387,0.0004609334091888128,361679.0,68531.0
388,0.00046002606121154233,360761.0,68451.0
389,0.00045951985655053886,359898.0,68452.0
390,0.0004590200192437618,360405.0,68451.0
391,0.000458715659711737,359436.0,68514.0
392,0.00045784778933067065,358788.0,68662.0
393,0.0004572078702309115,358961.0,68662.0
394,0.00045670866965955703,358383.0,68945.0
395,0.00045480355727500044,356454.0,68714.0
396,0.00045406367071388584,356386.0,68587.0
397,0.00045364469880578484,354915.0,68613.0
398,0.0004533021351484013,355462.0,68564.0
399,0.00045261637109821165,354105.0,68659.0
400,0.0004519255131646408,354353.0,68680.0
401,0.0004504158134775473,354534.0,68620.0
402,0.0004481101945121464,350654.0,68312.0
403,0.0004469978177287839,351089.0,67864.0
404,0.00044640055990234205,351154.0,67723.0
405,0.0004389080941840674,344293.0,66398.0
406,0.00041010664081152394,321866.0,60343.0
407,0.000260871139393461,204608.0,42130.0
408,0.00011254553289435907,88271.0,25708.0
409,1.123201285547424e-06,908.0,14901.0
410,1.0334215909543477e-06,833.0,14915.0
411,1.0257807658825965e-06,802.0,14804.0
412,9.805725508747353e-07,810.0,14788.0
413,9.74205196648276e-07,751.0,14548.0
414,9.652909007312329e-07,768.0,14360.0
415,9.627439590406491e-07,743.0,14343.0
416,3.998698454216453e-07,321.0,14252.0
417,4.005065808442912e-07,319.0,14337.0
418,3.979596391537075e-07,322.0,14207.0
419,3.775841056290377e-07,294.0,14171.0
420,3.7185348682522426e-07,273.0,14228.0
421,3.705800159799324e-07,313.0,14211.0
422,3.584820429496597e-07,260.0,14174.0
423,3.5147795330055445e-07,292.0,13870.0
424,3.502044824552626e-07,293.0,13845.0
425,3.444738636514492e-07,334.0,13766.0
426,3.419269219608655e-07,264.0,13709.0
427,3.3937998027028175e-07,255.0,13610.0
428,3.3555956773440614e-07,247.0,13566.0
429,3.298289489305928e-07,245.0,13441.0
430,3.2728200724000904e-07,240.0,13435.0
431,3.2600853639471717e-07,235.0,13404.0
432,3.209146530135497e-07,225.0,13254.0
433,3.164575050550282e-07,226.0,13150.0
434,3.126370925191526e-07,263.0,12923.0
435,3.005391194888799e-07,254.0,12907.0
436,2.9353502983977466e-07,230.0,12693.0
437,2.865309401906694e-07,259.0,12560.0
438,2.7443296716039667e-07,253.0,12215.0
439,2.667921420886455e-07,220.0,12002.0
440,2.61698258707478e-07,201.0,11714.0
441,2.7952685054156414e-07,226.0,11676.0
442,2.750697025830426e-07,208.0,11630.0
443,2.7379623173775073e-07,190.0,11602.0
444,2.706125546245211e-07,233.0,11490.0
445,2.6742887751129144e-07,213.0,11290.0
446,2.5787784617160247e-07,200.0,10662.0
447,2.508737565224972e-07,207.0,10049.0
448,2.52783962790435e-07,205.0,10003.0
449,2.4705334398662163e-07,197.0,9753.0
450,2.445064022960379e-07,188.0,9533.0
451,2.445064022960379e-07,187.0,9427.0
452,2.406859897601623e-07,193.0,9370.0
453,2.2858801672988957e-07,184.0,9085.0
454,2.24767604194014e-07,162.0,8825.0
455,2.2094719165813838e-07,174.0,8625.0
456,2.190369853902006e-07,171.0,8511.0
457,2.1266963116374129e-07,181.0,8353.0
458,2.1266963116374129e-07,170.0,8349.0
459,2.1139616031844942e-07,164.0,8307.0
460,2.0248186440140638e-07,179.0,8011.0
461,1.9993492271082264e-07,149.0,7822.0
462,1.9547777475230113e-07,145.0,7593.0
463,1.9420430390700926e-07,161.0,7542.0
464,1.9229409763907145e-07,143.0,7487.0
465,1.9102062679377958e-07,153.0,7493.0
466,1.8146959545409061e-07,152.0,7261.0
467,1.8019612460879874e-07,146.0,7188.0
468,1.7573897665027723e-07,150.0,7025.0
469,1.7446550580498536e-07,130.0,6953.0
470,1.7255529953704755e-07,132.0,6779.0
471,1.6873488700117197e-07,112.0,6534.0
472,1.6427773904265045e-07,128.0,6465.0
473,1.6427773904265045e-07,127.0,6435.0
474,1.6173079735206672e-07,135.0,6357.0
475,1.5982059108412894e-07,131.0,6285.0
476,1.5663691397089926e-07,127.0,6234.0
477,1.5090629516708588e-07,111.0,5836.0
478,1.4453894094062656e-07,115.0,5572.0
479,1.432654700953347e-07,117.0,5532.0
480,1.4199199925004284e-07,99.0,5472.0
481,1.4071852840475097e-07,115.0,5410.0
482,1.3880832213681317e-07,104.0,5317.0
483,1.3307770333299978e-07,105.0,5094.0
484,1.3244096791035385e-07,112.0,4997.0
485,1.2798381995183233e-07,108.0,4558.0
486,1.254368782612486e-07,94.0,4490.0
487,1.2288993657066488e-07,105.0,4454.0
488,1.197062594574352e-07,103.0,4329.0
489,1.1652258234420555e-07,91.0,4237.0
490,1.1524911149891369e-07,75.0,4042.0
491,1.1461237607626775e-07,83.0,3954.0
492,1.114286989630381e-07,89.0,3837.0
493,1.1015522811774624e-07,95.0,3801.0
494,1.1015522811774624e-07,105.0,3781.0
495,1.0697155100451658e-07,95.0,3596.0
496,1.0442460931393284e-07,75.0,3530.0
497,1.0315113846864098e-07,78.0,3457.0
498,1.0315113846864098e-07,89.0,3410.0
499,1.0251440304599505e-07,89.0,3352.0
500,1.0060419677805726e-07,69.0,3296.0
501,8.97796945930764e-08,71.0,3197.0
502,8.468581121190895e-08,87.0,3159.0
503,8.022866325338742e-08,73.0,3061.0
504,7.449804444957404e-08,50.0,2979.0
505,7.513477987221997e-08,53.0,2955.0
506,7.386130902692812e-08,75.0,2917.0
507,6.813069022311472e-08,45.0,2655.0
508,6.74939548004688e-08,47.0,2526.0
509,6.74939548004688e-08,60.0,2439.0
510,6.622048395517692e-08,53.0,2391.0
511,6.36735422645932e-08,36.0,2210.0
512,6.303680684194726e-08,61.0,2106.0
513,6.240007141930133e-08,48.0,2017.0
514,5.857965888342574e-08,44.0,1975.0
515,5.794292346077981e-08,46.0,1920.0
516,5.98531297287176e-08,54.0,1877.0
517,5.794292346077981e-08,36.0,1840.0
518,5.539598177019608e-08,33.0,1756.0
519,5.539598177019608e-08,52.0,1727.0
520,5.412251092490422e-08,38.0,1638.0
521,5.412251092490422e-08,39.0,1614.0
522,5.2849040079612354e-08,32.0,1554.0
523,5.221230465696642e-08,48.0,1534.0
524,5.221230465696642e-08,40.0,1514.0
525,5.030209838902863e-08,41.0,1447.0
526,4.5844950430507105e-08,31.0,1328.0
527,4.457147958521524e-08,20.0,1264.0
528,4.457147958521524e-08,37.0,1240.0
529,4.457147958521524e-08,36.0,1211.0
530,4.329800873992337e-08,37.0,1181.0
531,4.329800873992337e-08,43.0,1168.0
532,4.2661273317277444e-08,32.0,1105.0
533,4.202453789463151e-08,30.0,1089.0
534,4.011433162669371e-08,29.0,1060.0
535,4.138780247198558e-08,35.0,1035.0
536,4.138780247198558e-08,40.0,1018.0
537,3.9477596204047783e-08,32.0,985.0
538,3.502044824552626e-08,22.0,881.0
539,3.0563300287004736e-08,21.0,799.0
540,2.865309401906694e-08,31.0,780.0
541,2.865309401906694e-08,19.0,771.0
542,2.610615232848321e-08,26.0,745.0
543,2.5469416905837278e-08,17.0,700.0
544,2.5469416905837278e-08,16.0,683.0
545,2.4195946060545415e-08,18.0,659.0
546,2.4195946060545415e-08,20.0,644.0
547,2.3559210637899484e-08,20.0,629.0
548,2.228573979260762e-08,14.0,589.0
549,2.0375533524669823e-08,25.0,539.0
550,2.0375533524669823e-08,18.0,496.0
551,2.0375533524669823e-08,15.0,478.0
552,1.7828591834086094e-08,16.0,462.0
553,1.655512098879423e-08,15.0,443.0
554,1.655512098879423e-08,16.0,432.0
555,1.655512098879423e-08,9.0,430.0
556,1.655512098879423e-08,16.0,402.0
557,1.655512098879423e-08,13.0,398.0
558,1.4644914720856435e-08,16.0,378.0
559,1.4644914720856435e-08,11.0,366.0
560,1.7191856411440163e-08,10.0,346.0
561,7.11870202518152e-07,536.0,1027.0
562,7.742702739374533e-07,623.0,1089.0
563,7.825478344318504e-07,592.0,1095.0
564,7.876417178130178e-07,639.0,1082.0
565,7.882784532356637e-07,609.0,1071.0
566,7.920988657715394e-07,633.0,1065.0
567,7.95282542884769e-07,614.0,1048.0
568,8.010131616885824e-07,685.0,1045.0
569,8.035601033791662e-07,663.0,1043.0
570,8.067437804923959e-07,617.0,1033.0
571,8.13747870141501e-07,663.0,1033.0
572,8.162948118320848e-07,661.0,1016.0
573,8.201152243679604e-07,645.0,1005.0
574,8.213886952132522e-07,629.0,981.0
575,8.2329890148119e-07,629.0,963.0
576,8.264825785944197e-07,646.0,944.0
577,8.366703453567546e-07,660.0,826.0
578,8.373070807794005e-07,669.0,824.0
579,8.417642287379221e-07,688.0,825.0
580,8.500417892323192e-07,671.0,829.0
581,8.551356726134867e-07,659.0,831.0
582,8.627764976852378e-07,705.0,837.0
583,8.780581478287402e-07,683.0,839.0
584,8.869724437457832e-07,729.0,843.0
585,8.907928562816588e-07,698.0,844.0
586,8.9843368135341e-07,689.0,846.0
587,9.073479772704531e-07,693.0,850.0
588,9.111683898063286e-07,722.0,851.0
589,9.188092148780798e-07,685.0,854.0
590,9.258133045271851e-07,736.0,855.0
591,9.315439233309985e-07,716.0,858.0
592,9.398214838253956e-07,724.0,864.0
593,9.461888380518549e-07,717.0,867.0
594,9.506459860103765e-07,741.0,881.0
595,9.64017429885941e-07,731.0,890.0
596,9.716582549576922e-07,746.0,903.0
597,9.933072593276538e-07,755.0,920.0
598,1.0073154386258644e-06,796.0,940.0
599,1.021323617924075e-06,792.0,943.0
600,1.0232338241920127e-06,789.0,946.0
601,1.030237913841118e-06,817.0,952.0
602,1.0340583263769936e-06,822.0,954.0
603,1.039152209758161e-06,819.0,960.0
604,1.0423358868713906e-06,811.0,964.0
605,1.0455195639846202e-06,815.0,967.0
606,1.04870324109785e-06,802.0,967.0
607,1.0658950975092901e-06,899.0,968.0
608,1.0748093934263332e-06,831.0,974.0
609,1.093911456105711e-06,820.0,982.0
610,1.1021890166001082e-06,820.0,989.0
611,1.1251114918153619e-06,896.0,1003.0
612,1.1321155814644671e-06,913.0,1008.0
613,1.1391196711135722e-06,915.0,1010.0
614,1.1448502899173856e-06,914.0,1011.0
615,1.1544013212570746e-06,888.0,1030.0
616,1.1582217337929503e-06,879.0,1033.0
617,1.1582217337929503e-06,902.0,1034.0
618,1.1594952046382421e-06,898.0,1034.0
619,1.1620421463288259e-06,919.0,1040.0
620,1.1633156171741177e-06,886.0,1044.0
621,9.27086775372477e-07,740.0,862.0
622,7.449804444957404e-07,570.0,677.0
623,6.322782746874105e-07,485.0,567.0
624,5.686047324228173e-07,413.0,502.0
625,5.43772050939626e-07,407.0,444.0
626,5.24033252837602e-07,426.0,402.0
627,5.246699882602479e-07,400.0,377.0
628,5.183026340337887e-07,436.0,371.0
629,5.087516026940997e-07,364.0,364.0
630,5.087516026940997e-07,423.0,356.0
631,5.023842484676403e-07,384.0,353.0
632,5.011107776223484e-07,394.0,364.0
633,4.998373067770566e-07,442.0,365.0
634,4.966536296638269e-07,423.0,366.0
635,4.928332171279514e-07,429.0,371.0
636,4.921964817053055e-07,405.0,373.0
637,4.921964817053055e-07,373.0,380.0
638,4.966536296638269e-07,350.0,393.0
639,4.960168942411811e-07,388.0,402.0
640,4.985638359317647e-07,372.0,407.0
641,4.953801588185351e-07,420.0,411.0
642,4.960168942411811e-07,368.0,414.0
643,4.953801588185351e-07,380.0,420.0
644,4.934699525505973e-07,389.0,432.0
645,4.820087149429705e-07,392.0,433.0
646,4.800985086750327e-07,343.0,435.0
647,4.966536296638269e-07,390.0,516.0
648,6.399190997591617e-07,510.0,1792.0
649,4.571760334597791e-06,3579.0,32134.0
650,4.605507311998026e-06,3588.0,32242.0
651,4.611874666224485e-06,3621.0,32298.0
652,4.651988997851179e-06,3714.0,32406.0
653,4.6965604774363945e-06,3761.0,32585.0
654,4.705474773353437e-06,3736.0,32631.0
655,4.725850306878107e-06,3741.0,32650.0
656,4.778062611535073e-06,3749.0,32746.0
657,4.921328081630408e-06,3829.0,32828.0
658,5.078601731023954e-06,4029.0,32888.0
659,5.14482221497913e-06,4105.0,32904.0
660,5.319287720784116e-06,4090.0,33033.0
661,5.405883738263963e-06,4127.0,33096.0
662,5.542781854132838e-06,4263.0,33165.0
663,5.642112580065604e-06,4407.0,33231.0
664,5.649753405137355e-06,4529.0,33275.0
665,5.782194373047708e-06,4521.0,33356.0
666,5.9133618701127705e-06,4553.0,33468.0
667,6.00887218350966e-06,4743.0,33530.0
668,6.049623250559e-06,4701.0,33555.0
669,6.11839067620476e-06,4745.0,33578.0
670,6.201166281148731e-06,4761.0,33650.0
671,6.381362405757531e-06,5068.0,33691.0
672,6.621411660095047e-06,5181.0,33901.0
673,6.675534171019951e-06,5155.0,33944.0
674,6.748758744624233e-06,5458.0,34001.0
675,6.963975317478558e-06,5363.0,34225.0
676,7.18746945082728e-06,5682.0,34461.0
677,7.367665575436079e-06,5865.0,34616.0
678,7.501380014191725e-06,5931.0,34707.0
679,7.624269950762389e-06,5867.0,34788.0
680,7.648465896822935e-06,5975.0,34807.0
681,7.896792711654848e-06,6268.0,34994.0
682,8.08144598422217e-06,6498.0,35123.0
683,8.453299471047394e-06,6458.0,35435.0
684,8.579373084731288e-06,6681.0,35523.0
685,8.740467146660709e-06,6701.0,35639.0
686,8.950589836133866e-06,7108.0,35780.0
687,9.20974115315076e-06,7154.0,36092.0
688,9.329447412608195e-06,7404.0,36203.0
689,9.389937277759558e-06,7359.0,36251.0
690,9.623619177870616e-06,7620.0,36457.0
691,9.809545921283228e-06,7647.0,36572.0
692,1.0059146206960433e-05,8058.0,36750.0
693,1.01113585116174e-05,7836.0,36785.0
694,1.051186509246169e-05,8320.0,37015.0
695,1.0748093934263331e-05,8395.0,37245.0
696,1.0962037036272365e-05,8760.0,37413.0
697,1.1221188353289259e-05,8942.0,37621.0
698,1.1589858163001254e-05,8906.0,37919.0
699,1.1657352117801722e-05,9203.0,38006.0
700,1.1884029928263674e-05,9136.0,38123.0
701,1.2048307667306326e-05,9355.0,38219.0
702,1.226352424016065e-05,9390.0,38376.0
703,1.2406789710255984e-05,9901.0,38477.0
704,1.2613091987193266e-05,9901.0,38568.0
705,1.3176602836234916e-05,10201.0,39045.0
706,1.3586023712996251e-05,10602.0,39345.0
707,1.3754758599997422e-05,10821.0,39476.0
708,1.3768766779295632e-05,10922.0,39521.0
709,1.3794872931624116e-05,10832.0,39859.0
710,1.1735033839364526e-05,9361.0,23929.0
711,1.1370821177611053e-05,8991.0,20910.0
712,1.1253661859844202e-05,8956.0,16386.0
713,1.1594952046382422e-05,9223.0,14531.0
714,1.2065499523717765e-05,9539.0,13529.0
715,1.243416933342976e-05,9778.0,11575.0
716,1.2503573494498166e-05,9887.0,11488.0
717,1.2660210408469066e-05,9960.0,11027.0
718,1.2886888218931018e-05,10115.0,11028.0
719,1.3579656358769791e-05,10757.0,11489.0
720,1.3778954546057967e-05,10856.0,11531.0
721,1.410559981787533e-05,11197.0,11752.0
722,1.448000024639114e-05,11460.0,12068.0
723,1.4635363689516746e-05,11433.0,12114.0
724,1.4963919167602048e-05,11563.0,12261.0
725,1.5283560349770307e-05,11975.0,12491.0
726,1.61609817621764e-05,12849.0,13251.0
727,1.640676163531773e-05,12848.0,13444.0
728,1.6612427176832366e-05,13101.0,13641.0
729,1.6858207049973693e-05,13206.0,13809.0
730,1.7300101433289973e-05,13587.0,14080.0
731,1.7501946562268732e-05,13596.0,14192.0
732,1.7839416336271075e-05,14151.0,14467.0
733,1.794065726847178e-05,14294.0,14515.0
734,1.818006978738665e-05,14326.0,14678.0
735,1.8569115130623315e-05,14696.0,14916.0
736,1.953058561881867e-05,15432.0,15668.0
737,1.9915173814096815e-05,15589.0,16064.0
738,2.0159043480970206e-05,15721.0,16369.0
739,2.0477411192293174e-05,16108.0,16618.0
740,2.0791958491080262e-05,16119.0,17258.0
741,2.1290522327012027e-05,16849.0,17679.0
742,2.1478359276692577e-05,16602.0,17807.0
743,2.1962278197903486e-05,17362.0,18125.0
744,2.286134861467954e-05,17814.0,18797.0
745,2.345160235147232e-05,18308.0,19286.0
746,2.3571308610929755e-05,18521.0,19385.0
747,2.3703112843417465e-05,18397.0,19477.0
748,2.4142460285043157e-05,19034.0,20013.0
749,2.3961627425011712e-05,19026.0,19876.0
750,2.3600598440371467e-05,18476.0,19587.0
751,2.4663946596190176e-05,19348.0,20405.0
752,2.5678266124465144e-05,20154.0,21470.0
753,2.5643245676219617e-05,19973.0,21644.0
754,2.607367882192827e-05,20667.0,21904.0
755,2.699057783053841e-05,21294.0,22657.0
756,2.7245908735019428e-05,21317.0,22948.0
757,2.747577022259461e-05,21357.0,23135.0
758,2.75948397466294e-05,21640.0,23190.0
759,2.8169811833278676e-05,21998.0,23905.0
760,2.8523836728269815e-05,22703.0,24294.0
761,2.8807820726769902e-05,22733.0,24399.0
762,2.9093714931537925e-05,22818.0,24795.0
763,2.920578036592361e-05,23006.0,24976.0
764,2.9333127450452795e-05,23037.0,25123.0
765,2.976547080242938e-05,23199.0,25511.0
766,2.9923381187245574e-05,23327.0,25819.0
767,3.0395838870848856e-05,23789.0,26395.0
768,3.0297144880338735e-05,23919.0,26325.0
769,3.077405971190054e-05,24243.0,26673.0
770,3.0912231298614706e-05,24366.0,26793.0
771,3.1145913198725766e-05,24588.0,26978.0
772,3.10535865624421e-05,24246.0,26956.0
773,3.129236234593433e-05,24360.0,27271.0
774,3.134775832770452e-05,24801.0,27464.0
775,3.155215039837387e-05,24636.0,27634.0
776,3.16565750076878e-05,24934.0,27748.0
777,3.264669858990223e-05,25596.0,28764.0
778,3.3186650228305976e-05,25988.0,29539.0
779,3.327515645205376e-05,26128.0,29624.0
780,3.419842281489036e-05,26766.0,30445.0
781,3.470144379878065e-05,27241.0,31189.0
782,3.523439134753529e-05,27481.0,31876.0
783,3.511850550061373e-05,27689.0,31877.0
784,3.520191784098035e-05,27422.0,31937.0
785,3.509367281913054e-05,27404.0,31956.0
786,3.582528181975072e-05,28136.0,32690.0
787,3.6372237547803575e-05,28875.0,33503.0
788,3.626717620306699e-05,28764.0,33426.0
789,3.620795980876092e-05,28105.0,33340.0
790,3.643654782549081e-05,28439.0,33473.0
791,3.732797741719512e-05,29473.0,34330.0
792,3.7888304589123536e-05,29865.0,35147.0
793,3.8220043744322065e-05,30000.0,35646.0
794,3.8373496981179734e-05,29888.0,35873.0
795,3.842952969837258e-05,30270.0,36012.0
796,3.8667032011019514e-05,30154.0,36356.0
797,3.850211753655422e-05,30354.0,36374.0
798,3.9033154879040925e-05,30715.0,37024.0
799,3.90605345022147e-05,30596.0,37062.0
800,3.905607735425617e-05,30634.0,36899.0
801,3.910319577553198e-05,30856.0,36867.0
802,3.945913087679105e-05,30954.0,36943.0
803,3.9339424617333615e-05,30762.0,36842.0
804,3.964505762020366e-05,30959.0,37134.0
805,3.956610242779557e-05,30807.0,37053.0
806,3.955082077765207e-05,31192.0,37087.0
807,3.98341680407295e-05,31009.0,37611.0
808,4.005893564492352e-05,31344.0,38016.0
809,4.027860936573637e-05,31577.0,38322.0
810,4.061353219804813e-05,32280.0,38625.0
811,4.094399788240136e-05,31883.0,38966.0
812,4.088987537147646e-05,32386.0,39023.0
813,4.075743440356611e-05,32090.0,38941.0
814,4.074979357849435e-05,32091.0,38969.0
815,4.07822670850493e-05,32136.0,39198.0
816,4.0733875192928205e-05,31789.0,39176.0
817,4.091279784669171e-05,31958.0,39364.0
818,4.141199841804612e-05,32185.0,40239.0
819,4.159028433638698e-05,32784.0,40405.0
820,4.184179482833213e-05,32820.0,40547.0
821,4.1567361861171734e-05,32567.0,40397.0
822,4.218563195656093e-05,33153.0,41147.0
823,4.238938729180763e-05,33128.0,41510.0
824,4.292806545936609e-05,33936.0,42309.0
825,4.304522477713294e-05,34089.0,42603.0
826,4.3068783987770836e-05,33751.0,42673.0
827,4.2548571147469116e-05,33552.0,42110.0
828,4.2539020116129425e-05,33604.0,42099.0
829,4.311144526108812e-05,33858.0,42956.0
830,4.309680034636726e-05,33454.0,43013.0
831,4.301529821226858e-05,33726.0,42909.0
832,4.272112644700616e-05,33376.0,42672.0
833,4.278607346011605e-05,33690.0,42681.0
834,4.29032327778829e-05,33584.0,42694.0
835,4.2787983666383985e-05,33445.0,42652.0
836,4.2880310302667644e-05,33319.0,42864.0
837,4.3038220687483835e-05,33888.0,43078.0
838,4.304140436459707e-05,33916.0,43177.0
839,4.2921061369716984e-05,33712.0,43047.0
840,4.313564120714866e-05,34021.0,43139.0
841,4.297518388064189e-05,33853.0,43127.0
842,4.406718513047966e-05,34626.0,44612.0
843,4.3623380540895445e-05,34049.0,44354.0
844,4.372907862105467e-05,34082.0,44385.0
845,4.3317110802602755e-05,34113.0,44178.0
846,4.284019597104095e-05,33688.0,43812.0
847,4.4071005543015535e-05,34711.0,45569.0
848,4.411748722886869e-05,34239.0,45680.0
849,4.414996073542363e-05,34358.0,45838.0
850,4.3917552306157866e-05,34520.0,45571.0
851,4.382968281783273e-05,34462.0,45462.0
852,4.370106226245825e-05,34113.0,45452.0
853,4.423464654663554e-05,34540.0,46231.0
854,4.407991983893258e-05,34462.0,46024.0
855,4.4341618097640054e-05,34908.0,46202.0
856,4.421427101311087e-05,34862.0,46065.0
857,4.4666353163189484e-05,35217.0,46662.0
858,4.456702243725672e-05,34900.0,46606.0
859,4.482617375427361e-05,35349.0,46781.0
860,4.453582240154706e-05,35064.0,46683.0
861,4.454792037457734e-05,34654.0,46711.0
862,4.47262062929182e-05,35225.0,47034.0
863,4.5383317249088804e-05,35801.0,47868.0
864,4.5110157752773694e-05,35478.0,47645.0
865,4.5062402596075255e-05,35239.0,47362.0
866,4.488730035484762e-05,35137.0,47221.0
867,4.538650092620203e-05,35409.0,47896.0
868,4.4955431045070736e-05,35197.0,47664.0
869,4.4681634813332985e-05,34878.0,47351.0
870,4.460076941465695e-05,34834.0,47365.0
871,4.3695331643654434e-05,34505.0,46692.0
872,4.337760066775412e-05,34047.0,46120.0
873,4.316747797828096e-05,34454.0,45823.0
874,4.3450188505935754e-05,34535.0,46047.0
875,4.344127421001871e-05,34380.0,46081.0
876,4.339606599501085e-05,34127.0,45984.0
877,4.4081193309777874e-05,34753.0,46588.0
878,4.588761170382438e-05,35800.0,48548.0
879,4.614548954999598e-05,36266.0,48794.0
880,4.665296768184479e-05,36757.0,49568.0
881,4.661094314395016e-05,36622.0,49617.0
882,4.610346501210135e-05,36157.0,49284.0
883,4.5632917534766006e-05,35646.0,48749.0
884,4.5352753948801796e-05,35813.0,48500.0
885,4.518656600349121e-05,35407.0,48338.0
886,4.512225572580397e-05,35558.0,48307.0
887,4.5353390684224444e-05,35413.0,48523.0
888,4.552021536495768e-05,35956.0,48549.0
889,4.592454235833784e-05,36017.0,49013.0
890,4.6370257154189996e-05,36256.0,49639.0
891,4.676566985165312e-05,36851.0,50267.0
892,4.696433130351865e-05,36675.0,50408.0
893,4.717190705130122e-05,36914.0,50861.0
894,4.725786633335842e-05,37011.0,50980.0
895,4.699107419126978e-05,36983.0,50751.0
896,4.7119058011221614e-05,36945.0,50810.0
897,4.714134375101422e-05,36991.0,50962.0
898,4.706939264825523e-05,36769.0,50832.0
899,4.692867411985048e-05,36458.0,50625.0
900,4.662176764613514e-05,37045.0,50292.0
901,4.5888248439247024e-05,35897.0,49880.0
902,4.5953195452356914e-05,36218.0,49876.0
903,4.578700750704632e-05,35998.0,49661.0
904,4.623654271543435e-05,35876.0,50370.0
905,4.658420025619903e-05,37079.0,50949.0
906,4.7414503247329324e-05,36998.0,51813.0
907,4.72534091853999e-05,37136.0,51735.0
908,4.684780872117445e-05,36665.0,51298.0
909,4.683443727729888e-05,36872.0,51317.0
910,4.687646181519351e-05,37048.0,51607.0
911,4.658802066873491e-05,36398.0,51558.0
912,4.6610306408527514e-05,36801.0,51691.0
913,4.635815918115972e-05,36441.0,51290.0
914,4.6563187987251716e-05,36773.0,51378.0
915,4.7016543608175616e-05,36908.0,52071.0
916,4.718718870144473e-05,37384.0,52207.0
917,4.73088051671701e-05,37184.0,52550.0
918,4.7027368110360596e-05,36988.0,52523.0
919,4.70426497605041e-05,36790.0,52736.0
920,4.7068755912832583e-05,36599.0,53084.0
921,4.6900657761254055e-05,36808.0,52866.0
922,4.743997266423516e-05,37294.0,53704.0
923,4.784748333472856e-05,37168.0,54192.0
924,4.801176107377121e-05,37377.0,54550.0
925,4.788632419550996e-05,37568.0,54799.0
926,4.740113180345376e-05,37181.0,54365.0
927,4.7281425543996325e-05,37052.0,54163.0
928,4.714261722185951e-05,36936.0,54010.0
929,4.739922159718582e-05,37702.0,54146.0
930,4.7673017828923575e-05,37794.0,54867.0
931,4.7496005381428004e-05,36958.0,55219.0
932,4.7464805345718354e-05,37173.0,55189.0
933,4.712733557171601e-05,37197.0,54735.0
934,4.691848635308815e-05,36399.0,54400.0
935,4.708467429839873e-05,36903.0,54771.0
936,4.766665047469712e-05,37163.0,55708.0
937,4.766601373927447e-05,37186.0,55626.0
938,4.6666339125720354e-05,36718.0,54229.0
939,4.65256205973156e-05,36808.0,54090.0
940,4.6945229240839275e-05,36937.0,54551.0
941,4.7234943858143175e-05,37160.0,55254.0
942,4.710696003819134e-05,37038.0,55321.0
943,4.779654450091688e-05,37309.0,56294.0
944,4.690829858632581e-05,36905.0,55208.0
945,4.970611403343203e-05,38901.0,59843.0
946,5.0253706496907534e-05,39236.0,61116.0
947,5.077519280805456e-05,40303.0,62160.0
948,5.030146165360598e-05,39414.0,61608.0
949,5.007669404941196e-05,39051.0,61309.0
950,5.016201659604652e-05,39529.0,61561.0
951,5.07439927723449e-05,39704.0,62360.0
952,5.1208809630876436e-05,40496.0,63368.0
953,5.1290311764975115e-05,40128.0,63679.0
954,5.090253989258374e-05,39837.0,63488.0
955,5.119352798073293e-05,40214.0,63889.0
956,5.1158507532487405e-05,39972.0,64186.0
957,5.1784418452948356e-05,40448.0,65484.0
958,5.158321005939224e-05,40287.0,65304.0
959,5.11279442322004e-05,39952.0,64963.0
960,5.101078491443355e-05,40001.0,64979.0
961,5.1066180896203746e-05,40146.0,65173.0
962,5.1927047187621045e-05,40969.0,66891.0
963,5.192004309797194e-05,40545.0,67113.0
964,5.178187151125777e-05,40717.0,67089.0
965,5.183726749302797e-05,40576.0,67493.0
966,5.20983290163128e-05,41169.0,68252.0
967,5.1973528873474195e-05,40525.0,68422.0
968,5.069878455733704e-05,39877.0,67537.0
969,4.8405900300389044e-05,37952.0,65016.0
970,4.835177778946414e-05,37883.0,64902.0
971,4.791306708326109e-05,37645.0,64418.0
972,4.904900307726143e-05,38550.0,66594.0
973,4.936928099485233e-05,38589.0,68101.0
974,4.958959145108783e-05,38937.0,68492.0
975,4.9677460939412967e-05,39211.0,68653.0
976,4.977169778196456e-05,39114.0,68888.0
977,4.989586118938052e-05,39065.0,69290.0
978,4.921137061003614e-05,38699.0,68949.0
979,4.937628508450144e-05,39054.0,69657.0
980,4.836833291045293e-05,37824.0,68490.0
981,4.849695346582741e-05,38046.0,68834.0
982,4.8109818328858686e-05,37743.0,68331.0
983,4.8467026900963054e-05,38147.0,69194.0
984,4.854025147456733e-05,38277.0,69975.0
985,4.8516692263929436e-05,38106.0,69894.0
986,4.8242896032191685e-05,37621.0,69686.0
987,4.772013625019937e-05,37481.0,69210.0
988,4.8182406167040316e-05,37752.0,69947.0
989,4.821806335070849e-05,37610.0,70017.0
990,4.844092074863457e-05,37967.0,70270.0
991,5.0282359590926606e-05,39760.0,74010.0
992,5.089617253835728e-05,39861.0,75487.0
993,5.184809199521295e-05,40768.0,78119.0
994,5.281911351474799e-05,41332.0,80412.0
995,5.233710479980503e-05,40863.0,80070.0
996,5.2054394272150234e-05,40547.0,79737.0
997,5.103943800845262e-05,40297.0,78657.0
998,5.112221361339659e-05,40526.0,78835.0
999,5.169463875835528e-05,40237.0,81308.0
1000,5.120944636629908e-05,40184.0,80612.0
1001,5.122154433932935e-05,40140.0,80644.0
1002,5.137117716365115e-05,40442.0,83013.0
1003,5.192322677508517e-05,40575.0,83933.0
1004,5.220912097985319e-05,40755.0,85441.0
1005,5.160867947629808e-05,40319.0,84977.0
1006,5.084778064623619e-05,39853.0,83924.0
1007,5.096876037653892e-05,39760.0,84261.0
1008,5.073316827015992e-05,39803.0,84081.0
1009,5.213334946455833e-05,41409.0,86584.0
1010,5.2446623292500124e-05,41015.0,87592.0
1011,5.229189658479717e-05,40846.0,87263.0
1012,5.269112969479616e-05,40890.0,88435.0
1013,5.251348051187795e-05,41186.0,88630.0
1014,5.204102282827467e-05,40498.0,88231.0
1015,5.179778989682392e-05,40619.0,88122.0
1016,5.148642627515006e-05,40616.0,87869.0
1017,5.136544654484733e-05,40206.0,87967.0
1018,5.14176588495043e-05,40640.0,88458.0
1019,5.1403013934783444e-05,40148.0,88504.0
1020,5.0929919515757515e-05,40087.0,88097.0
1021,5.06580334902877e-05,39631.0,88121.0
1022,5.0793658135311284e-05,39571.0,88391.0
1023,5.050585372427533e-05,39728.0,87977.0
1024,4.9890767305999356e-05,39195.0,87444.0
1025,4.983791826591974e-05,39069.0,87443.0
1026,4.947243213332098e-05,38445.0,86856.0
1027,4.926804006265163e-05,38460.0,87090.0
1028,4.958449756770666e-05,38773.0,88614.0
1029,4.8970047884853337e-05,38071.0,87864.0
1030,4.938392590957319e-05,38704.0,88886.0
1031,4.9850016238950016e-05,39236.0,90083.0
1032,4.9203729784964396e-05,38556.0,89053.0
1033,4.9261672708425173e-05,38846.0,89309.0
1034,4.859373725006959e-05,38029.0,88670.0
1035,4.8402079887853164e-05,38102.0,88409.0
1036,4.595064851066633e-05,36161.0,84529.0
1037,4.5235594631034946e-05,35705.0,83240.0
1038,4.436135689574208e-05,34963.0,81902.0
1039,4.4264573111499896e-05,34452.0,82030.0
1040,4.430723438481718e-05,34855.0,82337.0
1041,4.38653400015009e-05,34454.0,81828.0
1042,4.3405617026350534e-05,34240.0,81927.0
1043,4.325025358322493e-05,34090.0,82375.0
1044,4.2738955038840244e-05,33489.0,81567.0
1045,4.281345308328982e-05,33863.0,81887.0
1046,4.262752633987721e-05,33268.0,81928.0
1047,4.221237484431206e-05,32964.0,81370.0
1048,4.1994611329767154e-05,32974.0,81366.0
1049,4.157372921539819e-05,32641.0,81079.0
1050,4.126427579999227e-05,32598.0,80541.0
1051,4.114647974680277e-05,32441.0,80504.0
1052,4.1475671960310716e-05,32523.0,81505.0
1053,4.0565140305927035e-05,31839.0,79791.0
1054,4.038494418131824e-05,31666.0,79802.0
1055,4.0163996989660095e-05,31593.0,79722.0
1056,3.967180050795479e-05,31228.0,78994.0
1057,3.9985074335896594e-05,31482.0,79246.0
1058,4.053266679937209e-05,31773.0,81180.0
1059,4.0188829671143286e-05,31717.0,80449.0
1060,4.0249319536294655e-05,31432.0,80582.0
1061,3.9985074335896594e-05,31787.0,80452.0
1062,3.9589661638433464e-05,31231.0,79915.0
1063,3.8474101177957795e-05,30095.0,77109.0
1064,3.9057987560524116e-05,30752.0,78611.0
1065,3.8586166612343476e-05,30214.0,77517.0
1066,3.867212589440068e-05,30418.0,78095.0
1067,3.871478716771795e-05,30185.0,78240.0
1068,3.835948880188153e-05,29737.0,77495.0
1069,3.8153186524944245e-05,29878.0,77219.0
1070,3.8162737556283936e-05,29611.0,78362.0
1071,3.806850071373233e-05,30103.0,78131.0
1072,3.792396177279171e-05,29986.0,78138.0
1073,3.863455850446457e-05,30454.0,80267.0
1074,3.796152916272782e-05,29623.0,79165.0
1075,3.7974900606603385e-05,29580.0,79580.0
1076,3.772657379177147e-05,29488.0,79541.0
1077,3.751390416060773e-05,29516.0,79205.0
1078,3.7929055656172876e-05,29581.0,80093.0
1079,3.745850817883753e-05,29436.0,79801.0
1080,3.71032098130011e-05,29178.0,79200.0
1081,3.686379729408623e-05,28489.0,79198.0
1082,3.520637498893887e-05,27617.0,76215.0
1083,3.423216979229059e-05,26792.0,74153.0
1084,3.313316445280371e-05,26234.0,72078.0
1085,3.255819236615444e-05,25708.0,70935.0
1086,3.2337881909918946e-05,25188.0,70359.0
1087,3.233151455569249e-05,25424.0,70797.0
1088,3.2633963881449304e-05,25555.0,72224.0
1089,3.2367808474783306e-05,25467.0,71828.0
1090,3.1268803135296426e-05,24673.0,69111.0
1091,3.115355402379751e-05,24369.0,68848.0
1092,3.067663919223571e-05,24177.0,68101.0
1093,3.129236234593433e-05,24626.0,70366.0
1094,3.063525138976372e-05,23897.0,69611.0
1095,2.978329939426347e-05,23289.0,67604.0
1096,2.9743185062636774e-05,23225.0,67512.0
1097,3.0109307930658185e-05,23402.0,68357.0
1098,2.9481486803929298e-05,23229.0,67420.0
1099,3.004117724043507e-05,23474.0,69343.0
1100,2.8902694304744145e-05,22361.0,68167.0
1101,2.8215656783709185e-05,22233.0,66787.0
1102,2.779222772764964e-05,21847.0,66523.0
1103,2.734269251926161e-05,21503.0,65332.0
1104,2.682502662065047e-05,21025.0,64151.0
1105,2.711283103168643e-05,21264.0,65084.0
1106,2.733377822334457e-05,21406.0,66088.0
1107,2.7095002439852344e-05,20979.0,65562.0
1108,2.745093754111142e-05,21321.0,66997.0
1109,2.7027508485051876e-05,21399.0,66470.0
1110,2.687469198361685e-05,21219.0,66177.0
1111,2.703578604554627e-05,21274.0,66611.0
1112,2.707653711259561e-05,21364.0,66804.0
1113,2.647545887361785e-05,20960.0,65696.0
1114,2.6576699805818553e-05,21107.0,66022.0
1115,2.6635279464701982e-05,21045.0,66079.0
1116,2.635702608500571e-05,20813.0,65674.0
1117,2.677599799310673e-05,21158.0,67067.0
1118,2.6492013994606645e-05,20419.0,66311.0
1119,2.5724747810318297e-05,20118.0,64411.0
1120,2.6526397707429526e-05,20861.0,66709.0
1121,2.5914494966266784e-05,20248.0,65542.0
1122,2.479638756410053e-05,19433.0,63587.0
1123,2.4788746739028777e-05,19350.0,63565.0
1124,2.448311373615873e-05,19229.0,62881.0
1125,2.4251342042315612e-05,19104.0,62421.0
1126,2.4249431836047672e-05,18806.0,62418.0
1127,2.381326807153521e-05,18639.0,61636.0
1128,2.3508271804087808e-05,18439.0,61231.0
1129,2.350190444986135e-05,18293.0,61219.0
1130,2.3266949078905e-05,18160.0,60663.0
1131,2.2874720058555108e-05,17977.0,59927.0
1132,2.286007514383425e-05,17973.0,59909.0
1133,2.244874406080498e-05,17608.0,59055.0
1134,2.1829837229993132e-05,16884.0,57380.0
1135,2.181582905069492e-05,17136.0,57361.0
1136,2.1330636658638722e-05,16507.0,56283.0
1137,2.1025003655768674e-05,16602.0,55663.0
1138,2.1017999566119568e-05,16326.0,55659.0
1139,2.0458309129613793e-05,15951.0,54256.0
1140,2.0262194619438848e-05,16053.0,53801.0
1141,2.0242455821336822e-05,16032.0,53783.0
1142,1.992026769747798e-05,15597.0,53167.0
1143,1.9318552723077577e-05,15169.0,51742.0
1144,1.931027516258318e-05,14979.0,51729.0
1145,1.9070225908245664e-05,14616.0,51126.0
1146,1.893269105695414e-05,14836.0,50774.0
1147,1.8923776761037098e-05,14639.0,50754.0
1148,1.817688611027342e-05,14323.0,49587.0
1149,1.7448460786766473e-05,13525.0,47274.0
1150,1.7436999549158846e-05,13632.0,47263.0
1151,1.7184215586368412e-05,13491.0,46751.0
1152,1.7093162420930045e-05,13543.0,46566.0
1153,1.7083611389590355e-05,13524.0,46540.0
1154,1.6702843606848088e-05,13020.0,45610.0
1155,1.5233894986803923e-05,11759.0,41784.0
1156,1.5212882717856606e-05,11901.0,41758.0
1157,1.4734694415449511e-05,11591.0,40428.0
1158,1.448445739434966e-05,11222.0,39862.0
1159,1.4483820658927014e-05,11345.0,39848.0
1160,1.4333551099182575e-05,11297.0,39419.0
1161,1.3689174851464891e-05,10973.0,37121.0
1162,1.3683444232661078e-05,10538.0,37112.0
1163,1.3117386441928845e-05,10430.0,35954.0
1164,1.2145091451548506e-05,9487.0,33286.0
1165,1.2142544509857923e-05,9488.0,33268.0
1166,1.1410298773815102e-05,8834.0,31262.0
1167,1.1283588424708561e-05,9036.0,30925.0
1168,1.1277857805904747e-05,8886.0,30909.0
1169,1.0739179638346289e-05,8448.0,29817.0
1170,1.0263538277629778e-05,8039.0,28652.0
1171,1.0263538277629778e-05,7857.0,28637.0
1172,9.953448126801208e-06,7880.0,27979.0
1173,9.600059967232717e-06,7554.0,27004.0
1174,9.592419142160965e-06,7606.0,26986.0
1175,9.225659538716908e-06,7128.0,25931.0
1176,8.763389621875962e-06,6842.0,24676.0
1177,8.763389621875962e-06,6752.0,24661.0
1178,8.493413802674087e-06,6538.0,23775.0
1179,8.031780621255787e-06,6305.0,22077.0
1180,8.029233679565202e-06,6342.0,22077.0
1181,7.84649061326582e-06,6008.0,21630.0
1182,7.71341290993282e-06,6095.0,21420.0
1183,7.70704555570636e-06,6124.0,21400.0
1184,6.86973847492696e-06,5486.0,18785.0
1185,6.760856717654506e-06,5292.0,18292.0
1186,6.758309775963922e-06,5260.0,18282.0
1187,6.645607606155592e-06,5273.0,18079.0
1188,5.955386408007402e-06,4694.0,16698.0
1189,5.941378228709192e-06,4745.0,16661.0
1190,5.077328260178661e-06,3994.0,14255.0
1191,4.615058343337715e-06,3489.0,12638.0
1192,4.622699168409466e-06,3499.0,12619.0
1193,4.466698989861213e-06,3441.0,12159.0
1194,4.549474594805184e-06,3548.0,12740.0
1195,4.714389069270481e-06,3789.0,13147.0
1196,4.621425697564175e-06,3721.0,12574.0
1197,4.3081518696223756e-06,3347.0,11540.0
1198,4.390927474566347e-06,3442.0,11758.0
1199,4.663450235458806e-06,3717.0,12226.0
1200,4.6004134286168586e-06,3582.0,12104.0
1201,4.965262825792978e-06,3947.0,12975.0
1202,6.066178371547794e-06,4850.0,15942.0
1203,5.757361691564517e-06,4403.0,15233.0
1204,6.467321687814731e-06,4975.0,17374.0
1205,6.611223893332712e-06,5179.0,17496.0
1206,6.976073290508831e-06,5598.0,18962.0
1207,7.074130545596304e-06,5596.0,19147.0
1208,6.892024214719567e-06,5363.0,18254.0
1209,7.444073826153591e-06,5870.0,20111.0
1210,7.638914865483247e-06,5955.0,20383.0
1211,7.805102810793835e-06,6189.0,20494.0
1212,8.119013374158278e-06,6426.0,21320.0
1213,9.372745421348119e-06,7393.0,25091.0
1214,9.819096952622917e-06,7662.0,26298.0
1215,9.958542010182376e-06,7856.0,26623.0
1216,1.0976045215570576e-05,8525.0,29775.0
1217,1.2042577048502512e-05,9366.0,32677.0
1218,1.234502637425933e-05,9554.0,33587.0
1219,1.2785010551307668e-05,10127.0,35084.0
1220,1.296329646964853e-05,10153.0,35586.0
1221,1.340455411754216e-05,10518.0,36162.0
1222,1.4094775315690351e-05,10957.0,37244.0
1223,1.60903041302627e-05,12714.0,42772.0
1224,1.67168517861463e-05,13040.0,44212.0
1225,1.7084248125013003e-05,13365.0,44966.0
1226,1.7466289378600562e-05,13702.0,46213.0
1227,1.802024919630252e-05,14427.0,47969.0
1228,1.8332886288821674e-05,14391.0,49026.0
1229,1.857611922027242e-05,14598.0,49769.0
1230,1.906767896655508e-05,14921.0,51084.0
1231,1.9813932881896113e-05,15405.0,52761.0
1232,2.0413100914605932e-05,16290.0,53896.0
1233,2.1014179153583694e-05,16527.0,55681.0
1234,2.172859629779243e-05,16977.0,57936.0
1235,2.200430273579812e-05,17277.0,58515.0
1236,2.235450721825338e-05,17538.0,59379.0
1237,2.275055665113915e-05,17775.0,60561.0
1238,2.3294328702078774e-05,18465.0,62036.0
1239,2.3619700503050848e-05,18633.0,62850.0
1240,2.3969268250083462e-05,18628.0,63503.0
1241,2.4276174723798803e-05,18894.0,64142.0
1242,2.5035163347592753e-05,19840.0,66213.0
1243,2.5671898770238686e-05,20188.0,67919.0
1244,2.6133531951656988e-05,20513.0,69295.0
1245,2.6249417798578546e-05,20857.0,69514.0
1246,2.6555050801448594e-05,20837.0,70031.0
1247,2.7557909092115935e-05,21656.0,72285.0
1248,2.848563260291106e-05,22374.0,74946.0
1249,2.8833926879098385e-05,22444.0,75693.0
1250,2.947002556632167e-05,22967.0,76807.0
1251,3.0121405903688457e-05,23709.0,78404.0
1252,3.1239513305854714e-05,24813.0,80703.0
1253,3.176991391291878e-05,25073.0,82211.0
1254,3.2200347058627425e-05,25429.0,83503.0
1255,3.261422508334728e-05,25884.0,84204.0
1256,3.280078856218254e-05,25647.0,84725.0
1257,3.318155634492481e-05,26288.0,85676.0
1258,3.357633230696528e-05,26173.0,86452.0
1259,3.4163402366644836e-05,26623.0,87162.0
1260,3.461803145841403e-05,27362.0,87987.0
1261,3.681158498942926e-05,28855.0,93237.0
1262,3.743367549735434e-05,29134.0,94850.0
1263,3.900577525586715e-05,30568.0,98720.0
1264,3.929103272521253e-05,31088.0,99700.0
1265,3.943366145988521e-05,30862.0,100068.0
1266,3.9792143502834874e-05,31391.0,100825.0
1267,4.015062554578453e-05,31657.0,101561.0
1268,4.1902921428906137e-05,32816.0,105995.0
1269,4.273386115545908e-05,33682.0,107619.0
1270,4.324261275815318e-05,33940.0,108472.0
1271,4.420471998177118e-05,34369.0,110507.0
1272,4.5363578450986776e-05,35207.0,112895.0
1273,4.704455996677204e-05,36865.0,115667.0
1274,4.7866585397407936e-05,37319.0,117652.0
1275,4.815566327928919e-05,37655.0,118276.0
1276,4.849950040751799e-05,38147.0,118720.0
1277,4.8873900836033804e-05,38373.0,119410.0
1278,5.041416382341431e-05,39444.0,123390.0
1279,5.094329095963308e-05,39876.0,124544.0
1280,5.189648388733404e-05,40703.0,126770.0
1281,5.2170916854494436e-05,41108.0,127285.0
1282,5.294327692216395e-05,41380.0,128835.0
1283,5.349596326902062e-05,41980.0,130158.0
1284,5.398879648614857e-05,42240.0,131000.0
1285,5.502412828337086e-05,42900.0,133091.0
1286,5.532721434455032e-05,43757.0,133837.0
1287,5.596840691515477e-05,43779.0,135122.0
1288,5.6750954749586625e-05,44915.0,136592.0
1289,5.7392784055613724e-05,45033.0,137606.0
1290,5.82727524097104e-05,45972.0,140647.0
1291,5.906676148174988e-05,46278.0,142680.0
1292,5.9340557713487634e-05,46607.0,142925.0
1293,5.906230433379136e-05,46346.0,141624.0
1294,5.939340675356724e-05,46501.0,142093.0
1295,5.9427790466390123e-05,46436.0,141107.0
1296,6.017213417546322e-05,47384.0,143010.0
1297,6.082287777740736e-05,47612.0,144964.0
1298,6.09661432475027e-05,47508.0,145469.0
1299,6.140167027659251e-05,48662.0,146617.0
1300,6.236377750021052e-05,48921.0,148519.0
1301,6.320044784556728e-05,49657.0,151276.0
1302,6.34710604001918e-05,49920.0,151940.0
1303,6.394670176090831e-05,50089.0,153143.0
1304,6.412371420840387e-05,50324.0,152948.0
1305,6.384609756413025e-05,50385.0,152213.0
1306,6.432364913111469e-05,50747.0,152745.0
1307,6.381235058673001e-05,49954.0,150928.0
1308,6.300942721877349e-05,49288.0,148614.0
1309,6.309729670709862e-05,49275.0,148367.0
1310,6.461145354215066e-05,50744.0,151385.0
1311,6.480693131690295e-05,51060.0,152032.0
1312,6.610205116656478e-05,51718.0,155549.0
1313,6.589256521251427e-05,51359.0,155790.0
1314,6.438477573168871e-05,50996.0,151530.0
1315,6.490371510114514e-05,51158.0,153620.0
1316,6.551370763603994e-05,51458.0,155141.0
1317,6.636247595442697e-05,52021.0,156804.0
1318,6.66388191278553e-05,51760.0,157289.0
1319,6.714184011174559e-05,52485.0,158138.0
1320,6.78129592472144e-05,53070.0,159162.0
1321,6.748249356286116e-05,53242.0,158075.0
1322,6.853947436445341e-05,53512.0,160470.0
1323,7.035226011272638e-05,55217.0,165946.0
1324,7.013577006902677e-05,54818.0,165184.0
1325,6.97855655865715e-05,54395.0,163887.0
1326,7.003452913682606e-05,54685.0,164377.0
1327,7.168940450028284e-05,56200.0,166892.0
1328,7.42605421369271e-05,58049.0,172682.0
1329,7.481577542547437e-05,58834.0,173439.0
1330,7.5850470487274e-05,59754.0,175790.0
1331,7.60917932124568e-05,59674.0,176495.0
1332,7.651840594562958e-05,60086.0,176790.0
1333,7.711630050749412e-05,60719.0,177420.0
1334,7.787146871875219e-05,61417.0,179016.0
1335,7.902013942120546e-05,62220.0,180291.0
1336,8.090487627223741e-05,63562.0,184999.0
1337,8.108316219057827e-05,63450.0,185734.0
1338,8.132321144491578e-05,63945.0,185774.0
1339,8.201279590764133e-05,64371.0,185444.0
1340,8.351994865304425e-05,65499.0,188450.0
1341,8.459093763393472e-05,66849.0,190922.0
1342,8.500672586492251e-05,66659.0,191923.0
1343,8.445977013686965e-05,66399.0,191071.0
1344,8.450115793934163e-05,65899.0,190387.0
1345,8.450943549983604e-05,66540.0,190060.0
1346,8.445021910552996e-05,65727.0,189853.0
1347,8.590133913374004e-05,67083.0,192074.0
1348,8.684116061756544e-05,67970.0,193996.0
1349,8.694367502061143e-05,68201.0,194357.0
1350,8.941930234385882e-05,70046.0,200127.0
1351,9.087933666798594e-05,71074.0,204584.0
1352,9.186563983766449e-05,72304.0,206284.0
1353,9.199744407015219e-05,72214.0,206557.0
1354,9.102005519639069e-05,71389.0,203341.0
1355,9.28181960299428e-05,72835.0,207728.0
1356,9.321233525656063e-05,73206.0,208722.0
1357,9.343837633159994e-05,72710.0,208893.0
1358,9.403627089346446e-05,73554.0,210224.0
1359,9.279081640676902e-05,72932.0,206737.0
1360,9.3139747418379e-05,72909.0,207316.0
1361,9.399424635556984e-05,73970.0,208142.0
1362,9.650234718537216e-05,75888.0,212667.0
1363,9.768030771726713e-05,76412.0,216542.0
1364,9.802414484549593e-05,76807.0,218166.0
1365,9.88983825807888e-05,77612.0,219372.0
1366,9.964718343782041e-05,78172.0,220741.0
1367,0.000101307789420081,79470.0,224506.0
1368,0.00010181972469988834,80012.0,225698.0
1369,0.00010104099727799236,79016.0,223719.0
1370,0.00010125557711542405,79478.0,223692.0
1371,0.0001009333889915652,79703.0,222514.0
1372,0.00010142431200242521,79485.0,223719.0
1373,0.00010127085876556754,79804.0,222885.0
1374,0.00010182991246665068,79916.0,222960.0
1375,0.000103375906072835,81017.0,225830.0
1376,0.00010361977573970839,81374.0,224915.0
1377,0.00010504733655728057,81907.0,226494.0
1378,0.000107132645066446,84194.0,233372.0
1379,0.00010684675086167797,83643.0,233605.0
1380,0.00010703395107593588,83696.0,234700.0
1381,0.00010553889630356322,83287.0,229969.0
1382,0.00010545803090488719,82828.0,229221.0
1383,0.00010556818613300494,82467.0,229692.0
1384,0.00010553380242018205,82386.0,229411.0
1385,0.00010699256327346389,83940.0,233555.0
1386,0.00010660542813649516,83489.0,233101.0
1387,0.00010604955811252526,83884.0,231325.0
1388,0.00010554335345152174,82611.0,228786.0
1389,0.00010639148503448613,83694.0,230760.0
1390,0.00010644560754541104,82819.0,230815.0
1391,0.00010498812016297449,82609.0,227236.0
1392,0.00010427242954792046,81878.0,224632.0
1393,0.00010492699356240049,82159.0,224206.0
1394,0.00010557073307469552,82512.0,224658.0
1395,0.00010506325494284672,82072.0,223070.0
1396,0.0001057948639434669,82868.0,224422.0
1397,0.0001055287085368009,83164.0,224274.0
1398,0.00010584007215847476,82786.0,224238.0
1399,0.00010688049783907821,83988.0,226928.0
1400,0.0001078839928651682,84488.0,228705.0
1401,0.0001077025232697141,84365.0,228035.0
1402,0.00010788080918805496,84298.0,228037.0
1403,0.00010658950975092901,84118.0,224676.0
1404,0.00010665827717657478,83486.0,224405.0
1405,0.000107429363773399,84045.0,226002.0
1406,0.00010627305224587399,82711.0,222468.0
1407,0.00010530330419718422,82611.0,220181.0
1408,0.00010405402929795292,81931.0,217222.0
1409,0.00010322117936513203,80635.0,215113.0
1410,0.00010245200297457575,80435.0,213250.0
1411,0.00010157903871012817,79655.0,211532.0
1412,0.00010139247523129291,79978.0,211252.0
1413,9.958159968928789e-05,77947.0,207403.0
1414,9.722631536092059e-05,76151.0,200838.0
1415,9.674494338140025e-05,76017.0,199708.0
1416,9.62852204062499e-05,75606.0,198686.0
1417,9.570833811333269e-05,74987.0,197719.0
1418,9.379176449116843e-05,73651.0,194343.0
1419,9.081693659656663e-05,71377.0,187396.0
1420,8.793761901536172e-05,69036.0,185076.0
1421,8.776188003871145e-05,68777.0,181854.0
1422,8.768801872968453e-05,68738.0,180643.0
1423,8.684179735298808e-05,68083.0,179497.0
1424,8.536648137871745e-05,66728.0,176632.0
1425,8.382176124337843e-05,65711.0,173100.0
1426,8.292905818082883e-05,65051.0,171499.0
1427,8.094308039759616e-05,63671.0,166546.0
1428,8.044069614912852e-05,63201.0,165266.0
1429,7.924809070251269e-05,62280.0,163013.0
1430,7.885140453420428e-05,62293.0,163281.0
1431,7.790585243157507e-05,60871.0,161828.0
1432,7.648975285161051e-05,60056.0,158717.0
1433,7.59141440295386e-05,59707.0,157237.0
1434,7.564098453322349e-05,59325.0,156408.0
1435,7.540793936853508e-05,59309.0,156352.0
1436,7.55442007489813e-05,59183.0,157090.0
1437,7.502462464410222e-05,58337.0,156445.0
1438,7.15238532903949e-05,56164.0,149777.0
1439,7.23764420213178e-05,56490.0,151436.0
1440,7.280114454822263e-05,57509.0,152466.0
1441,6.989699428553453e-05,54841.0,146332.0
1442,6.843186607802625e-05,53437.0,142289.0
1443,6.538317687439753e-05,51241.0,135625.0
1444,6.494382943277183e-05,51091.0,134442.0
1445,6.479674355014063e-05,50691.0,134603.0
1446,6.288653728220283e-05,49353.0,129664.0
1447,6.276110040394158e-05,49537.0,129037.0
1448,6.223770388652663e-05,48978.0,128214.0
1449,6.228927945576094e-05,48522.0,128120.0
1450,6.245992454903005e-05,49023.0,128710.0
1451,6.131380078826738e-05,48150.0,126566.0
1452,6.028929349323007e-05,47097.0,125198.0
1453,5.717629401191411e-05,44666.0,119279.0
1454,5.587162313091259e-05,43714.0,114870.0
1455,5.398879648614857e-05,42433.0,110682.0
1456,5.2720419524237876e-05,41264.0,108218.0
1457,5.203083506151233e-05,41129.0,106828.0
1458,5.0232694227960217e-05,39358.0,103014.0
1459,4.9439958626766033e-05,38797.0,101308.0
1460,4.897577850365715e-05,38454.0,99873.0
1461,4.8405900300389044e-05,37845.0,99052.0
1462,4.825754094691254e-05,37864.0,98832.0
1463,4.769148315618031e-05,37261.0,97430.0
1464,4.754885442150762e-05,37203.0,97428.0
1465,4.6762486174539894e-05,36788.0,96687.0
1466,4.493378204070077e-05,35433.0,93436.0
1467,4.374245006493023e-05,34684.0,91816.0
1468,4.190419489975143e-05,32899.0,89128.0
1469,3.902233037685594e-05,30647.0,80569.0
1470,3.841615825449702e-05,29889.0,78458.0
1471,3.761769203449902e-05,29333.0,76459.0
1472,3.746933268102251e-05,29318.0,76003.0
1473,3.6840874818870976e-05,28923.0,74902.0
1474,3.615129035614543e-05,28067.0,73358.0
1475,3.532162410043778e-05,27488.0,71729.0
1476,3.338849535728474e-05,26293.0,66593.0
1477,3.30968705337129e-05,25891.0,66058.0
1478,3.26116781416567e-05,25635.0,65495.0
1479,3.19227304143538e-05,25160.0,64179.0
1480,3.081608424979517e-05,23866.0,61488.0
1481,3.0292687732380214e-05,23794.0,60169.0
1482,3.0036720092476548e-05,23424.0,59545.0
1483,2.990364238914355e-05,23156.0,59476.0
1484,2.813924853299167e-05,22141.0,57107.0
1485,2.690652875474915e-05,21017.0,54892.0
1486,2.6069858409392393e-05,20615.0,53027.0
1487,2.5130036925566996e-05,19885.0,51300.0
1488,2.4816126362202553e-05,19256.0,50690.0
1489,2.407305612397475e-05,18742.0,49484.0
1490,2.272699744050125e-05,17937.0,46217.0
1491,2.133254686490666e-05,16907.0,43857.0
1492,1.9602536721577663e-05,15327.0,40159.0
1493,1.9115434123253526e-05,15077.0,39242.0
1494,1.868245403585429e-05,14633.0,38550.0
1495,1.8141228926605247e-05,14184.0,37554.0
1496,1.6897047910755097e-05,13245.0,34705.0
1497,1.6944803067453542e-05,13473.0,34832.0
1498,1.7044133793386307e-05,13189.0,35011.0
1499,1.7066419533178914e-05,13395.0,35044.0
1500,1.7109080806496194e-05,13363.0,35132.0
1501,1.7127546133752924e-05,13199.0,35181.0
1502,1.716766046537962e-05,13658.0,35229.0
1503,1.722815033053098e-05,13495.0,35340.0
1504,1.725170954116888e-05,13542.0,35406.0
1505,1.727717895807472e-05,13621.0,35458.0
1506,1.7291823872795575e-05,13522.0,35485.0
1507,1.731793002512406e-05,13593.0,35520.0
1508,1.7438273020004138e-05,13530.0,35729.0
1509,1.7473293468249664e-05,13679.0,35785.0
1510,1.7512134329031067e-05,13697.0,35833.0
1511,1.755097518981247e-05,13909.0,35901.0
1512,1.7579628283831535e-05,13845.0,35945.0
1513,1.760573443616002e-05,13853.0,35993.0
1514,1.763820794271496e-05,13963.0,36097.0
1515,1.767641206807372e-05,13779.0,36166.0
1516,1.768532636399076e-05,13888.0,36173.0
1517,1.7691056982794575e-05,13959.0,36181.0
1518,1.7719073341390996e-05,13962.0,36236.0
1519,1.7771285646047963e-05,13956.0,36333.0
1520,1.7823497950704926e-05,13895.0,36417.0
1521,1.6654451714726998e-05,12974.0,33866.0
1522,1.5790401746196467e-05,12667.0,31554.0
1523,1.5648409746946425e-05,12350.0,31165.0
1524,1.5181682682146955e-05,11786.0,30169.0
1525,1.4881780298080722e-05,11690.0,29663.0
1526,1.4519477842595187e-05,11199.0,28807.0
1527,1.3899297540938048e-05,10843.0,27129.0
1528,1.3610856394479442e-05,10573.0,26501.0
1529,1.3262562118292117e-05,10579.0,25913.0
1530,1.304925575170573e-05,10293.0,25500.0
1531,1.2587622570287429e-05,9740.0,24434.0
1532,1.244053668765622e-05,9924.0,24114.0
1533,1.1893580959603363e-05,9361.0,22923.0
1534,1.1750952224930675e-05,9087.0,22643.0
1535,1.1361270146271364e-05,8876.0,21887.0
1536,1.0996420749095246e-05,8705.0,21188.0
1537,1.0867800193720766e-05,8538.0,20870.0
1538,1.0448828285619744e-05,8199.0,20135.0
1539,1.0393432303849548e-05,8209.0,20041.0
1540,9.458067967982674e-06,7308.0,18098.0
1541,8.825152957872618e-06,6880.0,16571.0
1542,8.744287559196584e-06,6810.0,16387.0
1543,8.518246484157278e-06,6879.0,16077.0
1544,8.227895131430734e-06,6502.0,15436.0
1545,7.35811454409639e-06,5773.0,13780.0
1546,7.242865432597476e-06,5717.0,13571.0
1547,6.832807820413496e-06,5330.0,12880.0
1548,6.5042523423281955e-06,5075.0,12288.0
1549,6.327876630255272e-06,4960.0,11927.0
1550,6.19670913319021e-06,4809.0,11704.0
1551,6.011419125200244e-06,4622.0,11276.0
1552,5.905721045041019e-06,4583.0,10979.0
1553,5.502667522506144e-06,4361.0,10273.0
1554,5.327565281278513e-06,4154.0,9983.0
1555,4.95698526529858e-06,3859.0,9344.0
1556,4.6863727106740595e-06,3621.0,8875.0
1557,4.467972460706505e-06,3518.0,8390.0
1558,4.24957221073895e-06,3281.0,7980.0
1559,4.12286186163241e-06,3189.0,7749.0
1560,3.987873952031472e-06,3247.0,7524.0
1561,3.954763710053884e-06,3120.0,7449.0
1562,3.733816518395745e-06,2994.0,6995.0
1563,3.6472205009158982e-06,2871.0,6822.0
1564,3.5071387079337934e-06,2673.0,6444.0
1565,3.3963467443934012e-06,2645.0,6219.0
1566,3.2709098661321527e-06,2668.0,5919.0
1567,3.153750548365301e-06,2540.0,5620.0
1568,3.042958584824909e-06,2373.0,5450.0
1569,3.0092116074246746e-06,2377.0,5351.0
1570,2.86594613732934e-06,2309.0,5110.0
1571,2.809276684713852e-06,2250.0,5020.0
1572,2.5590396636140006e-06,2020.0,4625.0
1573,2.460982408526527e-06,1987.0,4435.0
1574,2.2152025353851975e-06,1749.0,3951.0
1575,2.094859540505116e-06,1669.0,3736.0
1576,1.996165549994997e-06,1622.0,3528.0
1577,1.94395324533803e-06,1513.0,3430.0
1578,1.8847368510319586e-06,1504.0,3301.0
1579,1.8293408692617625e-06,1373.0,3186.0
1580,1.7713979458009827e-06,1387.0,3078.0
1581,1.7548428248121886e-06,1396.0,3020.0
1582,1.7236427891025378e-06,1372.0,2940.0
1583,1.6656998656417581e-06,1284.0,2801.0
1584,1.5033323328670454e-06,1182.0,2499.0
1585,1.4740425034253326e-06,1198.0,2434.0
1586,1.4390220551798062e-06,1107.0,2363.0
1587,1.4218301987683662e-06,1108.0,2336.0
1588,1.377258719183151e-06,1046.0,2215.0
1589,1.2887524954353662e-06,1086.0,2050.0
1590,1.27410758071451e-06,1000.0,2023.0
1591,1.2390871324689835e-06,991.0,1948.0
1592,1.2206218052122517e-06,931.0,1901.0
1593,1.180507473585558e-06,918.0,1852.0
1594,1.12383802097007e-06,841.0,1756.0
1595,1.1060094291359838e-06,893.0,1693.0
1596,1.0799032768075007e-06,851.0,1644.0
1597,1.0525236536337255e-06,854.0,1612.0
1598,1.020050147078783e-06,825.0,1574.0
1599,9.060745064251613e-07,741.0,1357.0
1600,8.271193140170657e-07,665.0,1154.0
1601,7.11870202518152e-07,550.0,940.0
1602,4.5526582719184135e-07,359.0,528.0
1603,4.49535208388028e-07,363.0,521.0
1604,4.3170661655394186e-07,352.0,495.0
1605,4.2661273317277444e-07,330.0,479.0
1606,4.2342905605954477e-07,338.0,475.0
1607,4.157882309877936e-07,329.0,472.0
1608,4.189719081010232e-07,331.0,480.0
1609,4.1451476014250173e-07,320.0,474.0
1610,4.1133108302927206e-07,322.0,461.0
1611,4.2470252690483664e-07,314.0,481.0
1612,4.202453789463151e-07,292.0,486.0
1613,4.1451476014250173e-07,323.0,483.0
1614,4.0942087676133425e-07,335.0,474.0
1615,4.0305352253487496e-07,317.0,470.0
1616,3.998698454216453e-07,345.0,465.0
1617,4.005065808442912e-07,308.0,465.0
1618,3.966861683084156e-07,320.0,457.0
1619,3.998698454216453e-07,293.0,459.0
1620,4.017800516895831e-07,335.0,464.0
1621,4.036902579575209e-07,309.0,462.0
1622,3.998698454216453e-07,354.0,464.0
1623,3.947759620404778e-07,324.0,464.0
1624,3.915922849272482e-07,302.0,464.0
1625,3.9286575577254006e-07,301.0,462.0
1626,3.960494328857697e-07,318.0,462.0
1627,4.005065808442912e-07,343.0,468.0
1628,3.922290203498941e-07,295.0,463.0
1629,3.9286575577254006e-07,329.0,463.0
1630,3.884086078140185e-07,310.0,454.0
1631,3.8713513696872664e-07,315.0,456.0
1632,3.8586166612343477e-07,327.0,449.0
1633,3.8904534323666445e-07,306.0,449.0
1634,3.903188140819563e-07,287.0,446.0
1635,3.884086078140185e-07,295.0,445.0
1636,3.845881952781429e-07,295.0,446.0
1637,3.864984015460807e-07,291.0,450.0
1638,3.8395145985549697e-07,318.0,444.0
1639,3.8522493070078884e-07,326.0,432.0
1640,3.775841056290377e-07,291.0,430.0
1641,3.864984015460807e-07,278.0,442.0
1642,3.8331472443285103e-07,305.0,443.0
1643,3.826779890102051e-07,283.0,445.0
1644,3.8076778274226735e-07,297.0,446.0
1645,3.8076778274226735e-07,344.0,444.0
1646,3.8904534323666445e-07,307.0,445.0
1647,3.877718723913726e-07,292.0,439.0
1648,3.877718723913726e-07,322.0,439.0
1649,3.9350249119518594e-07,294.0,442.0
1650,3.9732290373106155e-07,304.0,447.0
1651,3.998698454216453e-07,309.0,451.0
1652,4.11967818451918e-07,324.0,460.0
1653,4.1451476014250173e-07,329.0,460.0
1654,4.1769843725573135e-07,325.0,460.0
1655,4.1706170183308547e-07,327.0,457.0
1656,4.1451476014250173e-07,328.0,455.0
1657,4.221555852142529e-07,346.0,455.0
1658,4.2151884979160696e-07,320.0,456.0
1659,4.1960864352366916e-07,323.0,454.0
1660,4.1451476014250173e-07,312.0,439.0
1661,4.138780247198558e-07,325.0,436.0
1662,4.2151884979160696e-07,351.0,441.0
1663,4.1133108302927206e-07,309.0,407.0
1664,4.0751067049339645e-07,308.0,389.0
1665,3.9732290373106155e-07,293.0,354.0
1666,3.922290203498941e-07,314.0,343.0
1667,3.9095554950460225e-07,329.0,329.0
1668,7.647192425977643e-07,613.0,733.0
1669,7.780906864733289e-07,615.0,739.0
1670,7.679029197109939e-07,621.0,730.0
1671,7.631274040411494e-06,5941.0,5975.0
1672,7.654196515626749e-06,5995.0,5990.0
1673,7.677755726264648e-06,5982.0,5999.0
1674,7.709592497396945e-06,6116.0,6011.0
1675,7.722327205849863e-06,6137.0,6016.0
1676,7.734425178880136e-06,6189.0,6028.0
1677,7.775176245929476e-06,6185.0,6060.0
1678,7.789821160650332e-06,6169.0,6073.0
1679,7.848400819533758e-06,6266.0,6131.0
1680,7.857951850873446e-06,6211.0,6137.0
1681,7.891062092851034e-06,6243.0,6162.0
1682,7.93244989532302e-06,6133.0,6196.0
1683,7.989756083361155e-06,6291.0,6254.0
1684,8.017135706534929e-06,6303.0,6267.0
1685,8.034964298369016e-06,6311.0,6281.0
1686,8.045788800553997e-06,6380.0,6290.0
1687,8.060433715274853e-06,6340.0,6305.0
1688,8.083992925912752e-06,6394.0,6317.0
1689,8.099274576056255e-06,6309.0,6347.0
1690,8.107552136550651e-06,6312.0,6349.0
1691,8.1234705221168e-06,6479.0,6368.0
1692,8.145756261909408e-06,6437.0,6381.0
1693,8.182686916422871e-06,6436.0,6425.0
1694,8.188417535226685e-06,6364.0,6430.0
1695,8.238082898193067e-06,6370.0,6477.0
1696,8.268009463057428e-06,6548.0,6504.0
1697,8.287748261159451e-06,6504.0,6507.0
1698,8.32531565109556e-06,6532.0,6537.0
1699,8.315764619755872e-06,6553.0,6544.0
1700,8.335503417857895e-06,6574.0,6551.0
1701,8.350148332578752e-06,6470.0,6557.0
1702,8.343144242929647e-06,6509.0,6564.0
1703,8.384532045401632e-06,6466.0,6608.0
1704,8.429740260409493e-06,6658.0,6640.0
1705,8.526524044651675e-06,6625.0,6704.0
1706,8.565364905433076e-06,6771.0,6728.0
1707,8.61821394551269e-06,6886.0,6788.0
1708,8.717544671445455e-06,6782.0,6879.0
1709,8.865267289499311e-06,7117.0,7327.0
1710,8.876091791684293e-06,6978.0,7343.0
1711,8.927030625495966e-06,6855.0,7421.0
1712,8.9372183922583e-06,7199.0,7437.0
1713,9.018083790934334e-06,6985.0,7478.0
1714,9.112320633485933e-06,7204.0,7582.0
1715,9.168353350678774e-06,7338.0,7648.0
1716,9.182361529976986e-06,7133.0,7673.0
1717,9.199553386388425e-06,7274.0,7704.0
1718,9.221839126181033e-06,7369.0,7695.0
1719,9.358100506627263e-06,7333.0,7694.0
1720,9.402035250789832e-06,7413.0,7859.0
1721,9.493725151650846e-06,7451.0,7957.0
1722,9.614704881953573e-06,7452.0,8185.0
1723,9.638264092591472e-06,7444.0,8222.0
1724,9.659276361538788e-06,7674.0,8242.0
1725,9.69047639724844e-06,7706.0,8262.0
1726,9.758607087471553e-06,7709.0,8333.0
1727,9.815276540087042e-06,7666.0,8433.0
1728,9.82482757142673e-06,7589.0,8448.0
1729,9.839472486147587e-06,7570.0,8459.0
1730,9.92352156193685e-06,7762.0,8529.0
1731,9.880860288619573e-06,7774.0,8593.0
1732,6.12157435331799e-06,4902.0,8756.0
1733,5.261344797323336e-06,4161.0,7670.0
1734,4.472429608665026e-06,3461.0,6076.0
1735,4.2667640671503904e-06,3426.0,5446.0
1736,4.131139422126807e-06,3296.0,4941.0
1737,3.973229037310615e-06,3160.0,4214.0
1738,3.997424983371161e-06,3097.0,4188.0
1739,3.96940862477474e-06,3135.0,4050.0
1740,3.9853270103408885e-06,3054.0,4041.0
1741,3.9853270103408885e-06,3207.0,4051.0
1742,4.03053522534875e-06,3178.0,4056.0
1743,4.035629108729917e-06,3191.0,4068.0
1744,4.082747530005716e-06,3219.0,4138.0
1745,4.065555673594276e-06,3185.0,4160.0
1746,4.148968013960893e-06,3218.0,4267.0
1747,4.398568299638098e-06,3467.0,4449.0
1748,4.446323456336543e-06,3410.0,4526.0
1749,4.499809231838801e-06,3626.0,4578.0
1750,4.5940460743904e-06,3548.0,4689.0
1751,4.58449504305071e-06,3521.0,4729.0
1752,4.753866665474528e-06,3750.0,4985.0
1753,4.8130830597805995e-06,3879.0,5095.0
1754,5.048675166159595e-06,3933.0,5293.0
1755,5.086242556095705e-06,4007.0,5348.0
1756,5.18557328202847e-06,4135.0,5430.0
1757,5.381051056780771e-06,4250.0,5642.0
1758,5.406520473686608e-06,4220.0,5747.0
1759,5.5351410290610866e-06,4340.0,5901.0
1760,5.72870859754545e-06,4437.0,6121.0
1761,5.747173924802182e-06,4683.0,6153.0
1762,5.754814749873933e-06,4503.0,6157.0
1763,5.843320973621718e-06,4614.0,6278.0
1764,5.934374139060086e-06,4572.0,6468.0
1765,6.069998784083669e-06,4912.0,6690.0
1766,6.149590711914411e-06,4832.0,6780.0
1767,6.311958244689124e-06,5058.0,7414.0
1768,6.303680684194726e-06,4814.0,7454.0
1769,6.364807284768736e-06,4982.0,7505.0
1770,6.453313508516521e-06,5217.0,7668.0
1771,6.5316319655019704e-06,5154.0,7676.0
1772,6.601672861993023e-06,5228.0,7677.0
1773,6.6175912475591714e-06,5210.0,7634.0
1774,6.630962691434735e-06,5185.0,7629.0
1775,6.7341138299033764e-06,5330.0,7717.0
1776,6.906032394017778e-06,5529.0,7850.0
1777,6.997722294878792e-06,5589.0,7931.0
1778,7.133346939902376e-06,5576.0,8041.0
1779,7.176644948642299e-06,5547.0,8106.0
1780,7.326277772964094e-06,5781.0,8191.0
1781,7.500106543346433e-06,5867.0,8367.0
1782,7.666931224079667e-06,5939.0,8534.0
1783,7.673935313728773e-06,6044.0,8546.0
1784,7.765625214589786e-06,6071.0,8590.0
1785,7.982751993712049e-06,6304.0,8826.0
1786,8.108188871973297e-06,6271.0,9010.0
1787,8.45520967731533e-06,6760.0,9384.0
1788,8.523977102961092e-06,6832.0,9465.0
1789,8.543715901063116e-06,6768.0,9529.0
1790,8.6793405460867e-06,6876.0,9628.0
1791,8.900287737744838e-06,6981.0,9898.0
1792,9.193822767584611e-06,7364.0,10252.0
1793,9.438965905303296e-06,7446.0,10585.0
1794,9.468255734745009e-06,7339.0,10598.0
1795,9.523014981092559e-06,7634.0,10682.0
1796,9.566312989832482e-06,7331.0,10712.0
1797,9.7592438228942e-06,7666.0,10868.0
1798,1.02208770043125e-05,7975.0,11371.0
1799,1.0425269074981844e-05,8188.0,11536.0
1800,1.1158788281869959e-05,8724.0,12637.0
1801,1.1491164172491134e-05,8934.0,13115.0
1802,1.1710201157881335e-05,9339.0,13435.0
1803,1.1783425731485617e-05,9049.0,13557.0
1804,1.1800617587897058e-05,9255.0,13582.0
1805,1.197253615201146e-05,9387.0,13825.0
1806,1.206167911118189e-05,9367.0,13985.0
1807,1.2187752724865784e-05,9419.0,14149.0
1808,1.231191613228174e-05,9851.0,14404.0
1809,1.2459002014912951e-05,9740.0,14584.0
1810,1.2555149063732487e-05,9894.0,14891.0
1811,1.302569654106783e-05,10081.0,15304.0
1812,1.3097647643826821e-05,10265.0,15501.0
1813,1.344212150747827e-05,10786.0,15993.0
1814,1.3610856394479442e-05,10757.0,16192.0
1815,1.3705729972453686e-05,10745.0,16285.0
1816,1.4226579548178058e-05,11127.0,17050.0
1817,1.4304261269740862e-05,11183.0,17139.0
1818,1.4389583816375417e-05,11571.0,17270.0
1819,1.46347269540941e-05,11279.0,17442.0
1820,1.4762074038623287e-05,11581.0,17633.0
1821,1.4801551634827335e-05,11566.0,17715.0
1822,1.4882417033503368e-05,11668.0,17786.0
1823,1.4881780298080722e-05,11631.0,17992.0
1824,1.500084982211551e-05,11723.0,18029.0
1825,1.5179135740456373e-05,11812.0,18171.0
1826,1.6311251321920838e-05,12704.0,19492.0
1827,1.6763970207422098e-05,13303.0,20156.0
1828,1.7025668466129574e-05,13378.0,20279.0
1829,1.720777479700631e-05,13566.0,20421.0
1830,1.7545244571008657e-05,13592.0,20914.0
1831,1.782158774443699e-05,13944.0,21213.0
1832,1.797822465840789e-05,14210.0,21339.0
1833,1.841184148122977e-05,14370.0,21978.0
1834,1.8458959902505567e-05,14372.0,22071.0
1835,1.8923776761037098e-05,14988.0,22475.0
1836,1.9028201370351032e-05,14954.0,22556.0
1837,1.9286079216522635e-05,15174.0,22825.0
1838,1.9286079216522635e-05,14996.0,22905.0
1839,1.9801198173443193e-05,15549.0,23603.0
1840,1.9931728935085608e-05,15595.0,23905.0
1841,2.0084545436520632e-05,15722.0,24140.0
1842,2.0173688395691062e-05,15819.0,24335.0
1843,2.0120202620188806e-05,15584.0,24222.0
1844,2.005525560707892e-05,15709.0,24286.0
1845,1.9845769653028407e-05,15512.0,24363.0
1846,2.029976200937496e-05,15838.0,25090.0
1847,2.018960678125721e-05,15940.0,25196.0
1848,2.0015141275452227e-05,15754.0,25229.0
1849,2.0114472001384992e-05,15677.0,25327.0
1850,2.000686371495783e-05,15680.0,25516.0
1851,1.9897981957685374e-05,15662.0,26020.0
1852,1.9982031033474638e-05,15512.0,26089.0
1853,1.996547591248584e-05,15556.0,26674.0
1854,1.998585144601051e-05,15884.0,27512.0
1855,2.0509247963425468e-05,16072.0,28339.0
1856,2.0406733560379474e-05,15945.0,28616.0
1857,2.035261104945457e-05,15823.0,28863.0
1858,2.0900203512930073e-05,16454.0,29685.0
1859,2.0900203512930073e-05,16436.0,30053.0
1860,2.0895109629548904e-05,16501.0,30922.0
1861,2.0885558598209213e-05,16483.0,30985.0
1862,2.0798325845306723e-05,16495.0,31151.0
1863,2.0738472715578006e-05,16192.0,31488.0
1864,2.1338277483710473e-05,16621.0,32152.0
1865,2.1379028550759812e-05,16888.0,33475.0
1866,2.129306926870261e-05,16809.0,33679.0
1867,2.1566865500440363e-05,17070.0,33839.0
1868,2.1567502235863007e-05,17058.0,34478.0
1869,2.1498098074794603e-05,17056.0,35283.0
1870,2.2010033354601932e-05,17201.0,35939.0
1871,2.1875045445000993e-05,17138.0,36295.0
1872,2.1757249391811495e-05,17094.0,36850.0
1873,2.159679206530472e-05,16687.0,36968.0
1874,2.161271045087087e-05,16953.0,37287.0
1875,2.15534940565648e-05,16969.0,38269.0
1876,2.1368840783997478e-05,16953.0,38535.0
1877,2.1219207959675682e-05,16686.0,38615.0
1878,2.0888742275322446e-05,16431.0,38497.0
1879,2.0904660660888594e-05,16458.0,39309.0
1880,2.0977248499070228e-05,16578.0,40295.0
1881,2.0885558598209213e-05,16424.0,40623.0
1882,2.0730195155083608e-05,16005.0,40997.0
1883,2.0528350026104845e-05,16064.0,41601.0
1884,2.032268448459021e-05,16038.0,41983.0
1885,2.027429259246912e-05,16126.0,42220.0
1886,2.023672520253301e-05,15915.0,42589.0
1887,2.0106194440890594e-05,15728.0,42833.0
1888,1.9548414210652756e-05,15463.0,46614.0
1889,2.2348776599449567e-05,17402.0,47318.0
1890,2.3960990689589068e-05,18812.0,49398.0
1891,2.4229056302523002e-05,18805.0,49447.0
1892,2.4166019495681056e-05,18880.0,49260.0
1893,2.4399064660369467e-05,19437.0,49533.0
1894,2.5336975937926924e-05,19778.0,50630.0
1895,2.5790968294273476e-05,20349.0,51503.0
1896,2.595015214993496e-05,20414.0,51586.0
1897,2.6175556489551616e-05,20477.0,51766.0
1898,2.637421794141715e-05,20693.0,51965.0
1899,2.6911622638130314e-05,21115.0,52497.0
1900,2.7088635085625886e-05,21266.0,52323.0
1901,2.7759754221094697e-05,21827.0,51955.0
1902,2.7273288358193204e-05,21519.0,51552.0
1903,2.984442599483748e-05,23454.0,51301.0
1904,3.0305422440833134e-05,23669.0,50629.0
1905,3.0112491607771414e-05,23844.0,50403.0
1906,3.023347133807414e-05,23945.0,50291.0
1907,2.9853977026177167e-05,23707.0,49513.0
1908,2.9713258497772417e-05,23353.0,49356.0
1909,2.9996605760849856e-05,23134.0,49138.0
1910,3.0309242853369007e-05,23684.0,48946.0
1911,3.1762273087847026e-05,24802.0,51066.0
1912,3.274921299294822e-05,25528.0,52905.0
1913,3.313953180703018e-05,25884.0,53698.0
1914,3.3110241977588465e-05,25842.0,53596.0
1915,3.360753234267494e-05,26452.0,54353.0
1916,3.395327967717168e-05,26510.0,55405.0
1917,3.325923806648761e-05,26091.0,54466.0
1918,3.4011222600632456e-05,26710.0,55461.0
1919,3.4149394187346624e-05,26814.0,55911.0
1920,3.4434014921269355e-05,26791.0,56189.0
1921,3.47714846952717e-05,27287.0,56349.0
1922,3.546616304137841e-05,27711.0,57755.0
1923,3.6535241816000934e-05,28693.0,59734.0
1924,3.7151601705122194e-05,28992.0,60165.0
1925,3.7548287873430606e-05,29356.0,60700.0
1926,3.774694932529614e-05,29425.0,61254.0
1927,3.8524403276346825e-05,29908.0,62525.0
1928,3.86848606028536e-05,30142.0,62939.0
1929,3.874280352631438e-05,30487.0,62974.0
1930,3.8885432260987066e-05,30303.0,63161.0
1931,3.970618422077767e-05,31069.0,64227.0
1932,4.194749290849135e-05,32923.0,66999.0
1933,4.308151869622376e-05,33841.0,68967.0
1934,4.414932400000098e-05,34705.0,70571.0
1935,4.539923563465495e-05,35588.0,71986.0
1936,4.604233841152734e-05,36202.0,72699.0
1937,4.6126387487316605e-05,36056.0,72822.0
1938,4.691912308851079e-05,36829.0,73700.0
1939,4.740749915768022e-05,37152.0,74233.0
1940,4.773223422322965e-05,37590.0,74849.0
1941,4.889809678209435e-05,38513.0,76476.0
1942,4.936991773027498e-05,38376.0,76789.0
1943,4.948261990008331e-05,38765.0,76976.0
1944,5.11043850215625e-05,40422.0,79262.0
1945,5.123873619574079e-05,40307.0,78830.0
1946,5.2080500424478714e-05,40586.0,80066.0
1947,5.224605163436666e-05,41034.0,79984.0
1948,5.305788929824022e-05,41565.0,81196.0
1949,5.274970935367959e-05,41168.0,80929.0
1950,5.286113805264263e-05,41309.0,80699.0
1951,5.316677105551268e-05,41787.0,80574.0
1952,5.367488592278413e-05,41851.0,81093.0
1953,5.407284556193784e-05,42317.0,81470.0
1954,5.439567042121932e-05,42615.0,81380.0
1955,5.517121416600207e-05,42940.0,82990.0
1956,5.6273403182602174e-05,43972.0,83740.0
1957,5.69266937262369e-05,44665.0,84395.0
1958,5.864651610280357e-05,45981.0,87832.0
1959,5.9573602878176045e-05,46788.0,88934.0
1960,6.031922005809443e-05,47550.0,89638.0
1961,6.019378317983318e-05,47196.0,89600.0
1962,6.0358060918875833e-05,47307.0,89473.0
1963,6.0592379554409534e-05,47561.0,89452.0
1964,6.0785947122893895e-05,47730.0,89391.0
1965,6.117626593697585e-05,48088.0,89622.0
1966,6.217466707968467e-05,48809.0,90011.0
1967,6.268150847611083e-05,48875.0,90287.0
1968,6.464583725497354e-05,50750.0,93259.0
1969,6.717813403083641e-05,52449.0,98439.0
1970,6.915456078272938e-05,54188.0,101228.0
1971,6.957798983878892e-05,54476.0,101593.0
1972,6.988298610623633e-05,54473.0,101627.0
1973,7.094697099747768e-05,55538.0,102844.0
1974,7.153722473427046e-05,56361.0,103409.0
1975,7.235925016490636e-05,56903.0,104301.0
1976,7.287755279894014e-05,57312.0,105135.0
1977,7.380209263262204e-05,58086.0,106008.0
1978,7.41841338862096e-05,58178.0,106528.0
1979,7.2728556710041e-05,57023.0,103106.0
1980,7.169704532535458e-05,55893.0,102387.0
1981,7.197593544047351e-05,56135.0,102564.0
1982,7.179955972840059e-05,56598.0,103055.0
1983,7.178491481367973e-05,56444.0,103196.0
1984,7.205298042661367e-05,56659.0,103670.0
1985,7.249551154535259e-05,56861.0,105249.0
1986,7.282661396512848e-05,57221.0,106066.0
1987,7.473363655595304e-05,58280.0,110204.0
1988,7.491637962225241e-05,58761.0,110989.0
1989,7.635731188370017e-05,60076.0,114296.0
1990,7.71882516102531e-05,60858.0,117166.0
1991,7.704498614015778e-05,60740.0,117415.0
1992,7.780588497021966e-05,61259.0,120979.0
1993,7.814653842133523e-05,61459.0,121833.0
1994,7.661964687783029e-05,59991.0,123681.0
1995,7.636431597334927e-05,60134.0,124755.0
1996,7.704307593388983e-05,60549.0,126440.0
1997,7.764415417286759e-05,60684.0,128327.0
1998,7.822931402627921e-05,61507.0,129598.0
1999,7.897429447077495e-05,61795.0,131118.0
2000,7.942637662085356e-05,62021.0,133695.0
2001,8.003318547863513e-05,62542.0,136827.0
2002,7.900103735852607e-05,62282.0,135262.0
2003,7.810387714801795e-05,61183.0,133596.0
2004,7.875907789792061e-05,62176.0,135089.0
2005,7.950533181326165e-05,62715.0,136764.0
2006,7.97250055340745e-05,62031.0,137723.0
2007,7.964222992913053e-05,62383.0,137109.0
2008,7.983006687881108e-05,62782.0,137890.0
2009,7.964286666455317e-05,62280.0,138091.0
2010,7.961485030595675e-05,62817.0,137897.0
2011,8.018727545091545e-05,63112.0,139246.0
2012,7.978485866380322e-05,62443.0,139213.0
2013,7.942191947289504e-05,62712.0,138603.0
2014,7.94365643876159e-05,61852.0,138719.0
2015,8.039103078616214e-05,63135.0,141912.0
2016,8.056995343992565e-05,63066.0,142654.0
2017,8.076543121467796e-05,63357.0,143749.0
2018,8.109143975107267e-05,63969.0,145197.0
2019,8.12512603421568e-05,63346.0,145774.0
2020,8.116784800179018e-05,63412.0,145811.0
2021,8.093034568914324e-05,63841.0,145552.0
2022,8.285456013637926e-05,65245.0,152662.0
2023,8.112964387643142e-05,63655.0,150840.0
2024,8.185361205197985e-05,64195.0,153657.0
2025,8.179503239309642e-05,64273.0,154042.0
2026,8.137224007245952e-05,63744.0,154292.0
2027,8.125508075469267e-05,64234.0,154187.0
2028,8.114810920368816e-05,63376.0,154684.0
2029,8.157281173059299e-05,63857.0,157054.0
2030,8.187717126261775e-05,64266.0,161322.0
2031,8.190518762121417e-05,63843.0,162251.0
2032,8.198987343242608e-05,64559.0,164198.0
2033,8.181859160373433e-05,64348.0,164348.0
2034,8.241903310728944e-05,64163.0,165878.0
2035,8.163712200828023e-05,63454.0,165591.0
2036,8.225666557451473e-05,64451.0,167719.0
2037,8.113537449523524e-05,64041.0,166466.0
2038,8.12417093108171e-05,63833.0,166608.0
2039,8.083228843405578e-05,63557.0,165832.0
2040,8.262660885507201e-05,64849.0,170001.0
2041,8.321686259186478e-05,65307.0,171619.0
2042,8.385232454366543e-05,65789.0,172788.0
2043,8.401023492848162e-05,65946.0,173887.0
2044,8.387397354803539e-05,65878.0,173717.0
2045,8.406945132278769e-05,66099.0,174218.0
2046,8.486027671771394e-05,66924.0,176667.0
2047,8.593253916944969e-05,67475.0,180536.0
2048,8.609235976053381e-05,67735.0,181217.0
2049,8.431077404797049e-05,65913.0,178262.0
2050,8.366321412313959e-05,65663.0,177198.0
2051,8.40376145516554e-05,65799.0,178273.0
2052,8.442411295320147e-05,66104.0,179848.0
2053,8.47087336871242e-05,67059.0,181329.0
2054,8.460367234238763e-05,66820.0,181353.0
2055,8.493413802674087e-05,66958.0,182482.0
2056,8.585358397704159e-05,67447.0,185503.0
2057,8.637507028818861e-05,67902.0,188259.0
2058,8.691183824947913e-05,68509.0,190986.0
2059,8.612865367962463e-05,67654.0,191170.0
2060,8.40363410808101e-05,66095.0,187223.0
2061,8.221973492000126e-05,63918.0,184280.0
2062,8.178229768464351e-05,64551.0,183232.0
2063,8.260304964443411e-05,64733.0,185282.0
2064,8.154925251995509e-05,64569.0,183518.0
2065,8.131366041357609e-05,63915.0,182804.0
2066,8.096027225400761e-05,63323.0,182289.0
2067,8.185042837486662e-05,64354.0,185290.0
2068,8.258585778802267e-05,65092.0,189470.0
2069,8.272466611015948e-05,64593.0,190658.0
2070,8.271002119543863e-05,64830.0,191634.0
2071,8.264825785944197e-05,65131.0,191932.0
2072,8.146647691501113e-05,63893.0,191065.0
2073,8.089023135751655e-05,63586.0,189985.0
2074,8.113537449523524e-05,63770.0,191102.0
2075,8.080745575257258e-05,63259.0,191166.0
2076,7.976957701365971e-05,62777.0,189529.0
2077,7.954608288031099e-05,62213.0,189165.0
2078,7.779378699718939e-05,60848.0,186319.0
2079,7.790521569615242e-05,61415.0,187068.0
2080,7.662728770290204e-05,60183.0,184730.0
2081,7.631401387496024e-05,60027.0,184874.0
2082,7.712075765545264e-05,60436.0,188783.0
2083,7.599055228025611e-05,59533.0,186630.0
2084,7.650376103090872e-05,59881.0,188529.0
2085,7.609816056668327e-05,59756.0,188846.0
2086,7.628026689756001e-05,59457.0,190831.0
2087,7.648402223280671e-05,60173.0,192612.0
2088,7.612808713154762e-05,59843.0,192701.0
2089,7.606568706012832e-05,59897.0,193500.0
2090,7.566900089181991e-05,59908.0,193345.0
2091,7.505455120896659e-05,58779.0,189900.0
2092,7.440380760702245e-05,58352.0,187156.0
2093,7.507301653622332e-05,58999.0,189437.0
2094,7.6086062593653e-05,59524.0,192727.0
2095,7.517680441011461e-05,59221.0,190976.0
2096,7.459228129212564e-05,58629.0,189444.0
2097,7.456044452099334e-05,58407.0,189625.0
2098,7.617966270078195e-05,59732.0,195242.0
2099,7.582500107036816e-05,59708.0,194451.0
2100,7.687879819484718e-05,60513.0,199632.0
2101,7.84260652718768e-05,61229.0,206264.0
2102,7.858715933380621e-05,62073.0,208858.0
2103,7.905770681114156e-05,61777.0,211241.0
2104,7.88475841216684e-05,61699.0,211913.0
2105,7.83305549584799e-05,61160.0,211862.0
2106,7.654260189169013e-05,60299.0,208306.0
2107,7.725256188794035e-05,60497.0,211498.0
2108,7.696857788944025e-05,60075.0,211771.0
2109,7.679283891278998e-05,60438.0,212577.0
2110,7.658080601704888e-05,60228.0,212676.0
2111,7.70800065884033e-05,60879.0,215670.0
2112,7.724173738575536e-05,60935.0,217067.0
2113,7.684696142371488e-05,60621.0,218365.0
2114,7.686287980928104e-05,60230.0,219707.0
2115,7.574668261338272e-05,59550.0,218178.0
2116,7.600392372413167e-05,59810.0,222222.0
2117,7.566772742097462e-05,59330.0,222190.0
2118,7.564225800406878e-05,59336.0,222936.0
2119,7.564034779780084e-05,59101.0,223120.0
2120,7.536782503690838e-05,59292.0,222554.0
2121,7.550153947566403e-05,59509.0,223268.0
2122,7.518890238314488e-05,59014.0,222825.0
2123,7.490682859091272e-05,59134.0,222998.0
2124,7.495967763099235e-05,59470.0,223293.0
2125,7.615419328387612e-05,59644.0,229697.0
2126,7.641652827800624e-05,59837.0,232427.0
2127,7.671834086834041e-05,59738.0,233667.0
2128,7.956327473672244e-05,62435.0,243851.0
2129,8.134931759724426e-05,64096.0,251250.0
2130,8.275650288129178e-05,64805.0,258861.0
2131,8.163457506658964e-05,63866.0,257736.0
2132,8.161674647475556e-05,63576.0,260770.0
2133,8.132703185745166e-05,64204.0,261858.0
2134,8.092334159949415e-05,63083.0,261229.0
2135,8.115447655791462e-05,63360.0,263183.0
2136,8.111308875544263e-05,63805.0,264906.0
2137,8.018982239260603e-05,62634.0,267024.0
2138,7.832164066256286e-05,61542.0,262950.0
2139,7.793450552559414e-05,60991.0,262923.0
2140,7.760212963497296e-05,60384.0,264286.0
2141,7.546206187945999e-05,58893.0,265003.0
2142,7.797780353433406e-05,60762.0,267620.0
2143,7.909654767192297e-05,62076.0,270104.0
2144,7.900231082937137e-05,61790.0,271035.0
2145,7.965241769589286e-05,62465.0,273603.0
2146,7.930412341970554e-05,62155.0,273059.0
2147,7.878964119820763e-05,62014.0,272042.0
2148,7.752699485510074e-05,61021.0,269002.0
2149,7.828980389143056e-05,61222.0,271941.0
2150,7.779569720345732e-05,61157.0,271208.0
2151,8.404270843503656e-05,65986.0,298170.0
2152,8.683925041129749e-05,68177.0,311924.0
2153,8.844764408890113e-05,69205.0,321549.0
2154,8.850176659982603e-05,69457.0,325250.0
2155,8.92945022010202e-05,69760.0,330092.0
2156,9.011589089623347e-05,70456.0,335600.0
2157,8.993951518416054e-05,70746.0,336443.0
2158,8.928622464052581e-05,69818.0,336422.0
2159,8.824898263703558e-05,69244.0,333944.0
2160,8.812736617131021e-05,69054.0,333913.0
2161,8.800957011812071e-05,68916.0,333108.0
2162,8.946323708802138e-05,70748.0,340184.0
2163,9.003438876213479e-05,70511.0,343918.0
2164,9.179878261828666e-05,72267.0,352842.0
2165,9.221648105554239e-05,72134.0,357073.0
2166,9.240431800522294e-05,72600.0,358434.0
2167,9.222539535145943e-05,72189.0,358557.0
2168,9.200890530775982e-05,72446.0,358642.0
2169,9.239349350303796e-05,72583.0,361048.0
2170,9.285576341987891e-05,72503.0,363478.0
2171,9.273733063126677e-05,72614.0,364466.0
2172,9.218082387187422e-05,72070.0,362950.0
2173,9.31467515080281e-05,72628.0,366400.0
2174,9.458067967982674e-05,74223.0,372882.0
2175,9.619480397623417e-05,75547.0,381444.0
2176,9.708814377420641e-05,75835.0,388811.0
2177,9.732946649938922e-05,76625.0,389755.0
2178,9.73886828936953e-05,76401.0,389569.0
2179,9.775034861375819e-05,77069.0,391921.0
2180,9.746318093814486e-05,76667.0,391996.0
2181,9.800695298908449e-05,76575.0,393181.0
2182,9.860102713841315e-05,77405.0,397500.0
2183,9.883152536141098e-05,77462.0,400706.0
2184,9.792417738414053e-05,77108.0,397608.0
2185,9.957459559963879e-05,78213.0,403124.0
2186,0.0001001737636323486,79246.0,406287.0
2187,0.00010243035397020579,80836.0,418660.0
2188,0.00010227817420419341,80769.0,419408.0
2189,0.00010097414005861454,79473.0,415570.0
2190,0.00010155675297033557,79552.0,418918.0
2191,0.00010152491619920327,79601.0,420899.0
2192,0.00010063030293038574,78891.0,418743.0
2193,0.00010011518397346518,78895.0,416868.0
2194,0.00010038006590928588,78340.0,418056.0
2195,0.00010132179759937922,79605.0,420756.0
2196,0.00010205276986457674,80095.0,423703.0
2197,0.00010352935930969267,80888.0,430639.0
2198,0.00010384072293136653,81874.0,435368.0
2199,0.00010426096831031284,81911.0,438383.0
2200,0.00010382289433953244,81141.0,436826.0
2201,0.00010386109846489119,81920.0,437496.0
2202,0.00010415144981761774,81251.0,438008.0
2203,0.0001061055908297181,83161.0,448268.0
2204,0.00010515112443117185,82340.0,446968.0
2205,0.00010557837389976728,83059.0,449283.0
2206,0.0001064742606394301,83565.0,452920.0
2207,0.00010632335434426302,83018.0,451693.0
2208,0.00010754079247236204,84268.0,455029.0
2209,0.00010913836164778068,85820.0,464259.0
2210,0.00011023482004557698,86775.0,469634.0
2211,0.0001103557997758797,86621.0,471483.0
2212,0.00011099189846310298,86881.0,474323.0
2213,0.0001118654994629732,87799.0,478116.0
2214,0.00011198138530989476,87925.0,479329.0
2215,0.00011267287997888824,88477.0,483171.0
2216,0.00011116636396890798,87174.0,476804.0
2217,0.00011133828253302238,86968.0,475161.0
2218,0.00011151020109713678,87379.0,477772.0
2219,0.00010923769237371344,85709.0,470187.0
2220,0.00010767769058823091,84340.0,465030.0
2221,0.00010613233371746923,83865.0,458303.0
2222,0.00010548604726348361,82848.0,456189.0
2223,0.00010571845569274938,82615.0,453937.0
2224,0.0001058464395127012,83286.0,453651.0
2225,0.00010856657323824464,84860.0,465459.0
2226,0.00011073020020439551,86844.0,471973.0
2227,0.00011254999004231759,88062.0,479398.0
2228,0.0001123589694155238,88191.0,477751.0
2229,0.00011348917479072033,89592.0,483443.0
2230,0.00011378716696851863,89375.0,484905.0
2231,0.00011367000765075178,89913.0,484168.0
2232,0.0001138451098919794,89980.0,486439.0
2233,0.00011298679054225269,89102.0,482918.0
2234,0.00011385529765874174,89320.0,486474.0
2235,0.00011450222084815001,90190.0,486790.0
2236,0.00011666839475599147,91263.0,496480.0
2237,0.00011691481136455544,91793.0,497760.0
2238,0.00011636912910734788,91717.0,496036.0
2239,0.00011613799414892741,91014.0,495337.0
2240,0.00011452514332336527,90070.0,489481.0
2241,0.00011502689083641026,89872.0,491487.0
2242,0.00010999222384954887,86189.0,466400.0
2243,0.00010793429496355723,84668.0,455112.0
2244,0.00010793493169897986,84622.0,449420.0
2245,0.00010859713653853164,85224.0,449326.0
2246,0.00010876587142553281,85293.0,447122.0
2247,0.00010983686040642327,85958.0,450982.0
2248,0.00011003361165202086,87022.0,451217.0
2249,0.00011123640486539902,86848.0,452894.0
2250,0.0001109587882211254,86986.0,451189.0
2251,0.00011140195607528697,87619.0,452417.0
2252,0.00011294221906266748,88625.0,458334.0
2253,0.00011148218473854036,87941.0,451290.0
2254,0.00011158469914158635,87696.0,449361.0
2255,0.00011169230742801351,87882.0,447856.0
2256,0.00011133255191421856,87404.0,443481.0
2257,0.00011151720518678588,87278.0,443136.0
2258,0.00011159679711461662,87141.0,442801.0
2259,0.0001121412059009789,87919.0,443187.0
2260,0.0001126251248221898,88575.0,443197.0
2261,0.00011484796818264675,90686.0,448455.0
2262,0.00011497467853175329,90597.0,447514.0
2263,0.0001153325238392803,90000.0,447650.0
2264,0.00011563306295876919,91096.0,448461.0
2265,0.00011451495555660293,89398.0,444290.0
2266,0.00011244811237469423,88699.0,434108.0
2267,0.00011154776848707288,87294.0,426791.0
2268,0.0001126817942748053,88314.0,427809.0
2269,0.0001145104984086444,90064.0,434337.0
2270,0.00011458626992393927,89928.0,432785.0
2271,0.00011735224859991321,92368.0,440529.0
2272,0.00011771900820335725,92717.0,443455.0
2273,0.00011869321340000554,92823.0,445386.0
2274,0.00011819783324118699,92895.0,441909.0
2275,0.00011786545735056582,92109.0,440689.0
2276,0.00011627934941275481,90966.0,436057.0
2277,0.00011676135812769777,91726.0,435016.0
2278,0.0001150205234821838,90393.0,424351.0
2279,0.00011468560064987203,90257.0,422800.0
2280,0.00011483013959081266,90409.0,422964.0
2281,0.0001151548746563621,90241.0,421379.0
2282,0.00011405586931687522,89289.0,414431.0
2283,0.00011362607290658921,89202.0,411208.0
2284,0.00011436786967397172,89764.0,414150.0
2285,0.00011403867746046377,89266.0,411688.0
2286,0.00011309885597663837,88520.0,408658.0
2287,0.00011236151635721438,88106.0,405403.0
2288,0.00011267351671431089,88732.0,404127.0
2289,0.00011350318297001855,88808.0,401798.0
2290,0.00011321474182355994,88632.0,399395.0
2291,0.0001136814688883594,88603.0,399986.0
2292,0.00011414692248231357,89343.0,401122.0
2293,0.00011411317550491335,89235.0,400950.0
2294,0.00011266078200585797,88233.0,391586.0
2295,0.00011280150053426273,88278.0,391908.0
2296,0.00011219660188274909,88749.0,388600.0
2297,0.00011133637232675444,87024.0,383556.0
2298,0.00011046149785603893,86576.0,379647.0
2299,0.00011019979959733144,86521.0,379030.0
2300,0.00010956242743926286,86099.0,374751.0
2301,0.00010833416480897887,85095.0,369080.0
2302,0.00010784133159185091,84536.0,365720.0
2303,0.00010804572366252026,84529.0,364858.0
2304,0.00010851054052105179,85528.0,366427.0
2305,0.00010819280954515147,85105.0,365563.0
2306,0.00010795530723250454,84524.0,363591.0
2307,0.00010813104620915481,84963.0,363278.0
2308,0.00010765476811301565,84326.0,362261.0
2309,0.00010747711893009745,83950.0,357889.0
2310,0.00010840420570546992,85266.0,361555.0
2311,0.0001082361075538914,85150.0,360186.0
2312,0.00010871556932714378,85255.0,361136.0
2313,0.00010899700638395328,85622.0,361274.0
2314,0.00010931219041816302,85671.0,363118.0
2315,0.00011068944913734617,86229.0,369850.0
2316,0.00010912180652679189,85948.0,362242.0
2317,0.00010796231132215364,84568.0,358293.0
2318,0.00010715111039370273,84034.0,354765.0
2319,0.0001075153230554562,84789.0,355979.0
2320,0.00010633672578813858,83191.0,349331.0
2321,0.00010606292955640082,83402.0,347525.0
2322,0.00010653284029831353,83357.0,348880.0
2323,0.00010612787656951071,82933.0,347834.0
2324,0.00010612278268612954,83671.0,347751.0
2325,0.0001043602990362456,81849.0,340670.0
2326,0.00010417882944079151,81492.0,340469.0
2327,0.00010151345496159565,79696.0,328565.0
2328,0.00010210498216923372,79771.0,330087.0
2329,0.00010327402840521164,81068.0,335362.0
2330,0.00010374521261796963,81155.0,337029.0
2331,0.00010371401258225999,81320.0,337213.0
2332,0.00010296075457726985,81127.0,333993.0
2333,0.00010284868914288416,80520.0,333858.0
2334,0.00010289835450585054,80807.0,334213.0
2335,0.00010149881004687479,79798.0,331240.0
2336,0.00010037688223217265,78758.0,327138.0
2337,9.948990978842687e-05,78285.0,325001.0
2338,9.794773659477842e-05,76967.0,316406.0
2339,9.856345974847704e-05,76944.0,318760.0
2340,9.776754047016962e-05,76937.0,318304.0
2341,9.784076504377391e-05,76873.0,318687.0
2342,9.722122147753942e-05,76433.0,316040.0
2343,9.572744017601205e-05,75192.0,310756.0
2344,9.586624849814888e-05,75431.0,311637.0
2345,9.609865692741463e-05,75662.0,315547.0
2346,9.456221435257e-05,74227.0,309411.0
2347,9.471121044146915e-05,74336.0,310802.0
2348,9.474432068344674e-05,74691.0,310765.0
2349,9.634634700682391e-05,75490.0,317421.0
2350,9.620499174299651e-05,75761.0,319002.0
2351,9.566249316290218e-05,74813.0,318279.0
2352,9.279845723184077e-05,73157.0,310517.0
2353,9.350077640301924e-05,73300.0,313822.0
2354,9.3333951722286e-05,73327.0,315019.0
2355,9.128302692594345e-05,71652.0,307178.0
2356,9.076026714395114e-05,71256.0,304556.0
2357,9.102069193181332e-05,71256.0,305702.0
2358,9.097357351053753e-05,71739.0,306723.0
2359,8.991913965063587e-05,70177.0,306026.0
2360,8.732889995131222e-05,68740.0,296908.0
2361,8.751928384268335e-05,68857.0,297939.0
2362,8.450179467476428e-05,66352.0,288543.0
2363,8.351167109254985e-05,65317.0,283980.0
2364,8.270047016409894e-05,65079.0,282912.0
2365,8.278388250446555e-05,64936.0,284039.0
2366,8.362246305609025e-05,65901.0,286329.0
2367,8.246997194110111e-05,64380.0,281499.0
2368,8.230696767290376e-05,64704.0,282758.0
2369,8.222037165542391e-05,64509.0,283842.0
2370,8.219299203225013e-05,64351.0,283660.0
2371,8.17905752451379e-05,64624.0,282937.0
2372,8.117994597482045e-05,63570.0,283187.0
2373,8.088832115124861e-05,63770.0,282826.0
2374,8.052410848949514e-05,63052.0,281713.0
2375,7.938180514126834e-05,62297.0,278109.0
2376,7.910036808445884e-05,61661.0,277531.0
2377,8.035410013164868e-05,62877.0,282118.0
2378,8.003382221405777e-05,62683.0,281518.0
2379,7.907298846128506e-05,61874.0,279800.0
2380,7.688707575534157e-05,60541.0,273782.0
2381,7.640825071751183e-05,59896.0,271888.0
2382,7.545505778981088e-05,58882.0,269639.0
2383,7.454134245831396e-05,58674.0,266794.0
2384,7.377025586148974e-05,57760.0,264090.0
2385,7.310104693228887e-05,57294.0,262560.0
2386,7.23458787210308e-05,56345.0,260045.0
2387,7.208863761028184e-05,56523.0,259034.0
2388,7.14047837663601e-05,55951.0,257596.0
2389,7.195492317152619e-05,56398.0,259853.0
2390,7.107941196538803e-05,55704.0,258040.0
2391,6.984223503918699e-05,54778.0,252948.0
2392,6.949839791095819e-05,54566.0,251986.0
2393,6.979575335333384e-05,54961.0,253901.0
2394,6.888840537606339e-05,54294.0,251717.0
2395,6.767924480845876e-05,52905.0,246574.0
2396,6.743410167074007e-05,52936.0,245704.0
2397,6.74844037691291e-05,53102.0,246546.0
2398,6.71794075016817e-05,52457.0,246214.0
2399,6.639685966724985e-05,52416.0,243866.0
2400,6.544876062293005e-05,51515.0,242517.0
2401,6.390022007505515e-05,50111.0,236302.0
2402,6.4078505993396e-05,50215.0,236462.0
2403,6.434275119379407e-05,50434.0,240574.0
2404,6.398299567999913e-05,50205.0,239762.0
2405,6.317561516408408e-05,49505.0,237456.0
2406,6.125331092311601e-05,48269.0,229424.0
2407,5.9798370482370055e-05,46553.0,224577.0
2408,5.849752001390442e-05,45861.0,220215.0
2409,5.7274988002424225e-05,44957.0,214737.0
2410,5.622310108421315e-05,43978.0,210388.0
2411,5.6114856062363336e-05,44198.0,209952.0
2412,5.586461904126349e-05,43983.0,209128.0
2413,5.548194105225328e-05,43458.0,207777.0
2414,5.533230822793149e-05,43544.0,207204.0
2415,5.5159116192971794e-05,43439.0,206837.0
2416,5.510881409458277e-05,43297.0,206554.0
2417,5.4398854098332556e-05,42270.0,204155.0
2418,5.414288645842889e-05,42377.0,203533.0
2419,5.3255914014683104e-05,41670.0,200342.0
2420,5.21066065768072e-05,41154.0,195506.0
2421,5.219702300682292e-05,41110.0,195351.0
2422,5.176340618400104e-05,40433.0,193780.0
2423,5.179205927802011e-05,40910.0,193641.0
2424,5.106872783789433e-05,40148.0,191689.0
2425,5.0955388932663354e-05,39855.0,190815.0
2426,5.118588715566118e-05,40367.0,191263.0
2427,5.081976428763977e-05,39667.0,190607.0
2428,5.085032758792677e-05,40092.0,190438.0
2429,5.023969831760932e-05,39446.0,189415.0
2430,4.902353366035559e-05,38227.0,184845.0
2431,4.820469190683293e-05,37848.0,180503.0
2432,4.7811826151060384e-05,37432.0,178857.0
2433,4.786276498487206e-05,37482.0,179732.0
2434,4.752147479833384e-05,37368.0,178750.0
2435,4.754885442150762e-05,37594.0,178187.0
2436,4.617032223147917e-05,36084.0,171627.0
2437,4.584304022423916e-05,36171.0,170821.0
2438,4.525533342913697e-05,35352.0,168612.0
2439,4.4564475495566135e-05,35003.0,166816.0
2440,4.277652242877636e-05,33567.0,159655.0
2441,4.236455461032444e-05,33103.0,157175.0
2442,4.172399877514263e-05,32765.0,154765.0
2443,4.1685157914361226e-05,32890.0,154291.0
2444,4.073132825123762e-05,32027.0,150680.0
2445,4.019583376079239e-05,31537.0,147646.0
2446,4.018628272945271e-05,31583.0,147533.0
2447,4.014171124986749e-05,31653.0,146940.0
2448,3.992776814785846e-05,31182.0,145942.0
2449,3.945403699340988e-05,30833.0,143585.0
2450,3.85129420387392e-05,30313.0,139768.0
2451,3.835885206645888e-05,30208.0,138885.0
2452,3.744386326411668e-05,29094.0,136050.0
2453,3.799845981724128e-05,30055.0,137367.0
2454,3.8519946128388304e-05,30043.0,138992.0
2455,3.755274502138913e-05,29286.0,133438.0
2456,3.747506329982633e-05,29384.0,132063.0
2457,3.6938295338535804e-05,28621.0,130557.0
2458,3.740693260960321e-05,29272.0,132039.0
2459,3.6437821296336106e-05,28916.0,128246.0
2460,3.586221247426418e-05,28034.0,125146.0
2461,3.5501820225046585e-05,27787.0,123895.0
2462,3.528469344592432e-05,27542.0,122649.0
2463,3.4774031636962286e-05,27359.0,119983.0
2464,3.435187605174803e-05,26818.0,118671.0
2465,3.410100229522553e-05,26897.0,116142.0
2466,3.4006765452673935e-05,26813.0,114622.0
2467,3.382784279891043e-05,26408.0,113535.0
2468,3.2388184008307976e-05,25353.0,107776.0
2469,3.2158322520732797e-05,25116.0,106522.0
2470,3.135348894650834e-05,24904.0,101910.0
2471,3.12974562293155e-05,24652.0,101416.0
2472,3.11408193153446e-05,24409.0,100482.0
2473,3.114909687583899e-05,24211.0,100169.0
2474,3.1312737879459e-05,24622.0,100385.0
2475,3.1080329450193235e-05,24366.0,99335.0
2476,3.089503944220327e-05,24297.0,98580.0
2477,3.079952912880638e-05,24331.0,96923.0
2478,3.087912105663712e-05,24264.0,97242.0
2479,3.113445196111814e-05,24537.0,98120.0
2480,3.043276952536232e-05,23722.0,95386.0
2481,2.9926564864358804e-05,23435.0,92778.0
2482,2.961583797810759e-05,23417.0,91894.0
2483,2.958718488408852e-05,23127.0,91711.0
2484,2.8902057569321498e-05,22728.0,88958.0
2485,2.8393305966627398e-05,22397.0,87354.0
2486,2.8260864998717047e-05,22385.0,87076.0
2487,2.7786497108845825e-05,22034.0,85298.0
2488,2.703323910385569e-05,21243.0,81612.0
2489,2.7062528933297402e-05,21379.0,81635.0
2490,2.7207704609660673e-05,21466.0,82015.0
2491,2.7290480214604645e-05,21342.0,82300.0
2492,2.7148488215354603e-05,21339.0,81836.0
2493,2.6642920289773732e-05,20774.0,80477.0
2494,2.559931093205705e-05,20005.0,76073.0
2495,2.558084560480032e-05,19986.0,75423.0
2496,2.5431212780478524e-05,19786.0,74603.0
2497,2.526438809974529e-05,19595.0,73704.0
2498,2.522172682642801e-05,19941.0,73506.0
2499,2.525037992044708e-05,19690.0,73033.0
2500,2.5158690019586064e-05,19541.0,72308.0
2501,2.5568747631770044e-05,20166.0,73005.0
2502,2.6515573205244547e-05,20916.0,76424.0
2503,2.6631459052166105e-05,20868.0,77198.0
2504,2.634110769943956e-05,20542.0,76481.0
2505,2.5900486786968576e-05,20489.0,74450.0
2506,2.5374543327863035e-05,19989.0,72559.0
2507,2.5228094180654472e-05,19727.0,71827.0
2508,2.511984915880466e-05,19744.0,71327.0
2509,2.5443947488931443e-05,19739.0,72311.0
2510,2.533315552539105e-05,20045.0,72034.0
2511,2.5189890055295714e-05,19894.0,71304.0
2512,2.4658215977386363e-05,19248.0,69744.0
2513,2.4772828353462628e-05,19501.0,69950.0
2514,2.46130077623785e-05,19364.0,69661.0
2515,2.448311373615873e-05,19103.0,69298.0
2516,2.4099162276303232e-05,19016.0,68402.0
2517,2.3661088305522833e-05,18700.0,66868.0
2518,2.3577675965156216e-05,18351.0,66131.0
2519,2.3629888269813183e-05,18517.0,66224.0
2520,2.3568761669239173e-05,18670.0,65868.0
2521,2.3623520915586722e-05,18482.0,66049.0
2522,2.3450328880627027e-05,18451.0,65282.0
2523,2.376614965025941e-05,18611.0,66179.0
2524,2.3706296520530694e-05,18366.0,65741.0
2525,2.404631323622362e-05,18719.0,66687.0
2526,2.3844468107244862e-05,18570.0,66295.0
2527,2.3801806833927582e-05,18781.0,66050.0
2528,2.3740680233353575e-05,18564.0,65598.0
2529,2.362670459269995e-05,18614.0,65180.0
2530,2.400619890459693e-05,18829.0,66394.0
2531,2.4014476465091324e-05,18770.0,66454.0
2532,2.376933332737264e-05,18667.0,65914.0
2533,2.4111896984756152e-05,18960.0,66537.0
2534,2.3996647873257238e-05,18914.0,66163.0
2535,2.38228191028749e-05,18974.0,65409.0
2536,2.4614917968646438e-05,19326.0,67574.0
2537,2.4706607869507453e-05,19205.0,67880.0
2538,2.4704060927816868e-05,19437.0,68172.0
2539,2.4414983045935616e-05,19137.0,67347.0
2540,2.4294640051055533e-05,19118.0,66934.0
2541,2.4414983045935616e-05,19166.0,67532.0
2542,2.4541693395042157e-05,19379.0,67922.0
2543,2.454742401384597e-05,19094.0,68069.0
2544,2.3978182546000505e-05,18829.0,66585.0
2545,2.3327438944056364e-05,18225.0,64448.0
2546,2.3405757401041814e-05,18325.0,64591.0
2547,2.3223014334742433e-05,18289.0,63949.0
2548,2.278939751192055e-05,17829.0,62259.0
2549,2.2686883108874557e-05,17828.0,61789.0
2550,2.252960945948101e-05,17873.0,61090.0
2551,2.2500956365461943e-05,17370.0,61209.0
2552,2.2437919558619997e-05,17441.0,61056.0
2553,2.261747894780615e-05,18013.0,61386.0
2554,2.245956856298996e-05,17529.0,60956.0
2555,2.2730817853037126e-05,17868.0,61489.0
2556,2.2710442319512456e-05,17940.0,61565.0
2557,2.252005842814132e-05,17669.0,60925.0
2558,2.2374246016355402e-05,17371.0,60358.0
2559,2.2363421514170423e-05,17462.0,60068.0
2560,2.2641038158444048e-05,17861.0,61009.0
2561,2.2568450320262414e-05,17941.0,60878.0
2562,2.269070352141043e-05,17871.0,61397.0
2563,2.2765201565860008e-05,17892.0,61612.0
2564,2.2803405691218763e-05,17712.0,61772.0
2565,2.2604744239353233e-05,17646.0,61065.0
2566,2.2727634175923897e-05,17831.0,61610.0
2567,2.31962714469913e-05,18282.0,63262.0
2568,2.2843520022845455e-05,17957.0,62194.0
2569,2.261875241865144e-05,17661.0,61843.0
2570,2.2250082608939446e-05,17359.0,60700.0
2571,2.2257086698588552e-05,17484.0,60679.0
2572,2.2280009173803807e-05,17310.0,60811.0
2573,2.2231617281682716e-05,17358.0,60692.0
2574,2.2350686805717503e-05,17700.0,60971.0
2575,2.218386212498427e-05,17407.0,60366.0
2576,2.2187682537520144e-05,17536.0,60363.0
2577,2.2385070518540385e-05,17471.0,61023.0
2578,2.2576091145334165e-05,17655.0,61735.0
2579,2.2437282823197352e-05,17718.0,61609.0
2580,2.208198445736092e-05,17227.0,60644.0
2581,2.1920890395431502e-05,17120.0,60178.0
2582,2.1769984100264414e-05,17188.0,59508.0
2583,2.1796090252592898e-05,17366.0,59528.0
2584,2.1775077983645583e-05,17120.0,59456.0
2585,2.204760074453804e-05,17343.0,60291.0
2586,2.2015763973405746e-05,17275.0,60490.0
2587,2.1890327095144497e-05,17275.0,60407.0
2588,2.1985837408541385e-05,17192.0,60743.0
2589,2.1898604655638892e-05,17302.0,60405.0
2590,2.1740057535400054e-05,17158.0,60220.0
2591,2.152356749170044e-05,16767.0,59863.0
2592,2.1249134524540043e-05,16685.0,59281.0
2593,2.039017843939068e-05,16104.0,56276.0
2594,2.00272392484825e-05,16083.0,55027.0
2595,2.004888825285246e-05,16000.0,55094.0
2596,2.0260921148593555e-05,16039.0,55725.0
2597,2.027556606331441e-05,15812.0,55695.0
2598,2.0369166170443363e-05,15888.0,56324.0
2599,2.031631713036375e-05,15899.0,56298.0
2600,2.0073084198913005e-05,15610.0,55835.0
2601,2.0294031390571145e-05,15939.0,56658.0
2602,2.0160953687238146e-05,15989.0,56304.0
2603,2.0211255785627173e-05,15842.0,56499.0
2604,2.016923124773254e-05,16072.0,56424.0
2605,2.0140578153713476e-05,15730.0,56529.0
2606,1.9982031033474638e-05,15777.0,56303.0
2607,1.9979484091784053e-05,15786.0,56037.0
2608,2.0074357669758297e-05,15926.0,56510.0
2609,1.9883973778387165e-05,15518.0,56226.0
2610,1.9689769474480153e-05,15600.0,55664.0
2611,1.9943826908115883e-05,15697.0,56689.0
2612,2.012593323899262e-05,16114.0,57361.0
2613,2.0139304682868184e-05,15910.0,57482.0
2614,1.987633295331541e-05,15436.0,56568.0
2615,1.960763060495883e-05,15390.0,55758.0
2616,1.937267523400248e-05,15367.0,55207.0
2617,1.8991270715837566e-05,14881.0,53952.0
2618,1.9212217907495706e-05,15034.0,55456.0
2619,1.9247875091163877e-05,14967.0,55737.0
2620,1.9606357134113537e-05,15378.0,57093.0
2621,1.9220495467990104e-05,15118.0,56110.0
2622,1.9261246535039444e-05,15204.0,56255.0
2623,1.918038113636341e-05,15206.0,56020.0
2624,1.8935237998644725e-05,14905.0,55997.0
2625,1.8870927720957487e-05,14939.0,55946.0
2626,1.8975352330271417e-05,14760.0,56197.0
2627,1.824119638796066e-05,14181.0,54750.0
2628,1.8048902290321588e-05,14213.0,54190.0
2629,1.7980134864675828e-05,14046.0,54394.0
2630,1.7980771600098472e-05,14355.0,54251.0
2631,1.803744105271396e-05,14419.0,54494.0
2632,1.8064820675887736e-05,14378.0,54597.0
2633,1.790754702649419e-05,14067.0,54217.0
2634,1.789481231804127e-05,14146.0,54062.0
2635,1.80546329091254e-05,14277.0,54891.0
2636,1.8190257554148985e-05,14288.0,55564.0
2637,1.8147596280831708e-05,13942.0,55795.0
2638,1.8015155312921354e-05,14081.0,55445.0
2639,1.794829809354353e-05,14049.0,55346.0
2640,1.7882714345011e-05,13967.0,55338.0
2641,1.786997963655808e-05,14051.0,55523.0
2642,1.7906910291071546e-05,13980.0,55872.0
2643,1.7966763420800264e-05,14088.0,56191.0
2644,1.779484485668586e-05,13959.0,55843.0
2645,1.7901179672267732e-05,14202.0,56358.0
2646,1.7575171135873014e-05,13815.0,55702.0
2647,1.7878257197052478e-05,14005.0,56645.0
2648,1.7791661179572633e-05,13844.0,56557.0
2649,1.7748999906255353e-05,13845.0,56545.0
2650,1.7795481592108506e-05,14164.0,57033.0
2651,1.7382240302811298e-05,13763.0,55810.0
2652,1.7603187494469434e-05,13725.0,56534.0
2653,1.7472019997404372e-05,13806.0,56381.0
2654,1.7334485146112852e-05,13521.0,56082.0
2655,1.726126057250857e-05,13763.0,56067.0
2656,1.7125635927484987e-05,13343.0,55851.0
2657,1.7063235856065685e-05,13366.0,55610.0
2658,1.6573586316050963e-05,12987.0,54008.0
2659,1.6602876145492675e-05,12980.0,54609.0
2660,1.6551300576258356e-05,12883.0,54309.0
2661,1.6595235320420925e-05,13186.0,54235.0
2662,1.6497178065333452e-05,13035.0,53831.0
2663,1.6730223230021864e-05,13046.0,55042.0
2664,1.6710484431919838e-05,13013.0,55073.0
2665,1.6590778172462403e-05,13000.0,54784.0
2666,1.659714552668886e-05,13123.0,54847.0
2667,1.661752106021353e-05,13076.0,55029.0
2668,1.6411855518698896e-05,12810.0,54403.0
2669,1.6227202246131577e-05,12800.0,53693.0
2670,1.614378990576496e-05,12565.0,53347.0
2671,1.6245667573388307e-05,12802.0,53472.0
2672,1.6355822801506055e-05,12737.0,53749.0
2673,1.714219104847378e-05,13672.0,57074.0
2674,1.7042860322541015e-05,13261.0,56943.0
2675,1.726762792673503e-05,13367.0,57728.0
2676,1.7049227676767473e-05,13267.0,57270.0
2677,1.7108444071073546e-05,13516.0,57874.0
2678,1.6965178600978212e-05,13205.0,57529.0
2679,1.6765880413690034e-05,13255.0,56969.0
2680,1.6786892682637352e-05,13214.0,57048.0
2681,1.691105609005331e-05,13397.0,57428.0
2682,1.6938435713227084e-05,13266.0,57471.0
2683,1.6860117256241634e-05,13117.0,57446.0
2684,1.687030502300397e-05,13139.0,57792.0
2685,1.6894500969064512e-05,13146.0,57912.0
2686,1.6896411175332452e-05,13368.0,57865.0
2687,1.673722731967097e-05,12928.0,57641.0
2688,1.676842735538062e-05,13210.0,57944.0
2689,1.6772247767916496e-05,12858.0,57854.0
2690,1.680917842242996e-05,13026.0,58140.0
2691,1.673531711340303e-05,13078.0,57787.0
2692,1.658823123077182e-05,13012.0,57356.0
2693,1.6581227141122716e-05,13013.0,57354.0
2694,1.648635356314847e-05,12877.0,57061.0
2695,1.655066384083571e-05,12932.0,57502.0
2696,1.630488396769438e-05,12808.0,56572.0
2697,1.6823186601728167e-05,13106.0,58273.0
2698,1.6727039552908635e-05,13240.0,58463.0
2699,1.692824794646475e-05,13227.0,59403.0
2700,1.7006566403450196e-05,13204.0,59737.0
2701,1.7140280842205843e-05,13438.0,60377.0
2702,1.707660729994125e-05,13304.0,60338.0
2703,1.684483560609813e-05,13324.0,59721.0
2704,1.6846109076943422e-05,13104.0,59819.0
2705,1.6679921131632833e-05,13195.0,59346.0
2706,1.626094922353181e-05,13116.0,57925.0
2707,1.6791349830595873e-05,13138.0,59936.0
2708,1.7051137883035413e-05,13374.0,60899.0
2709,1.7005929668027552e-05,13224.0,60784.0
2710,1.7051774618458058e-05,13455.0,61018.0
2711,1.6832100897645213e-05,13275.0,60423.0
2712,1.69594479821744e-05,13379.0,60932.0
2713,1.690596220667214e-05,13361.0,60971.0
2714,1.7046680735076892e-05,13401.0,61736.0
2715,1.701993784732576e-05,13281.0,61431.0
2716,1.7186762528058997e-05,13522.0,62371.0
2717,1.7121178779526466e-05,13213.0,62419.0
2718,1.7225603388840396e-05,13542.0,62945.0
2719,1.733321167526756e-05,13552.0,63395.0
2720,1.7340215764916665e-05,13570.0,63616.0
2721,1.7314109612588182e-05,13512.0,64058.0
2722,1.7186762528058997e-05,13505.0,63774.0
2723,1.705304808930335e-05,13289.0,63190.0
2724,1.7156835963194636e-05,13429.0,63578.0
2725,1.7151105344390823e-05,13302.0,63739.0
2726,1.713900737136055e-05,13309.0,63719.0
2727,1.6940982654917665e-05,13389.0,63152.0
2728,1.6852476431169883e-05,13216.0,63012.0
2729,1.683082742679992e-05,12968.0,63026.0
2730,1.6837831516449027e-05,13155.0,63224.0
2731,1.676333347199945e-05,13064.0,63174.0
2732,1.6993194959574632e-05,13316.0,64668.0
2733,1.69276112110421e-05,13317.0,64233.0
2734,1.690723567751743e-05,13413.0,64071.0
2735,1.7141554313051135e-05,13486.0,64665.0
2736,1.7476477145362893e-05,13817.0,66667.0
2737,1.7461195495219393e-05,13768.0,66813.0
2738,1.7255529953704757e-05,13748.0,66236.0
2739,1.7163203317421098e-05,13501.0,65951.0
2740,1.7332574939844915e-05,13446.0,66501.0
2741,1.735677088590546e-05,13616.0,66637.0
2742,1.7388607657037756e-05,13514.0,66886.0
2743,1.7114811425300004e-05,13500.0,66214.0
2744,1.7244705451519777e-05,13511.0,66538.0
2745,1.736759538809044e-05,13453.0,67121.0
2746,1.738160356738865e-05,13752.0,67383.0
2747,1.748475470585729e-05,13639.0,67773.0
2748,1.770124474955691e-05,13951.0,68504.0
2749,1.771206925174189e-05,13848.0,68686.0
2750,1.7608918113273248e-05,13806.0,67988.0
2751,1.8010698164962832e-05,14140.0,69634.0
2752,1.8141228926605247e-05,14138.0,70413.0
2753,1.8238649446270075e-05,14349.0,71089.0
2754,1.799860019193256e-05,14264.0,69806.0
2755,1.7954028712347344e-05,14126.0,69675.0
2756,1.7926649089173568e-05,13874.0,69675.0
2757,1.7938747062203843e-05,14143.0,69834.0
2758,1.807373497180478e-05,14168.0,70319.0
2759,1.8064183940465092e-05,14175.0,70389.0
2760,1.8288951544659105e-05,14275.0,71576.0
2761,1.8516266090543703e-05,14755.0,72314.0
2762,1.861241313936324e-05,14799.0,73390.0
2763,1.886710730842161e-05,14720.0,74566.0
2764,1.8219547383590697e-05,14250.0,71842.0
2765,1.8238649446270075e-05,14283.0,71877.0
2766,1.850225791124549e-05,14496.0,73227.0
2767,1.8476788494339656e-05,14544.0,73151.0
2768,1.8471057875535842e-05,14582.0,72576.0
2769,1.8482519113143466e-05,14807.0,72330.0
2770,1.8891303254482157e-05,14665.0,73904.0
2771,1.8909131846316242e-05,14597.0,74176.0
2772,1.9057491199792745e-05,14930.0,75158.0
2773,1.9027564634928385e-05,15010.0,75128.0
2774,1.8961980886395853e-05,14887.0,75030.0
2775,1.8756952080303865e-05,14682.0,74074.0
2776,1.897216865315819e-05,14821.0,74264.0
2777,1.9218585261722164e-05,15106.0,75035.0
2778,1.9294993512439678e-05,15097.0,75037.0
2779,1.9594259161083265e-05,15566.0,75828.0
2780,1.9971843266712303e-05,15532.0,76985.0
2781,2.010555770546795e-05,15738.0,76923.0
2782,2.0442390744047648e-05,16060.0,78084.0
2783,2.041692132714181e-05,16102.0,77675.0
2784,2.047422751517994e-05,16296.0,77764.0
2785,2.0619403191543215e-05,16215.0,78278.0
2786,2.07467502760724e-05,16187.0,78609.0
2787,2.123385287439654e-05,16782.0,79868.0
2788,2.0975975028224936e-05,16339.0,78857.0
2789,2.1542032818957172e-05,17016.0,80445.0
2790,2.1483453160073747e-05,16713.0,79572.0
2791,2.1481542953805807e-05,16609.0,79201.0
2792,2.132936318779343e-05,16885.0,78582.0
2793,2.1378391815337165e-05,16678.0,78185.0
2794,2.1530571581349545e-05,16797.0,78442.0
2795,2.159997574241795e-05,16987.0,78061.0
2796,2.1654098253342856e-05,16723.0,77768.0
2797,2.1605706361221763e-05,16915.0,77022.0
2798,2.1945723076914693e-05,17180.0,77669.0
2799,2.2339862303532524e-05,17529.0,78235.0
2800,2.3050459035205383e-05,17865.0,80563.0
2801,2.377379047533116e-05,18835.0,81957.0
2802,2.4173660320752806e-05,18798.0,82988.0
2803,2.406350509263506e-05,19220.0,82512.0
2804,2.4186395029205726e-05,18982.0,82613.0
2805,2.4335391118104873e-05,18872.0,82796.0
2806,2.4528321951166593e-05,19356.0,83654.0
2807,2.4381872803958026e-05,19087.0,82735.0
2808,2.435640338705219e-05,19260.0,82439.0
2809,2.4288909432251723e-05,18840.0,81627.0
2810,2.5244649301643265e-05,19749.0,82821.0
2811,2.6222674910827418e-05,20486.0,85474.0
2812,2.609532782629823e-05,20392.0,84754.0
2813,2.6323279107605475e-05,20499.0,85163.0
2814,2.6874055248194204e-05,21139.0,86196.0
2815,2.753689682316862e-05,21733.0,87484.0
2816,2.8116962793199065e-05,22044.0,88559.0
2817,2.8379934522751834e-05,22405.0,89086.0
2818,2.8509828548971604e-05,22428.0,89392.0
2819,2.864035931061402e-05,22368.0,89028.0
2820,2.8789992134935813e-05,22603.0,89039.0
2821,2.9616474713530233e-05,23316.0,90573.0
2822,3.0506630834389248e-05,24097.0,92163.0
2823,3.051108798234777e-05,23875.0,91599.0
2824,3.081481077894988e-05,24391.0,92063.0
2825,3.122996227451502e-05,24544.0,92929.0
2826,3.1471284999697837e-05,24572.0,93236.0
2827,3.126179904564732e-05,24858.0,91237.0
2828,3.204307340923388e-05,25114.0,92339.0
2829,3.236016764971155e-05,25394.0,92500.0
2830,3.302682963722185e-05,26123.0,93599.0
2831,3.367311609120747e-05,26538.0,94000.0
2832,3.392207964146203e-05,26790.0,94049.0
2833,3.511213814638727e-05,27456.0,96255.0
2834,3.568456329134597e-05,27919.0,97070.0
2835,3.624934761123291e-05,28397.0,98117.0
2836,3.7187258888790364e-05,29171.0,99494.0
2837,3.7185985417945075e-05,29168.0,99091.0
2838,3.723055689753029e-05,29287.0,98780.0
2839,3.7777512625583144e-05,29648.0,99493.0
2840,3.864920341918542e-05,30352.0,100961.0
2841,3.871733410940854e-05,30515.0,100397.0
2842,3.893955477191197e-05,30690.0,99969.0
2843,3.9151587667653064e-05,30785.0,99907.0
2844,3.966415968288304e-05,31287.0,100452.0
2845,3.9859000722212694e-05,31427.0,100587.0
2846,4.0341009437155666e-05,31925.0,101307.0
2847,4.04454340464696e-05,31655.0,101165.0
2848,4.1272553360486665e-05,32570.0,101983.0
2849,4.2167803364726845e-05,33351.0,103077.0
2850,4.222701975903292e-05,33249.0,102971.0
2851,4.2484260869781873e-05,33425.0,102628.0
2852,4.281791023124834e-05,33639.0,102727.0
2853,4.281026940617659e-05,33420.0,101759.0
2854,4.314710244475629e-05,34063.0,100746.0
2855,4.4651708248468624e-05,34959.0,102593.0
2856,4.61817834690868e-05,36553.0,105577.0
2857,4.653644509950059e-05,36452.0,104895.0
2858,4.697324559943569e-05,37003.0,105299.0
2859,4.7159809078270954e-05,37057.0,105308.0
2860,4.808753258906607e-05,37325.0,106638.0
2861,4.802067536968825e-05,37466.0,105415.0
2862,4.9505542375298565e-05,39055.0,107864.0
2863,4.9509999523257086e-05,38739.0,107021.0
2864,5.014546147505773e-05,39097.0,107601.0
2865,5.1184613684815885e-05,39985.0,108940.0
2866,5.1795242955133335e-05,40637.0,109721.0
2867,5.2502656009692965e-05,41304.0,110537.0
2868,5.257715405414254e-05,41303.0,109972.0
2869,5.3509334712896185e-05,42145.0,110238.0
2870,5.555134521332169e-05,43486.0,112776.0
2871,5.516166313466238e-05,43295.0,111351.0
2872,5.6201452079843185e-05,44038.0,112345.0
2873,5.796011531719125e-05,45645.0,114336.0
2874,5.928898214425331e-05,46579.0,116848.0
2875,5.981556233878149e-05,46994.0,117502.0
2876,6.056945707919428e-05,47330.0,118779.0
2877,6.093175953467982e-05,47373.0,118894.0
2878,6.173595637348162e-05,48542.0,119751.0
2879,6.185247895582584e-05,48634.0,119371.0
2880,6.142459275180776e-05,48502.0,117608.0
2881,6.251150011826437e-05,48810.0,119494.0
2882,6.281458617944384e-05,49306.0,119754.0
2883,6.404666922226371e-05,50304.0,121265.0
2884,6.464456378412824e-05,50628.0,121840.0
2885,6.477000066238949e-05,50610.0,121693.0
2886,6.550415660470025e-05,51598.0,123332.0
2887,6.574929974241894e-05,51522.0,123750.0
2888,6.749586500673673e-05,52992.0,127459.0
2889,7.102337924819519e-05,55988.0,132299.0
2890,7.065980332186437e-05,55443.0,131277.0
2891,7.1428342976998e-05,56078.0,130051.0
2892,7.406570109759745e-05,58081.0,133883.0
2893,7.403259085561987e-05,57715.0,132744.0
2894,7.455917105014805e-05,57950.0,133278.0
2895,7.570020092752956e-05,59545.0,134704.0
2896,7.765625214589786e-05,60706.0,136552.0
2897,7.840632647377477e-05,61698.0,136685.0
2898,7.870113497445984e-05,61627.0,136325.0
2899,8.061961880289203e-05,63007.0,138630.0
2900,8.56320000499608e-05,67100.0,145698.0
2901,8.747598583394342e-05,68517.0,149185.0
2902,8.672654824148916e-05,67819.0,146452.0
2903,8.724230393383237e-05,68000.0,146866.0
2904,8.859281976526439e-05,68909.0,148396.0
2905,8.981726198301252e-05,69997.0,149461.0
2906,9.201336245571834e-05,71763.0,152855.0
2907,9.19477787071858e-05,72207.0,152196.0
2908,9.295318393954373e-05,73502.0,152634.0
2909,9.460423889046464e-05,73872.0,154511.0
2910,9.489331677234589e-05,74651.0,154719.0
2911,9.631387350026897e-05,76110.0,156173.0
2912,9.969748553620944e-05,77887.0,160641.0
2913,0.00010281303195921599,80631.0,164733.0
2914,0.00010328803658450985,80830.0,165135.0
2915,0.00010357775120181375,80998.0,165297.0
2916,0.00010851881808154618,85165.0,171827.0
2917,0.00011189351582156963,87454.0,176351.0
2918,0.00011296514153788273,88088.0,178089.0
2919,0.00011340257877324048,88385.0,178291.0
2920,0.0001150052418320403,89941.0,179807.0
2921,0.00011674543974213163,91143.0,182281.0
2922,0.00011977056973512246,94284.0,185864.0
2923,0.00012357060673747337,97205.0,191537.0
2924,0.00012298544688406175,96436.0,190176.0
2925,0.00012357315367916396,96752.0,190081.0
2926,0.00012357124347289603,96807.0,188552.0
2927,0.00012459702423877863,97845.0,188214.0
2928,0.00012904080075342458,100877.0,194806.0
2929,0.0001322906983506094,103964.0,200013.0
2930,0.00013259505788263418,104172.0,199790.0
2931,0.00013275678867998624,104177.0,199275.0
2932,0.0001355093959120846,107021.0,203242.0
2933,0.00013803150492118512,108562.0,205825.0
2934,0.0001397736130375444,109525.0,206997.0
2935,0.00014001238882103663,109361.0,206879.0
2936,0.00014260453872662823,112548.0,210439.0
2937,0.00014465610025839342,113652.0,212559.0
2938,0.00014718648682798835,115297.0,214771.0
2939,0.00015170730832877446,119370.0,221302.0
2940,0.00015299096694082866,119838.0,222837.0
2941,0.00015978875431299662,125235.0,232563.0
2942,0.00016067190634420653,125902.0,234882.0
2943,0.00016279669244957602,127969.0,237263.0
2944,0.00016622869637763758,130816.0,241830.0
2945,0.00016609625540972724,129776.0,242045.0
2946,0.00016754100808371084,131013.0,243541.0
2947,0.0001675416448191335,131637.0,242110.0
2948,0.00016896602195959245,132679.0,243135.0
2949,0.00017303730825199055,135333.0,247678.0
2950,0.000174138860533168,136672.0,248011.0
2951,0.00017569058475815614,138214.0,250251.0
2952,0.00017789941993931487,139847.0,252998.0
2953,0.00017846165731751122,140708.0,252451.0
2954,0.00018332631594652614,144236.0,259093.0
2955,0.00018446543561763973,144730.0,260241.0
2956,0.00018650808285348788,146327.0,261742.0
2957,0.00018802414989480784,146942.0,263214.0
2958,0.00018889074680502894,147870.0,264089.0
2959,0.00019619855925073632,154106.0,273784.0
2960,0.00019679645381260084,154760.0,275117.0
2961,0.00019691424986579035,154133.0,273889.0
2962,0.0001999801309258305,157158.0,276964.0
2963,0.00020174516151740503,158278.0,280116.0
2964,0.0002031294243262373,159835.0,281259.0
2965,0.00020861298978606404,163263.0,287681.0
2966,0.00021084347397159274,164428.0,289895.0
2967,0.00021621370052618853,169447.0,296147.0
2968,0.00021786093506457357,170433.0,296689.0
2969,0.00021783864932478097,170895.0,295475.0
2970,0.00022041933799276493,172370.0,298111.0
2971,0.00022518275568957915,177472.0,304694.0
2972,0.00022757306046619196,179088.0,307715.0
2973,0.00022849186968107004,179100.0,309251.0
2974,0.00022928587875310953,180748.0,310750.0
2975,0.0002355876492310363,184962.0,318097.0
2976,0.00024012184217569798,188966.0,323771.0
2977,0.0002461370817134341,192450.0,331717.0
2978,0.00024937551807301133,195019.0,336906.0
2979,0.00025002689841037814,195551.0,337781.0
2980,0.00024866237439964787,194600.0,334711.0
2981,0.00025063880115154085,196465.0,337363.0
2982,0.0002540899071422818,199864.0,342794.0
2983,0.0002544630340999523,200503.0,341078.0
2984,0.00025735126597707425,201370.0,342666.0
2985,0.00027063420362889105,213074.0,362098.0
2986,0.000274678747033538,216073.0,367425.0
2987,0.000276061736371525,216093.0,368702.0
2988,0.000280095455273987,219425.0,374238.0
2989,0.0002817025754807453,220431.0,376621.0
2990,0.00028186239607182943,221930.0,376471.0
2991,0.00027951857298106974,219644.0,371818.0
2992,0.000286808556834943,225163.0,383572.0
2993,0.00028811704812848043,226206.0,384858.0
2994,0.0002918941626556161,229314.0,389110.0
2995,0.0002953280767899456,230913.0,392266.0
2996,0.0003010185812621323,235503.0,398665.0
2997,0.00030546235777677825,239808.0,404053.0
2998,0.00030764317659934053,241243.0,406167.0
2999,0.00031119042963890104,244095.0,412705.0
3000,0.0003174641837582314,249016.0,420803.0
3001,0.0003238894809081515,254443.0,428181.0
3002,0.0003258213361804593,256138.0,430976.0
3003,0.00032275163470788323,254161.0,425311.0
3004,0.0003216099680950791,251948.0,422373.0
3005,0.0003257532054902362,255559.0,427975.0
3006,0.0003292718054357776,258341.0,430619.0
3007,0.00032979520195319253,258267.0,430055.0
3008,0.000330824803131611,259356.0,430980.0
3009,0.0003356251514829387,263808.0,438521.0
3010,0.0003362453317845958,263791.0,439875.0
3011,0.000335072465136082,262612.0,438838.0
3012,0.00033358950833673964,262009.0,436216.0
3013,0.0003336073369285737,261923.0,437261.0
3014,0.00033388176989573414,262886.0,435734.0
3015,0.00033597026208201277,263613.0,438436.0
3016,0.0003406521776447283,267170.0,446276.0
3017,0.0003418969953960011,268786.0,448096.0
3018,0.00034417268779653767,270359.0,452103.0
3019,0.000347817361355763,273467.0,455756.0
3020,0.00034775750822603425,273143.0,457065.0
3021,0.00034961613892473773,275121.0,460142.0
3022,0.00035197333345937296,275404.0,463006.0
3023,0.0003504941970725665,275163.0,460547.0
3024,0.00034818794137174295,272815.0,457066.0
3025,0.00035205992947685285,276052.0,462976.0
3026,0.0003535008617383006,277475.0,465043.0
3027,0.0003546648140908973,278612.0,466650.0
3028,0.0003564432161263474,279319.0,468733.0
3029,0.00035521113308352757,279037.0,467939.0
3030,0.0003517517495322922,275646.0,464113.0
3031,0.0003569927187960909,279818.0,470963.0
3032,0.0003560312483078955,278878.0,471230.0
3033,0.00035708822910948776,280096.0,473202.0
3034,0.0003550468553444849,278783.0,470798.0
3035,0.0003556071825164133,279498.0,472147.0
3036,0.0003671779386167352,287587.0,492902.0
3037,0.00036537788757691513,286568.0,490575.0
3038,0.00036446480898084087,285887.0,489336.0
3039,0.00036506907089693186,285728.0,489533.0
3040,0.00036514738935391734,286888.0,489347.0
3041,0.000366324076414967,286794.0,491672.0
3042,0.00036619036197621134,287351.0,490941.0
3043,0.0003736713664568784,293806.0,502721.0
3044,0.00037444818367250645,293691.0,504609.0
3045,0.00037062777113663084,291047.0,498415.0
3046,0.00037282641855102726,292208.0,502102.0
3047,0.0003749467475084382,293419.0,508201.0
3048,0.00037508173541803917,294458.0,509312.0
3049,0.00037626415309789267,295262.0,512692.0
3050,0.0003700158683954681,288957.0,505011.0
3051,0.00037117791054179695,292524.0,505746.0
3052,0.0003704214688596936,291551.0,505600.0
3053,0.000367859882254389,288609.0,503276.0
3054,0.0003688792956660451,289246.0,504091.0
3055,0.0003657885819245218,286915.0,500094.0
3056,0.00036209487973775273,283525.0,496383.0
3057,0.0003608513354573252,283079.0,495984.0
3058,0.0003566622531117376,280351.0,490476.0
3059,0.0003564903345476232,280086.0,491888.0
3060,0.00035704620457159314,280703.0,494311.0
3061,0.00035548110890272944,279405.0,492710.0
3062,0.0003517740352720848,277287.0,486706.0
3063,0.0003508806954741126,275276.0,485317.0
3064,0.00035144866347111277,275454.0,486410.0
3065,0.000351388810341384,276621.0,486844.0
3066,0.000347959353355013,273647.0,484877.0
3067,0.00034503610102964554,271309.0,481242.0
3068,0.0003393487802345721,266489.0,473606.0
3069,0.0003362077643946597,263522.0,468771.0
3070,0.0003388234735108892,266583.0,473113.0
3071,0.00033764742318526217,264644.0,474041.0
3072,0.00033673370785376527,264013.0,473202.0
3073,0.00033330297739654895,262202.0,468781.0
3074,0.0003303160515289169,258813.0,465720.0
3075,0.0003312679709857726,260021.0,468793.0
3076,0.00031803406196149954,249623.0,449493.0
3077,0.00031576537365061205,248076.0,446967.0
3078,0.00031319805642650365,245136.0,444523.0
3079,0.0003106167310230971,243934.0,440625.0
3080,0.000309820175009367,242801.0,441386.0
3081,0.00030774059711900537,241198.0,439298.0
3082,0.00030611564832041296,239797.0,438220.0
3083,0.0002963761432956208,232645.0,422495.0
3084,0.00029597372650850857,232546.0,422346.0
3085,0.0002933567439214338,230190.0,419883.0
3086,0.0002896738662368497,227169.0,416629.0
3087,0.0002830333525140753,222124.0,408915.0
3088,0.00027643295312292755,216527.0,399471.0
3089,0.00027404328508173737,215359.0,396678.0
3090,0.00027018785209761623,212649.0,389885.0
3091,0.0002642566616356694,206354.0,382602.0
3092,0.00025768491533854074,202191.0,374558.0
3093,0.00025413320515102174,199806.0,369888.0
3094,0.00025438280543669894,199728.0,370868.0
3095,0.00025361235557529735,199239.0,370671.0
3096,0.00024937042418963015,195916.0,365325.0
3097,0.0002452386480320807,192066.0,361614.0
3098,0.00024004097677702196,188661.0,355312.0
3099,0.00023500185264220205,184460.0,348500.0
3100,0.00022901908661102088,179396.0,338706.0
3101,0.00022689366377022876,177947.0,335184.0
3102,0.00022596020964062982,177877.0,333799.0
3103,0.00022487521248044115,176266.0,332480.0
3104,0.00022127383692995575,173392.0,327168.0
3105,0.00021678485220030195,169938.0,321695.0
3106,0.00021369859560673712,167340.0,317325.0
3107,3.502172171637155e-05,27494.0,48450.0
3108,0.00021325542775257555,166701.0,315496.0
3109,0.00017988476098712488,141021.0,269265.0
3110,0.00018052913723484257,141333.0,270425.0
3111,0.00018098376632661177,141830.0,271215.0
3112,0.00018151353019825318,142232.0,271995.0
3113,0.0001818019713447118,142976.0,272491.0
3114,0.00018197962052763,143005.0,272701.0
3115,0.00018208786554947982,142534.0,272790.0
3116,0.00018265774375274792,143278.0,273711.0
3117,0.00018295637266596887,144173.0,274159.0
3118,0.00018313529531973236,143315.0,274312.0
3119,0.0001794536911059936,140742.0,269142.0
3120,0.00017554668255263816,138063.0,264917.0
3121,0.00017458330185817487,137066.0,264093.0
3122,0.00017321750437659933,135570.0,262678.0
3123,0.00016643627212542016,130901.0,254458.0
3124,0.0001609431556342537,126688.0,244715.0
3125,0.0001585477569742597,124195.0,239779.0
3126,0.0001584433323649458,124587.0,239593.0
3127,0.0001545649769056094,121472.0,233714.0
3128,0.00014289425334393211,112332.0,212710.0
3129,0.0001416144151444138,111292.0,210758.0
3130,0.00014087198164160864,110518.0,209620.0
3131,0.00013823844393354506,108224.0,206892.0
3132,0.00013360109985041473,104726.0,200881.0
3133,0.00013099876217806083,102247.0,197429.0
3134,0.0001287625473737283,100786.0,194174.0
3135,0.00011910518121845745,93900.0,179432.0
3136,0.00011679574184052066,91995.0,175739.0
3137,0.00011568718546969409,90794.0,175014.0
3138,0.0001117725360912669,88003.0,169449.0
3139,0.00010709762461820047,84097.0,161008.0
3140,0.00010510591621616399,82335.0,157784.0
3141,0.00010211708014226398,79338.0,152233.0
3142,0.00010069270300180503,79360.0,149484.0
3143,9.815340213629306e-05,77244.0,146595.0
3144,9.660104117588228e-05,75992.0,144386.0
3145,9.58541505251186e-05,74991.0,143106.0
3146,9.200062774726542e-05,71800.0,138121.0
3147,9.171027639453888e-05,72173.0,137713.0
3148,8.859218302984175e-05,69622.0,132324.0
3149,8.690738110152061e-05,67713.0,129406.0
3150,8.478832561495495e-05,66790.0,126575.0
3151,8.260814352781528e-05,64563.0,123374.0
3152,8.073677812065888e-05,63183.0,119895.0
3153,7.915703753707432e-05,62261.0,117724.0
3154,7.789693813565803e-05,60946.0,116758.0
3155,7.519081258941282e-05,59670.0,112851.0
3156,7.320292459991221e-05,57288.0,109723.0
3157,7.111124873652033e-05,55671.0,106479.0
3158,6.72182483624631e-05,52743.0,99119.0
3159,6.513548679498826e-05,51158.0,96447.0
3160,6.396644055901032e-05,49800.0,95027.0
3161,6.324056217719397e-05,49577.0,94089.0
3162,5.813776450010947e-05,45047.0,86373.0
3163,5.676750987057542e-05,44334.0,83102.0
3164,5.531511637152005e-05,43363.0,81103.0
3165,5.3748747231811055e-05,42032.0,78809.0
3166,5.2924174859484575e-05,41453.0,77734.0
3167,4.8344773699815034e-05,38080.0,72236.0
3168,4.765964638504801e-05,37365.0,71109.0
3169,4.4476606007241e-05,35051.0,66182.0
3170,4.339160884705233e-05,34135.0,64314.0
3171,4.068484656538447e-05,31508.0,60665.0
3172,3.921971835787618e-05,30800.0,57291.0
3173,3.8931913946840216e-05,30539.0,56779.0
3174,3.738719381150119e-05,29245.0,54473.0
3175,3.715414864681278e-05,29566.0,54150.0
3176,3.561324892400962e-05,28209.0,51985.0
3177,3.4225802438064135e-05,27008.0,49818.0
3178,3.2944054032277874e-05,26033.0,47683.0
3179,3.1920183472663216e-05,25094.0,46284.0
3180,3.103384776434008e-05,24217.0,44989.0
3181,3.045760220684551e-05,24004.0,44325.0
3182,2.924462122670501e-05,23054.0,42681.0
3183,2.7116014708799658e-05,20985.0,38788.0
3184,2.6681124415132487e-05,21128.0,38037.0
3185,2.6258968829918236e-05,20563.0,37311.0
3186,2.4562068928566827e-05,19261.0,34751.0
3187,2.2350686805717503e-05,17625.0,31120.0
3188,2.1610800244602932e-05,17077.0,29648.0
3189,2.1364383636038956e-05,16806.0,29286.0
3190,2.092567292983591e-05,16153.0,28748.0
3191,2.0285117094654102e-05,15952.0,27693.0
3192,1.9735614424910662e-05,15335.0,27108.0
3193,1.8526453857306038e-05,14376.0,25419.0
3194,1.7991596102283455e-05,14060.0,24597.0
3195,1.7573260929605077e-05,13801.0,23885.0
3196,1.7088705272971524e-05,13360.0,23527.0
3197,1.64424188189859e-05,12943.0,22735.0
3198,1.4790090397219707e-05,11432.0,20311.0
3199,1.364715031357026e-05,10719.0,19067.0
3200,1.2774186049122687e-05,10064.0,17964.0
3201,1.2140634303589985e-05,9552.0,16866.0
3202,1.168727868266608e-05,9165.0,16153.0
3203,1.116451890067377e-05,8620.0,15390.0
3204,1.0883081843864269e-05,8619.0,14930.0
3205,1.0693971423338428e-05,8359.0,14665.0
3206,1.0532877361409007e-05,8245.0,14488.0
3207,9.95790527475973e-06,7767.0,13569.0
3208,9.628076325829137e-06,7519.0,13068.0
3209,9.43514549276742e-06,7408.0,12906.0
3210,9.08621448115745e-06,7168.0,12478.0
3211,8.776761065751526e-06,6912.0,11995.0
3212,8.462213766964436e-06,6732.0,11502.0
3213,8.277560494397116e-06,6471.0,11271.0
3214,8.006947939772594e-06,6361.0,10806.0
3215,7.863045734254614e-06,6143.0,10598.0
3216,7.737608855993365e-06,5917.0,10448.0
3217,7.231404194989849e-06,5707.0,9671.0
3218,6.842995587175831e-06,5330.0,9019.0
3219,6.584481005581583e-06,5114.0,8698.0
3220,6.478146189999712e-06,4954.0,8528.0
3221,6.348252163779942e-06,4895.0,8384.0
3222,5.9337374036374405e-06,4710.0,7725.0
3223,5.68795753049611e-06,4424.0,7467.0
3224,5.61919010485035e-06,4551.0,7384.0
3225,5.329475487546451e-06,4181.0,7115.0
3226,4.855744333097877e-06,3786.0,6471.0
3227,4.30751513419973e-06,3362.0,5802.0
3228,3.91783305554042e-06,3000.0,5058.0
3229,3.8019472086188598e-06,2939.0,4761.0
3230,2.8563951059896506e-06,2233.0,3450.0
3231,2.5762315200254406e-06,1978.0,3085.0
3232,2.4386966687339196e-06,1923.0,2902.0
3233,2.331088382306757e-06,1872.0,2748.0
3234,2.248949512785432e-06,1770.0,2664.0
3235,9.181724794554339e-07,712.0,1513.0
3236,9.162622731874961e-07,719.0,1510.0
3237,8.092907221829796e-07,638.0,1329.0
3238,8.029233679565202e-07,625.0,1307.0
3239,8.003764262659365e-07,671.0,1293.0
3240,7.908253949262475e-07,624.0,1301.0
3241,7.895519240809556e-07,647.0,1296.0
3242,7.971927491527068e-07,622.0,1321.0
3243,7.819110990092045e-07,604.0,1302.0
3244,7.882784532356637e-07,633.0,1326.0
3245,7.749070093600992e-07,578.0,1323.0
3246,7.787274218959748e-07,593.0,1327.0
3247,7.76817215628037e-07,621.0,1353.0
3248,7.58988623793951e-07,613.0,1348.0
3249,7.77453951050683e-07,587.0,1348.0
3250,7.831845698544964e-07,573.0,1347.0
3251,7.876417178130178e-07,639.0,1350.0
3252,7.870049823903719e-07,603.0,1348.0
3253,7.844580406997882e-07,598.0,1347.0
3254,7.76817215628037e-07,652.0,1321.0
3255,7.857315115450801e-07,601.0,1327.0
3256,7.86368246967726e-07,595.0,1325.0
3257,8.010131616885824e-07,637.0,1358.0
3258,8.073805159150418e-07,611.0,1371.0
3259,8.086539867603337e-07,624.0,1392.0
3260,8.131111347188551e-07,682.0,1386.0
3261,8.016498971112284e-07,577.0,1372.0
3262,7.997396908432906e-07,643.0,1349.0
3263,8.04833574224458e-07,673.0,1356.0
3264,8.05470309647104e-07,625.0,1361.0
3265,8.131111347188551e-07,604.0,1383.0
3266,8.080172513376877e-07,610.0,1377.0
3267,8.073805159150418e-07,590.0,1381.0
3268,8.04833574224458e-07,631.0,1368.0
3269,8.086539867603337e-07,613.0,1369.0
3270,8.13747870141501e-07,654.0,1375.0
3271,8.105641930282715e-07,597.0,1373.0
3272,8.022866325338743e-07,651.0,1365.0
3273,8.010131616885824e-07,683.0,1357.0
3274,7.997396908432906e-07,695.0,1358.0
3275,7.991029554206446e-07,587.0,1361.0
3276,7.901886595036015e-07,627.0,1332.0
3277,7.984662199979987e-07,626.0,1331.0
3278,7.940090720394772e-07,636.0,1304.0
3279,8.035601033791662e-07,603.0,1320.0
3280,7.991029554206446e-07,620.0,1313.0
3281,8.022866325338743e-07,616.0,1318.0
3282,7.933723366168312e-07,574.0,1307.0
3283,7.882784532356637e-07,604.0,1311.0
3284,7.965560137300609e-07,647.0,1321.0
3285,8.05470309647104e-07,643.0,1322.0
3286,8.067437804923959e-07,676.0,1327.0
3287,8.010131616885824e-07,659.0,1328.0
3288,8.131111347188551e-07,626.0,1360.0
3289,8.23935636903836e-07,651.0,1351.0
3290,8.271193140170657e-07,640.0,1350.0
3291,8.2329890148119e-07,635.0,1331.0
3292,8.188417535226685e-07,639.0,1330.0
3293,8.290295202850035e-07,656.0,1339.0
3294,8.315764619755872e-07,651.0,1334.0
3295,8.13747870141501e-07,639.0,1312.0
3296,8.2329890148119e-07,667.0,1323.0
3297,8.213886952132522e-07,633.0,1316.0
3298,8.341234036661709e-07,620.0,1328.0
3299,8.392172870473383e-07,654.0,1329.0
3300,8.621397622625919e-07,695.0,1354.0
3301,8.70417322756989e-07,667.0,1344.0
3302,8.659601747984675e-07,673.0,1325.0
3303,8.89519385436367e-07,735.0,1313.0
3304,8.958867396628263e-07,714.0,1301.0
3305,1.910843003360442e-06,1518.0,4060.0
3306,1.9337654785756956e-06,1547.0,4069.0
3307,1.939496097379509e-06,1434.0,4090.0
3308,1.9528675412550732e-06,1532.0,4100.0
3309,1.957324689213595e-06,1468.0,4117.0
3310,1.991708402036475e-06,1539.0,4147.0
3311,2.00507984591204e-06,1607.0,4162.0
3312,2.032459469085815e-06,1486.0,4176.0
3313,2.0521982671878386e-06,1524.0,4218.0
3314,2.0566554151463604e-06,1549.0,4216.0
3315,2.0751207424030923e-06,1572.0,4252.0
3316,2.0611125631048817e-06,1597.0,4237.0
3317,2.078941154938968e-06,1612.0,4241.0
3318,2.1031371009995134e-06,1658.0,4256.0
3319,2.1126881323392022e-06,1704.0,4264.0
3320,2.122875899101537e-06,1639.0,4269.0
3321,2.1216024282562453e-06,1654.0,4246.0
3322,2.141341226358269e-06,1754.0,4261.0
3323,2.163626966150877e-06,1644.0,4260.0
3324,2.1840024996755465e-06,1816.0,4258.0
3325,2.1961004727058195e-06,1696.0,4263.0
3326,2.2253903021475325e-06,1750.0,4258.0
3327,2.255316867011891e-06,1761.0,4280.0
3328,2.2616842212383505e-06,1715.0,4272.0
3329,2.265504633774226e-06,1775.0,4258.0
3330,2.3088026425141493e-06,1818.0,4306.0
3331,2.3253577635029436e-06,1831.0,4308.0
3332,2.339365942801154e-06,1814.0,4312.0
3333,2.3533741220993647e-06,1873.0,4332.0
3334,2.385847628654307e-06,1906.0,4366.0
3335,2.4036762204883934e-06,1860.0,4356.0
3336,2.421504812322479e-06,1832.0,4361.0
3337,2.4577987314132976e-06,1923.0,4388.0
3338,2.478174264937967e-06,1986.0,4367.0
3339,2.4979130630399913e-06,2044.0,4389.0
3340,2.546304955161082e-06,1980.0,4407.0
3341,2.572411107489565e-06,2057.0,4432.0
3342,2.618892793342718e-06,2043.0,4450.0
3343,2.629717295527699e-06,2098.0,4469.0
3344,2.639905062290034e-06,2086.0,4475.0
3345,2.649456093629723e-06,2018.0,4492.0
3346,2.657096918701474e-06,2084.0,4505.0
3347,2.6838398064526034e-06,2212.0,4518.0
3348,2.7156765775848997e-06,2223.0,4531.0
3349,2.762794998860699e-06,2110.0,4572.0
3350,2.7946317699929956e-06,2220.0,4580.0
3351,2.8086399492912058e-06,2211.0,4607.0
3352,2.895235966771053e-06,2262.0,4656.0
3353,2.9232523253674736e-06,2210.0,4680.0
3354,2.9353502983977466e-06,2366.0,4682.0
3355,2.967187069530043e-06,2358.0,4691.0
3356,2.986925867632067e-06,2372.0,4691.0
3357,3.0060279303114447e-06,2272.0,4723.0
3358,3.092623947791292e-06,2449.0,4759.0
3359,3.1524770775200093e-06,2487.0,4806.0
3360,3.193864879991995e-06,2490.0,4836.0
3361,3.1989587633731623e-06,2576.0,4833.0
3362,3.2136036780940186e-06,2445.0,4840.0
3363,3.2486241263395448e-06,2563.0,4878.0
3364,3.29319560592476e-06,2608.0,4921.0
3365,3.358142619034645e-06,2692.0,4942.0
3366,2.7939950345703495e-06,2297.0,3537.0
3367,2.706125546245211e-06,2183.0,3307.0
3368,2.573047842912211e-06,2126.0,2843.0
3369,2.5966070535501105e-06,2110.0,2708.0
3370,2.6061580848897998e-06,2090.0,2596.0
3371,2.617619322497426e-06,2012.0,2411.0
3372,2.6647377437732253e-06,2077.0,2427.0
3373,2.6691948917317467e-06,2075.0,2368.0
3374,2.6921173669470003e-06,2067.0,2341.0
3375,2.7284112860378184e-06,2166.0,2345.0
3376,2.751970496675718e-06,2212.0,2390.0
3377,2.78762768034389e-06,2207.0,2392.0
3378,2.8035460659100387e-06,2124.0,2407.0
3379,2.8780441103596124e-06,2316.0,2438.0
3380,2.939807446356268e-06,2271.0,2587.0
3381,3.0085748720020284e-06,2347.0,2681.0
3382,3.059513705813703e-06,2384.0,2747.0
3383,3.0684280017307463e-06,2341.0,2758.0
3384,3.126370925191526e-06,2386.0,2808.0
3385,3.1441995170256123e-06,2464.0,2834.0
3386,3.2078730592902054e-06,2563.0,2859.0
3387,3.2269751219695834e-06,2530.0,2862.0
3388,3.2524445388754204e-06,2597.0,2892.0
3389,3.256901686833942e-06,2623.0,2905.0
3390,3.267089453596277e-06,2626.0,2948.0
3391,3.3103874623362002e-06,2637.0,3000.0
3392,3.324395641634411e-06,2565.0,3064.0
3393,3.3447711751590807e-06,2644.0,3092.0
3394,3.3473181168496644e-06,2668.0,3092.0
3395,3.4008038923519225e-06,2552.0,3140.0
3396,3.455563138699473e-06,2693.0,3199.0
3397,3.519236680964066e-06,2793.0,3252.0
3398,3.5631714251266353e-06,2782.0,3287.0
3399,3.586093900341889e-06,2915.0,3319.0
3400,3.624298025700645e-06,2850.0,3382.0
3401,3.6281184382365206e-06,2806.0,3389.0
3402,3.6561347968329413e-06,2960.0,3450.0
3403,3.7236287516334104e-06,2913.0,3537.0
3404,3.732543047550453e-06,2999.0,3544.0
3405,3.7796614688262522e-06,2875.0,3577.0
3406,3.8337839797511565e-06,3003.0,3626.0
3407,3.889179961521353e-06,2997.0,3696.0
3408,4.00379233759762e-06,3056.0,3761.0
3409,4.01015969182408e-06,3111.0,3790.0
3410,4.040722992111085e-06,3149.0,3804.0
3411,4.056641377677232e-06,3184.0,3815.0
3412,4.083384265428362e-06,3217.0,3831.0
3413,4.1056700052209696e-06,2995.0,3838.0
3414,4.130502686704161e-06,3186.0,3905.0
3415,4.145147601425017e-06,3244.0,3913.0
3416,4.189082345587587e-06,3239.0,3968.0
3417,4.253392623274826e-06,3310.0,4177.0
3418,4.254029358697472e-06,3275.0,4273.0
3419,4.2635803900371606e-06,3355.0,4306.0
3420,4.284592658984477e-06,3327.0,4342.0
3421,4.294143690324165e-06,3461.0,4373.0
3422,4.319613107230003e-06,3330.0,4391.0
3423,4.327890667724399e-06,3420.0,4404.0
3424,4.4144866852042465e-06,3527.0,4492.0
3425,4.399205035060744e-06,3470.0,4498.0
3426,4.3972948287928064e-06,3492.0,4490.0
3427,4.456511223098878e-06,3437.0,4566.0
3428,4.463515312747983e-06,3527.0,4621.0
3429,4.494078613034988e-06,3535.0,4682.0
3430,4.495988819302926e-06,3549.0,4664.0
3431,4.475613285778256e-06,3553.0,4677.0
3432,4.4972622901482176e-06,3532.0,4726.0
3433,4.4698826669744426e-06,3378.0,4712.0
3434,4.508723527755844e-06,3591.0,4747.0
3435,4.5488378593825385e-06,3564.0,4789.0
3436,4.56411950952604e-06,3584.0,4840.0
3437,4.625882845522696e-06,3635.0,4901.0
3438,4.641164495666198e-06,3620.0,4948.0
3439,4.639891024820906e-06,3652.0,4962.0
3440,4.632250199749155e-06,3607.0,4945.0
3441,4.6106011953791935e-06,3624.0,4939.0
3442,4.617605285028299e-06,3559.0,4971.0
3443,4.580037895092189e-06,3610.0,4959.0
3444,4.607417518265964e-06,3557.0,4982.0
3445,4.608690989111256e-06,3607.0,5029.0
3446,4.590225661854524e-06,3529.0,5030.0
3447,4.60168689946215e-06,3652.0,5035.0
3448,4.6309767289038634e-06,3683.0,5069.0
3449,4.592135868122461e-06,3645.0,5093.0
3450,4.576854217978959e-06,3500.0,5163.0
3451,4.546290917691955e-06,3515.0,5142.0
3452,4.552658271918414e-06,3421.0,5137.0
3453,4.562846038680749e-06,3673.0,5148.0
3454,4.563482774103395e-06,3648.0,5183.0
3455,4.577490953401605e-06,3507.0,5202.0
3456,4.53291947381639e-06,3466.0,5176.0
3457,4.541197034310787e-06,3524.0,5223.0
3458,4.527188855012576e-06,3552.0,5208.0
3459,4.537376621774911e-06,3600.0,5250.0
3460,4.491531671344404e-06,3451.0,5282.0
3461,4.516364352827595e-06,3595.0,5285.0
3462,4.501082702684094e-06,3446.0,5342.0
3463,4.499172496416155e-06,3587.0,5434.0
3464,4.525915384167285e-06,3525.0,5488.0
3465,4.511270469446428e-06,3621.0,5544.0
3466,4.501082702684094e-06,3521.0,5593.0
3467,4.484527581695299e-06,3404.0,5554.0
3468,4.4590581647894615e-06,3505.0,5524.0
3469,4.475613285778256e-06,3564.0,5555.0
3470,4.391564209988993e-06,3530.0,5493.0
3471,4.371825411886969e-06,3342.0,5487.0
3472,4.315155959271481e-06,3539.0,5421.0
3473,4.276315098490079e-06,3219.0,5423.0
3474,4.319613107230003e-06,3523.0,5512.0
3475,4.262306919191868e-06,3307.0,5535.0
3476,4.313882488426189e-06,3366.0,5654.0
3477,4.2839559235618305e-06,3277.0,5693.0
3478,4.260396712923931e-06,3275.0,5676.0
3479,4.264217125459807e-06,3299.0,5654.0
3480,4.2667640671503904e-06,3379.0,5618.0
3481,4.2737681567994955e-06,3236.0,5640.0
3482,4.2151884979160695e-06,3285.0,5578.0
3483,4.2362007668633856e-06,3288.0,5592.0
3484,4.2393844439766155e-06,3331.0,5585.0
3485,4.253392623274826e-06,3399.0,5685.0
3486,4.2667640671503904e-06,3289.0,5837.0
3487,4.261033448346577e-06,3469.0,5971.0
3488,4.186535403897003e-06,3214.0,5979.0
3489,4.155335368187352e-06,3202.0,5996.0
3490,4.161702722413812e-06,3296.0,6017.0
3491,4.161702722413812e-06,3305.0,5989.0
3492,4.1776211079799596e-06,3301.0,6012.0
3493,4.189719081010232e-06,3299.0,6129.0
3494,4.138143511775912e-06,3182.0,6181.0
3495,4.134323099240036e-06,3258.0,6232.0
3496,4.14005371804385e-06,3138.0,6402.0
3497,4.080200588315132e-06,3129.0,6375.0
3498,4.026714812812874e-06,3142.0,6345.0
3499,3.919106526385711e-06,3027.0,6307.0
3500,3.9197432618083575e-06,3112.0,6317.0
3501,3.9025514053969174e-06,3002.0,6398.0
3502,3.9229269389215865e-06,3004.0,6440.0
3503,3.941392266178319e-06,3037.0,6529.0
3504,3.905098347087501e-06,3062.0,6520.0
3505,3.869441163419329e-06,2996.0,6478.0
3506,3.873261575955204e-06,2980.0,6533.0
3507,3.861800338347578e-06,2883.0,6573.0
3508,3.827416625524697e-06,3029.0,6587.0
3509,3.824869683834113e-06,3065.0,6608.0
3510,3.8165921233397165e-06,3043.0,6636.0
3511,3.8165921233397165e-06,3042.0,6637.0
3512,3.8076778274226734e-06,2998.0,6614.0
3513,3.85989013207964e-06,3067.0,6704.0
3514,3.8821758718722475e-06,3025.0,6794.0
3515,3.793669648124463e-06,2992.0,6746.0
3516,3.780934939671544e-06,2944.0,6729.0
3517,3.780298204248898e-06,2930.0,6756.0
3518,3.7363634600863287e-06,2962.0,6708.0
3519,3.715987926561659e-06,2863.0,6693.0
3520,3.6924287159237594e-06,2947.0,6677.0
3521,3.6822409491614244e-06,2805.0,6684.0
3522,3.670779711553798e-06,2814.0,6757.0
3523,3.6714164469764438e-06,2969.0,6843.0
3524,3.670779711553798e-06,2803.0,6922.0
3525,3.639579675844147e-06,2799.0,6887.0
3526,3.630665379927104e-06,2856.0,6925.0
3527,3.621114348587415e-06,2819.0,6997.0
3528,3.5810000169607214e-06,2752.0,7014.0
3529,3.5638081605492814e-06,2787.0,7056.0
3530,3.538338743643444e-06,2738.0,7031.0
3531,3.5084121787790853e-06,2802.0,7048.0
3532,3.4982244120167504e-06,2654.0,7035.0
3533,3.5154162684281904e-06,2789.0,7069.0
3534,3.512232591314961e-06,2804.0,7167.0
3535,3.4765754076467886e-06,2670.0,7151.0
3536,3.473391730533559e-06,2614.0,7098.0
3537,3.4676611117297455e-06,2733.0,7109.0
3538,3.455563138699473e-06,2699.0,7178.0
3539,3.428183515525698e-06,2661.0,7232.0
3540,3.3963467443934012e-06,2653.0,7199.0
3541,3.3651467086837506e-06,2621.0,7182.0
3542,3.352412000230832e-06,2647.0,7169.0
3543,3.3670569149516882e-06,2673.0,7229.0
3544,3.3549589419214157e-06,2741.0,7212.0
3545,3.3377670855099756e-06,2609.0,7201.0
3546,3.314844610294722e-06,2659.0,7277.0
3547,3.2989262247285734e-06,2625.0,7328.0
3548,3.2747302786680283e-06,2539.0,7308.0
3549,3.2798241620491958e-06,2540.0,7366.0
3550,3.284281310007717e-06,2609.0,7387.0
3551,3.3001996955738653e-06,2638.0,7441.0
3552,3.2428935075357316e-06,2609.0,7410.0
3553,3.2339792116186885e-06,2647.0,7433.0
3554,3.18367711322966e-06,2465.0,7338.0
3555,3.151840342097363e-06,2521.0,7330.0
3556,3.1499301358294255e-06,2521.0,7412.0
3557,3.1212770418103587e-06,2433.0,7361.0
3558,3.1441995170256123e-06,2459.0,7457.0
3559,3.1804934361164304e-06,2530.0,7627.0
3560,3.16330157970499e-06,2365.0,7601.0
3561,3.1613913734370523e-06,2444.0,7655.0
3562,3.12891786688211e-06,2519.0,7557.0
3563,3.145472987870904e-06,2404.0,7640.0
3564,3.154387283787947e-06,2544.0,7663.0
3565,3.1308280731500475e-06,2397.0,7644.0
3566,3.1212770418103587e-06,2433.0,7723.0
3567,3.0773422976477894e-06,2427.0,7626.0
3568,3.0741586205345595e-06,2382.0,7625.0
3569,3.0646075891948707e-06,2382.0,7635.0
3570,3.0626973829269327e-06,2429.0,7682.0
3571,3.0442320556702008e-06,2415.0,7681.0
3572,2.9799217779829616e-06,2390.0,7605.0
3573,2.995203428126464e-06,2422.0,7636.0
3574,3.0474157327834307e-06,2420.0,7760.0
3575,3.0493259390513682e-06,2392.0,7837.0
3576,3.0219463158775933e-06,2310.0,7815.0
3577,2.948721742273311e-06,2291.0,7719.0
3578,2.9162482357183685e-06,2329.0,7536.0
3579,2.826468541125292e-06,2235.0,7545.0
3580,2.8538481642990673e-06,2296.0,7623.0
3581,2.863399195638756e-06,2253.0,7735.0
3582,2.8665828727519856e-06,2192.0,7813.0
3583,2.8302889536611675e-06,2269.0,7744.0
3584,2.799088917951517e-06,2186.0,7609.0
3585,2.7812603261174308e-06,2291.0,7501.0
3586,2.7863542094985982e-06,2217.0,7566.0
3587,2.77043582393245e-06,2155.0,7565.0
3588,2.7927215637250576e-06,2208.0,7602.0
3589,2.790174622034474e-06,2158.0,7601.0
3590,2.751970496675718e-06,2178.0,7576.0
3591,2.7653419405512826e-06,2242.0,7642.0
3592,2.7768031781589094e-06,2169.0,7707.0
3593,2.7449664070266127e-06,2196.0,7713.0
3594,2.755790909211594e-06,2199.0,7718.0
3595,2.743056200758675e-06,2110.0,7698.0
3596,2.752607232098364e-06,2180.0,7729.0
3597,2.806729743023268e-06,2253.0,7991.0
3598,2.800362388796809e-06,2219.0,8007.0
3599,2.751970496675718e-06,2148.0,7886.0
3600,2.7647052051286365e-06,2134.0,7912.0
3601,2.761521528015407e-06,2218.0,7942.0
3602,2.760248057170115e-06,2132.0,7978.0
3603,2.7589745863248233e-06,2252.0,8044.0
3604,2.7385990528001534e-06,2146.0,7969.0
3605,2.706125546245211e-06,2098.0,7885.0
3606,2.7086724879357946e-06,2100.0,7865.0
3607,2.723954138079297e-06,2191.0,7886.0
3608,2.751970496675718e-06,2244.0,7965.0
3609,2.7284112860378184e-06,2025.0,7955.0
3610,2.7398725236454452e-06,2196.0,8060.0
3611,2.687660218988479e-06,2140.0,8013.0
3612,2.7214071963887133e-06,2088.0,8100.0
3613,2.7194969901207753e-06,2217.0,8041.0
3614,2.669831627154393e-06,2069.0,7929.0
3615,2.725227608924589e-06,2103.0,8139.0
3616,2.733505169418986e-06,2138.0,8189.0
3617,2.7156765775848997e-06,2098.0,8182.0
3618,2.7201337255434215e-06,2177.0,8155.0
3619,2.7296847568831103e-06,2125.0,8232.0
3620,2.734141904841632e-06,2225.0,8174.0
3621,2.7315949631510483e-06,2164.0,8206.0
3622,2.7290480214604645e-06,2114.0,8334.0
3623,2.722043931811359e-06,2077.0,8352.0
3624,2.722680667234005e-06,2135.0,8319.0
3625,2.7971787116835794e-06,2216.0,8462.0
3626,2.7838072678080145e-06,2152.0,8482.0
3627,2.7914480928797657e-06,2192.0,8529.0
3628,2.7736195010456796e-06,2186.0,8513.0
3629,2.760884792592761e-06,2127.0,8467.0
3630,2.7768031781589094e-06,2219.0,8508.0
3631,2.735415375686924e-06,2105.0,8458.0
3632,2.7589745863248233e-06,2127.0,8477.0
3633,2.7506970258304263e-06,2187.0,8449.0
3634,2.7570643800568857e-06,2141.0,8437.0
3635,2.7939950345703495e-06,2235.0,8541.0
3636,2.7959052408382875e-06,2233.0,8577.0
3637,2.8156440389403112e-06,2156.0,8578.0
3638,2.7952685054156413e-06,2191.0,8546.0
3639,2.797815447106225e-06,2184.0,8554.0
3640,2.8411134558461486e-06,2164.0,8683.0
3641,2.8213746577441244e-06,2221.0,8620.0
3642,2.8188277160535407e-06,2207.0,8639.0
3643,2.880591052050196e-06,2203.0,8933.0
3644,2.876133904091675e-06,2247.0,8888.0
3645,2.883774729163426e-06,2179.0,8911.0
3646,2.8869584062766555e-06,2244.0,8883.0
3647,2.8965094376163448e-06,2141.0,8877.0
3648,2.9162482357183685e-06,2331.0,9036.0
3649,2.883774729163426e-06,2269.0,8954.0
3650,2.9378972400883303e-06,2241.0,9011.0
3651,2.940444181778914e-06,2286.0,9155.0
3652,2.9525421548091866e-06,2317.0,9178.0
3653,2.9264360024807035e-06,2221.0,9114.0
3654,2.930893150439225e-06,2364.0,9153.0
3655,3.006664665734091e-06,2441.0,9396.0
3656,2.976738100869732e-06,2427.0,9322.0
3657,2.9805585134056077e-06,2288.0,9246.0
3658,2.983742190518837e-06,2310.0,9233.0
3659,3.0009340469302776e-06,2391.0,9272.0
3660,3.0353177597531577e-06,2319.0,9380.0
3661,3.0219463158775933e-06,2430.0,9321.0
3662,3.0455055265154926e-06,2349.0,9377.0
3663,3.086893328987478e-06,2453.0,9484.0
3664,3.137832162799153e-06,2432.0,9606.0
3665,3.1149096875838993e-06,2420.0,9538.0
3666,3.1301913377274018e-06,2444.0,9586.0
3667,3.1301913377274018e-06,2527.0,9586.0
3668,3.1295546023047556e-06,2424.0,9565.0
3669,3.1180933646971288e-06,2464.0,9538.0
3670,3.163938315127636e-06,2462.0,9632.0
3671,3.174126081889971e-06,2470.0,9622.0
3672,3.2384363595772102e-06,2637.0,9909.0
3673,3.2428935075357316e-06,2559.0,9909.0
3674,3.2893751933888846e-06,2594.0,10030.0
3675,3.303383372687095e-06,2589.0,10051.0
3676,3.326305847902349e-06,2545.0,10064.0
3677,3.3396772917779132e-06,2671.0,10099.0
3678,3.416085542495425e-06,2716.0,10255.0
3679,3.404624304887798e-06,2644.0,10220.0
3680,3.4574733449674105e-06,2601.0,10340.0
3681,3.462567228348578e-06,2698.0,10383.0
3682,3.44664884278243e-06,2705.0,10343.0
3683,3.4326406634842193e-06,2764.0,10265.0
3684,3.42945698637099e-06,2683.0,10315.0
3685,3.4020773631972144e-06,2649.0,10278.0
3686,3.40589777573309e-06,2646.0,10303.0
3687,3.4084447174236738e-06,2628.0,10303.0
3688,3.3575058836119994e-06,2572.0,10091.0
3689,3.4186324841860087e-06,2718.0,10298.0
3690,3.4097181882689656e-06,2680.0,10296.0
3691,3.4307304572162817e-06,2638.0,10364.0
3692,3.435187605174803e-06,2635.0,10378.0
3693,3.433914134329511e-06,2785.0,10386.0
3694,3.416085542495425e-06,2732.0,10305.0
3695,3.426910044680406e-06,2714.0,10291.0
3696,3.4619304929259323e-06,2630.0,10460.0
3697,3.5402489499113816e-06,2781.0,10662.0
3698,3.5459795687151952e-06,2799.0,10740.0
3699,3.5529836583643003e-06,2918.0,10828.0
3700,3.5867306357645346e-06,2812.0,10966.0
3701,3.567628573085157e-06,2678.0,10845.0
3702,3.5810000169607214e-06,2846.0,10906.0
3703,3.5880041066098265e-06,2881.0,10969.0
3704,3.5981918733721615e-06,2793.0,11013.0
3705,3.6663225635952763e-06,2841.0,11192.0
3706,3.6287551736591663e-06,2842.0,11077.0
3707,3.649767442606482e-06,2820.0,11102.0
3708,3.6593184739461712e-06,2932.0,11052.0
3709,3.6625021510594007e-06,2938.0,11043.0
3710,3.640853146689439e-06,2827.0,10946.0
3711,3.6268449673912288e-06,2908.0,10969.0
3712,3.64849397176119e-06,2871.0,11021.0
3713,3.594371460836286e-06,2759.0,10809.0
3714,3.613473523515664e-06,2920.0,10827.0
3715,3.687971567965238e-06,2845.0,11115.0
3716,3.6593184739461712e-06,2815.0,11067.0
3717,3.6816042137387787e-06,2876.0,11104.0
3718,3.7280858995919317e-06,2971.0,11266.0
3719,3.7930329127018167e-06,3024.0,11648.0
3720,3.7962165898150466e-06,2970.0,11640.0
3721,3.7796614688262522e-06,2940.0,11523.0
3722,3.790485971011233e-06,2948.0,11570.0
3723,3.760559406146874e-06,2899.0,11555.0
3724,3.791759441856525e-06,3056.0,11623.0
3725,3.792396177279171e-06,2936.0,11641.0
3726,3.81595538791707e-06,2970.0,11724.0
3727,3.8146819170717784e-06,3058.0,11674.0
3728,3.828053360947343e-06,3091.0,11667.0
3729,3.88790649067606e-06,3003.0,11929.0
3730,3.956037180899175e-06,3143.0,12071.0
3731,3.9522167683633e-06,3064.0,12102.0
3732,3.98978415829941e-06,3085.0,12199.0
3733,3.985963745763534e-06,3066.0,12178.0
3734,3.930567763993338e-06,3116.0,11939.0
3735,3.956037180899175e-06,3148.0,12023.0
3736,4.049000552605481e-06,3229.0,12325.0
3737,4.043906669224314e-06,3183.0,12319.0
3738,4.04135972753373e-06,3185.0,12299.0
3739,4.015890310627893e-06,3208.0,12164.0
3740,4.091025090500113e-06,3215.0,12354.0
3741,4.072559763243381e-06,3278.0,12357.0
3742,4.0948455030359885e-06,3208.0,12400.0
3743,4.095482238458635e-06,3159.0,12447.0
3744,4.100576121839802e-06,3355.0,12488.0
3745,4.1120373594474285e-06,3330.0,12457.0
3746,4.075106704933965e-06,3204.0,12314.0
3747,4.178894578825252e-06,3247.0,12680.0
3748,4.159792516145873e-06,3363.0,12648.0
3749,4.164249664104395e-06,3309.0,12628.0
3750,4.147057807692955e-06,3276.0,12559.0
3751,4.151514955651477e-06,3212.0,12601.0
3752,4.161065986991166e-06,3284.0,12625.0
3753,4.1604292515685195e-06,3357.0,12606.0
3754,4.171253753753501e-06,3289.0,12727.0
3755,4.130502686704161e-06,3118.0,12603.0
3756,4.108216946911553e-06,3261.0,12547.0
3757,4.082747530005716e-06,3286.0,12468.0
3758,4.131776157549452e-06,3272.0,12605.0
3759,4.2050007311537346e-06,3313.0,12850.0
3760,4.2151884979160695e-06,3330.0,12908.0
3761,4.226649735523697e-06,3318.0,13025.0
3762,4.250208946161596e-06,3287.0,13067.0
3763,4.162976193259103e-06,3214.0,12643.0
3764,4.166159870372333e-06,3228.0,12654.0
3765,4.183988462206419e-06,3330.0,12785.0
3766,4.184625197629065e-06,3248.0,12841.0
3767,4.17443743086673e-06,3319.0,12860.0
3768,4.152788426496768e-06,3269.0,12750.0
3769,4.134959834662682e-06,3168.0,12721.0
3770,4.154698632764706e-06,3258.0,12861.0
3771,4.200543583195213e-06,3280.0,12906.0
3772,4.224739529255758e-06,3380.0,12937.0
3773,4.245115062780428e-06,3338.0,13000.0
3774,4.243204856512491e-06,3321.0,12997.0
3775,4.297964102860041e-06,3389.0,13056.0
3776,4.3495396720943615e-06,3399.0,13164.0
3777,4.361637645124634e-06,3460.0,13207.0
3778,4.511907204869074e-06,3541.0,13689.0
3779,4.585768513896002e-06,3678.0,13954.0
3780,4.623335903832112e-06,3591.0,14037.0
3781,4.6309767289038634e-06,3614.0,14019.0
3782,4.663450235458806e-06,3656.0,14063.0
3783,4.793344261678576e-06,3662.0,14466.0
3784,4.804168763863557e-06,3706.0,14489.0
3785,4.8372790058411454e-06,3767.0,14566.0
3786,4.8544708622525855e-06,3780.0,14626.0
3787,4.907956637754844e-06,3904.0,14714.0
3788,4.890128045920758e-06,3857.0,14656.0
3789,4.9920057135441065e-06,3957.0,14957.0
3790,4.99455265523469e-06,3888.0,14850.0
3791,4.973540386287375e-06,3905.0,14783.0
3792,5.048038430736949e-06,3971.0,14965.0
3793,5.064593551725743e-06,4027.0,14966.0
3794,5.0983405291259774e-06,4074.0,14978.0
3795,5.166471219349092e-06,4044.0,15106.0
3796,5.107891560465666e-06,4006.0,14934.0
3797,5.1709283673076136e-06,3947.0,14996.0
3798,5.211042698934307e-06,4113.0,15086.0
3799,5.27789991831213e-06,4225.0,15338.0
3800,5.28108359542536e-06,4209.0,15388.0
3801,5.2982754518368e-06,4094.0,15376.0
3802,5.333295900082326e-06,4166.0,15417.0
3803,5.354308169029642e-06,4008.0,15376.0
3804,5.46255319087945e-06,4187.0,15624.0
3805,5.515402230959063e-06,4391.0,15713.0
3806,5.528773674834628e-06,4389.0,15643.0
3807,5.531957351947857e-06,4341.0,15583.0
3808,5.57207168357455e-06,4391.0,15563.0
3809,5.675222822043191e-06,4563.0,15750.0
3810,5.681590176269651e-06,4490.0,15574.0
3811,5.8203984984064645e-06,4477.0,15798.0
3812,5.872610803063431e-06,4671.0,15968.0
3813,5.942014964131837e-06,4682.0,16096.0
3814,6.045166102600478e-06,4649.0,16270.0
3815,6.052806927672229e-06,4786.0,16292.0
3816,6.06363142985721e-06,4751.0,16270.0
3817,6.038798748374019e-06,4633.0,16141.0
3818,6.055353869362813e-06,4758.0,16174.0
3819,6.192888720654335e-06,4918.0,16476.0
3820,6.303680684194726e-06,4971.0,16570.0
3821,6.3221460114514585e-06,4972.0,16530.0
3822,6.359076665964922e-06,4944.0,16516.0
3823,6.361623607655506e-06,5002.0,16463.0
3824,6.513166638245238e-06,5040.0,16725.0
3825,6.571746297128664e-06,5099.0,16840.0
3826,6.575566709664539e-06,5092.0,16793.0
3827,6.5214441987396355e-06,5014.0,16510.0
3828,6.584481005581583e-06,5124.0,16570.0
3829,6.75703630511863e-06,5221.0,16913.0
3830,6.750032215469525e-06,5261.0,16873.0
3831,6.867828268659022e-06,5328.0,16988.0
3832,7.030195801433735e-06,5531.0,17285.0
3833,7.075404016441596e-06,5510.0,17216.0
3834,7.286800176760045e-06,5761.0,17584.0
3835,7.40969011333071e-06,5843.0,17762.0
3836,7.448530974112112e-06,5936.0,17792.0
3837,7.556775995961921e-06,5944.0,17857.0
3838,7.492465718274682e-06,5790.0,17528.0
3839,7.663110811543792e-06,6017.0,17852.0
3840,7.812743635865585e-06,6161.0,18249.0
3841,7.93881724954948e-06,6113.0,18429.0
3842,7.974474433217652e-06,6301.0,18369.0
3843,8.006947939772594e-06,6249.0,18343.0
3844,8.2329890148119e-06,6506.0,18595.0
3845,8.357789157650504e-06,6466.0,18720.0
3846,8.566001640855722e-06,6725.0,19287.0
3847,8.566638376278369e-06,6739.0,19292.0
3848,8.592107793184206e-06,6765.0,19273.0
3849,8.677430339818761e-06,6788.0,19317.0
3850,8.883732616756043e-06,6984.0,19549.0
3851,9.068385889323363e-06,7064.0,19836.0
3852,9.097675718765077e-06,7141.0,19780.0
3853,9.099585925033014e-06,7194.0,19832.0
3854,9.164532938142899e-06,7166.0,19890.0
3855,9.233937099211305e-06,7234.0,20046.0
3856,9.410949546706874e-06,7422.0,20242.0
3857,9.561219106451314e-06,7478.0,20459.0
3858,9.810182656705874e-06,7802.0,21126.0
3859,9.912697059751868e-06,7815.0,21201.0
3860,1.0339309792924644e-05,8018.0,21968.0
3861,1.0559620249160136e-05,8243.0,22339.0
3862,1.0824502184980844e-05,8458.0,22989.0
3863,1.0893269610626604e-05,8438.0,23190.0
3864,1.1094478004182718e-05,8657.0,23450.0
3865,1.1176616873704044e-05,8793.0,23649.0
3866,1.1177890344549336e-05,8609.0,23571.0
3867,1.1605776548567403e-05,9134.0,24441.0
3868,1.1905678932633636e-05,9394.0,24835.0
3869,1.1961074914403832e-05,9345.0,24764.0
3870,1.2056585227800722e-05,9485.0,24727.0
3871,1.2073777084212163e-05,9317.0,24528.0
3872,1.228389977368532e-05,9738.0,24887.0
3873,1.2303001836364698e-05,9731.0,24886.0
3874,1.2536683736475756e-05,9928.0,25187.0
3875,1.2583802157751553e-05,9915.0,25173.0
3876,1.2841680003923156e-05,10050.0,25383.0
3877,1.3461860305580293e-05,10561.0,26339.0
3878,1.3684080968083724e-05,10653.0,27010.0
3879,1.3917126132772135e-05,10785.0,27318.0
3880,1.4061028338290115e-05,11039.0,27190.0
3881,1.4068669163361867e-05,11009.0,27150.0
3882,1.4727053590377761e-05,11570.0,28485.0
3883,1.476334750946858e-05,11498.0,28463.0
3884,1.5316670591747893e-05,11942.0,29463.0
3885,1.6209373654297492e-05,12606.0,31355.0
3886,1.6897047910755097e-05,13074.0,32787.0
3887,1.7141554313051135e-05,13499.0,33363.0
3888,1.7158746169462576e-05,13356.0,33549.0
3889,1.738160356738865e-05,13583.0,34047.0
3890,1.7730534578998623e-05,14105.0,34498.0
3891,1.775727746674975e-05,13990.0,34513.0
3892,1.7875710255361893e-05,14101.0,34681.0
3893,1.884991545201017e-05,14735.0,36676.0
3894,1.9237050588978897e-05,14864.0,37252.0
3895,1.9524855000014857e-05,15166.0,37480.0
3896,1.9663026586729025e-05,15250.0,37664.0
3897,2.027747626958235e-05,15842.0,38936.0
3898,2.0354521255722507e-05,16026.0,39150.0
3899,2.0425198887636207e-05,15982.0,39280.0
3900,2.0471043838066712e-05,16129.0,39320.0
3901,2.0908481073424468e-05,16397.0,39658.0
3902,2.1270783528910005e-05,16622.0,40099.0
3903,2.1918980189163562e-05,17394.0,41572.0
3904,2.248121756735992e-05,17823.0,43103.0
3905,2.256590337857183e-05,17696.0,43257.0
3906,2.2742279090644753e-05,17644.0,43499.0
3907,2.3187993886496903e-05,17964.0,44445.0
3908,2.4295913521900825e-05,19130.0,46880.0
3909,2.482313045185166e-05,19353.0,47965.0
3910,2.5261841158054706e-05,19599.0,48592.0
3911,2.519689414494482e-05,19685.0,48434.0
3912,2.5309596314753152e-05,19485.0,48565.0
3913,2.5786511146314955e-05,20338.0,49464.0
3914,2.62016626418801e-05,20637.0,50408.0
3915,2.6947916557221133e-05,21415.0,51529.0
3916,2.685431645009218e-05,21165.0,51545.0
3917,2.7023688072516e-05,21290.0,51813.0
3918,2.9519054193865405e-05,23024.0,57665.0
3919,2.9418449997087348e-05,23269.0,57893.0
3920,3.007874463037118e-05,23476.0,59298.0
3921,3.134202770890071e-05,24616.0,61801.0
3922,3.115355402379751e-05,24867.0,63462.0
3923,3.126370925191526e-05,24617.0,63834.0
3924,3.1319741969108105e-05,24819.0,64225.0
3925,3.112617440062374e-05,24373.0,65705.0
3926,3.1112166221325525e-05,24640.0,65675.0
3927,3.1666126039027486e-05,24759.0,66139.0
3928,3.158717084661939e-05,24505.0,68366.0
3929,3.207491018036618e-05,25330.0,69642.0
3930,3.3631091553312834e-05,26608.0,73062.0
3931,3.34795485227231e-05,26207.0,74559.0
3932,3.420160649200359e-05,26797.0,76591.0
3933,3.435442299343861e-05,26749.0,76856.0
3934,3.435569646428391e-05,27024.0,78865.0
3935,3.553620393786946e-05,27712.0,81283.0
3936,3.678102168914226e-05,28627.0,84679.0
3937,3.6530147932619765e-05,29017.0,84459.0
3938,3.7557838904770296e-05,29438.0,86843.0
3939,3.827416625524697e-05,30364.0,88394.0
3940,3.815191305409895e-05,29758.0,89978.0
3941,3.911274680687166e-05,30544.0,91240.0
3942,4.008058464929348e-05,31550.0,93281.0
3943,4.001309069449301e-05,31919.0,100254.0
3944,4.023085420903792e-05,31720.0,100425.0
3945,4.157054553828496e-05,32587.0,104032.0
3946,4.164631705357983e-05,32864.0,106540.0
3947,4.205892160745439e-05,33107.0,107451.0
3948,4.292233484056227e-05,33543.0,110276.0
3949,4.269884070721355e-05,33327.0,111846.0
3950,4.2987918589094804e-05,33889.0,112787.0
3951,4.4736394059680536e-05,34937.0,116473.0
3952,4.4554287728803796e-05,35141.0,121267.0
3953,4.613020789985248e-05,36297.0,125236.0
3954,4.6431383754764006e-05,36122.0,126249.0
3955,4.6249914159309913e-05,36477.0,127191.0
3956,4.675675555573608e-05,36408.0,128806.0
3957,4.689301693618231e-05,36976.0,129213.0
3958,4.859692092718282e-05,37818.0,132919.0
3959,5.0308465743255086e-05,39419.0,136897.0
3960,5.132915262575651e-05,39928.0,139447.0
3961,5.1713104085612014e-05,40713.0,140224.0
3962,5.251348051187795e-05,41160.0,142147.0
3963,5.378631462174717e-05,42308.0,146719.0
3964,5.394422500656336e-05,41974.0,147348.0
3965,5.386335960788732e-05,41865.0,147220.0
3966,5.4223115121682273e-05,42795.0,147912.0
3967,5.663188522555184e-05,44419.0,152935.0
3968,5.850643430982146e-05,45882.0,158171.0
3969,5.90559369795649e-05,46226.0,159937.0
3970,5.99320849211257e-05,46683.0,162884.0
3971,6.0358697654298475e-05,47236.0,164107.0
3972,6.11769026723985e-05,48073.0,166634.0
3973,6.102790658349935e-05,47926.0,166577.0
3974,6.20530506139593e-05,48748.0,168930.0
3975,6.358694624711335e-05,49724.0,173587.0
3976,6.363915855177032e-05,50115.0,173765.0
3977,6.406322434325251e-05,50302.0,174718.0
3978,6.469741282420785e-05,50717.0,176513.0
3979,6.62937085287812e-05,52203.0,181591.0
3980,6.753916301547665e-05,52542.0,184243.0
3981,6.825103321799481e-05,53505.0,186586.0
3982,7.25706463252248e-05,56783.0,198498.0
3983,7.301508765023167e-05,57628.0,199992.0
3984,7.39485417798306e-05,57878.0,204180.0
3985,7.535763727014605e-05,58694.0,208672.0
3986,7.560596408497797e-05,59581.0,210109.0
3987,7.578297653247354e-05,59498.0,211124.0
3988,7.566072333132552e-05,59206.0,211116.0
3989,7.624078930135595e-05,59594.0,212693.0
3990,8.124743992962092e-05,63395.0,225559.0
3991,8.180012627647759e-05,64642.0,227166.0
3992,8.554922444501684e-05,67130.0,237063.0
3993,8.785102299788187e-05,69160.0,245877.0
3994,8.833557865451543e-05,69735.0,246193.0
3995,8.843172570333497e-05,69289.0,246544.0
3996,9.055523833785915e-05,71247.0,252702.0
3997,9.103406337568889e-05,71131.0,254603.0
3998,9.132314125757015e-05,71799.0,254955.0
3999,9.098758168983575e-05,71172.0,254175.0
4000,9.362302960416726e-05,73829.0,261285.0
4001,9.556316243696941e-05,74794.0,266394.0
4002,9.712698463498782e-05,76132.0,269599.0
4003,0.00010123583831732202,79446.0,281974.0
4004,0.00010304671385932705,80957.0,286593.0
4005,0.00010493145071035901,82690.0,292669.0
4006,0.00010657040768824963,83594.0,297067.0
4007,0.0001087283040355967,85028.0,303971.0
4008,0.00011101291073205031,87180.0,311983.0
4009,0.00011134210294555825,87101.0,314354.0
4010,0.00011212274057372216,88207.0,316598.0
4011,0.0001130339089635285,88522.0,320337.0
4012,0.00011307593350142312,88622.0,322098.0
4013,0.00011559103842087455,90924.0,325901.0
4014,0.0001173286893892753,92225.0,332577.0
4015,0.00012037610512205874,94399.0,342471.0
4016,0.00012086002404326965,95112.0,341952.0
4017,0.00012247287486883177,96047.0,347195.0
4018,0.00012277659766543389,96458.0,349019.0
4019,0.00012500771858638525,98019.0,352191.0
4020,0.00012537957207321048,98451.0,353135.0
4021,0.00012494277157327536,98000.0,351969.0
4022,0.00012940883382771393,101904.0,366327.0
4023,0.00012924964997205245,101657.0,366065.0
4024,0.00013062054133700912,103220.0,368305.0
4025,0.0001335450671332219,105083.0,375898.0
4026,0.00013356862634385979,104963.0,378754.0
4027,0.0001333871567484057,104936.0,377480.0
4028,0.00013393347574103593,105304.0,378811.0
4029,0.00013536867738367985,105532.0,385552.0
4030,0.0001358615106008078,106804.0,387513.0
4031,0.00013686691583316573,107183.0,388113.0
4032,0.000138772664953145,108597.0,397474.0
4033,0.00014174685611232415,111078.0,410247.0
4034,0.00014395378108721495,112773.0,409006.0
4035,0.00014488532501054593,113834.0,411955.0
4036,0.00014822627577316914,116292.0,422157.0
4037,0.00015109476885218908,118166.0,428649.0
4038,0.00015174169204159734,119050.0,430456.0
4039,0.0001527057094714833,119532.0,433408.0
4040,0.0001550514427685109,121655.0,439710.0
4041,0.00015562705159058283,121932.0,441999.0
4042,0.00015488143441066442,121976.0,439343.0
4043,0.00015604857044037443,122740.0,438305.0
4044,0.00015629180337182517,122427.0,442406.0
4045,0.0001574328332492067,123575.0,444601.0
4046,0.0001597938481963778,125365.0,452594.0
4047,0.0001607686901284487,125996.0,454526.0
4048,0.00016532580554832566,130682.0,471467.0
4049,0.00016477439267231428,129799.0,472925.0
4050,0.00016496413982826277,129667.0,477943.0
4051,0.00016581545508834037,130862.0,482015.0
4052,0.00016650185587395268,130557.0,483802.0
4053,0.00016607205946366668,130011.0,483441.0
4054,0.00016643945580253338,130212.0,483987.0
4055,0.00016710993820257957,131612.0,487127.0
4056,0.00016918442220956,132893.0,494369.0
4057,0.00016900613629121914,132778.0,494350.0
4058,0.0001685636051724802,131636.0,495650.0
4059,0.00016890043821105993,132456.0,497853.0
4060,0.00017176638434838925,134635.0,510467.0
4061,0.00017281827126660034,135298.0,517700.0
4062,0.00017263298125861037,135393.0,517684.0
4063,0.000172910597902884,135932.0,519226.0
4064,0.0001725323770618323,135197.0,517833.0
4065,0.00017246360963618656,135113.0,518793.0
4066,0.00017363074566589654,135494.0,525415.0
4067,0.0001734416352453707,136282.0,526197.0
4068,0.0001737784682839504,136253.0,529489.0
4069,0.00017398413382546503,136395.0,530402.0
4070,0.00017394401949383833,136104.0,531112.0
4071,0.0001735842639800434,136056.0,530725.0
4072,0.00017395548073144597,136212.0,532609.0
4073,0.00017154862083384434,134585.0,525024.0
4074,0.00017383895814910178,136079.0,532273.0
4075,0.00017334039431317,135831.0,529933.0
4076,0.00017541105790761457,137841.0,538507.0
4077,0.000177158259907355,139124.0,546936.0
4078,0.00017809744465575777,139493.0,549332.0
4079,0.00017946387887275592,140699.0,555835.0
4080,0.00017932125013808323,140304.0,556370.0
4081,0.0001757606256546472,137803.0,550970.0
4082,0.00017574216032739047,138130.0,552308.0
4083,0.00017228723392411364,135071.0,544343.0
4084,0.00017290104687154431,135199.0,548619.0
4085,0.00017247570760921683,134959.0,549822.0
4086,0.00017431841992235415,136647.0,558022.0
4087,0.00017351677002524292,135949.0,556091.0
4088,0.00017519775154102818,136748.0,564784.0
4089,0.00017557660911750252,137657.0,568946.0
4090,0.0001751608208865147,137314.0,569001.0
4091,0.00017256357709754196,135268.0,562724.0
4092,0.00017064318306284182,133206.0,559037.0
4093,0.0001692773855812663,132121.0,556502.0
4094,0.00016692146451747635,131001.0,551210.0
4095,0.00016664575807947066,130338.0,555816.0
4096,0.00016500170721819887,129399.0,552827.0
4097,0.00016275275770541344,127678.0,547450.0
4098,0.00016077187380556196,125950.0,540951.0
4099,0.00016007655872403258,125173.0,541019.0
4100,0.00015807275234896586,123903.0,535932.0
4101,0.00015818099737081566,123651.0,535773.0
4102,0.0001572099758512806,123060.0,534099.0
4103,0.00015639813818740705,122555.0,532162.0
4104,0.00015455224219715648,121170.0,528287.0
4105,0.0001528196851121369,120201.0,521083.0
4106,0.00014963473452806196,118005.0,517891.0
4107,0.00014909541962508085,116608.0,518811.0
4108,0.000147811124277604,115463.0,514480.0
4109,0.00014686875585208804,115249.0,516548.0
4110,0.00014455422259077006,112978.0,513595.0
4111,0.00014423712835029238,113375.0,513881.0
4112,0.00014294455544232114,112328.0,512381.0
4113,0.00013848804421922226,108594.0,498461.0
4114,0.0001378423945006593,107811.0,496447.0
4115,0.00013615568236607022,106207.0,494283.0
4116,0.00013322096880309512,105073.0,488861.0
4117,0.00013227605343588855,103582.0,485322.0
4118,0.00013099876217806083,102743.0,485441.0
4119,0.00013041296558922655,102384.0,490294.0
4120,0.00012853841650495694,101032.0,483506.0
4121,0.0001272140068258534,99319.0,483025.0
4122,0.00012613219334277795,98877.0,484955.0
4123,0.0001241169257301036,96938.0,480858.0
4124,0.00011997941895375031,94156.0,466788.0
4125,0.00011774002047230458,92019.0,462448.0
4126,0.00011745794668007242,92421.0,462968.0
4127,0.00011309312535783457,88671.0,456518.0
4128,0.00011019343224310499,86711.0,448654.0
4129,0.00010911798611425601,85843.0,446434.0
4130,0.00010705050619692467,84407.0,441548.0
4131,0.00010468821777890825,82193.0,433601.0
4132,0.0001042838907855281,82007.0,432463.0
4133,0.00010287097488267676,80951.0,430577.0
4134,0.00010155356929322234,79139.0,426654.0
4135,9.945934648813987e-05,77750.0,418446.0
4136,9.787642222744208e-05,76776.0,415842.0
4137,9.546383171103665e-05,74861.0,408891.0
4138,9.490987189333468e-05,74216.0,409450.0
4139,9.019866650117743e-05,71257.0,397005.0
4140,8.860937488625319e-05,69884.0,391293.0
4141,8.649859696018193e-05,67638.0,382134.0
4142,8.445849666602436e-05,66226.0,376041.0
4143,8.317738499566074e-05,65047.0,373149.0
4144,8.276159676467295e-05,64843.0,372114.0
4145,8.09201579223809e-05,63030.0,367087.0
4146,7.995550375707233e-05,63071.0,363778.0
4147,7.773775427999654e-05,60151.0,356481.0
4148,7.736271711605809e-05,61002.0,357841.0
4149,7.50532777381213e-05,58706.0,352725.0
4150,7.223699696375834e-05,56079.0,344316.0
4151,6.849108247233231e-05,53951.0,329026.0
4152,6.625677787426775e-05,51759.0,319543.0
4153,6.607403480796836e-05,51790.0,319445.0
4154,6.492281716382452e-05,50989.0,317090.0
4155,6.470887406181548e-05,50589.0,318692.0
4156,6.367990961881966e-05,50137.0,315453.0
4157,6.0322403735207656e-05,47619.0,303744.0
4158,5.9493374214922655e-05,46765.0,300844.0
4159,5.8170238006664406e-05,45380.0,295625.0
4160,5.703875916062259e-05,44902.0,292230.0
4161,5.539598177019608e-05,43552.0,288031.0
4162,5.424540086147488e-05,42259.0,285322.0
4163,5.274525220572107e-05,41515.0,281831.0
4164,5.07841071039716e-05,40211.0,277538.0
4165,4.796973653587658e-05,37264.0,269251.0
4166,4.647404502808128e-05,36352.0,265362.0
4167,4.294971446373605e-05,33523.0,252447.0
4168,4.064727917544836e-05,31985.0,243060.0
4169,3.923818368513291e-05,30794.0,239265.0
4170,3.719553644928476e-05,29258.0,231434.0
4171,3.657344594135969e-05,28567.0,229415.0
4172,3.501662783299038e-05,27380.0,222138.0
4173,3.425254532581526e-05,27074.0,219043.0
4174,3.356741801104824e-05,26310.0,216802.0
4175,3.008383851375235e-05,23411.0,203981.0
4176,2.9328033567071626e-05,23273.0,200966.0
4177,2.693900226130409e-05,21253.0,191486.0
4178,2.542993930963323e-05,20025.0,186964.0
4179,2.3100124398171765e-05,18353.0,176121.0
4180,2.2067339542640065e-05,17287.0,170567.0
4181,2.1627992101014373e-05,16951.0,168982.0
4182,2.0904023925465946e-05,16381.0,166355.0
4183,2.030421915733348e-05,15998.0,163989.0
4184,1.9983941239742575e-05,15635.0,162899.0
4185,1.80629104696198e-05,14069.0,156706.0
4186,1.611067966378737e-05,12568.0,146818.0
4187,1.5391805371620114e-05,12024.0,143246.0
4188,1.5015494736836367e-05,11674.0,142324.0
4189,1.4796457751446167e-05,11752.0,141695.0
4190,1.303843124952075e-05,10370.0,133824.0
4191,1.2262887504738004e-05,9489.0,130535.0
4192,1.1372094648456345e-05,8979.0,128087.0
4193,1.0590183549447141e-05,8363.0,123819.0
4194,1.0021578817024324e-05,7907.0,121412.0
4195,9.307161672815588e-06,7233.0,119413.0
4196,9.038459324459004e-06,7092.0,118365.0
4197,9.072843037281884e-06,7045.0,111079.0
4198,9.055651180870445e-06,7036.0,108336.0
4199,8.604842501637126e-06,6790.0,106857.0
4200,8.592744528606852e-06,6750.0,102135.0
4201,8.57746287846335e-06,6668.0,99342.0
4202,7.998033643855551e-06,6264.0,97038.0
4203,7.987845877093216e-06,6344.0,95913.0
4204,7.97956831659882e-06,6342.0,93720.0
4205,7.906343742994537e-06,6121.0,93473.0
4206,7.903796801303954e-06,6315.0,92831.0
4207,7.880237590666055e-06,6181.0,88738.0
4208,7.3466533064887636e-06,5653.0,86726.0
4209,7.341559423107596e-06,5711.0,83956.0
4210,7.31417979993382e-06,5757.0,78075.0
4211,6.6965464399672665e-06,5146.0,75759.0
4212,6.685721937782285e-06,5247.0,72816.0
4213,6.659615785453803e-06,5291.0,68487.0
4214,5.526863468566689e-06,4355.0,61530.0
4215,5.516675701804355e-06,4310.0,60016.0
4216,4.6551726749644085e-06,3651.0,59134.0
4217,4.581311365937481e-06,3590.0,55367.0
4218,4.582584836782772e-06,3664.0,48776.0
4219,4.602960370307442e-06,3618.0,47613.0
4220,4.352086613784945e-06,3353.0,46522.0
4221,4.3495396720943615e-06,3401.0,45172.0
4222,4.343809053290548e-06,3447.0,44281.0
4223,3.78157167509419e-06,2977.0,42347.0
4224,3.7943063835471085e-06,3007.0,41609.0
4225,3.7955798543924004e-06,3038.0,41021.0
4226,3.6580450031008793e-06,2854.0,40630.0
4227,3.659955209368817e-06,2835.0,39434.0
4228,3.64849397176119e-06,2907.0,37533.0
4229,2.6691948917317467e-06,2097.0,32942.0
4230,2.6730153042676223e-06,2112.0,28222.0
4231,2.6914806315243546e-06,2046.0,27760.0
4232,2.5513988385422494e-06,2023.0,27144.0
4233,2.5431212780478524e-06,2003.0,26094.0
4234,2.54821516142902e-06,1993.0,25713.0
4235,2.3947619245713503e-06,1948.0,24937.0
4236,2.398582337107226e-06,1886.0,23921.0
4237,2.396672130839288e-06,1855.0,23080.0
4238,2.2107453874266758e-06,1754.0,22302.0
4239,2.2349413334872213e-06,1727.0,19892.0
4240,2.24449236482691e-06,1794.0,18241.0
4241,2.2056515040455083e-06,1730.0,18022.0
4242,2.218386212498427e-06,1797.0,17695.0
4243,2.21010865200403e-06,1765.0,16265.0
4244,1.8758225551149156e-06,1509.0,14699.0
4245,1.8751858196922696e-06,1496.0,13571.0
4246,1.870728671733748e-06,1451.0,11311.0
4247,1.7472019997404374e-06,1314.0,10677.0
4248,1.7497489414310211e-06,1344.0,9520.0
4249,1.7592999727707101e-06,1302.0,9172.0
4250,1.581650789852495e-06,1317.0,8221.0
4251,1.5892916149242462e-06,1262.0,7973.0
4252,1.5956589691507055e-06,1259.0,7043.0
4253,1.5529976958334281e-06,1209.0,6767.0
4254,1.5472670770296147e-06,1245.0,6144.0
4255,1.5504507541428444e-06,1168.0,5930.0
4256,1.4383853197571603e-06,1195.0,5492.0
4257,1.440932261447744e-06,1195.0,5336.0
4258,1.4428424677156818e-06,1159.0,4990.0
4259,1.330777033329998e-06,1064.0,4442.0
4260,1.3275933562167683e-06,1052.0,4181.0
4261,1.320589266567663e-06,1044.0,3668.0
4262,1.25373204718984e-06,1029.0,3043.0
4263,1.273470845291864e-06,1006.0,2761.0
4264,1.2250789531707732e-06,947.0,2574.0
4265,1.1996095362649358e-06,948.0,2567.0
4266,1.2193483343669598e-06,958.0,2577.0
4267,1.234629984510462e-06,1065.0,2565.0
4268,8.557724080361326e-07,674.0,711.0
4269,8.653234393758215e-07,677.0,719.0
4270,8.646867039531756e-07,623.0,718.0
4271,8.583193497267164e-07,677.0,710.0
4272,8.634132331078837e-07,643.0,720.0
4273,8.678703810664053e-07,666.0,725.0
4274,8.653234393758215e-07,664.0,720.0
4275,8.672336456437593e-07,677.0,727.0
4276,8.672336456437593e-07,696.0,731.0
4277,8.33486668243525e-07,678.0,705.0
4278,8.360336099341086e-07,660.0,709.0
4279,8.404907578926302e-07,639.0,710.0
4280,8.341234036661709e-07,663.0,705.0
4281,8.118376638735632e-07,654.0,706.0
4282,7.86368246967726e-07,646.0,709.0
4283,7.76817215628037e-07,612.0,690.0
4284,7.780906864733289e-07,642.0,695.0
4285,7.608988300618888e-07,600.0,702.0
4286,7.577151529486591e-07,620.0,701.0
4287,7.316090006201759e-07,583.0,703.0
4288,7.169640858993194e-07,579.0,710.0
4289,7.176008213219653e-07,589.0,681.0
4290,7.20147763012549e-07,589.0,679.0
4291,7.214212338578409e-07,582.0,682.0
4292,7.258783818163625e-07,587.0,669.0
4293,7.265151172390084e-07,571.0,672.0
4294,7.265151172390084e-07,581.0,672.0
4295,7.316090006201759e-07,568.0,670.0
4296,7.347926777334055e-07,552.0,672.0
4297,7.354294131560515e-07,591.0,678.0
4298,7.449804444957404e-07,582.0,661.0
4299,7.462539153410323e-07,566.0,661.0
4300,7.462539153410323e-07,560.0,664.0
4301,7.48800857031616e-07,577.0,658.0
4302,7.507110632995538e-07,637.0,659.0
4303,7.558049466807213e-07,612.0,659.0
4304,7.602620946392428e-07,614.0,648.0
4305,7.596253592165969e-07,599.0,651.0
4306,7.615355654845347e-07,592.0,650.0
4307,7.615355654845347e-07,676.0,632.0
4308,7.685396551336399e-07,601.0,639.0
4309,7.679029197109939e-07,607.0,641.0
4310,7.405232965372188e-07,579.0,622.0
4311,7.449804444957404e-07,592.0,621.0
4312,7.507110632995538e-07,613.0,624.0
4313,7.411600319598648e-07,581.0,615.0
4314,7.322457360428218e-07,552.0,614.0
4315,7.182375567446112e-07,603.0,603.0
4316,7.11870202518152e-07,555.0,596.0
4317,7.042293774464008e-07,584.0,587.0
4318,6.965885523746496e-07,532.0,575.0
4319,6.800334313858554e-07,547.0,558.0
4320,6.672987229329367e-07,505.0,552.0
4321,6.622048395517693e-07,540.0,546.0
4322,6.373721580685779e-07,488.0,516.0
4323,6.246374496156593e-07,505.0,504.0
4324,6.099925348948029e-07,491.0,476.0
4325,5.940741493286545e-07,441.0,464.0
4326,5.794292346077981e-07,438.0,453.0
4327,5.692414678454631e-07,433.0,443.0
4328,5.590537010831283e-07,433.0,434.0
4329,5.297638716414154e-07,408.0,419.0
4330,3.864984015460807e-07,319.0,382.0
4331,3.7567389936109987e-07,289.0,374.0
4332,3.5975551379495155e-07,262.0,351.0
4333,3.4765754076467885e-07,259.0,343.0
4334,3.4320039280615736e-07,278.0,337.0
4335,3.349228323117602e-07,244.0,334.0
4336,3.323758906211765e-07,249.0,329.0
4337,3.298289489305928e-07,255.0,324.0
4338,3.228248592814875e-07,252.0,319.0
4339,3.18367711322966e-07,236.0,313.0
4340,3.0181259033417176e-07,235.0,298.0
4341,2.922615589944828e-07,230.0,296.0
4342,2.827105276547938e-07,229.0,296.0
4343,2.731594963151048e-07,242.0,285.0
4344,2.5978805243954027e-07,230.0,271.0
4345,2.585145815942484e-07,211.0,267.0
4346,2.5405743363572686e-07,190.0,256.0
4347,2.515104919451431e-07,196.0,251.0
4348,2.4832681483191345e-07,207.0,250.0
4349,2.4705334398662163e-07,175.0,250.0
4350,2.4195946060545415e-07,222.0,241.0
4351,2.3368190011105703e-07,174.0,231.0
4352,2.2413086877136806e-07,191.0,221.0
4353,2.1967372081284654e-07,164.0,216.0
4354,2.1776351454490874e-07,196.0,220.0
4355,2.069390123599279e-07,172.0,212.0
4356,2.0630227693728196e-07,155.0,207.0
4357,2.0630227693728196e-07,159.0,201.0
4358,2.069390123599279e-07,164.0,200.0
4359,2.031185998240523e-07,138.0,199.0
4360,2.0184512897876045e-07,168.0,197.0
4361,2.0184512897876045e-07,165.0,194.0
4362,1.9547777475230113e-07,138.0,180.0
4363,1.9229409763907145e-07,154.0,177.0
4364,1.891104205258418e-07,127.0,172.0
4365,1.8083286003144468e-07,130.0,164.0
4366,1.770124474955691e-07,138.0,161.0
4367,1.7892265376350687e-07,138.0,158.0
4368,1.7382877038233942e-07,108.0,146.0
4369,1.731920349596935e-07,151.0,144.0
4370,1.6873488700117197e-07,141.0,144.0
4371,1.6873488700117197e-07,140.0,141.0
4372,1.7255529953704755e-07,133.0,137.0
4373,1.7064509326910978e-07,131.0,133.0
4374,1.6809815157852604e-07,153.0,131.0
4375,1.6109406192942078e-07,114.0,126.0
4376,1.6236753277471265e-07,123.0,121.0
4377,1.6045732650677485e-07,123.0,118.0
4378,1.6364100362000452e-07,131.0,120.0
4379,1.5982059108412894e-07,139.0,113.0
4380,1.6109406192942078e-07,129.0,116.0
4381,1.59183855661483e-07,99.0,115.0
4382,1.5600017854825333e-07,113.0,114.0
4383,1.5281650143502368e-07,120.0,116.0
4384,1.5217976601237775e-07,136.0,117.0
4385,1.515430305897318e-07,108.0,116.0
4386,1.4772261805385623e-07,114.0,114.0
4387,1.470858826312103e-07,114.0,113.0
4388,1.4453894094062656e-07,117.0,107.0
4389,1.3435117417829165e-07,122.0,104.0
4390,1.3435117417829165e-07,99.0,106.0
4391,1.375348512915213e-07,96.0,103.0
4392,1.3880832213681317e-07,91.0,102.0
4393,1.3817158671416724e-07,111.0,104.0
4394,1.3371443875564572e-07,109.0,103.0
4395,1.3244096791035385e-07,103.0,103.0
4396,1.349879096009376e-07,120.0,100.0
4397,1.3371443875564572e-07,95.0,101.0
4398,1.394450575594591e-07,100.0,98.0
4399,1.3817158671416724e-07,98.0,96.0
4400,1.4199199925004284e-07,120.0,96.0
4401,1.674614161558801e-07,141.0,107.0
4402,3.0372279660210956e-07,226.0,1273.0
4403,3.0754320913798517e-07,239.0,1277.0
4404,3.094534154059229e-07,263.0,1279.0
4405,3.1518403420973633e-07,277.0,1296.0
4406,3.1900444674561194e-07,251.0,1301.0
4407,3.2409833012677937e-07,227.0,1312.0
4408,3.247350655494253e-07,214.0,1310.0
4409,3.3110241977588465e-07,268.0,1312.0
4410,3.3364936146646833e-07,260.0,1320.0
4411,3.381065094249899e-07,272.0,1331.0
4412,3.400167156929277e-07,268.0,1334.0
4413,3.425636573835114e-07,286.0,1336.0
4414,3.4956774703261665e-07,262.0,1335.0
4415,3.527514241458463e-07,302.0,1348.0
4416,3.5657183668172193e-07,284.0,1354.0
4417,3.6357592633082716e-07,308.0,1360.0
4418,3.693065451346405e-07,276.0,1363.0
4419,3.7503716393845394e-07,328.0,1404.0
4420,3.801310473196214e-07,292.0,1405.0
4421,3.8395145985549697e-07,328.0,1413.0
4422,3.9286575577254006e-07,326.0,1414.0
4423,3.9923310999899935e-07,331.0,1420.0
4424,4.106943476066261e-07,315.0,1424.0
4425,4.202453789463151e-07,347.0,1429.0
4426,4.3106988113129593e-07,332.0,1444.0
4427,4.39984177048339e-07,352.0,1447.0
4428,4.4698826669744425e-07,360.0,1451.0
4429,4.578127688824251e-07,351.0,1453.0
4430,4.616331814183007e-07,356.0,1451.0
4431,4.7118421275798966e-07,370.0,1455.0
4432,4.7627809613915714e-07,320.0,1460.0
4433,4.832821857882624e-07,380.0,1493.0
4434,4.883760691694298e-07,404.0,1496.0
4435,4.953801588185351e-07,387.0,1502.0
4436,5.062046610035159e-07,410.0,1516.0
4437,5.157556923432049e-07,405.0,1525.0
4438,5.323108133319991e-07,393.0,1536.0
4439,5.399516384037504e-07,410.0,1546.0
4440,5.495026697434393e-07,416.0,1551.0
4441,5.628741136190039e-07,441.0,1567.0
4442,5.686047324228173e-07,445.0,1567.0
4443,5.775190283398603e-07,442.0,1575.0
4444,5.826129117210278e-07,469.0,1580.0
4445,5.851598534116115e-07,478.0,1580.0
4446,5.928006784833627e-07,448.0,1591.0
4447,6.055353869362813e-07,488.0,1593.0
4448,6.150864182759703e-07,439.0,1598.0
4449,6.195435662344918e-07,458.0,1604.0
4450,6.259109204609511e-07,494.0,1608.0
4451,6.469231894082669e-07,470.0,1622.0
4452,6.679354583555826e-07,522.0,1633.0
4453,6.813069022311472e-07,538.0,1670.0
4454,6.991354940652333e-07,548.0,1682.0
4455,7.055028482916926e-07,562.0,1690.0
4456,7.150538796313816e-07,584.0,1700.0
4457,7.144171442087356e-07,585.0,1696.0
4458,7.112334670955061e-07,553.0,1696.0
4459,7.112334670955061e-07,541.0,1696.0
4460,7.080497899822764e-07,561.0,1694.0
4461,7.074130545596305e-07,570.0,1687.0
4462,7.02319171178463e-07,552.0,1669.0
4463,6.157231536986163e-07,457.0,1055.0
4464,5.98531297287176e-07,477.0,950.0
4465,5.736986158039847e-07,452.0,784.0
4466,5.692414678454631e-07,500.0,697.0
4467,5.635108490416498e-07,437.0,643.0
4468,5.61600642773712e-07,433.0,549.0
4469,5.590537010831283e-07,424.0,541.0
4470,5.915272076380709e-07,437.0,1946.0
4471,5.883435305248412e-07,458.0,2000.0
4472,5.857965888342574e-07,419.0,2001.0
4473,5.870700596795493e-07,464.0,2039.0
4474,5.845231179889656e-07,451.0,2070.0
4475,5.838863825663196e-07,458.0,2079.0
4476,5.838863825663196e-07,476.0,2072.0
4477,5.819761762983818e-07,417.0,2080.0
4478,5.794292346077981e-07,434.0,2091.0
4479,5.756088220719225e-07,439.0,2234.0
4480,5.717884095360469e-07,474.0,2225.0
4481,5.692414678454631e-07,453.0,2244.0
4482,5.609639073510661e-07,446.0,2236.0
4483,5.52049611434023e-07,435.0,2235.0
4484,5.501394051660852e-07,416.0,2234.0
4485,5.463189926302096e-07,398.0,2236.0
4486,5.444087863622719e-07,392.0,2241.0
4487,5.418618446716882e-07,417.0,2252.0
4488,5.386781675584585e-07,421.0,2256.0
4489,5.278536653734776e-07,395.0,2257.0
4490,5.202128403017265e-07,371.0,2254.0
4491,5.093883381167456e-07,382.0,2279.0
4492,5.074781318488078e-07,407.0,2279.0
4493,5.04931190158224e-07,385.0,2287.0
4494,4.992005713544106e-07,415.0,2319.0
4495,4.953801588185351e-07,375.0,2324.0
4496,4.87102598324138e-07,353.0,2330.0
4497,4.832821857882624e-07,387.0,2332.0
4498,4.76914831561803e-07,430.0,2351.0
4499,4.7500462529386527e-07,368.0,2351.0
4500,4.6800053564476e-07,361.0,2348.0
4501,4.654535939541763e-07,358.0,2351.0
4502,4.58449504305071e-07,354.0,2348.0
4503,4.520821500786117e-07,361.0,2352.0
4504,4.4698826669744425e-07,350.0,2355.0
4505,4.412576478936309e-07,342.0,2361.0
4506,4.342535582445256e-07,352.0,2363.0
4507,4.3170661655394186e-07,351.0,2361.0
4508,4.2470252690483664e-07,347.0,2361.0
4509,4.157882309877936e-07,329.0,2362.0
4510,4.1324128929720986e-07,342.0,2362.0
4511,4.0305352253487496e-07,316.0,2369.0
4512,3.9286575577254006e-07,291.0,2383.0
4513,3.8076778274226735e-07,301.0,2389.0
4514,3.724902222478702e-07,290.0,2380.0
4515,3.603922492175975e-07,276.0,2399.0
4516,3.451105990740951e-07,267.0,2389.0
4517,3.349228323117602e-07,270.0,2379.0
4518,3.298289489305928e-07,236.0,2372.0
4519,3.209146530135497e-07,238.0,2375.0
4520,3.0754320913798517e-07,227.0,2381.0
4521,2.9799217779829615e-07,244.0,2395.0
4522,2.8971461730389905e-07,220.0,2396.0
4523,2.839839985000857e-07,240.0,2398.0
4524,2.769799088509804e-07,221.0,2403.0
4525,2.7124929004716705e-07,224.0,2403.0
4526,2.6360846497541583e-07,199.0,2413.0
4527,2.534206982130809e-07,179.0,2418.0
4528,2.387757834922245e-07,180.0,2425.0
4529,2.228573979260762e-07,150.0,2424.0
4530,2.15216572854325e-07,164.0,2417.0
4531,2.050288060919901e-07,146.0,1658.0
4532,1.9102062679377958e-07,158.0,1517.0
4533,1.8847368510319587e-07,139.0,1283.0
4534,1.795593891861528e-07,134.0,1162.0
4535,1.7382877038233942e-07,140.0,1113.0
4536,1.674614161558801e-07,132.0,996.0
4537,1.5791038481619113e-07,111.0,980.0
4538,1.4262873467268875e-07,96.0,970.0
4539,1.3244096791035385e-07,98.0,954.0
4540,1.2607361368389453e-07,102.0,872.0
4541,1.1779605318949742e-07,75.0,862.0
4542,9.678378424218166e-08,65.0,822.0
4543,7.57715152948659e-08,58.0,798.0
4544,6.112660057400947e-08,41.0,804.0
4545,4.202453789463151e-08,24.0,798.0
4546,3.820412535875592e-08,31.0,799.0
4547,2.8016358596421007e-08,17.0,787.0
4548,2.6742887751129144e-08,28.0,785.0
4549,2.610615232848321e-08,17.0,788.0
4550,2.3559210637899484e-08,19.0,787.0
4551,2.1012268947315755e-08,18.0,788.0
4552,2.1649004369961686e-08,15.0,778.0
4553,2.1012268947315755e-08,18.0,793.0
4554,2.228573979260762e-08,14.0,797.0
4555,2.1649004369961686e-08,17.0,782.0
4556,1.846532725673203e-08,13.0,777.0
4557,1.846532725673203e-08,7.0,771.0
4558,1.7828591834086094e-08,9.0,780.0
4559,1.7191856411440163e-08,15.0,769.0
4560,1.7828591834086094e-08,19.0,759.0
4561,1.846532725673203e-08,18.0,757.0
4562,1.655512098879423e-08,10.0,759.0
4563,1.7191856411440163e-08,15.0,764.0
4564,1.7828591834086094e-08,9.0,766.0
4565,1.846532725673203e-08,10.0,778.0
4566,1.7828591834086094e-08,20.0,797.0
4567,1.846532725673203e-08,13.0,802.0
4568,1.7191856411440163e-08,9.0,795.0
4569,1.846532725673203e-08,14.0,801.0
4570,1.846532725673203e-08,11.0,804.0
4571,1.846532725673203e-08,18.0,805.0
4572,1.9738798102023892e-08,20.0,805.0
4573,2.0375533524669823e-08,16.0,810.0
4574,2.2922475215253552e-08,16.0,825.0
4575,2.3559210637899484e-08,25.0,822.0
4576,2.3559210637899484e-08,16.0,831.0
4577,2.4195946060545415e-08,16.0,836.0
4578,2.4832681483191347e-08,8.0,847.0
4579,2.5469416905837278e-08,14.0,837.0
4580,2.3559210637899484e-08,17.0,854.0
4581,2.3559210637899484e-08,21.0,871.0
4582,2.4195946060545415e-08,25.0,873.0
4583,2.4195946060545415e-08,17.0,871.0
4584,2.4195946060545415e-08,21.0,880.0
4585,2.3559210637899484e-08,16.0,877.0
4586,2.4195946060545415e-08,26.0,879.0
4587,2.4195946060545415e-08,18.0,873.0
4588,2.5469416905837278e-08,24.0,869.0
4589,2.5469416905837278e-08,24.0,871.0
4590,2.4832681483191347e-08,14.0,879.0
4591,2.4832681483191347e-08,17.0,893.0
4592,2.5469416905837278e-08,19.0,894.0
4593,2.5469416905837278e-08,18.0,906.0
4594,2.610615232848321e-08,23.0,904.0
4595,2.7379623173775076e-08,26.0,903.0
4596,2.610615232848321e-08,23.0,889.0
4597,2.610615232848321e-08,23.0,888.0
4598,2.5469416905837278e-08,19.0,885.0
4599,2.3559210637899484e-08,9.0,883.0
4600,2.3559210637899484e-08,25.0,888.0
4601,2.228573979260762e-08,22.0,897.0
4602,2.1012268947315755e-08,13.0,903.0
4603,2.1012268947315755e-08,15.0,900.0
4604,2.1012268947315755e-08,22.0,977.0
4605,2.1012268947315755e-08,18.0,1038.0
4606,2.0375533524669823e-08,7.0,1073.0
4607,1.9738798102023892e-08,14.0,1082.0
4608,1.9738798102023892e-08,21.0,1085.0
4609,2.0375533524669823e-08,10.0,1089.0
4610,2.0375533524669823e-08,17.0,1102.0
4611,2.0375533524669823e-08,15.0,1109.0
4612,1.7828591834086094e-08,12.0,1114.0
4613,1.7191856411440163e-08,14.0,1127.0
4614,1.7191856411440163e-08,13.0,1131.0
4615,1.4644914720856435e-08,15.0,1136.0
4616,1.4644914720856435e-08,10.0,1162.0
4617,1.59183855661483e-08,12.0,1188.0
4618,1.4008179298210504e-08,8.0,1201.0
4619,1.4008179298210504e-08,11.0,1207.0
4620,1.4008179298210504e-08,9.0,1205.0
4621,1.4008179298210504e-08,16.0,1234.0
4622,1.4008179298210504e-08,8.0,1232.0
4623,1.3371443875564572e-08,12.0,1235.0
4624,1.3371443875564572e-08,11.0,1238.0
4625,1.3371443875564572e-08,9.0,1268.0
4626,1.3371443875564572e-08,9.0,1296.0
4627,1.3371443875564572e-08,8.0,1311.0
4628,1.3371443875564572e-08,10.0,1331.0
4629,1.4008179298210504e-08,8.0,1347.0
4630,1.4008179298210504e-08,13.0,1348.0
4631,1.4008179298210504e-08,7.0,1347.0
4632,1.4008179298210504e-08,12.0,1370.0
4633,1.2097973030272708e-08,12.0,1414.0
4634,1.2734708452918639e-08,9.0,1413.0
4635,1.2097973030272708e-08,14.0,1420.0
4636,1.1461237607626776e-08,11.0,1414.0
4637,1.1461237607626776e-08,7.0,1418.0
4638,1.1461237607626776e-08,6.0,1445.0
4639,1.1461237607626776e-08,11.0,1441.0
4640,1.0824502184980843e-08,14.0,1473.0
4641,1.0824502184980843e-08,14.0,1490.0
4642,1.0824502184980843e-08,10.0,1506.0
4643,1.0187766762334912e-08,9.0,1533.0
4644,8.277560494397116e-09,5.0,1531.0
4645,8.277560494397116e-09,6.0,1548.0
4646,2.928982944171287e-08,19.0,1549.0
4647,3.7567389936109986e-08,29.0,1547.0
4648,8.150213409867929e-08,78.0,1564.0
4649,1.3817158671416724e-07,106.0,1591.0
4650,1.992981872881767e-07,163.0,1626.0
4651,2.1203289574109535e-07,176.0,1627.0
4652,2.5405743363572686e-07,204.0,1656.0
4653,3.030860611794636e-07,228.0,1682.0
4654,3.482942761873248e-07,264.0,1703.0
4655,3.7694737020639174e-07,288.0,1759.0
4656,4.342535582445256e-07,328.0,1775.0
4657,4.5908623972771695e-07,354.0,1803.0
4658,4.909230108600136e-07,408.0,1819.0
4659,5.278536653734776e-07,439.0,1856.0
4660,5.698782032681091e-07,440.0,1888.0
4661,6.074455932042191e-07,465.0,1904.0
4662,6.392823643365158e-07,456.0,1924.0
4663,6.781232251179176e-07,517.0,1954.0
4664,7.055028482916926e-07,553.0,1968.0
4665,7.354294131560515e-07,565.0,2000.0
4666,7.659927134430561e-07,583.0,2004.0
4667,7.857315115450801e-07,628.0,2011.0
4668,8.016498971112284e-07,624.0,2014.0
4669,8.385805516246924e-07,627.0,2044.0
4670,8.755112061381565e-07,723.0,2076.0
4671,9.035275647345775e-07,723.0,2079.0
4672,9.340908650215822e-07,749.0,2075.0
4673,9.799358154520894e-07,766.0,2097.0
4674,1.0124093220070318e-06,840.0,2102.0
4675,1.029601178418472e-06,797.0,2097.0
4676,1.057617537014893e-06,841.0,2101.0
4677,1.104735958290692e-06,866.0,2127.0
4678,1.1168339313209647e-06,836.0,2127.0
4679,1.1295686397738834e-06,857.0,2133.0
4680,1.1575849983703043e-06,903.0,2140.0
4681,1.1779605318949742e-06,939.0,2156.0
4682,1.1824176798534958e-06,893.0,2159.0
4683,1.1856013569667255e-06,887.0,2143.0
4684,1.2034299488008114e-06,903.0,2144.0
4685,1.206613625914041e-06,942.0,2152.0
4686,1.2123442447178545e-06,976.0,2170.0
4687,1.2333565136651703e-06,926.0,2175.0
4688,1.2371769262010457e-06,950.0,2171.0
4689,1.2409973387369214e-06,1017.0,2197.0
4690,1.2499116346539644e-06,1024.0,2186.0
4691,1.2518218409219022e-06,988.0,2203.0
4692,1.2518218409219022e-06,1043.0,2222.0
4693,1.2613728722615913e-06,1002.0,2222.0
4694,1.2881157600127203e-06,974.0,2244.0
4695,1.301487203888285e-06,1016.0,2164.0
4696,1.319952531145017e-06,992.0,2101.0
4697,1.3607035981943567e-06,1072.0,2132.0
4698,1.367070952420816e-06,1004.0,2124.0
4699,1.3893566922134235e-06,1141.0,2130.0
4700,1.403364871511634e-06,1038.0,2139.0
4701,1.4224669341910121e-06,1106.0,2163.0
4702,1.440295526025098e-06,1168.0,2171.0
4703,1.4485730865194952e-06,1133.0,2160.0
4704,1.4587608532818302e-06,1143.0,2177.0
4705,1.4734057680026867e-06,1213.0,2176.0
4706,1.4816833284970836e-06,1197.0,2177.0
4707,1.4950547723726483e-06,1151.0,2165.0
4708,1.5014221265991076e-06,1206.0,2135.0
4709,1.5370793102672797e-06,1168.0,2176.0
4710,1.543446664493739e-06,1272.0,2179.0
4711,1.5587283146372415e-06,1196.0,2200.0
4712,1.5975691754186433e-06,1262.0,2237.0
4713,1.6364100362000451e-06,1214.0,2290.0
4714,1.6459610675397342e-06,1326.0,2290.0
4715,1.647234538385026e-06,1243.0,2280.0
4716,1.6727039552908632e-06,1274.0,2262.0
4717,1.6898958117023035e-06,1303.0,2267.0
4718,1.7357407621328105e-06,1358.0,2468.0
4719,1.7580265019254183e-06,1434.0,2471.0
4720,1.7828591834086095e-06,1384.0,2495.0
4721,1.7987775689747579e-06,1445.0,2498.0
4722,1.8217000441900113e-06,1403.0,2527.0
4723,1.8471694610958487e-06,1520.0,2559.0
4724,1.8694552008884562e-06,1435.0,2543.0
4725,1.8949246177942936e-06,1431.0,2587.0
4726,1.9019287074433989e-06,1547.0,2557.0
4727,1.9337654785756956e-06,1505.0,2599.0
4728,1.9636920434400543e-06,1610.0,2620.0
4729,1.9878879895005994e-06,1564.0,2623.0
4730,2.0095369938705612e-06,1529.0,2647.0
4731,2.0292757919725854e-06,1561.0,2641.0
4732,2.0388268233122742e-06,1616.0,2653.0
4733,2.0445574421160874e-06,1638.0,2645.0
4734,2.0553819443010685e-06,1634.0,2636.0
4735,2.0547452088784224e-06,1609.0,2673.0
4736,2.0547452088784224e-06,1643.0,2682.0
4737,2.031822733663169e-06,1573.0,2666.0
4738,2.02227170232348e-06,1540.0,2657.0
4739,1.9770634873156188e-06,1532.0,2628.0
4740,1.9172103575869013e-06,1554.0,2588.0
4741,1.8548102861676e-06,1467.0,2550.0
4742,1.8427123131373272e-06,1440.0,2542.0
4743,1.79686736270682e-06,1378.0,2506.0
4744,1.7446550580498536e-06,1278.0,2474.0
4745,1.6988101076193465e-06,1413.0,2438.0
4746,1.6682468073323419e-06,1282.0,2394.0
4747,1.6077569421809783e-06,1268.0,2353.0
4748,1.5752834356260356e-06,1345.0,2321.0
4749,1.5428099290710932e-06,1270.0,2297.0
4750,1.5014221265991076e-06,1271.0,2249.0
4751,1.4644914720856436e-06,1134.0,2204.0
4752,1.4262873467268877e-06,1147.0,2180.0
4753,1.393813840171945e-06,1064.0,2152.0
4754,1.3536995085452514e-06,1080.0,2113.0
4755,1.3231362082582467e-06,1037.0,2086.0
4756,1.29129943712595e-06,988.0,2066.0
4757,1.2594626659936535e-06,1012.0,2045.0
4758,1.2378136616236917e-06,1001.0,2034.0
4759,1.2206218052122517e-06,987.0,2021.0
4760,1.1824176798534958e-06,933.0,1979.0
4761,1.1448502899173856e-06,861.0,1936.0
4762,1.1161971958983188e-06,868.0,1915.0
4763,1.0843604247660222e-06,813.0,1893.0
4764,1.0385154743355152e-06,845.0,1866.0
4765,1.0060419677805725e-06,785.0,1841.0
4766,9.863031696785487e-07,798.0,1879.0
4767,9.595602819274195e-07,755.0,1875.0
4768,9.137153314969124e-07,712.0,1823.0
4769,8.564091434587786e-07,663.0,1769.0
4770,9.239030982592473e-07,710.0,1864.0
4771,9.500092505877305e-07,712.0,1895.0
4772,9.570133402368357e-07,784.0,1902.0
4773,9.84392963410611e-07,735.0,1926.0
4774,1.029601178418472e-06,837.0,1975.0
4775,1.0366052680675774e-06,783.0,1977.0
4776,1.0684420391998739e-06,866.0,2001.0
4777,1.0977318686415867e-06,858.0,2024.0
4778,1.1295686397738834e-06,886.0,2127.0
4779,1.1684095005552852e-06,868.0,2185.0
4780,1.181144209008204e-06,937.0,2134.0
4781,1.1945156528837683e-06,933.0,2105.0
4782,1.2148911864084382e-06,955.0,2082.0
4783,1.2295361011292947e-06,1043.0,2060.0
4784,1.25373204718984e-06,997.0,2060.0
4785,1.2747443161371559e-06,946.0,2110.0
4786,1.2868422891674284e-06,1004.0,2124.0
4787,1.2855688183221366e-06,1044.0,2153.0
4788,1.300850468465639e-06,994.0,2188.0
4789,1.338417858401749e-06,1107.0,2232.0
4790,1.3396913292470408e-06,1020.0,2232.0
4791,1.3549729793905433e-06,995.0,2241.0
4792,1.346695418896146e-06,1053.0,2211.0
4793,1.3441484772055624e-06,1079.0,2209.0
4794,1.3906301630587154e-06,1119.0,2317.0
4795,1.4269240821495337e-06,1104.0,2377.0
4796,1.4339281717986387e-06,1022.0,2402.0
4797,1.4371118489118684e-06,1159.0,2404.0
4798,1.4364751134892225e-06,1063.0,2401.0
4799,1.4587608532818302e-06,1123.0,2448.0
4800,1.451756763632725e-06,1156.0,2428.0
4801,1.4810465930744377e-06,1175.0,2462.0
4802,1.4931445661047105e-06,1125.0,2450.0
4803,1.477862915961208e-06,1147.0,2423.0
4804,1.4562139115912465e-06,1214.0,2423.0
4805,1.5103364225161507e-06,1131.0,2537.0
4806,1.5326221623087582e-06,1256.0,2545.0
4807,1.5377160456899257e-06,1207.0,2557.0
4808,1.5402629873805094e-06,1231.0,2572.0
4809,1.5294384851955285e-06,1166.0,2546.0
4810,1.5370793102672797e-06,1123.0,2561.0
4811,1.5205241892784857e-06,1200.0,2546.0
4812,1.5383527811125716e-06,1103.0,2583.0
4813,1.534532368576696e-06,1257.0,2551.0
4814,1.5689160813995765e-06,1199.0,2614.0
4815,1.600752852531873e-06,1279.0,2696.0
4816,1.600752852531873e-06,1235.0,2717.0
4817,1.6134875609847917e-06,1286.0,2746.0
4818,1.628132475705648e-06,1288.0,2739.0
4819,1.6262222694377102e-06,1325.0,2731.0
4820,1.6867121345890738e-06,1329.0,2770.0
4821,1.7000835784646384e-06,1338.0,2818.0
4822,1.6988101076193465e-06,1315.0,2821.0
4823,1.7064509326910978e-06,1284.0,2826.0
4824,1.7484754705857292e-06,1358.0,2900.0
4825,1.8134224836956144e-06,1409.0,3053.0
4826,1.833798017220284e-06,1439.0,3073.0
4827,1.8739123488469778e-06,1433.0,3112.0
4828,1.891740940681064e-06,1418.0,3166.0
4829,1.90956953251515e-06,1460.0,3187.0
4830,1.948410393296552e-06,1532.0,3281.0
4831,1.9700593976665137e-06,1522.0,3320.0
4832,1.992981872881767e-06,1533.0,3366.0
4833,2.003806375066748e-06,1579.0,3374.0
4834,2.047104383806671e-06,1637.0,3417.0
4835,2.0611125631048817e-06,1634.0,3436.0
4836,2.0999534238862835e-06,1646.0,3496.0
4837,2.1349738721318097e-06,1671.0,3591.0
4838,2.141341226358269e-06,1659.0,3605.0
4839,2.1693575849546902e-06,1740.0,3664.0
4840,2.1833657642529008e-06,1673.0,3685.0
4841,2.21010865200403e-06,1734.0,3725.0
4842,2.2349413334872213e-06,1792.0,3732.0
4843,2.273782194268623e-06,1806.0,3791.0
4844,2.30243528828769e-06,1692.0,3864.0
4845,2.3209006155444223e-06,1831.0,3887.0
4846,2.3629251534390535e-06,1843.0,3968.0
4847,2.3833006869637234e-06,1842.0,4005.0
4848,2.4125905164054364e-06,1872.0,4037.0
4849,2.4476109646509626e-06,1987.0,4091.0
4850,2.4737171169794458e-06,1903.0,4140.0
4851,2.4966395921946994e-06,1932.0,4179.0
4852,2.5342069821308094e-06,1894.0,4200.0
4853,2.573684578334857e-06,2018.0,4282.0
4854,2.600427466085986e-06,2035.0,4347.0
4855,2.620802999610656e-06,2010.0,4363.0
4856,2.646909151939139e-06,2075.0,4393.0
4857,2.6730153042676223e-06,2051.0,4377.0
4858,2.687023483565833e-06,2083.0,4387.0
4859,2.695937779482876e-06,2133.0,4399.0
4860,2.713766371316962e-06,2163.0,4414.0
4861,2.694664308637584e-06,2186.0,4396.0
4862,2.7194969901207753e-06,2165.0,4421.0
4863,2.713129635894316e-06,2197.0,4438.0
4864,2.7073990170905028e-06,2093.0,4444.0
4865,2.6825663356073115e-06,2066.0,4489.0
4866,2.6806561293393735e-06,2101.0,4479.0
4867,2.7112194296263784e-06,2094.0,4598.0
4868,2.697211250328168e-06,2037.0,4619.0
4869,2.7417827299133832e-06,2171.0,4725.0
4870,2.722043931811359e-06,2173.0,4690.0
4871,2.734141904841632e-06,2203.0,4763.0
4872,2.725227608924589e-06,2148.0,4758.0
4873,2.703578604554627e-06,2058.0,4739.0
4874,2.699121456596106e-06,2108.0,4720.0
4875,2.6914806315243546e-06,2053.0,4731.0
4876,2.6545499770108904e-06,2097.0,4655.0
4877,2.6507295644750148e-06,2008.0,4659.0
4878,2.665374479195871e-06,2012.0,4698.0
4879,2.6564601832788284e-06,2059.0,4671.0
4880,2.649456093629723e-06,2154.0,4675.0
4881,2.677472452226144e-06,2066.0,4733.0
4882,2.674288775112914e-06,2031.0,4727.0
4883,2.6736520396902684e-06,2121.0,4733.0
4884,2.677472452226144e-06,2143.0,4758.0
4885,2.6437254748259097e-06,2011.0,4678.0
4886,2.556492721923417e-06,2032.0,4634.0
4887,2.54821516142902e-06,2040.0,4611.0
4888,2.5825988742519e-06,2056.0,4701.0
4889,2.583235609674546e-06,2049.0,4705.0
4890,2.5794151971386705e-06,1973.0,4683.0
4891,2.558402928191355e-06,2061.0,4641.0
4892,2.58578255136513e-06,1965.0,4670.0
4893,2.5787784617160244e-06,2066.0,4704.0
4894,2.571137636644273e-06,1906.0,4678.0
4895,2.5819621388292542e-06,2023.0,4726.0
4896,2.553945780232833e-06,1941.0,4663.0
4897,2.639905062290034e-06,2059.0,4844.0
4898,2.6609173312373497e-06,2050.0,4909.0
4899,2.7296847568831103e-06,2150.0,5104.0
4900,2.7417827299133832e-06,2160.0,5153.0
4901,2.7506970258304263e-06,2259.0,5167.0
4902,2.759611321747469e-06,2176.0,5180.0
4903,2.7570643800568857e-06,2186.0,5158.0
4904,2.7678888822418664e-06,2215.0,5232.0
4905,2.7373255819548615e-06,2164.0,5139.0
4906,2.7214071963887133e-06,2103.0,5062.0
4907,2.7099459587810865e-06,2147.0,5023.0
4908,2.751333761253072e-06,2151.0,5074.0
4909,2.7653419405512826e-06,2209.0,5137.0
4910,2.7634317342833446e-06,2172.0,5152.0
4911,2.7214071963887133e-06,2203.0,5096.0
4912,2.716313313007546e-06,2115.0,5055.0
4913,2.73286843399634e-06,2150.0,5117.0
4914,2.7583378509021775e-06,2142.0,5210.0
4915,2.743692936181321e-06,2141.0,5210.0
4916,2.6717418334223304e-06,2133.0,5097.0
4917,2.6169825870747804e-06,2023.0,5062.0
4918,2.7214071963887133e-06,2093.0,5045.0
4919,2.762794998860699e-06,2151.0,5109.0
4920,2.7933582991477037e-06,2146.0,5194.0
4921,2.797815447106225e-06,2130.0,5188.0
4922,2.806729743023268e-06,2172.0,5216.0
4923,2.8060930076006224e-06,2209.0,5186.0
4924,2.8990563793069285e-06,2205.0,5392.0
4925,2.8869584062766555e-06,2284.0,5422.0
4926,2.909244146069263e-06,2319.0,5476.0
4927,2.9047869981107417e-06,2339.0,5433.0
4928,2.8875951416993017e-06,2198.0,5360.0
4929,2.8996931147295742e-06,2204.0,5384.0
4930,2.895235966771053e-06,2276.0,5357.0
4931,2.9538156256544785e-06,2360.0,5480.0
4932,2.978011571715024e-06,2360.0,5565.0
4933,2.989472809322651e-06,2388.0,5608.0
4934,2.989472809322651e-06,2393.0,5611.0
4935,2.9926564864358803e-06,2292.0,5604.0
4936,3.011121813692612e-06,2347.0,5637.0
4937,2.997113634394402e-06,2351.0,5572.0
4938,3.0104850782699664e-06,2341.0,5594.0
4939,3.03022387637199e-06,2402.0,5686.0
4940,3.0728851496892676e-06,2404.0,5815.0
4941,3.069701472576038e-06,2371.0,5795.0
4942,3.1117260104706694e-06,2398.0,5876.0
4943,3.0977178311724593e-06,2461.0,5904.0
4944,3.1321015439953393e-06,2548.0,5946.0
4945,3.12891786688211e-06,2518.0,5905.0
4946,3.155024019210593e-06,2419.0,6028.0
4947,3.14610972329355e-06,2460.0,6021.0
4948,3.1588444317464686e-06,2462.0,6075.0
4949,3.1785832298484924e-06,2506.0,6118.0
4950,3.1747628173126168e-06,2490.0,6107.0
4951,3.1658485213955737e-06,2549.0,6125.0
4952,3.2142404135166647e-06,2596.0,6256.0
4953,3.2263383865469373e-06,2570.0,6333.0
4954,3.229522063660167e-06,2542.0,6313.0
4955,3.230795534505459e-06,2487.0,6347.0
4956,3.268362924441569e-06,2609.0,6419.0
4957,3.2689996598642147e-06,2643.0,6423.0
4958,3.2333424761960428e-06,2566.0,6327.0
4959,3.256264951411296e-06,2542.0,6349.0
4960,3.1906812028787653e-06,2432.0,6196.0
4961,3.2046893821769755e-06,2526.0,6222.0
4962,3.2524445388754204e-06,2530.0,6319.0
4963,3.2798241620491958e-06,2479.0,6313.0
4964,3.3186650228305976e-06,2596.0,6364.0
4965,3.343497704313789e-06,2545.0,6443.0
4966,3.4014406277745687e-06,2711.0,6591.0
4967,3.4129018653821955e-06,2593.0,6650.0
4968,3.4396447531333244e-06,2712.0,6673.0
4969,3.452379461586243e-06,2704.0,6680.0
4970,3.4377345468653868e-06,2746.0,6657.0
4971,3.537065272798152e-06,2719.0,6937.0
4972,3.574632662734262e-06,2882.0,7049.0
4973,3.5867306357645346e-06,2803.0,7061.0
4974,3.6822409491614244e-06,2927.0,7214.0
4975,3.7465512268486636e-06,2955.0,7348.0
4976,3.878992194759018e-06,3071.0,7674.0
4977,3.904461611664855e-06,3110.0,7759.0
4978,3.923563674344233e-06,3084.0,7853.0
4979,3.977686185269137e-06,3060.0,7952.0
4980,4.075743440356611e-06,3083.0,8143.0
4981,4.2425681210898445e-06,3301.0,8471.0
4982,4.367368263928448e-06,3509.0,8749.0
4983,4.369278470196385e-06,3286.0,8815.0
4984,4.406209124709849e-06,3372.0,8913.0
4985,4.429768335347749e-06,3459.0,8986.0
4986,4.436772424996854e-06,3483.0,8961.0
4987,4.537376621774911e-06,3705.0,9158.0
4988,4.455237752253586e-06,3532.0,9019.0
4989,4.494078613034988e-06,3558.0,9056.0
4990,4.450143868872419e-06,3510.0,8934.0
4991,4.509996998601136e-06,3622.0,9063.0
4992,4.5138174111370114e-06,3558.0,9082.0
4993,4.538013357197557e-06,3569.0,9107.0
4994,4.571760334597791e-06,3559.0,9182.0
4995,4.598503222348921e-06,3653.0,9158.0
4996,4.8856708979622365e-06,3850.0,9689.0
4997,5.042307811933135e-06,3937.0,10137.0
4998,5.075418053910724e-06,4101.0,10269.0
4999,5.060136403767221e-06,4072.0,10288.0
5000,5.046128224469011e-06,3944.0,10276.0
5001,5.078601731023954e-06,3953.0,10356.0
5002,5.114895650114771e-06,4004.0,10429.0
5003,5.123173210609169e-06,4035.0,10518.0
5004,5.145458950401776e-06,4029.0,10544.0
5005,5.15437324631882e-06,4084.0,10507.0
5006,5.172201838152906e-06,4017.0,10542.0
5007,5.2600713264780444e-06,4058.0,10756.0
5008,5.24033252837602e-06,4118.0,10814.0
5009,5.279173389157422e-06,4228.0,10965.0
5010,5.293818303878278e-06,4191.0,10953.0
5011,5.276626447466838e-06,4130.0,10922.0
5012,5.336479577195556e-06,4156.0,11048.0
5013,5.368316348327853e-06,4218.0,11106.0
5014,5.563794123080154e-06,4293.0,11539.0
5015,5.5625206522348615e-06,4390.0,11574.0
5016,5.556790033431049e-06,4351.0,11534.0
5017,5.6039084547068475e-06,4300.0,11634.0
5018,5.618553369427704e-06,4486.0,11713.0
5019,5.673312615775254e-06,4461.0,11797.0
5020,5.670128938662024e-06,4386.0,11784.0
5021,5.685410588805526e-06,4445.0,11845.0
5022,5.672675880352608e-06,4504.0,11764.0
5023,5.7554514852965796e-06,4394.0,11918.0
5024,5.770733135440081e-06,4586.0,11918.0
5025,5.843320973621718e-06,4613.0,11983.0
5026,5.851598534116115e-06,4573.0,12061.0
5027,5.9025373679277894e-06,4696.0,12184.0
5028,5.9369210807506695e-06,4672.0,12340.0
5029,5.977672147800009e-06,4646.0,12355.0
5030,6.0330681295702054e-06,4789.0,12442.0
5031,6.100562084370674e-06,4780.0,12536.0
5032,6.234913258548966e-06,4860.0,12787.0
5033,6.272480648485076e-06,4872.0,12871.0
5034,6.32660315940998e-06,4990.0,13001.0
5035,6.3769052577990085e-06,4883.0,13171.0
5036,6.488333956762047e-06,5051.0,13339.0
5037,6.496611517256444e-06,5077.0,13338.0
5038,6.534178907192554e-06,5106.0,13399.0
5039,6.590211624385396e-06,5103.0,13477.0
5040,6.632872897702673e-06,5181.0,13562.0
5041,6.735387300748669e-06,5239.0,13764.0
5042,6.9168568962027595e-06,5444.0,14091.0
5043,6.966522259169142e-06,5423.0,14192.0
5044,6.9066691294404245e-06,5515.0,14184.0
5045,6.9200405733159885e-06,5365.0,14184.0
5046,7.072857074751012e-06,5544.0,14550.0
5047,7.005363119950543e-06,5451.0,14473.0
5048,7.025738653475213e-06,5487.0,14509.0
5049,7.1575428859629216e-06,5665.0,14763.0
5050,7.120612231449457e-06,5636.0,14851.0
5051,7.209755190619888e-06,5563.0,14979.0
5052,7.254963405627749e-06,5727.0,15077.0
5053,7.213575603155763e-06,5783.0,15000.0
5054,7.363845162900204e-06,5730.0,15377.0
5055,7.359388014941681e-06,5685.0,15388.0
5056,7.349836983601993e-06,5688.0,15385.0
5057,7.3975921403004375e-06,5707.0,15381.0
5058,7.4014125528363135e-06,5759.0,15458.0
5059,7.5007432787690785e-06,5889.0,15532.0
5060,7.64464548428706e-06,6044.0,15812.0
5061,7.714686380778113e-06,6123.0,15950.0
5062,7.72742108923103e-06,6037.0,15868.0
5063,7.691127170140212e-06,5950.0,15713.0
5064,7.750343564446283e-06,6194.0,15817.0
5065,7.737608855993365e-06,6019.0,15741.0
5066,7.783453806423873e-06,6093.0,15758.0
5067,7.691127170140212e-06,6004.0,15586.0
5068,7.72105373500457e-06,6033.0,15541.0
5069,7.78218033557858e-06,6229.0,15706.0
5070,7.771992568816245e-06,5980.0,15673.0
5071,7.731878237189552e-06,6110.0,15571.0
5072,7.60071074012449e-06,5994.0,15246.0
5073,7.531306579056083e-06,5821.0,15076.0
5074,7.535126991591959e-06,5829.0,14987.0
5075,7.690490434717566e-06,6183.0,15258.0
5076,7.889788622005744e-06,6158.0,15535.0
5077,7.94645807462123e-06,6192.0,15611.0
5078,7.92480907025127e-06,6257.0,15439.0
5079,8.008221410617886e-06,6252.0,15553.0
5080,8.029233679565202e-06,6294.0,15526.0
5081,8.120923580426217e-06,6331.0,15644.0
5082,8.168042001702015e-06,6138.0,15648.0
5083,8.25973190256303e-06,6461.0,15731.0
5084,8.294752350808556e-06,6579.0,15767.0
5085,8.336776888703188e-06,6641.0,15773.0
5086,8.353968745114627e-06,6512.0,15784.0
5087,8.175682826773767e-06,6396.0,15300.0
5088,8.148303203599991e-06,6464.0,14969.0
5089,8.266099256789489e-06,6660.0,15023.0
5090,8.319585032291747e-06,6522.0,15050.0
5091,8.419552493647158e-06,6640.0,15039.0
5092,8.529707721764904e-06,6727.0,15196.0
5093,8.61503026839946e-06,6738.0,15212.0
5094,8.714360994332225e-06,6755.0,15249.0
5095,8.774214124060943e-06,6951.0,15228.0
5096,8.86081014154079e-06,6983.0,15311.0
5097,9.056924651715737e-06,7141.0,15626.0
5098,9.006622553326708e-06,7079.0,15443.0
5099,9.21292483026399e-06,7298.0,15699.0
5100,9.536386424968123e-06,7254.0,16052.0
5101,9.601333438078008e-06,7531.0,16106.0
5102,9.664370244919956e-06,7535.0,16206.0
5103,9.625529384138555e-06,7654.0,16061.0
5104,9.681562101331395e-06,7716.0,16139.0
5105,9.540843572926644e-06,7485.0,15744.0
5106,9.542753779194583e-06,7486.0,15559.0
5107,9.76561117712066e-06,7697.0,15809.0
5108,9.771341795924473e-06,7739.0,15687.0
5109,1.0052142117311329e-05,7859.0,15900.0
5110,1.0424632339559199e-05,8287.0,16417.0
5111,1.0591457020292432e-05,8328.0,16603.0
5112,1.0828959332939365e-05,8657.0,16708.0
5113,1.0878624695905747e-05,8621.0,16758.0
5114,1.0908551260770106e-05,8543.0,16771.0
5115,1.0962037036272365e-05,8748.0,16797.0
5116,1.098177583437439e-05,8712.0,16741.0
5117,1.1198265878074006e-05,8723.0,16913.0
5118,1.1447866163751211e-05,9209.0,17220.0
5119,1.1601319400608881e-05,8929.0,17216.0
5120,1.1611507167371216e-05,9130.0,17245.0
5121,1.162169493413355e-05,9093.0,17156.0
5122,1.158731122131067e-05,9090.0,17013.0
5123,1.1813989031772622e-05,9290.0,17089.0
5124,1.2451997925263845e-05,10056.0,17768.0
5125,1.2539230678166338e-05,9829.0,17780.0
5126,1.2907263752455688e-05,9974.0,17849.0
5127,1.3063263931003941e-05,10279.0,17980.0
5128,1.3369533669296634e-05,10537.0,18142.0
5129,1.4231673431559225e-05,11204.0,19335.0
5130,1.4476179833855264e-05,11289.0,19552.0
5131,1.4746155653057139e-05,11460.0,19744.0
5132,1.488050682723543e-05,11659.0,19805.0
5133,1.4882417033503368e-05,11802.0,19567.0
5134,1.4974743669787029e-05,11772.0,19514.0
5135,1.5695528168222223e-05,12151.0,20131.0
5136,1.5927936597487987e-05,12695.0,20432.0
5137,1.6299153348890567e-05,12987.0,20665.0
5138,1.6741047732206843e-05,13007.0,21078.0
5139,1.720777479700631e-05,13456.0,21594.0
5140,1.754460783558601e-05,13782.0,21795.0
5141,1.7720983547658932e-05,13871.0,21869.0
5142,1.7840053071693723e-05,13846.0,21903.0
5143,1.835071488065576e-05,14232.0,22552.0
5144,1.8768413317911493e-05,14672.0,23111.0
5145,1.8855646070813983e-05,14928.0,23084.0
5146,1.921030770122777e-05,14887.0,23502.0
5147,1.9536316237622484e-05,15415.0,23856.0
5148,1.965283881996669e-05,15585.0,23781.0
5149,2.0182602691608105e-05,15625.0,24322.0
5150,2.0432839712707957e-05,15968.0,24742.0
5151,2.0567827622308896e-05,16204.0,24890.0
5152,2.0691354294302205e-05,16416.0,24888.0
5153,2.071873391747598e-05,16166.0,24884.0
5154,2.1264416174683543e-05,16761.0,25710.0
5155,2.1344008102514286e-05,16796.0,25792.0
5156,2.18502127635178e-05,17034.0,26310.0
5157,2.2442376706578518e-05,17572.0,27018.0
5158,2.2618115683228797e-05,17686.0,27072.0
5159,2.2875356793977752e-05,17958.0,27402.0
5160,2.2977871197023746e-05,17951.0,27357.0
5161,2.3771880269063225e-05,18918.0,28424.0
5162,2.4174933791598098e-05,18913.0,28850.0
5163,2.4762640586700293e-05,19610.0,29619.0
5164,2.520326149917128e-05,19510.0,30023.0
5165,2.548024140802226e-05,20008.0,30268.0
5166,2.5896029639010055e-05,20381.0,30622.0
5167,2.7039606458082148e-05,21342.0,32332.0
5168,2.7562366240074456e-05,21537.0,33116.0
5169,2.7969876910567854e-05,22011.0,33404.0
5170,2.869702876322951e-05,22396.0,34407.0
5171,2.908607410646617e-05,22948.0,35103.0
5172,2.943564185349879e-05,23215.0,35501.0
5173,2.98017647215202e-05,23129.0,35929.0
5174,3.0382467426973292e-05,23702.0,36566.0
5175,3.102238652673245e-05,24023.0,37815.0
5176,3.190426508709707e-05,25011.0,38769.0
5177,3.3136984865339593e-05,26034.0,40387.0
5178,3.360116498844847e-05,26247.0,41330.0
5179,3.37858182610158e-05,26594.0,41455.0
5180,3.44817700779678e-05,26726.0,42193.0
5181,3.4658145790040724e-05,27221.0,42402.0
5182,3.58278287614413e-05,27883.0,44095.0
5183,3.66886950528586e-05,28911.0,45880.0
5184,3.7436222439044925e-05,29416.0,46632.0
5185,3.805449253443413e-05,29779.0,47516.0
5186,3.830345608468868e-05,30228.0,47792.0
5187,3.911784069025283e-05,30509.0,49486.0
5188,3.926492657288404e-05,30597.0,49791.0
5189,4.0142347985290136e-05,31475.0,50710.0
5190,4.019774396706033e-05,31236.0,50594.0
5191,4.062244649396517e-05,32247.0,50824.0
5192,4.111400624024783e-05,32393.0,51354.0
5193,4.2244211615444356e-05,32925.0,52197.0
5194,4.3918825777003155e-05,34618.0,54818.0
5195,4.594173421474929e-05,36125.0,58185.0
5196,4.623972639254758e-05,35976.0,58736.0
5197,4.653389815781e-05,36248.0,59167.0
5198,4.6717914694954674e-05,36670.0,59330.0
5199,4.882996609187123e-05,38352.0,62593.0
5200,4.915279095115272e-05,38519.0,63244.0
5201,4.929924009836128e-05,38618.0,63235.0
5202,5.004294707201173e-05,39173.0,63844.0
5203,5.1656434632996526e-05,40602.0,66428.0
5204,5.294773407012247e-05,41639.0,69558.0
5205,5.326801198771338e-05,41800.0,69984.0
5206,5.423521309471255e-05,42814.0,71578.0
5207,5.548003084598534e-05,43493.0,73251.0
5208,5.594994158789804e-05,43726.0,73946.0
5209,5.715018785958563e-05,44624.0,76026.0
5210,5.750930663795793e-05,45373.0,76927.0
5211,5.837463007733375e-05,45760.0,78170.0
5212,5.8531266991304654e-05,45932.0,78371.0
5213,5.939468022441254e-05,46805.0,79916.0
5214,6.008999530594189e-05,47141.0,81139.0
5215,6.008553815798337e-05,46987.0,81087.0
5216,6.121638026860254e-05,47930.0,83195.0
5217,6.119473126423258e-05,48048.0,83215.0
5218,6.306800687765692e-05,49697.0,85666.0
5219,6.418484080897788e-05,50367.0,87693.0
5220,6.454905347073135e-05,50841.0,88300.0
5221,6.524245834599278e-05,51176.0,89157.0
5222,6.608103889761746e-05,51988.0,90433.0
5223,6.759264879097891e-05,52981.0,92427.0
5224,6.835609456273138e-05,53345.0,93852.0
5225,6.865217653426174e-05,53698.0,94156.0
5226,7.116027736406407e-05,55594.0,98209.0
5227,7.323412463562186e-05,57506.0,101392.0
5228,7.54442332876259e-05,59357.0,105918.0
5229,7.58587480477684e-05,59520.0,106855.0
5230,7.567154783351049e-05,59363.0,106694.0
5231,7.71494107494717e-05,60421.0,108850.0
5232,7.759257860363327e-05,60599.0,109538.0
5233,7.951424610917869e-05,62271.0,112648.0
5234,8.158427296820063e-05,64037.0,115405.0
5235,8.28150825401752e-05,65091.0,117792.0
5236,8.384468371859368e-05,65632.0,119637.0
5237,8.420380249696598e-05,66111.0,120019.0
5238,8.473547657487534e-05,66570.0,120728.0
5239,8.475203169586413e-05,66542.0,120902.0
5240,8.531745275117372e-05,66890.0,121389.0
5241,8.611528223574907e-05,67357.0,121939.0
5242,9.15262598573942e-05,72077.0,130669.0
5243,9.382678493941396e-05,73531.0,134618.0
5244,9.683599654683862e-05,75847.0,138420.0
5245,9.81623164322101e-05,76733.0,140563.0
5246,9.926386871338756e-05,78004.0,141938.0
5247,0.00010043482515563343,78757.0,145099.0
5248,0.00010103590339461119,79763.0,146242.0
5249,0.00010146697327574249,79782.0,147304.0
5250,0.00010159113668315844,79947.0,147692.0
5251,0.00010265130116186392,80704.0,148911.0
5252,0.00010639275850533141,83293.0,154573.0
5253,0.00010984768490860824,86626.0,161267.0
5254,0.00010994637889911837,86694.0,161446.0
5255,0.00011136184174366027,87443.0,164016.0
5256,0.00011219023452852263,88029.0,166427.0
5257,0.00011201322208102706,87930.0,166402.0
5258,0.00011126314775315015,87355.0,165469.0
5259,0.00011140322954613226,87388.0,165674.0
5260,0.00011236087962179173,88242.0,168336.0
5261,0.00011438315132411522,90016.0,170934.0
5262,0.00011580561825830624,90953.0,172394.0
5263,0.00011771582452624403,92059.0,176918.0
5264,0.0001180329187667217,92643.0,178026.0
5265,0.00011813097602180917,92972.0,179344.0
5266,0.00011798898402255914,92729.0,179334.0
5267,0.00011759548153136395,91568.0,179218.0
5268,0.00011827742516901774,92928.0,183949.0
5269,0.00011868557257493379,93046.0,184145.0
5270,0.00012168969029897729,95609.0,189777.0
5271,0.0001278768484008278,100393.0,202359.0
5272,0.0001280914282382595,100450.0,202990.0
5273,0.00012828053865878534,100525.0,203776.0
5274,0.00012935280111052108,101409.0,205937.0
5275,0.00012952280946836755,101846.0,207039.0
5276,0.00013058042700538243,102631.0,208712.0
5277,0.0001322072860102428,103995.0,211728.0
5278,0.00013265491101236289,104563.0,211977.0
5279,0.0001360792741153527,106930.0,216136.0
5280,0.00013843264823745207,108415.0,220844.0
5281,0.0001455710890607356,114082.0,234135.0
5282,0.00015037971497255768,117470.0,246324.0
5283,0.00015282605246636337,121074.0,251373.0
5284,0.00015335008571920096,120061.0,254897.0
5285,0.00015292474645687347,120206.0,255394.0
5286,0.00015142014065316114,118786.0,252761.0
5287,0.00015167483482221952,118706.0,253222.0
5288,0.0001532176447512906,120036.0,257001.0
5289,0.00015428162964253197,121215.0,260447.0
5290,0.00015379070663167196,120211.0,260311.0
5291,0.0001535417430814174,119915.0,260405.0
5292,0.00015370474734961476,120249.0,261270.0
5293,0.00015829688321773722,123993.0,270794.0
5294,0.00015830134036569574,123534.0,272342.0
5295,0.00015913673724020719,124857.0,274931.0
5296,0.0001597728359274305,125544.0,276497.0
5297,0.00015962702351564456,125908.0,276618.0
5298,0.0001605159061656583,126139.0,279712.0
5299,0.00016051017554685447,126170.0,280149.0
5300,0.00016018607721672768,125505.0,279668.0
5301,0.0001620759079511408,127408.0,283362.0
5302,0.00016231595720547833,127593.0,283829.0
5303,0.00016414657154558538,128957.0,287874.0
5304,0.00016513860533406776,129146.0,289846.0
5305,0.00016694502372811425,130770.0,295851.0
5306,0.00016782626555305623,131955.0,299225.0
5307,0.00016715450968216478,131239.0,298518.0
5308,0.00016787083703264144,131733.0,300596.0
5309,0.0001663675046997744,130664.0,299586.0
5310,0.00016697240335128804,130649.0,302046.0
5311,0.00016642544762323518,130364.0,301334.0
5312,0.00016669542344243705,130217.0,302789.0
5313,0.0001679504289604722,131355.0,306981.0
5314,0.00016783008596559212,131545.0,307442.0
5315,0.0001679879963504083,131007.0,308260.0
5316,0.00017138752677191494,135016.0,316746.0
5317,0.00017022739483185404,133272.0,317673.0
5318,0.00016912711602152188,132271.0,316930.0
5319,0.0001668724358899326,131003.0,312673.0
5320,0.0001673047792419092,130854.0,314202.0
5321,0.00016814017611642068,131666.0,317012.0
5322,0.00016700041970988446,130899.0,316153.0
5323,0.00016652477834916795,130770.0,315758.0
5324,0.00016544869548489632,129880.0,315085.0
5325,0.00016425736350912578,128903.0,314336.0
5326,0.000165130964508996,129464.0,316459.0
5327,0.0001649272091737493,129590.0,316774.0
5328,0.00016526722588944222,129567.0,317931.0
5329,0.0001648896417838132,129018.0,315557.0
5330,0.00016549454043532683,129468.0,317458.0
5331,0.00016545633630996807,130516.0,318808.0
5332,0.00016482660497697124,129493.0,318971.0
5333,0.0001597607379544002,125246.0,310679.0
5334,0.0001578600827178021,123774.0,307045.0
5335,0.00015584672531139567,122630.0,303901.0
5336,0.00015471970361331236,121732.0,302988.0
5337,0.00015562195770720165,121590.0,307436.0
5338,0.00015506163053527323,122167.0,307133.0
5339,0.00015418866627082566,120597.0,306665.0
5340,0.00015368628202235801,119715.0,305591.0
5341,0.00015370602082046003,120264.0,305293.0
5342,0.0001539645354020543,121135.0,308453.0
5343,0.00014978882450034228,117856.0,302500.0
5344,0.00014663762089366756,114663.0,296697.0
5345,0.00014625239596296677,115106.0,296929.0
5346,0.0001446962145900201,113312.0,294290.0
5347,0.0001441110547366085,112873.0,292385.0
5348,0.00014491843525252354,113301.0,294901.0
5349,0.00014489041889392712,113910.0,295799.0
5350,0.00014474205954045062,113623.0,295917.0
5351,0.000143358433467041,112745.0,293572.0
5352,0.0001411737942319428,110676.0,291428.0
5353,0.000141373092419231,110589.0,295328.0
5354,0.00013974878035606121,109335.0,291808.0
5355,0.00013997418469567787,110075.0,293571.0
5356,0.0001395698577022977,109279.0,292928.0
5357,0.00013938584116515303,109645.0,293171.0
5358,0.00013975196403317444,109625.0,295010.0
5359,0.0001381754071267031,108188.0,292952.0
5360,0.00013761635342561998,107774.0,293257.0
5361,0.0001345988642577009,105607.0,287938.0
5362,0.00012822896308955101,100360.0,275640.0
5363,0.00012894592717545034,101319.0,278014.0
5364,0.0001279971913957079,100662.0,276703.0
5365,0.00012698350860285558,99598.0,275387.0
5366,0.00012635123032816816,99204.0,274221.0
5367,0.0001251000452226689,97899.0,272583.0
5368,0.0001240755379276316,97996.0,272438.0
5369,0.00012314781441683648,96730.0,271430.0
5370,0.00011940763054421427,93939.0,266713.0
5371,0.0001165550558507605,91560.0,262949.0
5372,0.00010951212534087385,85798.0,250851.0
5373,0.00010464109935763246,82321.0,239161.0
5374,0.00010201010859125947,79638.0,234294.0
5375,0.00010062520904700457,78845.0,231094.0
5376,9.952811391378563e-05,78466.0,228531.0
5377,9.938166476657706e-05,77694.0,228846.0
5378,9.875320690442553e-05,77496.0,227931.0
5379,9.709833154096875e-05,76128.0,224593.0
5380,9.57917504536993e-05,74917.0,221211.0
5381,9.46023286841967e-05,74432.0,218874.0
5382,9.445969994952401e-05,73814.0,218582.0
5383,9.381596043722897e-05,73686.0,217602.0
5384,8.898313857934635e-05,69635.0,208120.0
5385,8.795035372381465e-05,68863.0,205951.0
5386,8.593190243402704e-05,67695.0,201489.0
5387,8.492586046624646e-05,66779.0,199501.0
5388,8.420252902612069e-05,65847.0,198323.0
5389,8.208347353955503e-05,64858.0,194083.0
5390,8.115256635164668e-05,63244.0,192969.0
5391,8.016817338823607e-05,62973.0,191119.0
5392,7.800836683462106e-05,60738.0,187459.0
5393,7.714431686609054e-05,60102.0,186675.0
5394,7.509848595312916e-05,58599.0,182586.0
5395,7.313797758680234e-05,57054.0,179180.0
5396,7.013831701071734e-05,55141.0,171866.0
5397,6.841276401534687e-05,53766.0,167767.0
5398,6.781041230552382e-05,52898.0,166393.0
5399,6.679290910013562e-05,52548.0,164349.0
5400,6.656432108340573e-05,52235.0,164504.0
5401,6.458534738982217e-05,50880.0,160061.0
5402,6.395306911513476e-05,50297.0,158938.0
5403,6.292792508467481e-05,49640.0,156652.0
5404,6.105974335463165e-05,47912.0,152306.0
5405,5.997729313613356e-05,46829.0,150548.0
5406,5.889420618221283e-05,46291.0,148559.0
5407,5.496618535991008e-05,43247.0,139601.0
5408,5.305279541485905e-05,41620.0,134100.0
5409,5.1851275672326176e-05,40098.0,131431.0
5410,5.1408744553587254e-05,40167.0,130676.0
5411,5.034794333945913e-05,39826.0,128023.0
5412,4.926294617927046e-05,38614.0,124829.0
5413,4.862366381493395e-05,38211.0,123627.0
5414,4.823589194254258e-05,38019.0,122787.0
5415,4.738712362415555e-05,37349.0,120590.0
5416,4.60334241156103e-05,36434.0,118113.0
5417,4.377619704233047e-05,34612.0,113126.0
5418,4.2823640850052156e-05,33512.0,110530.0
5419,4.189655407467968e-05,33082.0,108299.0
5420,4.149732096468068e-05,32683.0,107805.0
5421,4.064982611713894e-05,31873.0,105269.0
5422,3.959029837385611e-05,30868.0,102475.0
5423,3.891981597380995e-05,30610.0,100710.0
5424,3.835885206645888e-05,30208.0,99849.0
5425,3.8016925144498014e-05,29713.0,99481.0
5426,3.741202649298438e-05,29633.0,98707.0
5427,3.6581723501854084e-05,29106.0,96662.0
5428,3.43722515852727e-05,26943.0,90758.0
5429,3.3284707483393445e-05,26270.0,87646.0
5430,3.2952968328194916e-05,26056.0,86245.0
5431,3.274666605125763e-05,25589.0,85935.0
5432,3.223791444856354e-05,25124.0,85137.0
5433,3.062442688757874e-05,23990.0,80477.0
5434,3.0202908037787136e-05,23717.0,79697.0
5435,2.9352229513132172e-05,22764.0,78058.0
5436,2.8965731111586092e-05,22725.0,76677.0
5437,2.8728865534361803e-05,22473.0,76378.0
5438,2.8157077124825757e-05,22326.0,75728.0
5439,2.6952373705179654e-05,21288.0,72643.0
5440,2.6370397528881273e-05,20764.0,70582.0
5441,2.5641972205374325e-05,20099.0,69111.0
5442,2.5477694466331677e-05,20013.0,68604.0
5443,2.4870885608550104e-05,19443.0,67120.0
5444,2.2707258642399227e-05,17824.0,60824.0
5445,2.1813918844426983e-05,17295.0,59127.0
5446,2.0669068554509598e-05,16163.0,55591.0
5447,2.0310586511559938e-05,15900.0,54917.0
5448,1.994255343727059e-05,15629.0,53982.0
5449,1.8988723774146985e-05,14758.0,51048.0
5450,1.8686911183812813e-05,14685.0,50311.0
5451,1.8117669715967348e-05,14313.0,48511.0
5452,1.7639481413560253e-05,13808.0,47748.0
5453,1.7171480877915493e-05,13453.0,46695.0
5454,1.591329168276713e-05,12391.0,43157.0
5455,1.5314760385479956e-05,12041.0,41656.0
5456,1.459270241619947e-05,11343.0,39731.0
5457,1.4232310166981871e-05,11305.0,38827.0
5458,1.371591773921602e-05,10809.0,37694.0
5459,1.2706692094322219e-05,10065.0,34350.0
5460,1.226034056304742e-05,9579.0,33201.0
5461,1.2037483165121344e-05,9507.0,32804.0
5462,1.1612143902793861e-05,9106.0,31649.0
5463,1.1253661859844202e-05,8767.0,30404.0
5464,1.0779293969972982e-05,8342.0,29226.0
5465,1.05729916930357e-05,8377.0,28464.0
5466,1.0130460574296778e-05,7898.0,27047.0
5467,9.81400306924175e-06,7672.0,26232.0
5468,9.338998443947885e-06,7112.0,24873.0
5469,9.260679986962435e-06,7235.0,24648.0
5470,8.89519385436367e-06,6969.0,23601.0
5471,8.801593747234717e-06,6913.0,23421.0
5472,8.592107793184206e-06,6564.0,22887.0
5473,8.282654377778284e-06,6426.0,22167.0
5474,8.133658288879135e-06,6488.0,21784.0
5475,7.74015579768395e-06,6130.0,21050.0
5476,7.015550886712878e-06,5501.0,18881.0
5477,6.897118098100735e-06,5410.0,18515.0
5478,6.748758744624233e-06,5294.0,18106.0
5479,6.576840180509832e-06,5161.0,17653.0
5480,6.4081052935086595e-06,4997.0,17200.0
5481,6.333607249059086e-06,5016.0,16890.0
5482,6.182064218469354e-06,4836.0,16697.0
5483,5.811484202489421e-06,4650.0,15716.0
5484,5.451091953271824e-06,4332.0,14638.0
5485,5.282993801693297e-06,4134.0,14194.0
5486,5.053132314118116e-06,3917.0,13817.0
5487,4.967173032060915e-06,3836.0,13331.0
5488,4.933426054660681e-06,3845.0,13158.0
5489,4.832821857882624e-06,3806.0,12956.0
5490,4.587041984741294e-06,3614.0,12378.0
5491,4.220282381297237e-06,3354.0,10736.0
5492,4.049000552605481e-06,3230.0,10307.0
5493,3.9095554950460225e-06,3076.0,10044.0
5494,3.7841186167847736e-06,2938.0,9748.0
5495,3.6192041423194775e-06,2833.0,9188.0
5496,3.4396447531333244e-06,2750.0,8599.0
5497,3.3269425833249945e-06,2569.0,8225.0
5498,3.2148771489393104e-06,2566.0,8031.0
5499,3.1327382794179855e-06,2422.0,7769.0
5500,3.035954495175804e-06,2470.0,7539.0
5501,2.9449013297374354e-06,2253.0,7362.0
5502,2.8621257247934643e-06,2214.0,7096.0
5503,2.7653419405512826e-06,2176.0,6840.0
5504,2.6093417620030292e-06,2081.0,6229.0
5505,2.5545825156554793e-06,2089.0,6102.0
5506,2.490908973390886e-06,1921.0,5937.0
5507,2.432966049930106e-06,1860.0,5806.0
5508,2.142614697203561e-06,1685.0,4881.0
5509,2.0579288859916523e-06,1594.0,4662.0
5510,1.9872512540779537e-06,1564.0,4482.0
5511,1.8548102861676e-06,1425.0,4172.0
5512,1.767577533265107e-06,1400.0,3947.0
5513,1.6606059822605907e-06,1362.0,3554.0
5514,1.658059040570007e-06,1327.0,3548.0
5515,1.6491447446529638e-06,1293.0,3543.0
5516,1.543446664493739e-06,1230.0,3258.0
5517,5.813394408757359e-07,456.0,184.0
5518,5.717884095360469e-07,421.0,182.0
5519,5.787924991851522e-07,474.0,181.0
5520,5.762455574945684e-07,437.0,179.0
5521,5.89617001370133e-07,466.0,192.0
5522,6.004415035551138e-07,439.0,202.0
5523,6.411925706044536e-07,482.0,208.0
5524,7.908253949262475e-07,637.0,225.0
5525,9.309071879083526e-07,751.0,224.0
5526,1.5358058394219879e-06,1173.0,301.0
5527,1.5459936061843228e-06,1232.0,303.0
5528,1.5396262519578635e-06,1227.0,303.0
5529,1.5217976601237775e-06,1218.0,297.0
5530,1.5192507184331938e-06,1164.0,300.0
5531,1.5128833642067344e-06,1177.0,300.0
5532,1.5090629516708588e-06,1237.0,301.0
5533,1.4931445661047105e-06,1208.0,296.0
5534,1.4861404764556052e-06,1119.0,293.0
5535,1.4721322971573948e-06,1126.0,292.0
5536,1.4651282075082895e-06,1157.0,291.0
5537,1.4587608532818302e-06,1152.0,291.0
5538,1.4587608532818302e-06,1176.0,284.0
5539,1.4549404407459546e-06,1068.0,282.0
5540,1.4434792031383278e-06,1123.0,282.0
5541,1.431381230108055e-06,1150.0,283.0
5542,1.4301077592627631e-06,1113.0,283.0
5543,1.4205567279230743e-06,1173.0,280.0
5544,1.4116424320060312e-06,1103.0,277.0
5545,1.4090954903154475e-06,1081.0,278.0
5546,1.3899934276360695e-06,1123.0,277.0
5547,1.3791689254510888e-06,1021.0,277.0
5548,1.3696178941113998e-06,1087.0,275.0
5549,1.3619770690396485e-06,1042.0,277.0
5550,1.3517893022773136e-06,1047.0,271.0
5551,1.3416015355149786e-06,1056.0,270.0
5552,1.3352341812885193e-06,1077.0,267.0
5553,1.3256831499488305e-06,972.0,261.0
5554,1.320589266567663e-06,1103.0,258.0
5555,1.3059443518468065e-06,1057.0,258.0
5556,1.3021239393109309e-06,1036.0,260.0
5557,1.2983035267750553e-06,1044.0,260.0
5558,1.2957565850844715e-06,1042.0,258.0
5559,1.2874790245900744e-06,1003.0,255.0
5560,1.2849320828994906e-06,1037.0,253.0
5561,1.2830218766315528e-06,1037.0,248.0
5562,1.2766545224050937e-06,1024.0,251.0
5563,1.272834109869218e-06,1031.0,251.0
5564,1.273470845291864e-06,995.0,250.0
5565,1.2683769619106965e-06,1022.0,247.0
5566,1.2658300202201128e-06,1024.0,247.0
5567,1.2620096076842372e-06,935.0,246.0
5568,1.2556422534577779e-06,1009.0,245.0
5569,1.254368782612486e-06,1049.0,246.0
5570,1.2511851054992563e-06,980.0,246.0
5571,1.2473646929633807e-06,937.0,246.0
5572,1.243544280427505e-06,902.0,246.0
5573,1.2403606033142754e-06,979.0,244.0
5574,1.2384503970463376e-06,928.0,243.0
5575,1.2365401907783998e-06,927.0,242.0
5576,1.2339932490878163e-06,984.0,243.0
5577,1.2339932490878163e-06,953.0,242.0
5578,1.4861404764556052e-06,1157.0,296.0
5579,2.02227170232348e-06,1563.0,2047.0
5580,2.0159043480970206e-06,1565.0,2046.0
5581,1.7224966653417752e-05,13646.0,20409.0
5582,1.7470109791136435e-05,13729.0,20586.0
5583,1.7504493503959317e-05,13987.0,20618.0
5584,1.7501946562268732e-05,13672.0,20644.0
5585,1.7661130417930215e-05,13835.0,20737.0
5586,1.771206925174189e-05,13822.0,20782.0
5587,1.6572949580628318e-05,12966.0,20642.0
5588,1.6641080270851434e-05,12883.0,20700.0
5589,1.667100683571579e-05,13183.0,20738.0
5590,1.6712394638187775e-05,12910.0,20805.0
5591,1.6745504880165364e-05,13134.0,20840.0
5592,1.6778615122142954e-05,13254.0,20845.0
5593,1.678116206383354e-05,13112.0,20846.0
5594,1.6815545776656417e-05,13105.0,20873.0
5595,1.7140917577628488e-05,13428.0,21078.0
5596,1.7141554313051135e-05,13575.0,21078.0
5597,1.7194403353130747e-05,13337.0,21107.0
5598,1.7266354455889736e-05,13417.0,21142.0
5599,1.727208507469355e-05,13560.0,21153.0
5600,1.7348493325411064e-05,13456.0,21198.0
5601,1.7468836320291143e-05,13648.0,21293.0
5602,1.7472019997404372e-05,13854.0,21297.0
5603,1.75777180775636e-05,13787.0,21394.0
5604,1.7624199763416752e-05,13903.0,21450.0
5605,1.763693447186967e-05,13921.0,21496.0
5606,1.7699971278711618e-05,14044.0,21576.0
5607,1.7740722345760958e-05,14014.0,21620.0
5608,1.802215940257046e-05,13914.0,21665.0
5609,1.8083922738567114e-05,14068.0,21705.0
5610,1.8265392334021206e-05,14323.0,21810.0
5611,1.826602906944385e-05,14240.0,21811.0
5612,1.839273941855039e-05,14514.0,21943.0
5613,1.8468510933845258e-05,14379.0,21983.0
5614,1.848379258398876e-05,14391.0,22022.0
5615,1.8618780493589697e-05,14741.0,22131.0
5616,1.8756952080303865e-05,14723.0,22260.0
5617,1.87671398470662e-05,14687.0,22278.0
5618,1.8850552187432817e-05,14788.0,22348.0
5619,1.9179744400940764e-05,15085.0,22528.0
5620,1.9182291342631346e-05,15104.0,22533.0
5621,1.925551591623563e-05,15334.0,22588.0
5622,1.9547777475230112e-05,15355.0,22893.0
5623,1.9580250981785053e-05,15360.0,22948.0
5624,1.9758536900125917e-05,15498.0,23055.0
5625,1.9906896253602416e-05,15509.0,23314.0
5626,1.9911990136983586e-05,15640.0,23327.0
5627,2.0004953508689892e-05,15805.0,23386.0
5628,2.0041247427780708e-05,15595.0,23411.0
5629,2.0050798459120398e-05,15878.0,23426.0
5630,2.026665176739737e-05,15905.0,23615.0
5631,2.0639778725067885e-05,16148.0,23928.0
5632,2.063786851879995e-05,16040.0,23927.0
5633,2.0741019657268587e-05,16250.0,23997.0
5634,2.085817897503544e-05,16343.0,24084.0
5635,2.0868366741797776e-05,16333.0,24090.0
5636,2.0923125988145324e-05,16540.0,24133.0
5637,2.1029460803727195e-05,16378.0,24189.0
5638,2.1034554687108364e-05,16580.0,24197.0
5639,2.122239163678891e-05,16739.0,24382.0
5640,2.155922467536861e-05,16533.0,24765.0
5641,2.1138979296422295e-05,16565.0,23701.0
5642,1.1929238143271535e-05,9192.0,14306.0
5643,1.03303954970076e-05,8071.0,12655.0
5644,8.241903310728944e-06,6427.0,9655.0
5645,7.80255586910325e-06,6105.0,8501.0
5646,7.622359744494452e-06,5954.0,7760.0
5647,7.133346939902376e-06,5548.0,6300.0
5648,7.182375567446113e-06,5794.0,6262.0
5649,7.062669307988678e-06,5502.0,5964.0
5650,7.029559066011089e-06,5510.0,5878.0
5651,7.1091509938418305e-06,5523.0,5884.0
5652,7.2861634413374e-06,5817.0,6020.0
5653,7.284889970492108e-06,5746.0,6019.0
5654,7.310359387397945e-06,5725.0,5979.0
5655,7.4937391891199734e-06,5887.0,6095.0
5656,7.443437090730945e-06,5645.0,6111.0
5657,7.642735278019122e-06,6049.0,6331.0
5658,7.734425178880136e-06,5997.0,6434.0
5659,7.729331295498969e-06,6025.0,6583.0
5660,8.001217320968782e-06,6189.0,6895.0
5661,7.954735635115629e-06,6173.0,6934.0
5662,7.937543778704188e-06,6229.0,6936.0
5663,8.073168423727771e-06,6214.0,7100.0
5664,8.346327920042876e-06,6570.0,7349.0
5665,8.304303382148244e-06,6552.0,7365.0
5666,8.390262664205445e-06,6560.0,7481.0
5667,8.689528312849034e-06,6733.0,7897.0
5668,8.601022089101249e-06,6635.0,7889.0
5669,8.645593568686464e-06,6786.0,8049.0
5670,8.73409979243425e-06,6865.0,8126.0
5671,8.688254842003742e-06,6876.0,8113.0
5672,8.71372425890958e-06,6797.0,8164.0
5673,8.979242930152933e-06,7193.0,8378.0
5674,8.928304096341258e-06,6966.0,8403.0
5675,9.052467503757214e-06,7097.0,8514.0
5676,9.003438876213478e-06,7015.0,8528.0
5677,8.94995310071122e-06,6922.0,8479.0
5678,9.125692077361497e-06,7221.0,8685.0
5679,9.395667896563372e-06,7458.0,8990.0
5680,9.318622910423215e-06,7229.0,8965.0
5681,9.599423231810071e-06,7396.0,9422.0
5682,9.617251823644156e-06,7627.0,9515.0
5683,9.594329348428904e-06,7544.0,9512.0
5684,9.626802854983845e-06,7440.0,9529.0
5685,9.750966262399803e-06,7692.0,9677.0
5686,9.416680165510688e-06,7538.0,9440.0
5687,9.78407650437739e-06,7573.0,9825.0
5688,9.78598671064533e-06,7640.0,9882.0
5689,9.717219284999567e-06,7723.0,9842.0
5690,9.817823481777625e-06,7833.0,9943.0
5691,1.0066150296609539e-05,7858.0,10215.0
5692,9.946444037152104e-06,7812.0,10091.0
5693,1.030237913841118e-05,8027.0,10389.0
5694,1.035713838475873e-05,8111.0,10537.0
5695,1.0332942438698184e-05,8036.0,10517.0
5696,1.0783114382508858e-05,8606.0,11089.0
5697,1.0884992050132207e-05,8696.0,11264.0
5698,1.0869710399988705e-05,8385.0,11253.0
5699,1.0983686040642326e-05,8452.0,11387.0
5700,1.1074102470658048e-05,8739.0,11509.0
5701,1.0868436929143412e-05,8460.0,11346.0
5702,1.0960126830004427e-05,8652.0,11427.0
5703,1.1111033125171513e-05,8696.0,11541.0
5704,1.1025073843114312e-05,8566.0,11355.0
5705,1.1174069932013461e-05,8572.0,11512.0
5706,1.1425580423958603e-05,8955.0,11932.0
5707,1.1292502720625604e-05,8932.0,11804.0
5708,1.148861723080055e-05,9036.0,12048.0
5709,1.1544649947993393e-05,8956.0,12114.0
5710,1.1365727294229885e-05,8938.0,12178.0
5711,1.1506445822634636e-05,8958.0,12380.0
5712,1.1742037929013632e-05,9101.0,12430.0
5713,1.1479066199460862e-05,9161.0,12191.0
5714,1.1596225517227714e-05,9112.0,12346.0
5715,1.1620421463288259e-05,9055.0,12417.0
5716,1.1514723383129034e-05,9073.0,12331.0
5717,1.1585401015042733e-05,9021.0,12386.0
5718,1.1770054287610053e-05,9302.0,12564.0
5719,1.1735033839364526e-05,9174.0,12532.0
5720,1.210688732618975e-05,9580.0,13061.0
5721,1.1940062645456516e-05,9518.0,12880.0
5722,1.1568845894053938e-05,9097.0,12565.0
5723,1.1693009301469894e-05,9360.0,12643.0
5724,1.1721025660066316e-05,9318.0,12837.0
5725,1.1599409194340943e-05,9020.0,12755.0
5726,1.1722299130911607e-05,9247.0,12894.0
5727,1.1728666485138067e-05,9255.0,12939.0
5728,1.1589858163001254e-05,9066.0,12852.0
5729,1.1650984763575264e-05,9121.0,13048.0
5730,1.1633792907163823e-05,9046.0,13124.0
5731,1.148416008284203e-05,8967.0,13023.0
5732,1.1643343938503512e-05,9216.0,13164.0
5733,1.170319706823223e-05,9187.0,13257.0
5734,1.1687915418088727e-05,9124.0,13233.0
5735,1.2040666842234573e-05,9561.0,13658.0
5736,1.1992274950113483e-05,9284.0,13657.0
5737,1.1837548242410522e-05,9318.0,13456.0
5738,1.1937515703765933e-05,9367.0,13572.0
5739,1.1882756457418383e-05,9458.0,13528.0
5740,1.1827360475648187e-05,9463.0,13550.0
5741,1.1954707560177372e-05,9322.0,13672.0
5742,1.1837548242410522e-05,9146.0,13550.0
5743,1.1721662395488962e-05,9194.0,13444.0
5744,1.1917140170241263e-05,9292.0,13657.0
5745,1.2071230142521578e-05,9555.0,13858.0
5746,1.2094789353159477e-05,9506.0,13966.0
5747,1.2152095541197612e-05,9728.0,14019.0
5748,1.213044653682765e-05,9616.0,13988.0
5749,1.2145728186971152e-05,9534.0,14078.0
5750,1.2213858877194268e-05,9573.0,14154.0
5751,1.1994821891804066e-05,9458.0,13954.0
5752,1.1973172887434106e-05,9312.0,13965.0
5753,1.2199850697896056e-05,9706.0,14322.0
5754,1.2125989388869128e-05,9546.0,14273.0
5755,1.1910136080592157e-05,9438.0,14097.0
5756,1.1993548420958776e-05,9405.0,14224.0
5757,1.2002462716875818e-05,9480.0,14220.0
5758,1.1831180888184062e-05,9357.0,13933.0
5759,1.1858560511357837e-05,9298.0,13948.0
5760,1.1666266413718766e-05,9272.0,13838.0
5761,1.1544649947993393e-05,9147.0,13771.0
5762,1.1601956136031526e-05,9203.0,13801.0
5763,1.1787882879444138e-05,9344.0,14080.0
5764,1.1540192800034872e-05,9002.0,13946.0
5765,1.1639523525967637e-05,9309.0,14355.0
5766,1.1574576512857752e-05,8910.0,14323.0
5767,1.1494347849604364e-05,9075.0,14304.0
5768,1.153573565207635e-05,9112.0,14393.0
5769,1.1364453823384595e-05,8959.0,14152.0
5770,1.105500040797867e-05,8675.0,13791.0
5771,1.1032077932763418e-05,8572.0,13691.0
5772,1.0785661324199442e-05,8345.0,13278.0
5773,1.0686967333689322e-05,8278.0,13359.0
5774,1.0657040768824963e-05,8414.0,13328.0
5775,1.0605465199590644e-05,8257.0,13252.0
5776,1.0455195639846204e-05,8298.0,13033.0
5777,1.0494673236050251e-05,8322.0,13057.0
5778,1.014574222444028e-05,8044.0,12666.0
5779,1.0112631982462692e-05,7793.0,12580.0
5780,1.0196044322829309e-05,7958.0,12676.0
5781,1.0095440126051251e-05,8041.0,12572.0
5782,9.803815302479415e-06,7796.0,12270.0
5783,9.87321946354782e-06,7714.0,12322.0
5784,9.528108864473726e-06,7614.0,11989.0
5785,9.382933188110454e-06,7410.0,11785.0
5786,9.39757810283131e-06,7231.0,11755.0
5787,9.03909605988165e-06,7202.0,11270.0
5788,8.954410248669741e-06,6955.0,11136.0
5789,8.976059253039704e-06,6960.0,11125.0
5790,8.920026535846861e-06,7067.0,10987.0
5791,8.825152957872618e-06,6845.0,10846.0
5792,8.832157047521722e-06,6956.0,10825.0
5793,8.750654913423044e-06,6838.0,10758.0
5794,8.53034445718755e-06,6558.0,10543.0
5795,8.571732259659536e-06,6783.0,10599.0
5796,8.441838233439766e-06,6655.0,10502.0
5797,8.10182151774684e-06,6399.0,10017.0
5798,8.151486880713222e-06,6390.0,10060.0
5799,8.027323473297264e-06,6283.0,9933.0
5800,7.970654020681777e-06,6207.0,9901.0
5801,7.986572406247926e-06,6147.0,9923.0
5802,7.927992747364499e-06,6018.0,9860.0
5803,7.926082541096562e-06,6270.0,9873.0
5804,7.94645807462123e-06,6373.0,9895.0
5805,7.852221232069633e-06,6173.0,9833.0
5806,7.720416999581925e-06,6005.0,9720.0
5807,7.804466075371189e-06,6053.0,9831.0
5808,7.780906864733288e-06,6120.0,9792.0
5809,7.580971942022466e-06,5982.0,9674.0
5810,7.599437269279198e-06,5842.0,9683.0
5811,7.2294939887219116e-06,5711.0,9096.0
5812,7.169640858993194e-06,5688.0,9042.0
5813,7.20466130723872e-06,5786.0,9058.0
5814,7.0817713706680555e-06,5532.0,8962.0
5815,6.967158994591788e-06,5520.0,8858.0
5816,6.973526348818247e-06,5503.0,8858.0
5817,6.879926241689295e-06,5516.0,8737.0
5818,6.864644591545792e-06,5415.0,8690.0
5819,6.873558887462836e-06,5364.0,8686.0
5820,6.819436376537931e-06,5387.0,8626.0
5821,6.672350493906721e-06,5213.0,8429.0
5822,6.6074034807968365e-06,5180.0,8366.0
5823,6.432301239569205e-06,5007.0,8208.0
5824,6.2705704422171385e-06,4877.0,8011.0
5825,6.156594801563516e-06,4814.0,7930.0
5826,5.775190283398603e-06,4564.0,6935.0
5827,5.8133944087573586e-06,4618.0,6916.0
5828,5.815941350447942e-06,4628.0,6906.0
5829,5.742716776843661e-06,4516.0,6790.0
5830,5.746537189379536e-06,4483.0,6788.0
5831,5.739533099730431e-06,4559.0,6715.0
5832,5.635745225839144e-06,4440.0,6603.0
5833,5.590537010831283e-06,4383.0,6571.0
5834,5.4937532265891014e-06,4159.0,6396.0
5835,5.324381604165283e-06,4163.0,6242.0
5836,5.1193527980732935e-06,4021.0,6005.0
5837,4.948707704804183e-06,3917.0,5811.0
5838,4.897132135569863e-06,3875.0,5756.0
5839,4.7685115801953845e-06,3860.0,5641.0
5840,4.667907383417327e-06,3768.0,5506.0
5841,4.5895889264318775e-06,3680.0,5413.0
5842,4.536739886352265e-06,3481.0,5367.0
5843,4.4762500212009015e-06,3405.0,5308.0
5844,4.292233484056228e-06,3326.0,5049.0
5845,4.233653825172802e-06,3383.0,4978.0
5846,4.161702722413812e-06,3345.0,4853.0
5847,4.062371996481046e-06,3221.0,4711.0
5848,3.908918759623376e-06,3107.0,4548.0
5849,3.837604392287032e-06,2989.0,4464.0
5850,3.7930329127018167e-06,2971.0,4407.0
5851,3.7319063121278074e-06,2961.0,4322.0
5852,3.7089838369125537e-06,2833.0,4292.0
5853,3.6344857924629795e-06,2877.0,4241.0
5854,3.394436538125463e-06,2644.0,3944.0
5855,3.3517752648081858e-06,2704.0,3893.0
5856,3.286828251698301e-06,2513.0,3804.0
5857,3.218697561475186e-06,2510.0,3725.0
5858,3.174126081889971e-06,2350.0,3656.0
5859,3.126370925191526e-06,2562.0,3574.0
5860,3.089440270678062e-06,2403.0,3523.0
5861,3.0308606117946364e-06,2330.0,3459.0
5862,3.0168524324964258e-06,2387.0,3438.0
5863,2.9251625316354116e-06,2321.0,3342.0
5864,2.752607232098364e-06,2177.0,3062.0
5865,2.7169500484301916e-06,2084.0,2997.0
5866,2.6832030710299572e-06,2115.0,2963.0
5867,2.6265336184144693e-06,2012.0,2920.0
5868,2.5603131344592925e-06,2001.0,2834.0
5869,2.5386641300893307e-06,1939.0,2790.0
5870,2.480084471205905e-06,1923.0,2741.0
5871,2.3718394493560966e-06,1874.0,2613.0
5872,2.348916974140843e-06,1720.0,2570.0
5873,2.3196271446991304e-06,1780.0,2537.0
5874,2.2400352168683888e-06,1745.0,2462.0
5875,2.2120188582719676e-06,1770.0,2441.0
5876,2.1973739435511113e-06,1746.0,2420.0
5877,2.1508922576979583e-06,1595.0,2391.0
5878,2.071937065289863e-06,1650.0,2321.0
5879,1.991708402036475e-06,1601.0,2245.0
5880,1.9528675412550732e-06,1544.0,2219.0
5881,1.8853735864546046e-06,1469.0,2124.0
5882,1.8395286360240975e-06,1501.0,2074.0
5883,1.8134224836956144e-06,1400.0,2054.0
5884,1.7733081520689205e-06,1414.0,2006.0
5885,1.7529326185442508e-06,1345.0,1977.0
5886,1.6924427533928872e-06,1305.0,1899.0
5887,1.6497814800756098e-06,1280.0,1854.0
5888,1.6090304130262702e-06,1282.0,1811.0
5889,1.5007853911764617e-06,1196.0,1711.0
5890,1.44156899687039e-06,1163.0,1637.0
5891,1.377895454605797e-06,1158.0,1561.0
5892,1.3428750063602705e-06,968.0,1510.0
5893,1.3167688540317874e-06,1008.0,1495.0
5894,1.2811116703636152e-06,982.0,1452.0
5895,1.2460912221180888e-06,1043.0,1423.0
5896,1.2142544509857923e-06,928.0,1386.0
5897,1.1690462359779311e-06,907.0,1344.0
5898,1.067805303777228e-06,860.0,1235.0
5899,1.0041317615126347e-06,760.0,1158.0
5900,9.347276004442281e-07,716.0,1111.0
5901,7.806376281639126e-07,644.0,903.0
5902,7.58988623793951e-07,600.0,874.0
5903,7.519845341448457e-07,629.0,862.0
5904,7.290620589295921e-07,532.0,851.0
5905,7.182375567446112e-07,571.0,878.0
5906,7.067763191369845e-07,504.0,973.0
5907,6.940416106840658e-07,542.0,981.0
5908,6.481966602535587e-07,499.0,940.0
5909,6.106292703174488e-07,519.0,959.0
5910,5.972578264418842e-07,472.0,1073.0
5911,5.762455574945684e-07,451.0,1083.0
5912,5.584169656604824e-07,415.0,1119.0
5913,5.412251092490422e-07,444.0,1173.0
5914,5.297638716414154e-07,434.0,1161.0
5915,5.062046610035159e-07,427.0,1170.0
5916,4.756413607165112e-07,351.0,1188.0
5917,4.546290917691954e-07,361.0,1376.0
5918,3.826779890102051e-07,334.0,1325.0
5919,3.304656843532387e-07,272.0,1295.0
5920,2.973554423756502e-07,243.0,1377.0
5921,2.629717295527699e-07,182.0,1358.0
5922,2.3813904806957857e-07,191.0,1429.0
5923,2.1649004369961687e-07,171.0,1404.0
5924,2.0184512897876045e-07,175.0,1483.0
5925,1.852900079899662e-07,132.0,1503.0
5926,1.59183855661483e-07,142.0,1523.0
5927,1.5472670770296146e-07,123.0,1573.0
5928,1.0442460931393284e-07,91.0,1553.0
5929,6.558374853253099e-08,52.0,1590.0
5930,3.820412535875592e-08,22.0,1585.0
5931,8.277560494397116e-09,5.0,1590.0
5932,7.004089649105252e-09,3.0,1692.0
5933,4.5844950430507105e-08,37.0,1799.0
5934,1.0569808015922471e-07,98.0,1884.0
5935,1.3371443875564572e-07,86.0,1960.0
5936,1.6300426819735859e-07,135.0,2016.0
5937,2.1012268947315755e-07,160.0,2075.0
5938,2.425961960281001e-07,201.0,2116.0
5939,3.266452718173631e-07,248.0,2251.0
5940,3.4574733449674104e-07,290.0,2295.0
5941,3.966861683084156e-07,307.0,2397.0
5942,4.2661273317277444e-07,318.0,2461.0
5943,4.520821500786117e-07,351.0,2541.0
5944,4.6418012310888443e-07,360.0,2587.0
5945,5.456822572075637e-07,480.0,2704.0
5946,5.826129117210278e-07,447.0,2867.0
5947,6.144496828533244e-07,477.0,2911.0
5948,6.469231894082669e-07,519.0,2980.0
5949,7.226947047031328e-07,594.0,3153.0
5950,8.073805159150418e-07,658.0,3298.0
5951,8.347601390888169e-07,626.0,3331.0
5952,8.697805873343431e-07,635.0,3357.0
5953,8.958867396628263e-07,697.0,3396.0
5954,9.379112775574578e-07,752.0,3478.0
5955,9.703847841124003e-07,795.0,3532.0
5956,9.920337884823621e-07,795.0,3581.0
5957,1.021323617924075e-06,765.0,3646.0
5958,1.048066505675204e-06,791.0,3687.0
5959,1.086907366456606e-06,850.0,3761.0
5960,1.1378462002682803e-06,903.0,3819.0
5961,1.2047034196461033e-06,969.0,3949.0
5962,1.301487203888285e-06,1016.0,4095.0
5963,1.348605625164084e-06,1150.0,4173.0
5964,1.3632505398849404e-06,1030.0,4205.0
5965,1.3995444589757585e-06,1087.0,4253.0
5966,1.497601714063232e-06,1177.0,4433.0
5967,1.544083399916385e-06,1240.0,4487.0
5968,1.5708262876675143e-06,1140.0,4522.0
5969,1.6688835427549878e-06,1301.0,4690.0
5970,1.7650305915745235e-06,1402.0,4839.0
5971,1.8019612460879875e-06,1463.0,4880.0
5972,1.870728671733748e-06,1514.0,4986.0
5973,1.94713692245126e-06,1552.0,5084.0
5974,1.991708402036475e-06,1658.0,5131.0
5975,2.079577890361614e-06,1612.0,5292.0
5976,2.144524903471499e-06,1628.0,5348.0
5977,2.235578068909867e-06,1818.0,5537.0
5978,2.312623055050025e-06,1823.0,5613.0
5979,2.376296597314618e-06,1902.0,5670.0
5980,2.48708856085501e-06,1996.0,5909.0
5981,2.534843717553455e-06,2058.0,5955.0
5982,2.676835716803498e-06,2072.0,6169.0
5983,2.7156765775848997e-06,2120.0,6208.0
5984,2.745603142449259e-06,2132.0,6237.0
5985,2.88632167085401e-06,2183.0,6466.0
5986,2.911154352337201e-06,2329.0,6493.0
5987,3.0773422976477894e-06,2384.0,6814.0
5988,3.191317938301411e-06,2494.0,7038.0
5989,3.247350655494253e-06,2711.0,7145.0
5990,3.293832341347406e-06,2571.0,7202.0
5991,3.381701829672545e-06,2669.0,7374.0
5992,3.4332773989068654e-06,2750.0,7452.0
5993,3.548526510405779e-06,2838.0,7762.0
5994,3.579089810692784e-06,2745.0,7787.0
5995,3.6784205366255493e-06,2796.0,7951.0
5996,3.70643689522197e-06,2912.0,7957.0
5997,3.831873773483219e-06,2979.0,8062.0
5998,3.938845324487735e-06,3057.0,8342.0
5999,4.025441341967582e-06,3141.0,8461.0
6000,4.091025090500113e-06,3261.0,8580.0
6001,4.142600659734433e-06,3273.0,8580.0
6002,4.195449699814046e-06,3360.0,8636.0
6003,4.2527558878521794e-06,3308.0,8658.0
6004,4.375645824422844e-06,3513.0,8892.0
6005,4.471156137819734e-06,3466.0,9090.0
6006,4.52655211958993e-06,3554.0,9176.0
6007,4.571123599175146e-06,3607.0,9181.0
6008,4.676184943911725e-06,3523.0,9338.0
6009,4.734764602795151e-06,3701.0,9447.0
6010,4.772968728153906e-06,3720.0,9466.0
6011,4.84746677260348e-06,3826.0,9477.0
6012,4.909866844022782e-06,3872.0,9580.0
6013,4.973540386287375e-06,3935.0,9609.0
6014,5.03848739939726e-06,3887.0,9716.0
6015,5.179205927802011e-06,4039.0,9908.0
6016,5.351124491916412e-06,4260.0,10333.0
6017,5.454912365807699e-06,4331.0,10468.0
6018,5.6274676653447465e-06,4449.0,10806.0
6019,5.784741314738292e-06,4576.0,11041.0
6020,5.889802659474871e-06,4565.0,11051.0
6021,6.368627697304612e-06,5065.0,11283.0
6022,6.436121652105081e-06,5043.0,11351.0
6023,6.590848359808042e-06,5180.0,11632.0
6024,6.613134099600649e-06,5231.0,11765.0
6025,6.60676674537419e-06,5209.0,11899.0
6026,6.740481184129836e-06,5302.0,12243.0
6027,6.831534349568204e-06,5400.0,12518.0
6028,6.8009710492812e-06,5231.0,13205.0
6029,6.806064932662367e-06,5501.0,13258.0
6030,6.830260878722912e-06,5335.0,13460.0
6031,6.833444555836142e-06,5415.0,13722.0
6032,6.937869165150075e-06,5450.0,14186.0
6033,6.94487325479918e-06,5385.0,14210.0
6034,6.934685488036845e-06,5457.0,14535.0
6035,7.010457003331711e-06,5418.0,14979.0
6036,7.116155083490936e-06,5637.0,15285.0
6037,7.079224428977472e-06,5650.0,15718.0
6038,7.172187800683778e-06,5645.0,16187.0
6039,7.163273504766735e-06,5472.0,16208.0
6040,7.09514281454362e-06,5508.0,16164.0
6041,7.056938689184864e-06,5542.0,16133.0
6042,7.158179621385568e-06,5629.0,16629.0
6043,7.128253056521208e-06,5543.0,16791.0
6044,7.1505387963138165e-06,5625.0,16901.0
6045,7.158179621385568e-06,5648.0,17051.0
6046,7.126979585675917e-06,5501.0,17270.0
6047,7.195747011321678e-06,5670.0,17498.0
6048,7.282343028801524e-06,5721.0,17867.0
6049,7.27661240999771e-06,5665.0,18443.0
6050,7.297624678945026e-06,5668.0,18632.0
6051,7.324367566696155e-06,5561.0,18802.0
6052,7.2568736118956865e-06,5855.0,18825.0
6053,7.367665575436079e-06,5782.0,19454.0
6054,7.454261592915926e-06,5665.0,19834.0
6055,7.457445270029155e-06,5803.0,20310.0
6056,7.47081671390472e-06,5911.0,20457.0
6057,7.518571870603165e-06,5933.0,20858.0
6058,7.514114722644643e-06,5921.0,21013.0
6059,7.570784175260131e-06,6054.0,21303.0
6060,7.516661664335227e-06,5979.0,21300.0
6061,7.43643300108184e-06,5868.0,21311.0
6062,7.519208606025811e-06,5721.0,21804.0
6063,7.559959673075151e-06,5867.0,22012.0
6064,7.517298399757873e-06,5868.0,22271.0
6065,7.632547511256787e-06,5923.0,22855.0
6066,7.601347475547136e-06,5950.0,22885.0
6067,7.570147439837486e-06,6008.0,23120.0
6068,7.56314335018838e-06,5991.0,23202.0
6069,7.640825071751183e-06,5920.0,23582.0
6070,7.588612767094217e-06,6014.0,23774.0
6071,7.539584139550481e-06,5897.0,23752.0
6072,7.6179025965359305e-06,5911.0,24081.0
6073,7.484188157780285e-06,5873.0,23947.0
6074,7.532580049901376e-06,5988.0,24220.0
6075,7.786637483537102e-06,6196.0,25102.0
6076,7.661200605275853e-06,6060.0,24976.0
6077,7.731878237189552e-06,6060.0,25383.0
6078,7.633820982102079e-06,6036.0,25213.0
6079,7.538947404127835e-06,5790.0,25195.0
6080,7.552955583426045e-06,5905.0,25360.0
6081,7.64464548428706e-06,6000.0,25658.0
6082,7.565690291878963e-06,5933.0,25822.0
6083,7.5695107044148395e-06,5908.0,25938.0
6084,7.5555025251166285e-06,5998.0,26050.0
6085,7.5179351351805185e-06,5825.0,26575.0
6086,7.516661664335227e-06,5883.0,26662.0
6087,7.539584139550481e-06,5817.0,26764.0
6088,6.85573029562875e-06,5315.0,26791.0
6089,6.8754690937307735e-06,5358.0,26943.0
6090,6.823256789073807e-06,5219.0,27014.0
6091,6.7895098116735725e-06,5395.0,27214.0
6092,6.827713937032329e-06,5386.0,27295.0
6093,6.909216071131008e-06,5324.0,27793.0
6094,6.861460914432563e-06,5357.0,28277.0
6095,6.8270772016096825e-06,5522.0,28344.0
6096,6.89011400845163e-06,5392.0,28734.0
6097,6.844905793443769e-06,5445.0,29135.0
6098,6.886293595915755e-06,5497.0,29423.0
6099,6.834718026681434e-06,5405.0,29517.0
6100,6.785052663715051e-06,5453.0,29710.0
6101,6.9104895419763e-06,5457.0,30445.0
6102,6.880562977111941e-06,5402.0,30476.0
6103,6.834718026681434e-06,5356.0,30569.0
6104,6.915583425357467e-06,5346.0,31167.0
6105,6.945509990221826e-06,5272.0,31341.0
6106,6.812432286888826e-06,5345.0,31330.0
6107,6.8238935244964534e-06,5476.0,31605.0
6108,6.841722116330539e-06,5347.0,31913.0
6109,6.70546073588431e-06,5308.0,31862.0
6110,6.687632144050224e-06,5321.0,31807.0
6111,6.894571156410151e-06,5517.0,32722.0
6112,6.798424107590616e-06,5340.0,32674.0
6113,6.83535476210408e-06,5336.0,32905.0
6114,6.72265259229575e-06,5173.0,32747.0
6115,6.6481545478461754e-06,5252.0,32911.0
6116,6.71946891518252e-06,5180.0,33076.0
6117,6.6901790857408076e-06,5211.0,33021.0
6118,6.5698360908607265e-06,5178.0,33100.0
6119,6.695272969121975e-06,5161.0,32839.0
6120,6.7513056863148165e-06,5445.0,33118.0
6121,6.652611695804698e-06,5175.0,33263.0
6122,6.7341138299033764e-06,5239.0,33417.0
6123,6.670440287638784e-06,5333.0,33354.0
6124,6.636056574815903e-06,5192.0,33538.0
6125,6.686995408627578e-06,5284.0,33454.0
6126,6.737297507016606e-06,5239.0,33594.0
6127,6.6417871936197165e-06,5172.0,33375.0
6128,6.753215892582755e-06,5197.0,33339.0
6129,6.836628232949371e-06,5328.0,33682.0
6130,6.8168894348473475e-06,5251.0,33827.0
6131,6.828350672454975e-06,5418.0,33767.0
6132,7.018734563826108e-06,5522.0,33683.0
6133,7.083044841513347e-06,5509.0,33147.0
6134,7.344743100220825e-06,5744.0,32942.0
6135,7.382947225579581e-06,5722.0,32816.0
6136,7.426245234319505e-06,5978.0,32662.0
6137,7.5147514580672895e-06,5879.0,32423.0
6138,7.565053556456318e-06,5999.0,32255.0
6139,7.575241323218653e-06,5871.0,31909.0
6140,7.861135527986675e-06,6125.0,31273.0
6141,7.858588586296093e-06,6105.0,30957.0
6142,7.844580406997882e-06,6233.0,30757.0
6143,8.06234392154279e-06,6371.0,30652.0
6144,7.982115258289403e-06,6233.0,29923.0
6145,8.124743992962092e-06,6251.0,29600.0
6146,8.202425714524896e-06,6442.0,29071.0
6147,8.266735992212135e-06,6381.0,28857.0
6148,8.191601212339915e-06,6383.0,28333.0
6149,8.354605480537273e-06,6515.0,28211.0
6150,8.465397444077665e-06,6578.0,27900.0
6151,8.469854592036187e-06,6772.0,27768.0
6152,8.551356726134866e-06,6796.0,27837.0
6153,8.551993461557512e-06,6739.0,27597.0
6154,8.713087523486933e-06,6852.0,27941.0
6155,8.890736706405149e-06,6850.0,28176.0
6156,8.851895845623746e-06,6810.0,28001.0
6157,8.952500042401803e-06,7102.0,28334.0
6158,9.01107970128523e-06,7166.0,28223.0
6159,9.02508788058344e-06,7062.0,28204.0
6160,8.991340903183206e-06,6978.0,28010.0
6161,9.187455413358153e-06,7142.0,28297.0
6162,9.279145314219166e-06,7270.0,28491.0
6163,9.214835036531927e-06,7205.0,28244.0
6164,9.312255556196755e-06,7340.0,28477.0
6165,9.430688344808898e-06,7243.0,28596.0
6166,9.265137134920956e-06,7219.0,28162.0
6167,9.260679986962435e-06,7135.0,28036.0
6168,9.398214838253956e-06,7552.0,28180.0
6169,9.428778138540961e-06,7355.0,28184.0
6170,9.782166298109452e-06,7624.0,29052.0
6171,9.924795032782142e-06,7730.0,29352.0
6172,9.861121490517549e-06,7662.0,29236.0
6173,9.89550520334043e-06,7810.0,28954.0
6174,9.88277049488751e-06,7685.0,28825.0
6175,9.816550010932334e-06,7663.0,28459.0
6176,9.857301077981672e-06,7609.0,28058.0
6177,9.868125580166653e-06,7684.0,28046.0
6178,9.963635893563543e-06,7721.0,28193.0
6179,1.0300468932143241e-05,8039.0,28992.0
6180,1.0336126115811414e-05,8160.0,28997.0
6181,1.0460926258650016e-05,8354.0,29202.0
6182,1.0605465199590644e-05,8403.0,29407.0
6183,1.0567261074231887e-05,8260.0,29394.0
6184,1.0506771209080523e-05,8251.0,28960.0
6185,1.056535086796395e-05,8316.0,28478.0
6186,1.066086118136084e-05,8223.0,28500.0
6187,1.0912371673305983e-05,8612.0,28828.0
6188,1.0991326865714078e-05,8662.0,28575.0
6189,1.1083016766575093e-05,8766.0,28612.0
6190,1.1086837179110968e-05,8603.0,28797.0
6191,1.1144780102571747e-05,8710.0,28714.0
6192,1.1021253430578437e-05,8564.0,28059.0
6193,1.1098298416718595e-05,8701.0,28105.0
6194,1.1312878254150274e-05,8935.0,28485.0
6195,1.1314151724995566e-05,8790.0,28082.0
6196,1.1316061931263503e-05,8917.0,28041.0
6197,1.1407115096701871e-05,8933.0,27994.0
6198,1.1328796639716422e-05,8831.0,27584.0
6199,1.1298870074852063e-05,8851.0,27271.0
6200,1.1398837536207475e-05,8907.0,27177.0
6201,1.158412754419744e-05,8835.0,27732.0
6202,1.1495621320449657e-05,9082.0,27096.0
6203,1.15433764771481e-05,9017.0,27171.0
6204,1.1510902970593159e-05,9134.0,26871.0
6205,1.1652258234420555e-05,9195.0,27101.0
6206,1.1815262502617914e-05,9258.0,27262.0
6207,1.1835001300719938e-05,9328.0,27219.0
6208,1.1814625767195268e-05,9257.0,27196.0
6209,1.1953434089332082e-05,9347.0,27339.0
6210,1.1934332026652703e-05,9280.0,27177.0
6211,1.198654433130967e-05,9296.0,27272.0
6212,1.2010740277370215e-05,9399.0,26887.0
6213,1.2213222141771622e-05,9758.0,27247.0
6214,1.2180111899794032e-05,9851.0,26991.0
6215,1.2318920221930846e-05,9703.0,26999.0
6216,1.2320193692776139e-05,9672.0,26890.0
6217,1.2293450805025009e-05,9694.0,26625.0
6218,1.2352030463908434e-05,9737.0,26630.0
6219,1.242016115413155e-05,9703.0,26646.0
6220,1.2327197782425243e-05,9755.0,25788.0
6221,1.2457728544067659e-05,9710.0,25345.0
6222,1.2489565315199956e-05,9812.0,26515.0
6223,1.2436079539697698e-05,9803.0,26938.0
6224,1.2350120257640497e-05,9719.0,27161.0
6225,1.2117075092952086e-05,9674.0,27237.0
6226,1.2144454716125861e-05,9546.0,27497.0
6227,1.211643835752944e-05,9646.0,27623.0
6228,1.2154642482888195e-05,9466.0,27950.0
6229,1.2129173065982359e-05,9504.0,28122.0
6230,1.2147001657816444e-05,9746.0,28463.0
6231,1.1912683022282742e-05,9344.0,28640.0
6232,1.1926054466158306e-05,9393.0,28819.0
6233,1.1933695291230056e-05,9247.0,28939.0
6234,1.1867474807274881e-05,9223.0,29337.0
6235,1.1818446179731143e-05,9233.0,29490.0
6236,1.1742037929013632e-05,9235.0,29886.0
6237,1.1770054287610053e-05,9296.0,30225.0
6238,1.1692372566047248e-05,9064.0,30318.0
6239,1.1762413462538302e-05,9128.0,30606.0
6240,1.1874478896923985e-05,9270.0,31491.0
6241,1.1702560332809583e-05,9170.0,31565.0
6242,1.180189105874235e-05,9541.0,31944.0
6243,1.1816535973463206e-05,9185.0,31975.0
6244,1.1788519614866784e-05,9207.0,31825.0
6245,1.162487861124678e-05,9054.0,31382.0
6246,1.1493074378759072e-05,9060.0,30947.0
6247,1.1485433553687322e-05,9163.0,30871.0
6248,1.1348535437818446e-05,8953.0,30454.0
6249,1.1102755564677116e-05,8658.0,30564.0
6250,1.1491164172491134e-05,9091.0,30917.0
6251,1.1523637679046077e-05,9211.0,30747.0
6252,1.144022533867946e-05,8732.0,30381.0
6253,1.1340257877324048e-05,8973.0,29999.0
6254,1.1401384477898058e-05,8915.0,30069.0
6255,1.1550380566797207e-05,9038.0,30189.0
6256,1.1424306953113312e-05,8882.0,29881.0
6257,1.1654168440688493e-05,9047.0,30315.0
6258,1.1704470539077522e-05,9384.0,30360.0
6259,1.1502625410098761e-05,9219.0,29797.0
6260,1.1901858520097761e-05,9411.0,30685.0
6261,1.1701923597386939e-05,9229.0,30025.0
6262,1.1657988853224368e-05,9019.0,29781.0
6263,1.1756046108311843e-05,9278.0,29973.0
6264,1.1895491165871301e-05,9474.0,30409.0
6265,1.1959164708135894e-05,9297.0,30587.0
6266,1.204130357765722e-05,9484.0,30763.0
6267,1.2161009837114654e-05,9336.0,31055.0
6268,1.2215132348039558e-05,9499.0,31067.0
6269,1.2145728186971152e-05,9506.0,30873.0
6270,1.2267981388119172e-05,9691.0,30823.0
6271,1.2236144616986874e-05,9569.0,30682.0
6272,1.2265434446428587e-05,9671.0,30772.0
6273,1.2138087361899402e-05,9617.0,30290.0
6274,1.21852057831752e-05,9603.0,30324.0
6275,1.2241238500368042e-05,9677.0,30423.0
6276,1.2658936937623773e-05,10019.0,31471.0
6277,1.2780553403349147e-05,9964.0,32004.0
6278,1.2428438714625946e-05,9526.0,31149.0
6279,1.2506757171611395e-05,9903.0,31324.0
6280,1.2690136973333424e-05,9892.0,31815.0
6281,1.2703508417208988e-05,10033.0,31518.0
6282,1.273916560087716e-05,9993.0,31496.0
6283,1.2797108524337941e-05,10054.0,31621.0
6284,1.2827671824624946e-05,10015.0,31804.0
6285,1.3016782245150787e-05,10100.0,32307.0
6286,1.2904080075342457e-05,10247.0,32085.0
6287,1.2958839321690008e-05,10176.0,32305.0
6288,1.2945467877814443e-05,10422.0,32287.0
6289,1.2983035267750554e-05,10016.0,32362.0
6290,1.3153043625597017e-05,10386.0,32789.0
6291,1.3212260019903088e-05,10351.0,33105.0
6292,1.312757420869118e-05,10248.0,32742.0
6293,1.30696312852304e-05,10239.0,32483.0
6294,1.3140308917144098e-05,10453.0,32470.0
6295,1.3216080432438964e-05,10411.0,32661.0
6296,1.3160684450668767e-05,10538.0,32506.0
6297,1.3026970011913122e-05,10389.0,32049.0
6298,1.3002774065852577e-05,10267.0,31954.0
6299,1.2953108702886195e-05,10183.0,31781.0
6300,1.3015508774305495e-05,10255.0,31619.0
6301,1.3093827231290946e-05,10262.0,31778.0
6302,1.3046708810015146e-05,10232.0,31553.0
6303,1.3339607104432275e-05,10418.0,32469.0
6304,1.3270202943363869e-05,10420.0,32237.0
6305,1.3485419516218194e-05,10445.0,32682.0
6306,1.342811332818006e-05,10392.0,32598.0
6307,1.3470774601497337e-05,10547.0,32762.0
6308,1.3574562475388624e-05,10354.0,33155.0
6309,1.3555460412709246e-05,10677.0,33104.0
6310,1.346568071811617e-05,10650.0,32710.0
6311,1.364715031357026e-05,10799.0,33281.0
6312,1.3579019623347145e-05,10513.0,32815.0
6313,1.3891656715866298e-05,10785.0,33561.0
6314,1.4041926275610738e-05,10966.0,34039.0
6315,1.4065485486248637e-05,10972.0,34213.0
6316,1.4108146759565915e-05,10892.0,34252.0
6317,1.4177550920634321e-05,11264.0,34225.0
6318,1.428579594248413e-05,11361.0,34572.0
6319,1.4341191924254327e-05,11314.0,34782.0
6320,1.4344375601367556e-05,11169.0,34833.0
6321,1.4391494022643355e-05,11051.0,35040.0
6322,1.4396587906024523e-05,11142.0,35073.0
6323,1.4406775672786858e-05,11361.0,35087.0
6324,1.4696490290090756e-05,11616.0,35741.0
6325,1.4797094486868813e-05,11633.0,36102.0
6326,1.4949274252881192e-05,11694.0,36498.0
6327,1.485249046863901e-05,11523.0,36221.0
6328,1.4836572083072861e-05,11700.0,36198.0
6329,1.504032741831956e-05,11700.0,36883.0
6330,1.5098270341780339e-05,11832.0,37015.0
6331,1.4850580262371071e-05,11632.0,36259.0
6332,1.4872229266741033e-05,11920.0,36285.0
6333,1.5022498826485473e-05,11844.0,36583.0
6334,1.5030139651557225e-05,11793.0,36562.0
6335,1.5291201174842057e-05,11845.0,37201.0
6336,1.5316670591747893e-05,12200.0,37450.0
6337,1.54955932455114e-05,12114.0,38004.0
6338,1.5509601424809613e-05,12031.0,37913.0
6339,1.552870348748899e-05,12251.0,38180.0
6340,1.5786581333660593e-05,12317.0,38872.0
6341,1.5650319953214362e-05,12170.0,38497.0
6342,1.5759201710486817e-05,12414.0,38707.0
6343,1.5737552706116855e-05,12418.0,38720.0
6344,1.6015806085813128e-05,12612.0,39590.0
6345,1.6064197977934218e-05,12473.0,39746.0
6346,1.6023446910884878e-05,12679.0,39751.0
6347,1.608075309892301e-05,12458.0,39937.0
6348,1.5803136454649386e-05,12559.0,39107.0
6349,1.5980785637567602e-05,12535.0,39417.0
6350,1.6365373832845742e-05,12820.0,40538.0
6351,1.5936850893405033e-05,12650.0,39503.0
6352,1.594321824763149e-05,12719.0,39400.0
6353,1.586171611353281e-05,12475.0,39274.0
6354,1.5942581512208846e-05,12401.0,39478.0
6355,1.585725896557429e-05,12507.0,39163.0
6356,1.610431230956091e-05,12990.0,39461.0
6357,1.62233818335957e-05,12893.0,39809.0
6358,1.6232296129512743e-05,12675.0,39721.0
6359,1.6257765546418582e-05,12750.0,39811.0
6360,1.6333537061713448e-05,12579.0,39986.0
6361,1.612023069512706e-05,12601.0,39496.0
6362,1.606865512589274e-05,12982.0,39275.0
6363,1.647998620892201e-05,12915.0,39768.0
6364,1.6562125078443335e-05,12879.0,39879.0
6365,1.6574859786896255e-05,12937.0,39947.0
6366,1.700465619718226e-05,13191.0,41027.0
6367,1.6623888414439993e-05,13049.0,40102.0
6368,1.6757602853195636e-05,13196.0,39964.0
6369,1.6789439624327933e-05,13064.0,39974.0
6370,1.7137097165092614e-05,13389.0,39508.0
6371,1.719249314686281e-05,13504.0,38025.0
6372,1.722815033053098e-05,13626.0,40751.0
6373,1.7315383083433474e-05,13820.0,41264.0
6374,1.731283614174289e-05,13748.0,41248.0
6375,1.7387334186192463e-05,13866.0,41506.0
6376,1.709698283346592e-05,13319.0,40683.0
6377,1.7466926114023206e-05,13769.0,41528.0
6378,1.7502583297691377e-05,13638.0,41430.0
6379,1.7554795602348344e-05,13794.0,41516.0
6380,1.7560526221152158e-05,13773.0,41511.0
6381,1.7861065340641037e-05,14022.0,41981.0
6382,1.795784912488322e-05,14164.0,42115.0
6383,1.810620847835972e-05,14121.0,42277.0
6384,1.839910677277685e-05,14292.0,42807.0
6385,1.839910677277685e-05,14307.0,42810.0
6386,1.88530991291234e-05,14797.0,44079.0
6387,1.967767150144988e-05,15508.0,46106.0
6388,1.978273284618646e-05,15545.0,46289.0
6389,2.002660251305985e-05,15789.0,46944.0
6390,2.0212529256472465e-05,16010.0,47458.0
6391,2.0351337578609278e-05,16075.0,48093.0
6392,2.036025187452632e-05,15981.0,48029.0
6393,2.045448871707792e-05,16174.0,48342.0
6394,2.0297851803107018e-05,15784.0,47781.0
6395,2.0292757919725852e-05,15802.0,47704.0
6396,2.042583562305885e-05,16144.0,48094.0
6397,2.0533443909486015e-05,16180.0,48199.0
6398,2.087409736060159e-05,16801.0,48777.0
6399,2.1095681287682374e-05,16641.0,48925.0
6400,2.2223976456610963e-05,17363.0,51328.0
6401,2.2391437872766843e-05,17529.0,51732.0
6402,2.2276825496690578e-05,17358.0,51099.0
6403,2.2744826032335338e-05,17775.0,52339.0
6404,2.252069516356397e-05,17664.0,51848.0
6405,2.2335405155574003e-05,17566.0,51178.0
6406,2.228573979260762e-05,17495.0,50912.0
6407,2.2643585100134633e-05,17612.0,51725.0
6408,2.287089964601923e-05,17903.0,52262.0
6409,2.2890638444121256e-05,18070.0,52066.0
6410,2.331852464813932e-05,18215.0,52691.0
6411,2.39476192457135e-05,18705.0,53813.0
6412,2.4269807369572342e-05,18790.0,54498.0
6413,2.4698330309013055e-05,19634.0,55467.0
6414,2.5163783902967233e-05,19722.0,56545.0
6415,2.50746409437968e-05,19751.0,56298.0
6416,2.5582119075645608e-05,19965.0,57140.0
6417,2.5872470428372156e-05,20310.0,57784.0
6418,2.592913988098764e-05,20266.0,57955.0
6419,2.604056857995068e-05,20554.0,58049.0
6420,2.6047572669599787e-05,20312.0,57808.0
6421,2.6249417798578546e-05,20543.0,58069.0
6422,2.7023688072516e-05,21245.0,59561.0
6423,2.7395541559341223e-05,21393.0,60468.0
6424,2.7415917092865893e-05,21472.0,60598.0
6425,2.742419465336029e-05,21230.0,60545.0
6426,2.752479885013835e-05,21684.0,60604.0
6427,2.7714546006086836e-05,21518.0,61033.0
6428,2.786226862414069e-05,22049.0,61170.0
6429,2.8282514003087005e-05,22115.0,62211.0
6430,2.8387575347823584e-05,22059.0,62233.0
6431,2.827232623632467e-05,22448.0,61667.0
6432,2.8606612333213787e-05,22413.0,61896.0
6433,2.911154352337201e-05,22853.0,62568.0
6434,2.980813207574666e-05,23374.0,64133.0
6435,3.0145601849749003e-05,23549.0,64723.0
6436,3.0241112163145895e-05,23831.0,65020.0
6437,3.0326434709780448e-05,23844.0,65345.0
6438,3.054992884312917e-05,24010.0,65709.0
6439,3.090395373812031e-05,24454.0,66489.0
6440,3.1142092786189886e-05,24372.0,66847.0
6441,3.1364950184115966e-05,24440.0,67140.0
6442,3.1873701786810066e-05,25096.0,68342.0
6443,3.191763653097263e-05,25073.0,68530.0
6444,3.193355491653878e-05,25243.0,68473.0
6445,3.20946489784682e-05,25140.0,68770.0
6446,3.228375939899404e-05,25391.0,69145.0
6447,3.261613528961522e-05,25661.0,69708.0
6448,3.281734368317133e-05,25814.0,69969.0
6449,3.292877238213437e-05,25801.0,70109.0
6450,3.308222561899204e-05,25983.0,70264.0
6451,3.3202568613872125e-05,26024.0,70435.0
6452,3.31981114659136e-05,26056.0,70475.0
6453,3.336811982376007e-05,26525.0,70837.0
6454,3.308095214814675e-05,26099.0,69963.0
6455,3.313825833618488e-05,25859.0,69944.0
6456,3.4438472069227876e-05,26734.0,72453.0
6457,3.410673291402935e-05,26646.0,71381.0
6458,3.460083960200259e-05,27201.0,72406.0
6459,3.437097811442741e-05,27247.0,71948.0
6460,3.507966463983233e-05,27538.0,73062.0
6461,3.491857057790291e-05,27223.0,72062.0
6462,3.489055421930649e-05,27149.0,72365.0
6463,3.530252203775841e-05,27553.0,73042.0
6464,3.546170589341989e-05,27881.0,73147.0
6465,3.6281184382365205e-05,28602.0,75122.0
6466,3.626271905510847e-05,28699.0,75023.0
6467,3.654670305360856e-05,28699.0,75792.0
6468,3.666831951933393e-05,28310.0,76147.0
6469,3.688608303387884e-05,29135.0,76389.0
6470,3.7120401669412544e-05,29389.0,76985.0
6471,3.744768367665255e-05,29467.0,77700.0
6472,3.716433641357511e-05,29347.0,77014.0
6473,3.7394197901150296e-05,29604.0,77327.0
6474,3.725729978528142e-05,29506.0,77058.0
6475,3.76520757473219e-05,29703.0,78147.0
6476,3.7700467639442986e-05,29935.0,78292.0
6477,3.7487798008279244e-05,29469.0,77279.0
6478,3.66651358422207e-05,28610.0,75324.0
6479,3.663839295446957e-05,28503.0,75216.0
6480,3.7120401669412544e-05,29074.0,76207.0
6481,3.706182201052912e-05,29524.0,76141.0
6482,3.7503079658422745e-05,29722.0,77594.0
6483,3.749034494996983e-05,29266.0,77593.0
6484,3.75801246445629e-05,29298.0,77515.0
6485,3.7604957326046094e-05,29485.0,77731.0
6486,3.770301458113357e-05,29521.0,78254.0
6487,3.743240202650905e-05,29087.0,77666.0
6488,3.7496712304196287e-05,29395.0,77693.0
6489,3.7578214438294966e-05,29046.0,78108.0
6490,3.7334344771421575e-05,29150.0,77627.0
6491,3.6902001419444986e-05,28704.0,76952.0
6492,3.6870801383735336e-05,28908.0,76964.0
6493,3.696503822628693e-05,29138.0,77343.0
6494,3.662056436263549e-05,28764.0,76404.0
6495,3.657026226424646e-05,28452.0,76327.0
6496,3.68536095273239e-05,28879.0,77108.0
6497,3.704271994784974e-05,29145.0,77524.0
6498,3.688480956303355e-05,29184.0,77249.0
6499,3.6902638154867633e-05,29068.0,77459.0
6500,3.7369365219667105e-05,29327.0,78938.0
6501,3.710384654842375e-05,29264.0,78530.0
6502,3.64696580674684e-05,28436.0,77679.0
6503,3.607997598880909e-05,28481.0,76975.0
6504,3.580617975707134e-05,28269.0,76442.0
6505,3.529042406472813e-05,27781.0,75344.0
6506,3.562279995534931e-05,27923.0,76398.0
6507,3.523884849549381e-05,27482.0,75997.0
6508,3.495550123241637e-05,27339.0,75271.0
6509,3.496950941171458e-05,27643.0,75339.0
6510,3.499625229946571e-05,27743.0,75547.0
6511,3.507329728560587e-05,27614.0,75975.0
6512,3.4908382811140573e-05,27576.0,75664.0
6513,3.449132110930749e-05,27065.0,75121.0
6514,3.4510423171986866e-05,26826.0,75488.0
6515,3.4322586222306315e-05,26986.0,75043.0
6516,3.463331310855753e-05,27224.0,76037.0
6517,3.4393263854220015e-05,26928.0,75851.0
6518,3.447540272374134e-05,27285.0,76877.0
6519,3.425891268004173e-05,27119.0,76591.0
6520,3.384248771363129e-05,26362.0,75542.0
6521,3.391125513927704e-05,26495.0,75894.0
6522,3.3879418368144746e-05,26740.0,75871.0
6523,3.3457262782930495e-05,26258.0,76192.0
6524,3.150121156456219e-05,24521.0,75592.0
6525,3.207172650325295e-05,25246.0,74257.0
6526,3.210165306811731e-05,25277.0,72947.0
6527,3.19532937146408e-05,25014.0,72679.0
6528,3.194756309583699e-05,25046.0,72840.0
6529,3.1732346522982665e-05,24971.0,72497.0
6530,3.149739115202632e-05,24753.0,71998.0
6531,3.128726846255316e-05,24511.0,72063.0
6532,3.095107215939611e-05,24466.0,71428.0
6533,3.081799445606311e-05,24035.0,71064.0
6534,3.0826272016557505e-05,24163.0,71111.0
6535,3.122041124317534e-05,24594.0,72331.0
6536,3.09676272803849e-05,24356.0,71772.0
6537,3.1015382437083345e-05,24116.0,71896.0
6538,3.0567120699540613e-05,24114.0,71298.0
6539,3.0632704448073145e-05,24222.0,72282.0
6540,3.04907124488231e-05,23995.0,72363.0
6541,3.047797774037018e-05,23948.0,72821.0
6542,3.0301602028297257e-05,23721.0,72676.0
6543,3.0115675284884646e-05,23844.0,72384.0
6544,2.999405881915927e-05,23694.0,72192.0
6545,3.0167250854118966e-05,23599.0,73034.0
6546,3.0373553131056246e-05,23815.0,74016.0
6547,2.9102629227454968e-05,22624.0,71487.0
6548,2.9037045478922437e-05,22615.0,71570.0
6549,2.856076738278328e-05,22262.0,70767.0
6550,2.8461436656850513e-05,22209.0,70790.0
6551,2.7822791027936644e-05,21802.0,69907.0
6552,2.7547084589930955e-05,21605.0,69494.0
6553,2.743374568469998e-05,21448.0,69503.0
6554,2.696383494278728e-05,20837.0,68754.0
6555,2.6711687715419492e-05,20943.0,68367.0
6556,2.604375225706391e-05,20492.0,67271.0
6557,2.5923409262183827e-05,20450.0,67213.0
6558,2.5604404815438218e-05,20092.0,66398.0
6559,2.5126853248453767e-05,19730.0,65303.0
6560,2.483522842488193e-05,19488.0,65195.0
6561,2.457098322448387e-05,19146.0,64819.0
6562,2.425006857147032e-05,18903.0,64234.0
6563,2.4111896984756152e-05,19180.0,64135.0
6564,2.374450064588945e-05,18579.0,63385.0
6565,2.365663115756431e-05,18681.0,63331.0
6566,2.3195634711568657e-05,18134.0,62434.0
6567,2.3151699967406088e-05,18192.0,62438.0
6568,2.285052411249456e-05,18017.0,62182.0
6569,2.2833968991505768e-05,17969.0,62468.0
6570,2.277411586177705e-05,17758.0,62631.0
6571,2.210554366799882e-05,17125.0,61119.0
6572,2.197119249382053e-05,16907.0,60971.0
6573,2.1417869411541216e-05,17044.0,59232.0
6574,2.126314270383825e-05,16691.0,58982.0
6575,2.1034554687108364e-05,16257.0,58751.0
6576,2.107212207704447e-05,16598.0,59051.0
6577,2.0854358562499564e-05,16300.0,58331.0
6578,2.0821885055944622e-05,16042.0,58371.0
6579,2.0826342203903144e-05,16312.0,58907.0
6580,2.0338602870156358e-05,15849.0,57780.0
6581,2.0246912969295343e-05,15749.0,57769.0
6582,1.9653475555389338e-05,15189.0,56250.0
6583,1.9508299879026064e-05,15390.0,56013.0
6584,1.9624185725947622e-05,15610.0,57076.0
6585,1.94949284351505e-05,15450.0,57015.0
6586,1.9526765206282797e-05,15444.0,57321.0
6587,1.9130079037974382e-05,15014.0,56444.0
6588,1.889385019617274e-05,14709.0,56182.0
6589,1.866335197317491e-05,14631.0,55665.0
6590,1.8186437141613108e-05,14296.0,54852.0
6591,1.763375079475644e-05,13702.0,53444.0
6592,1.739433827584157e-05,13622.0,53005.0
6593,1.7334485146112852e-05,13476.0,53121.0
6594,1.7270811603848257e-05,13518.0,52971.0
6595,1.7054958295571287e-05,13381.0,52534.0
6596,1.7193129882285455e-05,13389.0,53042.0
6597,1.664299047711937e-05,13010.0,51675.0
6598,1.6307430909384965e-05,12713.0,50884.0
6599,1.610303883871562e-05,12622.0,50428.0
6600,1.603554488391515e-05,12422.0,50423.0
6601,1.5855985494728998e-05,12527.0,50043.0
6602,1.557263823165156e-05,12048.0,49335.0
6603,1.5459299326420582e-05,12171.0,49249.0
6604,1.5114825462769134e-05,12045.0,48237.0
6605,1.4734694415449511e-05,11521.0,47034.0
6606,1.4699037231781339e-05,11630.0,46915.0
6607,1.432336333242024e-05,11262.0,46015.0
6608,1.4352653161861952e-05,11287.0,46437.0
6609,1.3923493486998595e-05,10634.0,44732.0
6610,1.3940685343410034e-05,11022.0,45014.0
6611,1.3884015890794548e-05,10876.0,45139.0
6612,1.3639509488498509e-05,10808.0,44722.0
6613,1.3600031892294461e-05,10673.0,45080.0
6614,1.3477141955723796e-05,10655.0,44628.0
6615,1.3285484593507371e-05,10496.0,44273.0
6616,1.3115476235660906e-05,10220.0,43969.0
6617,1.3105288468898571e-05,10262.0,44098.0
6618,1.3152406890174371e-05,10437.0,44228.0
6619,1.3053076164241606e-05,10202.0,44146.0
6620,1.2927002550557711e-05,10026.0,43866.0
6621,1.2801565672296463e-05,9947.0,43697.0
6622,1.2567247036762759e-05,9935.0,42864.0
6623,1.2480014283860267e-05,9725.0,42437.0
6624,1.2151458805774966e-05,9693.0,42115.0
6625,1.2129173065982359e-05,9610.0,42434.0
6626,1.178915635028943e-05,9419.0,41423.0
6627,1.167963785759433e-05,9058.0,41213.0
6628,1.1401384477898058e-05,8973.0,40608.0
6629,1.1320519079222024e-05,8935.0,40364.0
6630,1.097986562810645e-05,8587.0,39132.0
6631,1.0894543081471896e-05,8429.0,38851.0
6632,1.0699702042142241e-05,8293.0,38400.0
6633,1.06825101857308e-05,8353.0,38287.0
6634,1.0669775477277882e-05,8333.0,38347.0
6635,1.0594003961983016e-05,8350.0,38254.0
6636,1.0326575084471725e-05,8200.0,37381.0
6637,1.0036860467167826e-05,7933.0,36439.0
6638,1.0003750225190237e-05,7954.0,36413.0
6639,9.94071341834829e-06,7990.0,36406.0
6640,9.87321946354782e-06,7615.0,36277.0
6641,9.817823481777625e-06,7574.0,36171.0
6642,9.722949903803381e-06,7564.0,36055.0
6643,9.626802854983845e-06,7634.0,35762.0
6644,9.401398515367186e-06,7465.0,35130.0
6645,9.362557654585784e-06,7365.0,35078.0
6646,9.347912739864928e-06,7388.0,35250.0
6647,9.176630911173172e-06,7158.0,34470.0
6648,9.188728884203444e-06,7322.0,34492.0
6649,9.19254929673932e-06,7236.0,34705.0
6650,9.17535744032788e-06,7147.0,34667.0
6651,9.124418606516205e-06,7116.0,34350.0
6652,9.099585925033014e-06,7194.0,34285.0
6653,9.193822767584611e-06,7329.0,35041.0
6654,9.122508400248268e-06,7046.0,34824.0
6655,9.021267468047565e-06,6953.0,34563.0
6656,8.988157226069975e-06,6984.0,34495.0
6657,8.946769423597991e-06,6853.0,34428.0
6658,8.937855127680947e-06,7118.0,34783.0
6659,8.867177495767248e-06,7039.0,34457.0
6660,8.785038626245924e-06,7016.0,34046.0
6661,8.755112061381565e-06,6792.0,33853.0
6662,8.709903846373704e-06,6869.0,33841.0
6663,8.685071164890513e-06,6832.0,33658.0
6664,8.521430161270507e-06,6568.0,33160.0
6665,8.64623030410911e-06,6761.0,33831.0
6666,8.622034358048565e-06,6780.0,33668.0
6667,8.554540403248097e-06,6751.0,33544.0
6668,8.569822053391598e-06,6605.0,33890.0
6669,8.518883219579925e-06,6671.0,33818.0
6670,8.32531565109556e-06,6590.0,33138.0
6671,8.278833965242407e-06,6532.0,32937.0
6672,8.24381351699688e-06,6577.0,33292.0
6673,8.220254306358982e-06,6367.0,33411.0
6674,8.191601212339915e-06,6468.0,33244.0
6675,7.985298935402633e-06,6456.0,32556.0
6676,7.968743814413839e-06,6213.0,32426.0
6677,7.86368246967726e-06,6380.0,32007.0
6678,7.926719276519207e-06,6199.0,32224.0
6679,8.030507150410495e-06,6153.0,32702.0
6680,7.996760173010259e-06,6276.0,32683.0
6681,8.02796020871991e-06,6214.0,32574.0
6682,7.943274397508001e-06,6129.0,32254.0
6683,7.949641751734461e-06,6379.0,32324.0
6684,7.903160065881308e-06,6294.0,32105.0
6685,7.960466253919442e-06,6248.0,32232.0
6686,8.016498971112284e-06,6301.0,32497.0
6687,7.826751815163795e-06,6048.0,31942.0
6688,7.94518460377594e-06,6277.0,32364.0
6689,7.992939760474384e-06,6272.0,32639.0
6690,7.9668336081459e-06,6362.0,33515.0
6691,8.059796979852207e-06,6209.0,34088.0
6692,8.00631120434995e-06,6377.0,34070.0
6693,7.978294845753527e-06,6117.0,34691.0
6694,7.989119347938509e-06,6337.0,34910.0
6695,8.084629661335398e-06,6391.0,35642.0
6696,8.052156154780455e-06,6412.0,35865.0
6697,8.036874504636953e-06,6333.0,35878.0
6698,7.986572406247926e-06,6249.0,35768.0
6699,7.721690470427217e-06,6026.0,35416.0
6700,7.693674111830797e-06,6012.0,35380.0
6701,7.561869879343088e-06,5990.0,34813.0
6702,7.383583961002227e-06,5836.0,34505.0
6703,7.468906507636782e-06,5864.0,34993.0
6704,7.507110632995538e-06,5941.0,35440.0
6705,7.43006564685538e-06,5831.0,35346.0
6706,7.425608498896859e-06,5850.0,35364.0
6707,7.475273861863241e-06,5949.0,35543.0
6708,7.393134992341916e-06,5560.0,35578.0
6709,7.3428328939528875e-06,5711.0,35602.0
6710,7.223126634495453e-06,5663.0,35034.0
6711,7.195747011321678e-06,5722.0,35104.0
6712,7.18746945082728e-06,5478.0,35120.0
6713,7.314816535356466e-06,5701.0,35820.0
6714,7.195747011321678e-06,5705.0,35842.0
6715,7.169004123570548e-06,5629.0,35464.0
6716,7.062032572566032e-06,5547.0,34871.0
6717,7.020644770094046e-06,5505.0,35179.0
6718,7.133346939902376e-06,5673.0,35848.0
6719,7.171551065261132e-06,5616.0,36160.0
6720,7.059485630875448e-06,5530.0,36123.0
6721,6.935322223459491e-06,5440.0,35493.0
6722,7.0747672810189505e-06,5616.0,35977.0
6723,6.933412017191553e-06,5364.0,36778.0
6724,6.888203802183692e-06,5429.0,36675.0
6725,7.006636590795836e-06,5520.0,37569.0
6726,6.93086507550097e-06,5309.0,37565.0
6727,6.9747998196635385e-06,5722.0,37841.0
6728,6.89329768556486e-06,5534.0,37634.0
6729,6.797150636745324e-06,5377.0,37816.0
6730,6.8684650040816685e-06,5390.0,38153.0
6731,6.880562977111941e-06,5468.0,38175.0
6732,6.79460369505474e-06,5259.0,38400.0
6733,6.762766923922444e-06,5334.0,38232.0
6734,6.821983318228515e-06,5256.0,38610.0
6735,6.769771013571549e-06,5297.0,38640.0
6736,6.866554797813731e-06,5509.0,39303.0
6737,6.8238935244964534e-06,5392.0,39133.0
6738,6.750032215469525e-06,5183.0,38855.0
6739,6.869101739504315e-06,5345.0,39362.0
6740,6.958244698674745e-06,5366.0,39774.0
6741,6.918767102470697e-06,5400.0,40037.0
6742,6.942326313108596e-06,5466.0,40363.0
6743,6.900301775213965e-06,5567.0,40335.0
6744,6.704187265039018e-06,5125.0,39749.0
6745,6.878652770844003e-06,5411.0,40494.0
6746,6.9130364836668835e-06,5504.0,40834.0
6747,6.839175174639955e-06,5389.0,40736.0
6748,6.6729872293293675e-06,5231.0,40002.0
6749,6.588938153540104e-06,5144.0,39557.0
6750,6.553917705294578e-06,5024.0,40254.0
6751,6.6105871579100655e-06,5309.0,40213.0
6752,6.6207749246724005e-06,5243.0,40221.0
6753,6.5660156783248505e-06,5175.0,40236.0
6754,6.781232251179175e-06,5309.0,41291.0
6755,6.935958958882137e-06,5385.0,42047.0
6756,6.731566888212793e-06,5384.0,41489.0
6757,6.824530259919099e-06,5306.0,42084.0
6758,6.788236340828281e-06,5238.0,42106.0
6759,6.679991318978473e-06,5321.0,41858.0
6760,6.650064754114114e-06,5183.0,41620.0
6761,6.8035179909717835e-06,5285.0,42347.0
6762,6.767224071880965e-06,5244.0,43335.0
6763,6.72583626940898e-06,5100.0,43083.0
6764,6.775501632375362e-06,5219.0,43574.0
6765,6.709281148420185e-06,5280.0,43672.0
6766,6.630962691434735e-06,5226.0,43367.0
6767,6.6621627271443864e-06,5199.0,43577.0
6768,6.616317776713879e-06,5221.0,44003.0
6769,6.58957488896275e-06,5127.0,43898.0
6770,6.476235983731774e-06,5047.0,43391.0
6771,6.432937974991851e-06,5027.0,43462.0
6772,6.410652235199243e-06,4880.0,43597.0
6773,6.462227804433563e-06,5163.0,43763.0
6774,6.375631786953717e-06,4966.0,44329.0
6775,6.419566531116286e-06,5161.0,44745.0
6776,6.4081052935086595e-06,5012.0,44863.0
6777,6.262292881722741e-06,4868.0,44476.0
6778,6.311958244689124e-06,4923.0,44586.0
6779,6.3049541550400185e-06,4917.0,44679.0
6780,6.1846111601599375e-06,4866.0,44593.0
6781,6.262292881722741e-06,4986.0,44067.0
6782,6.154684595295579e-06,4826.0,43410.0
6783,6.082096757113943e-06,4858.0,43051.0
6784,6.17314992255231e-06,4789.0,42691.0
6785,6.252741850383052e-06,4970.0,42745.0
6786,6.113933528246239e-06,4824.0,43017.0
6787,6.1846111601599375e-06,4927.0,43032.0
6788,6.199256074880794e-06,4860.0,43086.0
6789,6.157868272408808e-06,4821.0,43520.0
6790,6.27502759017566e-06,4928.0,43358.0
6791,6.324056217719396e-06,4868.0,43558.0
6792,6.259745940032157e-06,4801.0,43549.0
6793,6.360350136810215e-06,5051.0,43872.0
6794,6.253378585805698e-06,5030.0,43257.0
6795,6.093557994721569e-06,4844.0,42721.0
6796,6.112023321978301e-06,4861.0,42534.0
6797,6.245737760733946e-06,5046.0,43313.0
6798,6.172513187129665e-06,4737.0,43562.0
6799,6.228545904322506e-06,4984.0,43445.0
6800,6.23109284601309e-06,4995.0,43459.0
6801,6.1807907476240614e-06,4745.0,43366.0
6802,6.19989281030344e-06,4786.0,43138.0
6803,6.280758208979473e-06,4977.0,43541.0
6804,6.205623429107253e-06,4865.0,43039.0
6805,6.348888899202587e-06,4965.0,43337.0
6806,6.29540312370033e-06,4945.0,43269.0
6807,6.262292881722741e-06,4898.0,43893.0
6808,6.346341957512004e-06,4878.0,43866.0
6809,6.297313329968267e-06,4967.0,43457.0
6810,6.23746020023955e-06,4874.0,44010.0
6811,6.3113215092664774e-06,4962.0,44083.0
6812,6.306864361307956e-06,4899.0,44234.0
6813,6.094194730144215e-06,4833.0,43567.0
6814,6.27184391306243e-06,4880.0,42947.0
6815,6.314505186379707e-06,4749.0,43095.0
6816,6.1330355909256166e-06,4874.0,42436.0
6817,6.204986693684607e-06,4855.0,42418.0
6818,6.189068308118459e-06,4795.0,42370.0
6819,6.143860093110598e-06,4764.0,42582.0
6820,6.2667500296812624e-06,4923.0,42475.0
6821,6.301770477926789e-06,4985.0,42512.0
6822,6.225998962631923e-06,5012.0,42486.0
6823,6.31259498011177e-06,4976.0,42383.0
6824,6.3807256703348845e-06,5055.0,42540.0
6825,6.294129652855037e-06,4972.0,42402.0
6826,6.385182818293406e-06,5002.0,42493.0
6827,6.223452020941339e-06,4864.0,41561.0
6828,6.166145832903205e-06,4859.0,41507.0
6829,6.317688863492937e-06,4984.0,41938.0
6830,6.243827554466009e-06,4989.0,41459.0
6831,6.0610844881666266e-06,4710.0,41085.0
6832,6.125394765853865e-06,4826.0,40882.0
6833,6.103745761483904e-06,4782.0,40647.0
6834,6.051533456826938e-06,4846.0,40769.0
6835,6.087827375917755e-06,4781.0,40375.0
6836,6.069362048661024e-06,4675.0,40195.0
6837,5.9853129728717605e-06,4731.0,40317.0
6838,6.038162012951373e-06,4690.0,40274.0
6839,6.0400722192193105e-06,4746.0,40315.0
6840,5.959206820543277e-06,4612.0,40589.0
6841,6.018423214849349e-06,4726.0,39947.0
6842,5.9235496368751055e-06,4645.0,39732.0
6843,5.877704686444598e-06,4548.0,39786.0
6844,5.935647609905378e-06,4758.0,39687.0
6845,5.740169835153077e-06,4517.0,38774.0
6846,5.65039014056e-06,4466.0,38375.0
6847,5.736986158039847e-06,4400.0,38373.0
6848,5.63001460703533e-06,4523.0,37892.0
6849,5.573981889842489e-06,4307.0,37563.0
6850,5.691777943031986e-06,4458.0,37702.0
6851,5.719157566205761e-06,4503.0,37796.0
6852,5.637655432107081e-06,4365.0,37393.0
6853,5.701965709794321e-06,4420.0,36468.0
6854,5.743990247688952e-06,4537.0,36573.0
6855,5.721067772473699e-06,4549.0,36281.0
6856,5.794929081500627e-06,4549.0,36086.0
6857,5.8274025880555696e-06,4609.0,35901.0
6858,5.890439394897517e-06,4741.0,36463.0
6859,5.948382318358297e-06,4566.0,36061.0
6860,5.938194551595962e-06,4641.0,35917.0
6861,5.935010874482732e-06,4782.0,36167.0
6862,5.973214999841488e-06,4659.0,35938.0
6863,6.095468200989507e-06,4730.0,36430.0
6864,6.0712722549289615e-06,4775.0,36505.0
6865,6.120937617895344e-06,4738.0,35768.0
6866,6.164872362057914e-06,4820.0,35629.0
6867,6.183337689314645e-06,4765.0,35735.0
6868,6.396644055901032e-06,5136.0,36402.0
6869,6.481329867112942e-06,5105.0,36854.0
6870,6.411925706044535e-06,5004.0,36492.0
6871,6.547550351068118e-06,5078.0,36417.0
6872,6.4666849523920855e-06,4917.0,36294.0
6873,6.547550351068118e-06,5092.0,36952.0
6874,6.620138189249755e-06,5313.0,37037.0
6875,6.706097471306955e-06,5306.0,37286.0
6876,6.747485273778941e-06,5270.0,37759.0
6877,6.877379299998711e-06,5353.0,37278.0
6878,6.861460914432563e-06,5301.0,37122.0
6879,6.817526170269994e-06,5284.0,36933.0
6880,6.85254661851552e-06,5395.0,36387.0
6881,6.7723179552621325e-06,5417.0,36051.0
6882,6.758309775963922e-06,5426.0,36103.0
6883,6.82134658280587e-06,5533.0,36004.0
6884,6.828350672454975e-06,5404.0,35778.0
6885,6.898391568946027e-06,5431.0,36264.0
6886,6.983714115580582e-06,5384.0,36042.0
6887,7.053118276648988e-06,5449.0,36247.0
6888,6.986261057271166e-06,5545.0,35853.0
6889,7.086228518626577e-06,5606.0,35716.0
6890,7.085591783203931e-06,5529.0,35720.0
6891,7.028922330588443e-06,5507.0,35429.0
6892,7.104693845883309e-06,5436.0,35590.0
6893,7.144171442087357e-06,5675.0,35699.0
6894,7.078587693554826e-06,5536.0,35317.0
6895,7.1607265630761514e-06,5558.0,35374.0
6896,7.128889791943854e-06,5716.0,35181.0
6897,7.219306221959577e-06,5745.0,35713.0
6898,7.324367566696155e-06,5723.0,35114.0
6899,7.5147514580672895e-06,5969.0,35537.0
6900,7.5109310455314135e-06,5785.0,35646.0
6901,7.550408641735462e-06,5950.0,34841.0
6902,7.611535242309471e-06,5943.0,34934.0
6903,7.611535242309471e-06,5932.0,34914.0
6904,7.701951672325193e-06,6064.0,34896.0
6905,7.701314936902547e-06,5985.0,34653.0
6906,7.643372013441768e-06,5995.0,34447.0
6907,7.818474254669399e-06,6152.0,34639.0
6908,7.849037554956404e-06,6170.0,34577.0
6909,7.872596765594303e-06,6146.0,34538.0
6910,8.03114388583314e-06,6235.0,34759.0
6911,7.961102989342088e-06,6387.0,34518.0
6912,7.886604944892513e-06,6322.0,34123.0
6913,7.963013195610025e-06,6240.0,34214.0
6914,7.947731545466523e-06,6167.0,34123.0
6915,8.016498971112284e-06,6364.0,34626.0
6916,8.040058181750183e-06,6348.0,34387.0
6917,8.197331831143729e-06,6538.0,34917.0
6918,8.269282933902718e-06,6541.0,35286.0
6919,8.343780978352292e-06,6633.0,35286.0
6920,8.38644225166957e-06,6558.0,35535.0
6921,8.329772799054082e-06,6492.0,35320.0
6922,8.43356067294537e-06,6624.0,35050.0
6923,8.399176960122488e-06,6728.0,34867.0
6924,8.454572941892684e-06,6696.0,34793.0
6925,8.614393532976814e-06,6852.0,34866.0
6926,8.712450788064287e-06,6909.0,35189.0
6927,8.797136599276196e-06,6933.0,35590.0
6928,8.867177495767248e-06,6983.0,35117.0
6929,8.863357083231373e-06,7110.0,35131.0
6930,8.949316365288574e-06,7117.0,35258.0
6931,9.088761422848033e-06,7191.0,34929.0
6932,9.123781871093559e-06,7154.0,34959.0
6933,9.218655449067802e-06,7250.0,35191.0
6934,9.251128955622746e-06,7078.0,35166.0
6935,9.291880022672086e-06,7298.0,35443.0
6936,9.437055699035358e-06,7509.0,35406.0
6937,9.439602640725942e-06,7418.0,35156.0
6938,9.737594818524237e-06,7823.0,35983.0
6939,9.700027428588128e-06,7562.0,36596.0
6940,9.731227464297778e-06,7653.0,36528.0
6941,9.656729419848204e-06,7525.0,36074.0
6942,9.604517115191238e-06,7504.0,36183.0
6943,9.708941724505171e-06,7613.0,36443.0
6944,9.829284719385252e-06,7595.0,36849.0
6945,9.711488666195754e-06,7629.0,36749.0
6946,9.681562101331395e-06,7509.0,36235.0
6947,9.781529562686806e-06,7766.0,36579.0
6948,9.633170209210305e-06,7520.0,36479.0
6949,9.628076325829137e-06,7569.0,36068.0
6950,9.572680344058941e-06,7519.0,36043.0
6951,9.51346394975287e-06,7407.0,36100.0
6952,9.48672106200174e-06,7411.0,35846.0
6953,9.480990443197927e-06,7347.0,35866.0
6954,9.314802497887338e-06,7349.0,35773.0
6955,9.38484339437839e-06,7448.0,35868.0
6956,9.38484339437839e-06,7449.0,35761.0
6957,9.270231018302123e-06,7143.0,36397.0
6958,9.542753779194583e-06,7463.0,37217.0
6959,9.491178209960262e-06,7429.0,37162.0
6960,9.277871843373875e-06,7215.0,36940.0
6961,9.237757511747182e-06,7249.0,36607.0
6962,9.214198301109281e-06,7373.0,36510.0
6963,9.140336992082354e-06,7150.0,36255.0
6964,9.277871843373875e-06,7304.0,36522.0
6965,9.300157583166482e-06,7502.0,36609.0
6966,9.132059431587957e-06,7314.0,36477.0
6967,9.19254929673932e-06,7122.0,36401.0
6968,9.144157404618229e-06,7084.0,36254.0
6969,9.084941010312157e-06,6974.0,36657.0
6970,9.112320633485933e-06,7229.0,36710.0
6971,9.166443144410837e-06,7279.0,36885.0
6972,9.133332902433248e-06,7055.0,37537.0
6973,9.146067610886167e-06,7254.0,37348.0
6974,9.254949368158621e-06,7275.0,37881.0
6975,9.14861455257675e-06,7401.0,37991.0
6976,9.238394247169828e-06,7342.0,38119.0
6977,9.48035370777528e-06,7572.0,39015.0
6978,9.395031161140726e-06,7376.0,40183.0
6979,9.546574191730458e-06,7563.0,40767.0
6980,9.604517115191238e-06,7556.0,41291.0
6981,9.549757868843689e-06,7787.0,41261.0
6982,9.543390514617229e-06,7509.0,41235.0
6983,9.678378424218166e-06,7695.0,41698.0
6984,9.614068146530927e-06,7439.0,41667.0
6985,9.785349975222683e-06,7780.0,42213.0
6986,9.792990800294433e-06,7644.0,42298.0
6987,9.68092536590875e-06,7651.0,41980.0
6988,9.74650911444128e-06,7553.0,42010.0
6989,9.88913784911397e-06,7724.0,42616.0
6990,9.678378424218166e-06,7622.0,42424.0
6991,9.766247912543305e-06,7564.0,42775.0
6992,9.89996235129895e-06,7725.0,43172.0
6993,9.764337706275367e-06,7727.0,43046.0
6994,9.803178567056768e-06,7660.0,43142.0
6995,9.966819570676774e-06,7974.0,43960.0
6996,9.789170387758558e-06,7565.0,44167.0
6997,9.813366333819103e-06,7637.0,44157.0
6998,9.719129491267506e-06,7768.0,43819.0
6999,9.627439590406491e-06,7500.0,44347.0
7000,9.605153850613885e-06,7629.0,44296.0
7001,9.498819035032014e-06,7390.0,43966.0
7002,9.447243465797693e-06,7427.0,44587.0
7003,9.43196181565419e-06,7444.0,44531.0
7004,9.494361887073492e-06,7323.0,44570.0
7005,9.424957726005084e-06,7491.0,45064.0
7006,9.419227107201273e-06,7267.0,44915.0
7007,9.564402783564545e-06,7479.0,45424.0
7008,9.338361708525239e-06,7293.0,45628.0
7009,9.337724973102593e-06,7384.0,45466.0
7010,9.45233734917886e-06,7310.0,46015.0
7011,9.259406516117142e-06,7282.0,45388.0
7012,9.328173941762904e-06,7336.0,45484.0
7013,9.379112775574579e-06,7608.0,45692.0
7014,9.436418963612712e-06,7449.0,45741.0
7015,9.46634552847707e-06,7407.0,46033.0
7016,9.66373350949731e-06,7403.0,46931.0
7017,9.531292541586955e-06,7470.0,46706.0
7018,9.382296452687808e-06,7343.0,45751.0
7019,9.448516936642985e-06,7408.0,46009.0
7020,9.437055699035358e-06,7386.0,47218.0
7021,9.45552102629209e-06,7537.0,47404.0
7022,9.433235286499483e-06,7476.0,47365.0
7023,9.335814766834654e-06,7311.0,47631.0
7024,9.296337170630607e-06,7350.0,47567.0
7025,9.462525115941195e-06,7441.0,48068.0
7026,9.369561744234888e-06,7360.0,48632.0
7027,9.266410605766248e-06,7314.0,48338.0
7028,8.786312097091215e-06,6920.0,45811.0
7029,8.809871307729115e-06,7005.0,48312.0
7030,8.909838769084526e-06,6900.0,48681.0
7031,9.191275825894028e-06,7263.0,49915.0
7032,9.145430875463521e-06,7060.0,50326.0
7033,9.360647448317846e-06,7280.0,50463.0
7034,9.409676075861582e-06,7483.0,50506.0
7035,9.217381978222512e-06,7121.0,50182.0
7036,9.485447591156448e-06,7669.0,50469.0
7037,9.668190657455831e-06,7414.0,51132.0
7038,9.48672106200174e-06,7329.0,50853.0
7039,9.652272271889683e-06,7700.0,51099.0
7040,9.570133402368358e-06,7608.0,50605.0
7041,9.575227285749526e-06,7340.0,51566.0
7042,9.689839661825793e-06,7556.0,51573.0
7043,9.961725687295606e-06,7851.0,52533.0
7044,9.933072593276538e-06,7799.0,53234.0
7045,1.0278183192350635e-05,8044.0,53469.0
7046,1.0450738491887681e-05,8050.0,54015.0
7047,1.039470577469484e-05,8296.0,54087.0
7048,1.067168568354582e-05,8284.0,53834.0
7049,1.0787571530467379e-05,8471.0,53824.0
7050,1.0641122383258816e-05,8415.0,53370.0
7051,1.077802049912769e-05,8408.0,53134.0
7052,1.0991963601136724e-05,8526.0,53805.0
7053,1.0916192085841858e-05,8567.0,54272.0
7054,1.1083016766575093e-05,8676.0,54645.0
7055,1.0854428749845202e-05,8596.0,53561.0
7056,1.1572666306589813e-05,9050.0,55680.0
7057,1.1905678932633636e-05,9366.0,56382.0
7058,1.1929238143271535e-05,9266.0,56123.0
7059,1.2354577405599019e-05,9852.0,57060.0
7060,1.2466006104562057e-05,9588.0,56724.0
7061,1.296329646964853e-05,10048.0,57955.0
7062,1.3048619016283085e-05,10445.0,58190.0
7063,1.3352341812885193e-05,10498.0,58353.0
7064,1.3629321721736174e-05,10856.0,58825.0
7065,1.3984620087572605e-05,10902.0,59505.0
7066,1.4324636803265532e-05,11471.0,59913.0
7067,1.4532212551048106e-05,11509.0,60418.0
7068,1.4644277985433789e-05,11520.0,60567.0
7069,1.4713682146502197e-05,11480.0,59324.0
7070,1.4728327061223053e-05,11494.0,58874.0
7071,1.4946727311190607e-05,11446.0,59057.0
7072,1.5260637874555052e-05,12190.0,59299.0
7073,1.5443380940854434e-05,12020.0,59681.0
7074,1.6152067466259356e-05,12632.0,60905.0
7075,1.6388933043483644e-05,12837.0,61317.0
7076,1.630488396769438e-05,12617.0,60805.0
7077,1.669774972346692e-05,12810.0,61536.0
7078,1.7711432516319245e-05,13945.0,64192.0
7079,1.8354535293191636e-05,14352.0,65735.0
7080,1.8270486217402372e-05,14567.0,65362.0
7081,1.847296808180378e-05,14450.0,65123.0
7082,1.8679907094163707e-05,14653.0,65160.0
7083,1.8828903183062855e-05,14637.0,65382.0
7084,1.910333615022325e-05,14815.0,65629.0
7085,1.930199760208878e-05,15332.0,65862.0
7086,2.045448871707792e-05,15993.0,67660.0
7087,2.100653832851194e-05,16449.0,68688.0
7088,2.179226984005702e-05,16985.0,70777.0
7089,2.1820286198653445e-05,17294.0,70627.0
7090,2.2618115683228797e-05,17793.0,71556.0
7091,2.2937120129974406e-05,17841.0,72254.0
7092,2.3157430586209902e-05,18035.0,72638.0
7093,2.3629251534390535e-05,18538.0,72831.0
7094,2.398072948769109e-05,18643.0,73251.0
7095,2.4823767187274303e-05,19399.0,74900.0
7096,2.608131964700002e-05,20566.0,76794.0
7097,2.6720602011336535e-05,20800.0,77986.0
7098,2.7044700341463313e-05,21051.0,79017.0
7099,2.7276472035306433e-05,21423.0,78324.0
7100,2.7347149667220133e-05,21302.0,78304.0
7101,2.7494872285273988e-05,21647.0,78161.0
7102,2.8362742666340393e-05,22220.0,79804.0
7103,2.962029512606611e-05,23050.0,82358.0
7104,3.029459793864815e-05,23947.0,83544.0
7105,3.134775832770452e-05,24567.0,85844.0
7106,3.171515466657123e-05,24796.0,86633.0
7107,3.253972703889771e-05,25808.0,86550.0
7108,3.338021779679034e-05,26043.0,88049.0
7109,3.3862863247155957e-05,26481.0,89551.0
7110,3.403350834042506e-05,26557.0,89648.0
7111,3.442191694823908e-05,27141.0,89000.0
7112,3.474346833667528e-05,26838.0,89254.0
7113,3.4814782704011625e-05,27709.0,89144.0
7114,3.709302204623877e-05,28992.0,92010.0
7115,3.842952969837258e-05,30001.0,95221.0
7116,4.052820965141357e-05,32006.0,97102.0
7117,4.097965506606954e-05,32324.0,96755.0
7118,4.130566360246425e-05,32127.0,95235.0
7119,4.316811471370361e-05,33873.0,98438.0
7120,4.429704661805484e-05,35238.0,100673.0
7121,4.565584000998126e-05,35624.0,103043.0
7122,4.694459250541663e-05,36731.0,105590.0
7123,4.765646270793478e-05,37320.0,106152.0
7124,4.7846846599305914e-05,37887.0,106101.0
7125,4.793917323558957e-05,37425.0,105896.0
7126,4.918781139939825e-05,38715.0,108000.0
7127,4.991368978121461e-05,39147.0,109772.0
7128,5.022441666746582e-05,39362.0,109692.0
7129,5.060709465647603e-05,39679.0,110058.0
7130,5.257906426041048e-05,41266.0,113481.0
7131,5.468602177394587e-05,42343.0,117593.0
7132,5.794738060873833e-05,45093.0,122761.0
7133,5.875157744754014e-05,46116.0,124666.0
7134,5.963409274332741e-05,46839.0,126157.0
7135,6.025490978040719e-05,47398.0,126449.0
7136,6.126540889614629e-05,48280.0,129644.0
7137,6.266495335512204e-05,49368.0,133322.0
7138,6.340101950370074e-05,49376.0,134436.0
7139,6.394224461294979e-05,50243.0,135247.0
7140,6.482475990873704e-05,50774.0,136489.0
7141,6.737870568896987e-05,52816.0,142598.0
7142,6.843059260718096e-05,53443.0,145054.0
7143,6.908643009250627e-05,54171.0,146468.0
7144,7.0200080346714e-05,55245.0,147549.0
7145,7.089284848655277e-05,55313.0,148383.0
7146,7.11717386016717e-05,55573.0,148640.0
7147,7.229685009348706e-05,56696.0,150188.0
7148,7.243438494477857e-05,56752.0,150089.0
7149,7.415293385049994e-05,58360.0,153367.0
7150,7.418477062163224e-05,58284.0,153135.0
7151,7.51379635493332e-05,59093.0,154822.0
7152,7.538246995162924e-05,59381.0,154841.0
7153,7.751744382376105e-05,60910.0,159153.0
7154,7.803893013490807e-05,60893.0,160359.0
7155,7.840186932581625e-05,61373.0,160800.0
7156,7.865019614064816e-05,61189.0,160769.0
7157,8.102521926711749e-05,63573.0,164412.0
7158,8.320476461883451e-05,65212.0,170209.0
7159,8.358871607869001e-05,65769.0,170353.0
7160,8.512452191811201e-05,67014.0,173267.0
7161,8.83947950488215e-05,68494.0,178481.0
7162,8.945814320464021e-05,70094.0,179575.0
7163,9.240495474064558e-05,72971.0,188195.0
7164,9.400316065148688e-05,73484.0,191884.0
7165,9.406110357494766e-05,73700.0,191330.0
7166,9.453483472939623e-05,74618.0,192182.0
7167,9.534985607038302e-05,75054.0,193327.0
7168,9.765929544831982e-05,76739.0,197814.0
7169,9.867043129948155e-05,77333.0,199394.0
7170,0.00010204894945204087,80240.0,208264.0
7171,0.00010584261910016533,83485.0,215542.0
7172,0.00010707788582009844,83673.0,218037.0
7173,0.00010774391107218609,84877.0,219114.0
7174,0.0001121399324301336,87824.0,231165.0
7175,0.00011306510899923815,89282.0,234171.0
7176,0.00011356112589347932,88955.0,235014.0
7177,0.00011255890433823463,88488.0,234341.0
7178,0.00011482122529489562,89863.0,240542.0
7179,0.00011581453255422328,91170.0,242308.0
7180,0.0001180940453672957,92139.0,246045.0
7181,0.0001198737208735911,94239.0,249814.0
7182,0.00012247096466256384,95646.0,254299.0
7183,0.0001253496455083461,98078.0,258436.0
7184,0.0001274120315422963,100161.0,262446.0
7185,0.0001307778149864027,103147.0,270641.0
7186,0.00013243460055612738,103775.0,275989.0
7187,0.0001336711407469058,105530.0,277398.0
7188,0.0001340137044042893,105113.0,278191.0
7189,0.00013647213987112524,107085.0,284155.0
7190,0.00014034540144708044,109381.0,293517.0
7191,0.0001411139411022141,110873.0,295640.0
7192,0.0001426803102419231,112106.0,298821.0
7193,0.0001435787439232765,111917.0,300625.0
7194,0.00014559273806510558,113946.0,306132.0
7195,0.00014655166161161036,114669.0,307796.0
7196,0.00014818616144154245,116529.0,310062.0
7197,0.00015341503273231085,120680.0,321241.0
7198,0.0001559371417414114,122672.0,326359.0
7199,0.00015775120096052966,123172.0,330235.0
7200,0.0001590775208459011,124577.0,332985.0
7201,0.00016096607810946897,126477.0,335850.0
7202,0.00016582245917798948,130294.0,347661.0
7203,0.00016682404399781154,130537.0,349810.0
7204,0.0001725336505326776,135844.0,362440.0
7205,0.00017380839484881476,135995.0,365808.0
7206,0.00017527734346885893,137393.0,369003.0
7207,0.00017571414396879404,138122.0,369537.0
7208,0.00017675711659108806,138283.0,373019.0
7209,0.00017736965606767347,138274.0,374407.0
7210,0.00017662340215233242,139009.0,372521.0
7211,0.00018190257554148985,143365.0,380977.0
7212,0.00018746445945830206,146832.0,394457.0
7213,0.00019359303790126916,152164.0,411222.0
7214,0.00019671749862019275,154837.0,420574.0
7215,0.0001981406022898064,155434.0,426731.0
7216,0.00019952486509863866,156988.0,429433.0
7217,0.00019872639887864066,156374.0,427502.0
7218,0.0002007868747063229,157369.0,433453.0
7219,0.00020482059360878488,160756.0,442268.0
7220,0.00020589603973763385,162163.0,444224.0
7221,0.0002058966764730565,161178.0,444264.0
7222,0.00021051491849350746,165342.0,456251.0
7223,0.00022066830154301949,173060.0,486910.0
7224,0.00022173037622799289,174009.0,489381.0
7225,0.00022526362108825517,177266.0,497855.0
7226,0.00022888091502430672,179529.0,506716.0
7227,0.00023085097442197323,180743.0,510520.0
7228,0.00023125912182788926,181226.0,511800.0
7229,0.00023466183592650913,184419.0,522288.0
7230,0.00023522916718808664,183970.0,524051.0
7231,0.0002389464285854936,187495.0,528684.0
7232,0.00024603775098750135,192430.0,546646.0
7233,0.0002494843998302838,195856.0,554753.0
7234,0.0002570278043823701,201936.0,577041.0
7235,0.0002571799841483825,201498.0,579595.0
7236,0.0002610557926660283,205190.0,593548.0
7237,0.00026198160597055547,206438.0,597083.0
7238,0.0002622592226148291,204818.0,598412.0
7239,0.0002670404689034774,209616.0,610636.0
7240,0.00027096148563613104,211343.0,621305.0
7241,0.00027433172622819596,214850.0,633156.0
7242,0.00027685701891440973,216909.0,637631.0
7243,0.00027806299580490114,218293.0,641763.0
7244,0.0002808735459604603,220375.0,647762.0
7245,0.0002857286535581355,224233.0,661934.0
7246,0.00028948984969970505,227158.0,669918.0
7247,0.00029332045000234297,230496.0,679516.0
7248,0.00029612463280367566,231504.0,686672.0
7249,0.00030158782272997776,237157.0,704494.0
7250,0.00030775524203372623,241600.0,728363.0
7251,0.0003102053999400678,243218.0,730717.0
7252,0.00031812511512693787,248739.0,763287.0
7253,0.00032072108544506535,253135.0,773539.0
7254,0.0003211986370120498,252076.0,773821.0
7255,0.00032265803460075425,252564.0,777370.0
7256,0.0003252145273226777,254752.0,786000.0
7257,0.0003319944861030116,260315.0,805225.0
7258,0.0003330049852187507,261259.0,806135.0
7259,0.0003347910280792725,262829.0,814215.0
7260,0.00034068019400332474,267301.0,835543.0
7261,0.00034023511594289524,267060.0,833167.0
7262,0.0003419078198981861,268790.0,841606.0
7263,0.0003415302357925571,268119.0,842434.0
7264,0.0003456480037708083,270725.0,855673.0
7265,0.00034420388783224735,270479.0,854356.0
7266,0.00034538057489329703,271511.0,855521.0
7267,0.000352392305367474,276575.0,876492.0
7268,0.0003561751505134135,278789.0,883717.0
7269,0.00035946516244222504,281969.0,893944.0
7270,0.0003584597572098671,280802.0,892552.0
7271,0.0003572041149564093,279632.0,891945.0
7272,0.0003714892741634708,291113.0,930465.0
7273,0.0003742145017723954,293103.0,940826.0
7274,0.00037960637733136114,298187.0,959178.0
7275,0.000378342457517409,297587.0,957225.0
7276,0.00038118548117952307,299194.0,965846.0
7277,0.0003913363172873445,307145.0,1007829.0
7278,0.0003934725646303216,309629.0,1018436.0
7279,0.0003939380182242758,308843.0,1020001.0
7280,0.00040236266460130413,314921.0,1044947.0
7281,0.00040342664949254544,316869.0,1052685.0
7282,0.0004073336580459009,319283.0,1065330.0
7283,0.0004094597176221157,320817.0,1074095.0
7284,0.0004141957556957561,324891.0,1086421.0
7285,0.00041841094419367217,328127.0,1103649.0
7286,0.0004206356977603971,330556.0,1111503.0
7287,0.0004250285354412313,333243.0,1133654.0
7288,0.0004242179712482031,333831.0,1134626.0
7289,0.0004275353628001884,335365.0,1145720.0
7290,0.0004265707086348798,335922.0,1143933.0
7291,0.00043146402035791376,339125.0,1162488.0
7292,0.0004322885927302403,338862.0,1168022.0
7293,0.0004326502584503032,339278.0,1165566.0
7294,0.0004377931704590143,343089.0,1184730.0
7295,0.00043540477588866947,341477.0,1181628.0
7296,0.0004393754579842895,344607.0,1199904.0
7297,0.00043841971811489795,344639.0,1197850.0
7298,0.00044099149248696484,345552.0,1206849.0
7299,0.0004411595906385434,346118.0,1206541.0
7300,0.0004435938301593188,348278.0,1212486.0
7301,0.00044632033123908867,349831.0,1223145.0
7302,0.0004442413900841497,348824.0,1219248.0
7303,0.0004489793383640581,351376.0,1236817.0
7304,0.00045356383340710877,355680.0,1254510.0
7305,0.00045969050164380794,360810.0,1285091.0
7306,0.00046361215511188424,362613.0,1298274.0
7307,0.00046577068819465394,365525.0,1309874.0
7308,0.00046861434859219066,367022.0,1319798.0
7309,0.00046858760570443953,367364.0,1321325.0
7310,0.0004697127171962549,369041.0,1328357.0
7311,0.00047388460768543105,371404.0,1337741.0
7312,0.00047682059471925147,374095.0,1347048.0
7313,0.0004785391436249728,374560.0,1360410.0
7314,0.0004713663190888664,368918.0,1347523.0
7315,0.00047403042009721696,371910.0,1351903.0
7316,0.0004831051733407668,379554.0,1384196.0
7317,0.00047902306254618375,375537.0,1409057.0
7318,0.00047895938900391913,376403.0,1412180.0
7319,0.00047941592830195626,376356.0,1414775.0
7320,0.00047531726238638443,372101.0,1419621.0
7321,0.0004812554569379804,377850.0,1439741.0
7322,0.00047940446706434863,374729.0,1444888.0
7323,0.000469852798989237,368811.0,1446203.0
7324,0.00046574967592570663,365718.0,1437467.0
7325,0.00046000122853005916,360817.0,1417818.0
7326,0.00045873285156814846,361277.0,1437651.0
7327,0.00045660297157939784,356921.0,1430060.0
7328,0.00046049788215972296,360214.0,1447869.0
7329,0.0004592046725163291,360539.0,1462248.0
7330,0.0004551900556765465,357396.0,1452829.0
7331,0.000450547617710035,353335.0,1441821.0
7332,0.00044661641321061904,351308.0,1441878.0
7333,0.0004473855896011753,350623.0,1447534.0
7334,0.00044795546780444345,351770.0,1454044.0
7335,0.0004428214700916493,346925.0,1446642.0
7336,0.00044041078978151175,345775.0,1442277.0
7337,0.0004415817462237576,345714.0,1451197.0
7338,0.0004369552266428123,342393.0,1446825.0
7339,0.0004368196019977887,342836.0,1452490.0
7340,0.0004339230925601724,340787.0,1452233.0
7341,0.00042708137044384183,335072.0,1440805.0
7342,0.00043320103459089187,339673.0,1475035.0
7343,0.00042396518728541265,332925.0,1445552.0
7344,0.000420146684955805,328823.0,1439990.0
7345,0.0004176150249153648,327371.0,1436581.0
7346,0.00041612633749721855,326440.0,1435887.0
7347,0.0004126682274168285,323684.0,1443116.0
7348,0.0004062442037377537,318500.0,1426465.0
7349,0.0004078825239802217,319275.0,1436569.0
7350,0.0004030745348038223,316236.0,1434261.0
7351,0.00039816021081184096,312922.0,1417626.0
7352,0.0003957998326000925,310866.0,1412509.0
7353,0.00039010869139248315,306198.0,1397886.0
7354,0.00039066838182898894,306182.0,1400318.0
7355,0.00038888997979353885,305163.0,1397099.0
7356,0.0003855967841876141,302621.0,1389247.0
7357,0.0003843443256112695,300975.0,1389451.0
7358,0.0003804207619369253,298932.0,1380686.0
7359,0.00037538036433126007,295069.0,1371656.0
7360,0.0003698331253291687,290592.0,1357279.0
7361,0.00037057937924450977,290833.0,1360978.0
7362,0.00036893532838323795,289582.0,1356369.0
7363,0.0003529023304410134,277266.0,1314365.0
7364,0.0003488654278614382,274746.0,1302391.0
7365,0.00034025612821184255,267273.0,1278284.0
7366,0.00034324814796285577,268569.0,1295075.0
7367,0.00033866747333234095,265246.0,1285153.0
7368,0.0003257793116425646,255976.0,1234753.0
7369,0.0003222613484324459,253797.0,1223553.0
7370,0.00032243135679029233,252506.0,1226431.0
7371,0.0003108682415150422,243245.0,1193809.0
7372,0.00030689310227146363,240571.0,1180527.0
7373,0.0003023232521431338,237049.0,1166558.0
7374,0.00029821503519622224,234037.0,1153382.0
7375,0.00029267862069631584,229688.0,1137870.0
7376,0.0002870524265018164,225461.0,1121325.0
7377,0.0002823985272976973,222521.0,1108170.0
7378,0.00027634444689917975,217462.0,1083146.0
7379,0.00027285641025392537,214429.0,1075497.0
7380,0.00026612739030740316,209247.0,1059304.0
7381,0.00026567403468647925,207636.0,1060107.0
7382,0.00026046617566465816,204423.0,1043076.0
7383,0.0002574862538866752,201877.0,1036018.0
7384,0.0002536887638260149,198934.0,1030667.0
7385,0.00024787855309437075,194952.0,1011292.0
7386,0.00024425871221662863,191402.0,1001886.0
7387,0.00023825939106445864,186518.0,981227.0
7388,0.00023789517840270516,186060.0,980189.0
7389,0.0002338837452400358,183307.0,969151.0
7390,0.00023307954840123398,182901.0,967723.0
7391,0.00023066059053060208,181011.0,962875.0
7392,0.00022712288852238128,178352.0,954000.0
7393,0.00022381632147258098,175567.0,950055.0
7394,0.00021297972131456986,167498.0,919993.0
7395,0.00020088047481345186,157898.0,881974.0
7396,0.0001918050848344794,150839.0,844128.0
7397,0.0001865208175619408,146247.0,823976.0
7398,0.00018294809510547446,142833.0,813965.0
7399,0.00018105317048768018,141685.0,809383.0
7400,0.000177967550629538,139970.0,799327.0
7401,0.00017274122628046018,135328.0,782613.0
7402,0.0001670258891267903,131279.0,769007.0
7403,0.00016141816025954758,126156.0,754007.0
7404,0.00015265795431478483,119071.0,724063.0
7405,0.00014668219237325277,114483.0,705135.0
7406,0.00014217537905176486,111979.0,696877.0
7407,0.00012963551163817588,102055.0,655668.0
7408,0.00012984627106307168,102133.0,622395.0
7409,0.0001266957041918196,99298.0,611570.0
7410,0.00012416531762222467,97240.0,602996.0
7411,0.00012447859145016648,97614.0,587861.0
7412,0.00011764833057144356,92158.0,566343.0
7413,0.00011434176352164323,90226.0,554169.0
7414,0.00011467350267684177,89908.0,529716.0
7415,0.0001145588903007655,89992.0,529349.0
7416,0.00011142105813796634,87593.0,522921.0
7417,0.00011148600515107623,87080.0,496684.0
7418,0.00010951467228256442,85665.0,490768.0
7419,0.0001043450173861021,81694.0,468187.0
7420,0.00010441442154717051,81977.0,451160.0
7421,0.0001034147469336164,81076.0,447792.0
7422,0.00010207378213352407,80429.0,443847.0
7423,0.00010214764344255099,80351.0,432128.0
7424,9.78490426042683e-05,76478.0,419801.0
7425,9.522378245669913e-05,74472.0,408341.0
7426,9.529063967607695e-05,74808.0,405009.0
7427,9.227442397900317e-05,72171.0,395672.0
7428,8.666414817006986e-05,68292.0,377894.0
7429,8.662085016132995e-05,67859.0,371225.0
7430,8.176892624076794e-05,64181.0,356199.0
7431,7.689025943245481e-05,59818.0,333317.0
7432,7.68526920425187e-05,60462.0,321481.0
7433,6.731630561755057e-05,52755.0,283140.0
7434,6.573529156312073e-05,51608.0,276139.0
7435,6.586327538307256e-05,51846.0,270340.0
7436,6.474071083294778e-05,50759.0,265135.0
7437,6.311703550520065e-05,49804.0,259293.0
7438,6.3116398769778e-05,49934.0,242274.0
7439,6.191742596893571e-05,48795.0,238656.0
7440,5.804480112840316e-05,45381.0,225398.0
7441,5.797030308395359e-05,45578.0,212956.0
7442,5.489105058003786e-05,43018.0,203496.0
7443,5.332786511744209e-05,41927.0,199339.0
7444,5.329411814004186e-05,41722.0,196668.0
7445,5.1392189432598465e-05,40138.0,189937.0
7446,4.805633255335642e-05,37831.0,178075.0
7447,4.793598955847634e-05,37712.0,177688.0
7448,4.6533261422387355e-05,36338.0,172041.0
7449,4.253774664528413e-05,33304.0,158070.0
7450,4.250973028668771e-05,33389.0,157942.0
7451,4.176474984219197e-05,32591.0,154293.0
7452,3.979851085706133e-05,31407.0,147262.0
7453,3.969090257063417e-05,31351.0,146906.0
7454,3.912229783821135e-05,30856.0,145452.0
7455,3.723819772260204e-05,29175.0,140849.0
7456,3.7141413938359855e-05,29249.0,140597.0
7457,3.2870829458673596e-05,25590.0,120971.0
7458,3.093515377382996e-05,24158.0,112841.0
7459,3.092751294875821e-05,24402.0,112799.0
7460,2.974254832721413e-05,23390.0,108875.0
7461,2.7843803296883958e-05,21758.0,101392.0
7462,2.78138767320196e-05,21855.0,101309.0
7463,2.6670936648370152e-05,20903.0,97295.0
7464,2.6230315735899168e-05,20525.0,95713.0
7465,2.620357284814804e-05,20482.0,95652.0
7466,2.5102020566970576e-05,19625.0,92154.0
7467,2.3039634533020404e-05,18277.0,82511.0
7468,2.300397734935223e-05,17868.0,82432.0
7469,2.2225249927456255e-05,17389.0,80646.0
7470,2.0882374921095984e-05,16329.0,75282.0
7471,2.085308509165427e-05,16407.0,75202.0
7472,1.9525491735437505e-05,15334.0,70251.0
7473,1.7842600013384307e-05,14008.0,64251.0
7474,1.7811399977674655e-05,13932.0,64141.0
7475,1.6303610496849088e-05,12959.0,59894.0
7476,1.540199313838245e-05,12076.0,56744.0
7477,1.5379707398589843e-05,12236.0,56671.0
7478,1.4235493844095102e-05,11162.0,52572.0
7479,1.3270839678786514e-05,10684.0,49240.0
7480,1.3258104970333596e-05,10351.0,49198.0
7481,1.2662757350159649e-05,10108.0,47052.0
7482,1.1531278504117827e-05,9069.0,43636.0
7483,1.1501988674676115e-05,9113.0,43547.0
7484,1.040234659976659e-05,8156.0,39341.0
7485,9.381659717265162e-06,7331.0,35336.0
7486,9.35682703578197e-06,7129.0,35242.0
7487,8.641773156150589e-06,6719.0,32306.0
7488,7.922898863983331e-06,6238.0,30153.0
7489,7.894245769964265e-06,6244.0,30025.0
7490,6.4456726834447695e-06,5120.0,23602.0
7491,6.068725313238378e-06,4621.0,21892.0
7492,6.069998784083669e-06,4869.0,21863.0
7493,5.84459444446701e-06,4597.0,20728.0
7494,5.695598355567861e-06,4503.0,20189.0
7495,5.6898677367640485e-06,4442.0,20159.0
7496,5.460006249188867e-06,4298.0,19145.0
7497,5.161377335967925e-06,4114.0,17826.0
7498,5.157556923432049e-06,4071.0,17789.0
7499,4.831548387037332e-06,3776.0,16495.0
7500,4.614421607915069e-06,3615.0,15721.0
7501,4.598503222348921e-06,3657.0,15660.0
7502,4.159155780723228e-06,3291.0,14131.0
7503,3.91146570131396e-06,3095.0,13317.0
7504,3.904461611664855e-06,3040.0,13291.0
7505,3.4956774703261666e-06,2844.0,12079.0
7506,2.82519507028e-06,2191.0,9369.0
7507,2.8130970972497275e-06,2157.0,9331.0
7508,2.639905062290034e-06,2054.0,8646.0
7509,2.1107779260712646e-06,1720.0,6575.0
7510,2.0999534238862835e-06,1624.0,6542.0
7511,1.9713328685118056e-06,1597.0,6078.0
7512,1.722369318257246e-06,1350.0,5268.0
7513,1.70454072642316e-06,1334.0,5200.0
7514,1.581650789852495e-06,1252.0,4811.0
7515,1.4543037053233087e-06,1106.0,4476.0
7516,1.430744494685409e-06,1143.0,4403.0
7517,1.3326872395979355e-06,1092.0,4062.0
7518,1.1906952403478927e-06,945.0,3430.0
7519,1.1862380923893712e-06,927.0,3403.0
7520,2.6424520039806176e-07,208.0,249.0
7521,2.6233499413012396e-07,227.0,249.0
7522,2.5787784617160247e-07,218.0,249.0
7523,2.5405743363572686e-07,210.0,246.0
7524,2.4832681483191345e-07,175.0,232.0
7525,2.451431377186838e-07,205.0,229.0
7526,2.3813904806957857e-07,205.0,233.0
7527,2.3813904806957857e-07,184.0,234.0
7528,2.5214722736778906e-07,188.0,242.0
7529,2.496002856772053e-07,212.0,236.0
7530,2.4769007940926756e-07,191.0,232.0
7531,2.534206982130809e-07,220.0,227.0
7532,2.496002856772053e-07,193.0,213.0
7533,2.24767604194014e-07,187.0,183.0
7534,2.2413086877136806e-07,168.0,181.0
7535,2.2222066250343025e-07,181.0,179.0
7536,2.2031045623549248e-07,154.0,175.0
7537,2.1585330827697093e-07,163.0,163.0
7538,2.1266963116374129e-07,181.0,160.0
7539,2.0884921862786568e-07,168.0,156.0
7540,2.069390123599279e-07,157.0,155.0
7541,2.0439207066934416e-07,152.0,153.0
7542,2.0184512897876045e-07,151.0,153.0
7543,2.0375533524669822e-07,139.0,151.0
7544,2.012083935561145e-07,148.0,148.0
7545,1.992981872881767e-07,183.0,145.0
7546,1.9611451017494706e-07,135.0,139.0
7547,1.9356756848436332e-07,152.0,137.0
7548,1.9102062679377958e-07,138.0,136.0
7549,1.9102062679377958e-07,143.0,134.0
7550,1.87200214257904e-07,180.0,135.0
7551,1.852900079899662e-07,149.0,132.0
7552,1.9420430390700926e-07,173.0,135.0
7553,1.9420430390700926e-07,152.0,136.0
7554,1.8847368510319587e-07,160.0,135.0
7555,1.8847368510319587e-07,145.0,139.0
7556,1.8592674341261213e-07,132.0,137.0
7557,1.8465327256732026e-07,127.0,136.0
7558,1.8974715594848774e-07,127.0,133.0
7559,1.8847368510319587e-07,152.0,131.0
7560,1.9420430390700926e-07,145.0,132.0
7561,1.973879810202389e-07,173.0,132.0
7562,1.992981872881767e-07,162.0,133.0
7563,2.0057165813346858e-07,128.0,133.0
7564,2.0248186440140638e-07,165.0,134.0
7565,2.0821248320521977e-07,147.0,142.0
7566,2.094859540505116e-07,157.0,143.0
7567,2.2858801672988957e-07,173.0,148.0
7568,2.3368190011105703e-07,186.0,152.0
7569,2.3368190011105703e-07,168.0,153.0
7570,2.387757834922245e-07,192.0,158.0
7571,2.464166085639757e-07,190.0,160.0
7572,2.5724111074895653e-07,209.0,159.0
7573,2.699758192018752e-07,202.0,174.0
7574,2.7124929004716705e-07,208.0,176.0
7575,2.8462073392273157e-07,237.0,176.0
7576,2.986289132209421e-07,225.0,175.0
7577,3.0690647371533923e-07,224.0,179.0
7578,3.08816679983277e-07,250.0,179.0
7579,3.081799445606311e-07,246.0,172.0
7580,3.1327382794179853e-07,263.0,164.0
7581,3.2218812385884156e-07,239.0,158.0
7582,3.323758906211765e-07,270.0,156.0
7583,3.3746977400234394e-07,262.0,156.0
7584,3.470208053420329e-07,257.0,161.0
7585,3.6675960344405684e-07,265.0,179.0
7586,7.1129714063777066e-06,5525.0,7094.0
7587,7.186195979981988e-06,5545.0,7140.0
7588,7.263877701544792e-06,5768.0,7214.0
7589,7.310359387397945e-06,5682.0,7230.0
7590,7.33773901057172e-06,5802.0,7245.0
7591,7.355567602405806e-06,5644.0,7266.0
7592,7.420514615515691e-06,5820.0,7293.0
7593,7.469543243059428e-06,5943.0,7322.0
7594,7.544678022931648e-06,5738.0,7358.0
7595,7.577151529486591e-06,5956.0,7400.0
7596,7.596253592165968e-06,5874.0,7408.0
7597,7.630637304988848e-06,5937.0,7440.0
7598,7.66629448865702e-06,6050.0,7475.0
7599,7.68667002218169e-06,6113.0,7477.0
7600,7.726784353808384e-06,6024.0,7498.0
7601,7.765625214589786e-06,6171.0,7511.0
7602,7.789184425227686e-06,6237.0,7525.0
7603,7.850311025801696e-06,6192.0,7546.0
7604,7.880874326088701e-06,6147.0,7575.0
7605,7.899976388768079e-06,6344.0,7587.0
7606,7.922262128560685e-06,6250.0,7604.0
7607,8.014588764844346e-06,6211.0,7663.0
7608,8.054066361048393e-06,6153.0,7682.0
7609,8.083992925912752e-06,6346.0,7706.0
7610,8.16103791205291e-06,6381.0,7751.0
7611,8.194784889453144e-06,6483.0,7772.0
7612,8.254638019181862e-06,6441.0,7806.0
7613,8.28456458404622e-06,6562.0,7826.0
7614,8.321495238559685e-06,6583.0,7852.0
7615,8.3896259287828e-06,6573.0,7903.0
7616,8.427830054141556e-06,6597.0,7948.0
7617,8.46157703154179e-06,6484.0,7956.0
7618,8.555813874093388e-06,6703.0,8006.0
7619,8.623307828893857e-06,6753.0,8050.0
7620,8.769120240679775e-06,6774.0,8114.0
7621,8.792042715895028e-06,7112.0,8124.0
7622,8.832793782944368e-06,6957.0,8140.0
7623,8.89201017725044e-06,6733.0,8180.0
7624,8.934034715145072e-06,7077.0,8205.0
7625,9.035912382768421e-06,7045.0,8246.0
7626,9.113594104331224e-06,7249.0,8284.0
7627,9.182998265399632e-06,7133.0,8328.0
7628,9.228843215830137e-06,7363.0,8344.0
7629,9.334541295989362e-06,7169.0,8424.0
7630,9.3835699235331e-06,7381.0,8467.0
7631,9.444059788684464e-06,7319.0,8523.0
7632,9.47589655981676e-06,7492.0,8545.0
7633,9.557398693915439e-06,7474.0,8585.0
7634,9.623619177870616e-06,7514.0,8629.0
7635,9.708941724505171e-06,7618.0,8686.0
7636,9.796174477407664e-06,7629.0,8740.0
7637,9.905056234680118e-06,7756.0,8829.0
7638,9.957268539337085e-06,7755.0,8852.0
7639,1.0026035964982845e-05,7749.0,8894.0
7640,1.0067423767454831e-05,7870.0,8951.0
7641,1.0115815659575921e-05,7862.0,8982.0
7642,1.0217693327199271e-05,8011.0,9057.0
7643,1.0336126115811414e-05,8177.0,9136.0
7644,1.0389611891313673e-05,8279.0,9172.0
7645,1.0492126294359667e-05,8238.0,9207.0
7646,1.0420811927023322e-05,8253.0,9146.0
7647,6.221541814673401e-06,4930.0,5659.0
7648,6.319599069760875e-06,4929.0,5135.0
7649,5.377230644244896e-06,4220.0,4087.0
7650,5.11362217926948e-06,4003.0,3660.0
7651,5.0607731391898675e-06,3973.0,3398.0
7652,4.899679077260447e-06,3835.0,2921.0
7653,4.948707704804183e-06,3916.0,2938.0
7654,4.8926749876113416e-06,3902.0,2835.0
7655,4.962715884102394e-06,3892.0,2855.0
7656,5.0162016596046525e-06,3966.0,2895.0
7657,5.102797677084499e-06,4002.0,2914.0
7658,5.165834483926446e-06,3942.0,2968.0
7659,5.218046788583412e-06,4172.0,2979.0
7660,5.221230465696642e-06,4081.0,2987.0
7661,5.302095864372676e-06,4129.0,3032.0
7662,5.3288387521238045e-06,4192.0,3076.0
7663,5.433263361437738e-06,4308.0,3152.0
7664,5.516675701804355e-06,4311.0,3194.0
7665,5.621737046540934e-06,4498.0,3250.0
7666,5.63638196126179e-06,4500.0,3296.0
7667,5.704512651484905e-06,4542.0,3377.0
7668,5.738259628885139e-06,4589.0,3404.0
7669,5.780284166779771e-06,4622.0,3426.0
7670,5.758635162409809e-06,4476.0,3456.0
7671,5.878341421867244e-06,4638.0,3528.0
7672,5.9853129728717605e-06,4633.0,3606.0
7673,6.044529367177833e-06,4818.0,3676.0
7674,6.0712722549289615e-06,4773.0,3696.0
7675,6.1298519138123875e-06,4826.0,3736.0
7676,6.254015321228344e-06,4789.0,3861.0
7677,6.316415392647645e-06,4848.0,3897.0
7678,6.408742028931306e-06,4969.0,3955.0
7679,6.443762477176832e-06,5051.0,3970.0
7680,6.470505364927961e-06,5190.0,3997.0
7681,6.512529902822592e-06,5031.0,4005.0
7682,6.669803552216138e-06,5379.0,4107.0
7683,6.683174996091702e-06,5286.0,4118.0
7684,6.745575067511004e-06,5246.0,4157.0
7685,6.729019946522209e-06,5292.0,4180.0
7686,6.797150636745324e-06,5276.0,4235.0
7687,6.9238609858518646e-06,5330.0,4342.0
7688,6.9989957657240844e-06,5392.0,4383.0
7689,7.119975496026812e-06,5588.0,4476.0
7690,7.20466130723872e-06,5557.0,4558.0
7691,7.193200069631094e-06,5570.0,4543.0
7692,7.296351208099735e-06,5654.0,4585.0
7693,7.332008391767906e-06,5843.0,4603.0
7694,7.367028840013433e-06,5699.0,4686.0
7695,7.419877880093045e-06,5851.0,4677.0
7696,7.4561717991838635e-06,5800.0,4688.0
7697,7.679665932532586e-06,6172.0,4849.0
7698,7.603257681815073e-06,6007.0,4805.0
7699,7.723600676695155e-06,6148.0,4897.0
7700,7.7477966227557e-06,6099.0,4928.0
7701,7.757347654095389e-06,6141.0,4911.0
7702,7.819747725514691e-06,6197.0,4984.0
7703,7.81656404840146e-06,6162.0,4985.0
7704,7.964923401877963e-06,6163.0,5085.0
7705,8.07507862999571e-06,6317.0,5136.0
7706,8.162311382898203e-06,6413.0,5212.0
7707,8.131111347188552e-06,6345.0,5290.0
7708,8.255911490027154e-06,6503.0,5422.0
7709,8.324678915672914e-06,6347.0,5558.0
7710,8.248270664955402e-06,6433.0,5591.0
7711,8.264825785944197e-06,6534.0,5582.0
7712,8.283291113200928e-06,6546.0,5606.0
7713,8.24254004615159e-06,6631.0,5630.0
7714,8.35205853884669e-06,6423.0,5706.0
7715,8.555813874093388e-06,6632.0,5929.0
7716,8.446295381398288e-06,6649.0,5968.0
7717,8.458393354428561e-06,6637.0,5981.0
7718,8.41445861026599e-06,6445.0,5954.0
7719,8.359062628495794e-06,6602.0,5999.0
7720,8.301756440457661e-06,6486.0,5976.0
7721,8.5227036321158e-06,6668.0,6156.0
7722,8.558997551206618e-06,6762.0,6197.0
7723,8.72773243820779e-06,6913.0,6302.0
7724,8.709903846373704e-06,6844.0,6338.0
7725,8.890099970982503e-06,6915.0,6466.0
7726,9.290606551826793e-06,7196.0,6805.0
7727,9.435782228190066e-06,7455.0,6918.0
7728,9.551031339688979e-06,7315.0,7078.0
7729,9.618525294489449e-06,7647.0,7174.0
7730,9.75606014578097e-06,7536.0,7324.0
7731,9.794264271139726e-06,7727.0,7355.0
7732,9.864941903053424e-06,7842.0,7413.0
7733,9.924158297359496e-06,7801.0,7516.0
7734,9.863031696785486e-06,7860.0,7476.0
7735,9.974460395748524e-06,7663.0,7563.0
7736,9.98464816251086e-06,7818.0,7636.0
7737,1.0136827928523237e-05,7959.0,7846.0
7738,1.0123456484647672e-05,7942.0,7909.0
7739,1.0163570816274367e-05,7676.0,7991.0
7740,1.0224060681425729e-05,7888.0,8060.0
7741,1.026162807136184e-05,8006.0,8060.0
7742,1.0204958618746351e-05,8097.0,8004.0
7743,1.0418901720755385e-05,8268.0,8246.0
7744,1.0416354779064801e-05,8143.0,8280.0
7745,1.0588273343179203e-05,8284.0,8401.0
7746,1.0584452930643328e-05,8401.0,8418.0
7747,1.0575538634726285e-05,8432.0,8429.0
7748,1.0564714132541304e-05,8085.0,8519.0
7749,1.058254272437539e-05,8257.0,8547.0
7750,1.0739816373768935e-05,8379.0,8748.0
7751,1.0772289880323876e-05,8427.0,8775.0
7752,1.083150627462995e-05,8465.0,8874.0
7753,1.0880534902173686e-05,8508.0,8941.0
7754,1.087353081252458e-05,8470.0,8927.0
7755,1.0821318507867615e-05,8457.0,8911.0
7756,1.0841057305969638e-05,8561.0,8925.0
7757,1.0943571709015632e-05,8597.0,8967.0
7758,1.1143506631726456e-05,8637.0,9116.0
7759,1.11912617884249e-05,8864.0,9132.0
7760,1.1424943688535958e-05,8931.0,9368.0
7761,1.1585401015042733e-05,8959.0,9595.0
7762,1.1894217695026009e-05,9050.0,9885.0
7763,1.1949613676796205e-05,9454.0,9966.0
7764,1.2036209694276052e-05,9372.0,10061.0
7765,1.2187752724865784e-05,9438.0,10176.0
7766,1.2253336473398315e-05,9728.0,10287.0
7767,1.2285809979953257e-05,9717.0,10314.0
7768,1.2430348920893885e-05,9627.0,10480.0
7769,1.26939573858693e-05,9728.0,10726.0
7770,1.2764635017782998e-05,9957.0,10824.0
7771,1.28270350892023e-05,9925.0,10899.0
7772,1.2850594299840199e-05,10036.0,10976.0
7773,1.2777369726235918e-05,10021.0,10909.0
7774,1.2946741348659735e-05,10026.0,11009.0
7775,1.3440211301210333e-05,10688.0,11545.0
7776,1.3454856215931189e-05,10321.0,11588.0
7777,1.3556097148131892e-05,10523.0,11706.0
7778,1.3564374708626289e-05,10602.0,11679.0
7779,1.3957877199821475e-05,11076.0,12025.0
7780,1.3863003621847232e-05,11057.0,11976.0
7781,1.3835623998673456e-05,10958.0,11941.0
7782,1.4157812122532297e-05,11197.0,12295.0
7783,1.412470188055471e-05,11118.0,12313.0
7784,1.4334824570027867e-05,11150.0,12487.0
7785,1.432017965530701e-05,11067.0,12420.0
7786,1.4448163475258842e-05,11348.0,12586.0
7787,1.4901519096182746e-05,11701.0,13096.0
7788,1.4734694415449511e-05,11518.0,13068.0
7789,1.5067707041493334e-05,11726.0,13336.0
7790,1.5176588798765788e-05,12053.0,13424.0
7791,1.552551981037576e-05,12014.0,13866.0
7792,1.563058115511234e-05,12204.0,14029.0
7793,1.5647773011523777e-05,12444.0,14066.0
7794,1.582478545901935e-05,12536.0,14234.0
7795,1.5884638588748066e-05,12512.0,14365.0
7796,1.5906287593118028e-05,12462.0,14406.0
7797,1.586171611353281e-05,12502.0,14360.0
7798,1.6090940865685346e-05,12623.0,14456.0
7799,1.6193455268731343e-05,12739.0,14575.0
7800,1.627241046113944e-05,12643.0,14525.0
7801,1.6482533150612596e-05,12837.0,14639.0
7802,1.675250896981447e-05,12939.0,14951.0
7803,1.6837831516449027e-05,13264.0,15036.0
7804,1.6966452071823504e-05,13443.0,15097.0
7805,1.718485232179106e-05,13600.0,15372.0
7806,1.7144737990164365e-05,13570.0,15273.0
7807,1.754906498354453e-05,13547.0,15596.0
7808,1.780757956513878e-05,13891.0,15829.0
7809,1.7905000084803606e-05,13905.0,15866.0
7810,1.8330976082553737e-05,14299.0,16167.0
7811,1.8529637534419267e-05,14648.0,16385.0
7812,1.8420755777146812e-05,14454.0,16304.0
7813,1.8524543651038098e-05,14440.0,16419.0
7814,1.8980446213652587e-05,15032.0,16748.0
7815,1.9275254714337652e-05,15343.0,17011.0
7816,1.917083010502372e-05,15095.0,17023.0
7817,1.907531979162683e-05,15012.0,17018.0
7818,1.897407885942613e-05,14815.0,16950.0
7819,1.915172804234434e-05,15221.0,17118.0
7820,1.917401378213695e-05,15120.0,17146.0
7821,1.924596488489594e-05,15137.0,17274.0
7822,1.9312822104273763e-05,15207.0,17375.0
7823,1.930390780835672e-05,15025.0,17321.0
7824,1.9325556812726683e-05,15143.0,17384.0
7825,1.9697410299551907e-05,15569.0,17815.0
7826,1.968085517856311e-05,15389.0,17900.0
7827,1.9747712397940934e-05,15458.0,18018.0
7828,1.9608267340381474e-05,15483.0,17854.0
7829,1.981584308816405e-05,15636.0,17999.0
7830,2.012083935561145e-05,15675.0,18357.0
7831,2.0322047749167565e-05,15834.0,18505.0
7832,2.040609682495683e-05,16028.0,18600.0
7833,2.0442390744047648e-05,16021.0,18602.0
7834,2.0708546150713646e-05,15957.0,18845.0
7835,2.1139616031844943e-05,16695.0,19270.0
7836,2.1160628300792257e-05,16481.0,19327.0
7837,2.1240220228623e-05,16496.0,19373.0
7838,2.1477722541269933e-05,16846.0,19559.0
7839,2.1613347186293516e-05,17294.0,19622.0
7840,2.1693575849546904e-05,17225.0,19689.0
7841,2.18502127635178e-05,17106.0,19847.0
7842,2.257036052653035e-05,17516.0,20469.0
7843,2.2587552382941792e-05,17606.0,20534.0
7844,2.266778104619518e-05,17829.0,20517.0
7845,2.3206459213753636e-05,18103.0,21026.0
7846,2.347388809126493e-05,18539.0,21240.0
7847,2.4039945881997163e-05,18868.0,21820.0
7848,2.398072948769109e-05,18705.0,21807.0
7849,2.4274264517530863e-05,19113.0,22075.0
7850,2.464739147520138e-05,19313.0,22325.0
7851,2.4720616048805665e-05,19250.0,22306.0
7852,2.5543278214864208e-05,20036.0,22912.0
7853,2.623477288385769e-05,20635.0,23751.0
7854,2.6343017905707497e-05,20876.0,23829.0
7855,2.7790954256804346e-05,21651.0,25151.0
7856,2.796287282091875e-05,21956.0,25386.0
7857,2.8292065034426696e-05,22151.0,25621.0
7858,2.8576049032926782e-05,22367.0,25884.0
7859,2.902240056420158e-05,22668.0,26282.0
7860,2.900202503067691e-05,22623.0,26239.0
7861,2.9189225244934813e-05,22966.0,26370.0
7862,2.9736817708410316e-05,23144.0,26963.0
7863,3.059131664560116e-05,23953.0,27749.0
7864,3.12961827584702e-05,24356.0,28396.0
7865,3.1339480767210127e-05,24596.0,28504.0
7866,3.1219137772330044e-05,24593.0,28319.0
7867,3.163619947416313e-05,24844.0,28596.0
7868,3.199850192964866e-05,24971.0,28956.0
7869,3.2155138843619564e-05,25034.0,29212.0
7870,3.2032885642471545e-05,24951.0,28996.0
7871,3.219143276271038e-05,25134.0,29053.0
7872,3.253463315551654e-05,25621.0,29165.0
7873,3.291985808621733e-05,25829.0,29382.0
7874,3.427992494898904e-05,26976.0,30462.0
7875,3.4098455353534946e-05,26910.0,30310.0
7876,3.511468508807786e-05,27457.0,31067.0
7877,3.58042695508034e-05,28335.0,31558.0
7878,3.686698097119946e-05,29015.0,32455.0
7879,3.712167514025783e-05,29165.0,32603.0
7880,3.68924503881053e-05,28813.0,32387.0
7881,3.812644363719312e-05,30125.0,33400.0
7882,3.850148080113157e-05,30290.0,33457.0
7883,3.8947195596983724e-05,30470.0,33753.0
7884,3.9308224581623965e-05,30915.0,34170.0
7885,3.962659229294693e-05,30966.0,34442.0
7886,4.08987896673935e-05,31863.0,35219.0
7887,4.239957505856996e-05,33494.0,36479.0
7888,4.282809799801068e-05,33579.0,36831.0
7889,4.436454057285531e-05,34667.0,38196.0
7890,4.477650839130723e-05,34965.0,38442.0
7891,4.5001275995501245e-05,35386.0,38579.0
7892,4.5598533821943124e-05,35691.0,39100.0
7893,4.577809321112928e-05,35991.0,39127.0
7894,4.633268976425389e-05,36290.0,39660.0
7895,4.672364531375849e-05,36371.0,40006.0
7896,4.740176853887641e-05,37316.0,40379.0
7897,4.822124702782172e-05,37698.0,40899.0
7898,4.839507579820406e-05,37376.0,40842.0
7899,4.9947436758614845e-05,39205.0,42361.0
7900,5.122791169355581e-05,40336.0,43526.0
7901,5.1754491888083995e-05,40931.0,44071.0
7902,5.396587401093332e-05,42244.0,45297.0
7903,5.3977971983963593e-05,42308.0,45293.0
7904,5.4405858187981655e-05,42606.0,45433.0
7905,5.637782779191611e-05,44165.0,47432.0
7906,5.6843281385870284e-05,44576.0,48156.0
7907,5.8006597003044406e-05,45469.0,48904.0
7908,5.8062629720237246e-05,45869.0,49151.0
7909,5.927115355241922e-05,46514.0,50175.0
7910,6.000403602388469e-05,47595.0,50542.0
7911,6.13793845367999e-05,48021.0,51509.0
7912,6.176588293834599e-05,48642.0,51686.0
7913,6.194671579837743e-05,48378.0,51915.0
7914,6.194544232753214e-05,48919.0,52984.0
7915,6.431791851231088e-05,50660.0,54783.0
7916,6.511893167399946e-05,50829.0,55764.0
7917,6.504570710039518e-05,51182.0,58104.0
7918,6.588110397490665e-05,51668.0,58925.0
7919,6.691134188874776e-05,52316.0,59586.0
7920,6.646371688662767e-05,52555.0,59623.0
7921,6.750286909638583e-05,52994.0,60894.0
7922,6.742709758109097e-05,53168.0,60865.0
7923,6.726409331289361e-05,52832.0,61319.0
7924,7.014659457121174e-05,54642.0,64222.0
7925,7.164483302069762e-05,56033.0,65784.0
7926,7.113289774089029e-05,55848.0,67607.0
7927,7.155186964899131e-05,55782.0,68122.0
7928,7.29864345562126e-05,57479.0,69788.0
7929,7.275720980406007e-05,57168.0,72384.0
7930,7.306602648404335e-05,57167.0,72702.0
7931,7.771037465682276e-05,61068.0,78542.0
7932,7.805102810793834e-05,60881.0,79009.0
7933,8.008030389991092e-05,62888.0,80021.0
7934,8.188417535226685e-05,64036.0,81369.0
7935,8.340215259985475e-05,65367.0,83085.0
7936,8.700352815034015e-05,68142.0,87130.0
7937,8.989685391084326e-05,70448.0,89462.0
7938,9.120407173353536e-05,72057.0,90441.0
7939,9.276534698986319e-05,73004.0,91906.0
7940,9.341481712096204e-05,73097.0,92434.0
7941,9.452082655009801e-05,74039.0,92969.0
7942,9.780065071214722e-05,76640.0,96504.0
7943,9.726515622170198e-05,76216.0,96053.0
7944,9.913652162885837e-05,77547.0,97587.0
7945,0.00010176050830558226,79748.0,100859.0
7946,0.00010345677147151103,81323.0,102129.0
7947,0.00010467038918707417,81750.0,103497.0
7948,0.00010751723326172414,84559.0,106896.0
7949,0.00010809156861295077,84724.0,108191.0
7950,0.00010998394628905447,86362.0,109040.0
7951,0.00011149300924072533,87551.0,110752.0
7952,0.0001150510867824708,90575.0,114499.0
7953,0.00011589285101120872,90874.0,115506.0
7954,0.0001167893744862942,91321.0,116013.0
7955,0.00011855949896124988,92467.0,117631.0
7956,0.00012538721289828223,98195.0,124382.0
7957,0.00012972401786192367,101996.0,128283.0
7958,0.00013095291722763032,102870.0,129465.0
7959,0.00013452181927156077,105299.0,133555.0
7960,0.00013653326647169927,107677.0,136367.0
7961,0.0001371922876341378,108061.0,137364.0
7962,0.00013987167029263188,109896.0,140758.0
7963,0.0001428471349226563,112039.0,144795.0
7964,0.00014361185416525408,112709.0,145414.0
7965,0.00014419510381239776,112698.0,145705.0
7966,0.00015465603007104776,121625.0,156606.0
7967,0.0001605522000847491,126561.0,163884.0
7968,0.0001622682020487799,126928.0,165356.0
7969,0.00016324113377458286,128341.0,165856.0
7970,0.0001674970733395483,130758.0,169215.0
7971,0.00017077753423702012,134063.0,173043.0
7972,0.00017296981429719006,135520.0,174215.0
7973,0.00017473739183045518,137444.0,175848.0
7974,0.00018241960470467836,142733.0,183904.0
7975,0.0001886818975864011,148368.0,192291.0
7976,0.00019335680905946753,152247.0,197506.0
7977,0.00019504670487116983,152800.0,200653.0
7978,0.0001973255809488196,155303.0,204464.0
7979,0.0001991523748763908,156457.0,205973.0
7980,0.00019970124081071159,156509.0,206190.0
7981,0.00020720898817912976,162831.0,215661.0
7982,0.00021310770513452169,166763.0,223539.0
7983,0.0002180137515660086,171237.0,227699.0
7984,0.00022277207537944164,174760.0,233212.0
7985,0.00022410412588361693,175772.0,235422.0
7986,0.00023121009320034553,182070.0,242748.0
7987,0.0002331171157911701,182609.0,244364.0
7988,0.00023644660531618568,186112.0,248265.0
7989,0.00023750676979489115,186743.0,249419.0
7990,0.00024643316368496446,193216.0,260294.0
7991,0.0002550481939533639,200653.0,271494.0
7992,0.00025888834528734156,203609.0,276753.0
7993,0.00026079855155527933,204409.0,278458.0
7994,0.00026361992621302347,206203.0,281076.0
7995,0.0002646991927544083,207280.0,281865.0
7996,0.0002713849146921906,214119.0,288782.0
7997,0.0002836681777304533,222369.0,303862.0
7998,0.00028533005718355914,224350.0,306013.0
7999,0.00029821821887333547,233692.0,323405.0
8000,0.0003012713652249227,237004.0,326297.0
8001,0.00030287402828372255,237285.0,327487.0
8002,0.00031728844478158113,248426.0,344646.0
8003,0.00032177742951123493,252442.0,351960.0
8004,0.00033309603838418907,261935.0,363676.0
8005,0.0003349221955763376,262177.0,364795.0
8006,0.00033769708854822857,265118.0,369767.0
8007,0.00034771038980475845,272342.0,380578.0
8008,0.0003525432116626411,277142.0,383695.0
8009,0.0003591875457979514,281190.0,394377.0
8010,0.0003595734074640748,282570.0,395371.0
8011,0.0003655001407780632,286603.0,399081.0
8012,0.0003711530778603137,290609.0,404391.0
8013,0.00037143133124001,291346.0,404717.0
8014,0.0003786117966011882,296999.0,410958.0
8015,0.00038531662060164984,302157.0,415885.0
8016,0.00040394877253911515,317227.0,435948.0
8017,0.0004369813327951408,342592.0,471758.0
8018,0.00044695770339715725,351490.0,483959.0
8019,0.00045857175750621906,359558.0,496293.0
8020,0.0004695535333405934,367680.0,510312.0
8021,0.0004744621267137709,372867.0,517611.0
8022,0.00047228321809747654,370036.0,515376.0
8023,0.0004762004144175943,372538.0,520231.0
8024,0.0004889542249331923,383814.0,532524.0
8025,0.0004922136735617168,386031.0,537975.0
8026,0.0004999863028659557,391358.0,546162.0
8027,0.0005190266022093371,405945.0,564568.0
8028,0.000523673497323807,410238.0,574951.0
8029,0.0005393836704067501,423135.0,601771.0
8030,0.0005473084794770014,428999.0,612541.0
8031,0.0005478471576445599,430149.0,613955.0
8032,0.0005543711487849901,436152.0,623964.0
8033,0.0005545532551158669,436148.0,627252.0
8034,0.000557863642578203,437243.0,631566.0
8035,0.0005570409804121444,437401.0,631407.0
8036,0.0005603379964306051,439972.0,633479.0
8037,0.0005687728305743958,446795.0,643699.0
8038,0.0005750147479225939,451952.0,650484.0
8039,0.0005870719698858173,459706.0,670750.0
8040,0.0005988961466843522,470769.0,684584.0
8041,0.0006077614139738515,476825.0,698077.0
8042,0.0006160109581096522,484811.0,708499.0
8043,0.0006196670929064851,487517.0,714874.0
8044,0.0006281955271574048,492934.0,727042.0
8045,0.0006386239799094998,501201.0,744678.0
8046,0.0006419471020802889,504121.0,752069.0
8047,0.0006432250300735393,505099.0,756610.0
8048,0.0006454236774879358,506324.0,761867.0
8049,0.0006539158178197645,512607.0,776753.0
8050,0.000660637196941215,518612.0,790362.0
8051,0.0006667721427384085,522436.0,794593.0
8052,0.0006816946741035386,534106.0,815717.0
8053,0.0006907726110242016,540987.0,827686.0
8054,0.0006986974200944529,548054.0,836961.0
8055,0.0007133200490755167,559176.0,863060.0
8056,0.0007210576579315102,566745.0,870997.0
8057,0.0007215065564044755,566476.0,878319.0
8058,0.0007165635793184752,560455.0,874022.0
8059,0.0007172206902746457,562867.0,875485.0
8060,0.0007322960381412108,575028.0,893967.0
8061,0.0007351014944133888,577949.0,898119.0
8062,0.0007511020188490584,589875.0,931963.0
8063,0.0007526913104639826,591191.0,937487.0
8064,0.000757860965360445,595305.0,943361.0
8065,0.0007623715990944688,598690.0,951057.0
8066,0.0007656023946289742,601374.0,956256.0
8067,0.0007633795512685173,597919.0,953302.0
8068,0.0007834685538529964,615770.0,981448.0
8069,0.0007829158675061398,613617.0,982043.0
8070,0.0007932430793260341,622394.0,994751.0
8071,0.0008086157826349749,634522.0,1021500.0
8072,0.0008088010726429648,635099.0,1020908.0
8073,0.0008152518392097908,638841.0,1035423.0
8074,0.0008158026153503795,640955.0,1036187.0
8075,0.0008300540275800408,651189.0,1060364.0
8076,0.000834783061564032,655762.0,1069996.0
8077,0.0008341679751457562,654730.0,1069725.0
8078,0.0008483155995015261,664764.0,1088363.0
8079,0.0008469918265578451,664391.0,1087897.0
8080,0.0008612788959711746,676116.0,1113205.0
8081,0.0008873863217705031,694829.0,1160354.0
8082,0.0008879237264672162,696498.0,1164876.0
8083,0.0008875028443528473,695263.0,1164621.0
8084,0.0008855429727219432,695086.0,1164422.0
8085,0.000888577017010851,697011.0,1170540.0
8086,0.0008950182325463373,701102.0,1184271.0
8087,0.0008927737401815103,699978.0,1186701.0
8088,0.0008869132273514772,696156.0,1184134.0
8089,0.0008881548614256367,697120.0,1187059.0
8090,0.0008947890077941847,702710.0,1193972.0
8091,0.000907402099781378,711451.0,1211619.0
8092,0.0009342965305630969,733163.0,1262004.0
8093,0.0009245442908298518,725554.0,1256093.0
8094,0.0009271701877128436,727007.0,1258633.0
8095,0.0009248543809806803,724994.0,1255563.0
8096,0.0009345015593691888,733968.0,1270519.0
8097,0.0009351357478501441,734230.0,1273071.0
8098,0.0009321348138032139,731399.0,1272279.0
8099,0.0009287403772650885,727107.0,1267774.0
8100,0.0009296458150360909,730397.0,1266263.0
8101,0.000935939944688946,734062.0,1274610.0
8102,0.0009450796449456057,741203.0,1287887.0
8103,0.0009503836510162463,745321.0,1303805.0
8104,0.0009616946190641287,754939.0,1319040.0
8105,0.0009638506052052078,757177.0,1326090.0
8106,0.0009670616619416112,758608.0,1336178.0
8107,0.0009567229888841092,751158.0,1329266.0
8108,0.0009305951875512561,730595.0,1300286.0
8109,0.0009269333221356193,727500.0,1296337.0
8110,0.0009239005513175567,724479.0,1293799.0
8111,0.000926883656772653,726994.0,1294711.0
8112,0.0009334363010071022,731584.0,1302666.0
8113,0.0009424174541435231,738855.0,1321430.0
8114,0.0009422493559919445,738938.0,1321374.0
8115,0.0009316254254650971,730327.0,1313181.0
8116,0.0009264150195015856,727585.0,1305231.0
8117,0.0009203246451839771,722616.0,1298447.0
8118,0.0009161495710176878,718744.0,1305165.0
8119,0.0009205271270483785,721675.0,1309083.0
8120,0.0009223838475408142,721164.0,1315812.0
8121,0.0009201552735615534,722150.0,1312628.0
8122,0.0009313592700584311,730518.0,1327666.0
8123,0.0009350249558866038,734033.0,1335999.0
8124,0.0009359577732807801,735294.0,1336365.0
8125,0.0009408950197479767,739915.0,1342874.0
8126,0.0009489121554545116,745376.0,1354518.0
8127,0.0009574673325931823,751528.0,1377086.0
8128,0.000952491882000627,746794.0,1376738.0
8129,0.0009535049280580567,748897.0,1387125.0
8130,0.0009474521211303845,740951.0,1382847.0
8131,0.0009385715721907416,737537.0,1374219.0
8132,0.0009312701270992607,730324.0,1365501.0
8133,0.0009280265968563023,728919.0,1367261.0
8134,0.0009246410746140939,725548.0,1363740.0
8135,0.000919806979285366,722257.0,1359423.0
8136,0.0009091639466958393,713418.0,1342481.0
8137,0.0009128525549992272,714689.0,1344872.0
8138,0.0009123342523651934,714609.0,1342651.0
8139,0.0009145258956899406,718053.0,1344936.0
8140,0.0009112524388821179,715371.0,1338217.0
8141,0.000908078312800228,713166.0,1332967.0
8142,0.0009018580444563999,706960.0,1330059.0
8143,0.0008882573758286828,697967.0,1311711.0
8144,0.0008810049593647455,689803.0,1305866.0
8145,0.0008765656399980582,687554.0,1303636.0
8146,0.0008626427832464822,676236.0,1280973.0
8147,0.0008615851657094673,676600.0,1281299.0
8148,0.000856834482721106,672622.0,1272933.0
8149,0.0008577036265730177,673085.0,1273310.0
8150,0.0008564537149383637,671658.0,1275285.0
8151,0.0008413719997175722,659690.0,1260220.0
8152,0.0008368295292124161,656162.0,1254461.0
8153,0.0008215975444318801,643514.0,1223929.0
8154,0.0008183928550497032,641274.0,1219865.0
8155,0.0008155854885712572,639201.0,1218813.0
8156,0.0008055244321580288,631934.0,1206862.0
8157,0.000796901124329135,624423.0,1194936.0
8158,0.0007956187391879261,624514.0,1195551.0
8159,0.0007744097189950127,607909.0,1165125.0
8160,0.000773522746551267,606101.0,1163183.0
8161,0.0007664441588577122,602994.0,1159484.0
8162,0.0007498922215460311,588547.0,1133395.0
8163,0.0007431797567204977,583331.0,1125892.0
8164,0.0007323355157374149,574086.0,1106664.0
8165,0.0007309951876727452,573905.0,1110488.0
8166,0.0007170054737017914,562897.0,1088427.0
8167,0.0007103222987056997,556627.0,1076179.0
8168,0.0007068584580065059,555100.0,1073793.0
8169,0.0006909540806196557,542085.0,1055471.0
8170,0.0006891559397861036,540042.0,1053131.0
8171,0.0006726574882499249,528215.0,1026014.0
8172,0.0006387939882673462,501816.0,971083.0
8173,0.0006326004628112693,496517.0,959020.0
8174,0.0006302929336396005,493833.0,956810.0
8175,0.000634043305278985,496831.0,964815.0
8176,0.0006290907771616449,492776.0,958029.0
8177,0.0006239580529196961,489891.0,947938.0
8178,0.0006167502079353441,483242.0,936555.0
8179,0.0006134130775852567,480668.0,930759.0
8180,0.0006085000270641208,476795.0,925998.0
8181,0.0005882760365700407,462406.0,901393.0
8182,0.0005734439216349263,450264.0,883253.0
8183,0.000545557457064725,428310.0,832942.0
8184,0.0005418936814428205,425636.0,824450.0
8185,0.0005346501792748003,420089.0,814513.0
8186,0.0005292175526487851,414594.0,810396.0
8187,0.0005197486601786175,406879.0,796761.0
8188,0.0005153800184438439,404613.0,788969.0
8189,0.0005107433110961361,401419.0,782744.0
8190,0.0005099040938090888,399618.0,782362.0
8191,0.0005026414895783893,394087.0,773058.0
8192,0.0004960971229044344,389288.0,764998.0
8193,0.00048288231594284075,378915.0,748002.0
8194,0.0004737617177488604,371445.0,729474.0
8195,0.0004633440894989503,364607.0,716790.0
8196,0.0004550041289331339,356417.0,704312.0
8197,0.0004426049800479497,347824.0,687253.0
8198,0.0004332952714334435,340176.0,672794.0
8199,0.00042872287436342306,336137.0,665927.0
8200,0.00042167102955761935,330790.0,655752.0
8201,0.00041557492462120717,326411.0,646733.0
8202,0.0004022964441173489,315705.0,627637.0
8203,0.00039136051323340504,306418.0,612534.0
8204,0.0003797152590886336,298780.0,589444.0
8205,0.00037553954818692157,294531.0,582389.0
8206,0.0003721342871466111,291975.0,577780.0
8207,0.0003712549555279371,291235.0,576143.0
8208,0.00036649790518534934,287748.0,571807.0
8209,0.000347407303743579,271647.0,541777.0
8210,0.0003340549619306938,262974.0,523339.0
8211,0.0003145167354868034,246949.0,488159.0
8212,0.00030692748598428653,240440.0,478419.0
8213,0.0002879960683981777,226498.0,460740.0
8214,0.00028068761921704765,220740.0,441734.0
8215,0.0002783196001802275,218465.0,436024.0
8216,0.00026944732880107905,211771.0,424656.0
8217,0.0002595059786473081,203240.0,410884.0
8218,0.00024498140692133177,192321.0,383603.0
8219,0.00023896362044190504,187562.0,371490.0
8220,0.00022973095681353903,179625.0,352701.0
8221,0.0002209198120349646,173631.0,335397.0
8222,0.00021684788900714388,169840.0,328939.0
8223,0.00021303066014838153,167256.0,324722.0
8224,0.00020670851413693008,162077.0,311230.0
8225,0.000202718093243208,159682.0,303102.0
8226,0.00019752296892983984,155103.0,294704.0
8227,0.00019554208502998836,153330.0,292474.0
8228,0.0001857236248127881,145796.0,279992.0
8229,0.00017903599266873787,140299.0,273863.0
8230,0.0001706832973944685,133806.0,264750.0
8231,0.0001639275345601952,128328.0,255266.0
8232,0.00015653821998038914,123177.0,245896.0
8233,0.0001544554584129143,121222.0,241698.0
8234,0.00015219186398540802,119541.0,238368.0
8235,0.0001475825362608741,115294.0,232066.0
8236,0.0001413081454061211,111055.0,221541.0
8237,0.0001389375794276103,109237.0,217813.0
8238,0.0001323085269424435,103784.0,207938.0
8239,0.00012736554985644312,99368.0,199885.0
8240,0.00012352412505162023,96960.0,194302.0
8241,0.00011968333698221996,93533.0,185824.0
8242,0.0001169294562792763,92011.0,179785.0
8243,0.00011370757504068789,89307.0,176150.0
8244,0.00010975153785978872,86286.0,169334.0
8245,0.00010711672668087984,84008.0,164781.0
8246,0.00010169747149874032,79661.0,157217.0
8247,9.878504367555782e-05,77134.0,152696.0
8248,9.713271525379164e-05,76312.0,150134.0
8249,9.516583953323835e-05,74835.0,146739.0
8250,9.341227017927144e-05,73429.0,145000.0
8251,9.044062596178289e-05,71138.0,140773.0
8252,8.432096181473283e-05,66033.0,129733.0
8253,8.278069882735233e-05,64434.0,127232.0
8254,8.078198633566674e-05,63242.0,124826.0
8255,7.939836026225713e-05,62638.0,122656.0
8256,7.442354640512446e-05,58655.0,112985.0
8257,6.901575246059256e-05,54100.0,104264.0
8258,6.851400494754757e-05,53677.0,103437.0
8259,6.601163473654906e-05,51519.0,98732.0
8260,6.445035948022123e-05,50283.0,95975.0
8261,6.280185147099092e-05,49238.0,93853.0
8262,6.20154832240232e-05,48266.0,92934.0
8263,5.832942186232589e-05,45850.0,88509.0
8264,5.42899723410601e-05,42155.0,83407.0
8265,5.2160729087732104e-05,40940.0,79779.0
8266,4.651224915344004e-05,36610.0,69665.0
8267,4.478223901011104e-05,35150.0,67218.0
8268,4.1913109195668475e-05,32596.0,63774.0
8269,4.1426006597344334e-05,32193.0,63006.0
8270,3.9434934930730506e-05,30819.0,59250.0
8271,3.8931913946840216e-05,30549.0,58422.0
8272,3.8514215509584487e-05,30652.0,57988.0
8273,3.6301559915889874e-05,28521.0,54403.0
8274,3.480841534978516e-05,27224.0,52391.0
8275,3.222454300468797e-05,25165.0,48401.0
8276,3.164893418261605e-05,24618.0,47727.0
8277,2.8174905716659846e-05,22118.0,42431.0
8278,2.6127801332853174e-05,20795.0,38782.0
8279,2.471361195915656e-05,19271.0,36724.0
8280,2.1193738542769847e-05,16690.0,31387.0
8281,2.0467860160953483e-05,16178.0,30208.0
8282,1.929626698328497e-05,15016.0,28670.0
8283,1.817051875604696e-05,14527.0,27518.0
8284,1.7393701540418925e-05,13642.0,26365.0
8285,1.464873513339231e-05,11299.0,21515.0
8286,1.2721337009043075e-05,10099.0,17759.0
8287,1.2046397461038387e-05,9476.0,16854.0
8288,1.131988234379938e-05,8862.0,15703.0
8289,1.1084290237420383e-05,8783.0,15399.0
8290,9.013626642975813e-06,7149.0,12509.0
8291,8.818148868223512e-06,6716.0,12169.0
8292,7.79173136691827e-06,6069.0,10732.0
8293,6.74302812582042e-06,5364.0,9221.0
8294,5.377867379667542e-06,4182.0,7094.0
8295,4.86465862901492e-07,376.0,462.0
8296,4.832821857882624e-07,371.0,456.0
8297,3.6994328055728646e-07,315.0,350.0
8298,3.5975551379495155e-07,277.0,345.0
8299,3.623024554855353e-07,275.0,347.0
8300,3.451105990740951e-07,244.0,331.0
8301,3.4574733449674104e-07,280.0,330.0
8302,3.502044824552626e-07,283.0,334.0
8303,3.5657183668172193e-07,260.0,340.0
8304,3.502044824552626e-07,259.0,328.0
8305,3.572085721043678e-07,322.0,330.0
8306,3.470208053420329e-07,260.0,317.0
8307,3.5466163041378413e-07,295.0,319.0
8308,3.5529836583643006e-07,292.0,319.0
8309,3.4956774703261665e-07,255.0,314.0
8310,3.591187783723056e-07,303.0,316.0
8311,3.610289846402434e-07,283.0,315.0
8312,3.5657183668172193e-07,270.0,304.0
8313,3.661228680214109e-07,261.0,307.0
8314,3.6675960344405684e-07,293.0,317.0
8315,3.5657183668172193e-07,294.0,313.0
8316,3.603922492175975e-07,283.0,321.0
8317,3.642126617534731e-07,308.0,326.0
8318,3.6739633886670277e-07,284.0,325.0
8319,3.74400428515808e-07,311.0,326.0
8320,3.7885757647432954e-07,271.0,331.0
8321,3.705800159799324e-07,274.0,324.0
8322,3.7376369309316207e-07,266.0,328.0
8323,3.7503716393845394e-07,309.0,331.0
8324,3.6739633886670277e-07,304.0,318.0
8325,3.7312695767051613e-07,279.0,322.0
8326,3.801310473196214e-07,320.0,326.0
8327,3.8395145985549697e-07,293.0,324.0
8328,3.896820786593104e-07,280.0,327.0
8329,3.9095554950460225e-07,309.0,328.0
8330,3.801310473196214e-07,309.0,311.0
8331,3.947759620404778e-07,306.0,318.0
8332,3.966861683084156e-07,306.0,319.0
8333,3.966861683084156e-07,328.0,315.0
8334,4.0305352253487496e-07,303.0,320.0
8335,4.0560046422545865e-07,305.0,322.0
8336,4.0114331626693715e-07,312.0,321.0
8337,4.036902579575209e-07,343.0,321.0
8338,4.087841413386883e-07,298.0,330.0
8339,4.1706170183308547e-07,342.0,333.0
8340,4.2342905605954477e-07,365.0,336.0
8341,4.2342905605954477e-07,355.0,346.0
8342,4.2979641028600406e-07,354.0,335.0
8343,4.3680049993510934e-07,374.0,340.0
8344,4.457147958521524e-07,339.0,343.0
8345,4.4698826669744425e-07,362.0,342.0
8346,4.546290917691954e-07,371.0,346.0
8347,4.5717603345977915e-07,356.0,354.0
8348,4.514454146559658e-07,348.0,352.0
8349,4.597229751503629e-07,339.0,355.0
8350,4.5717603345977915e-07,384.0,346.0
8351,4.578127688824251e-07,383.0,338.0
8352,4.6226991684094663e-07,393.0,338.0
8353,4.5908623972771695e-07,341.0,340.0
8354,4.559025626144873e-07,327.0,339.0
8355,4.5908623972771695e-07,380.0,343.0
8356,4.756413607165112e-07,366.0,346.0
8357,9.343455591906407e-06,7369.0,5993.0
8358,9.382933188110454e-06,7391.0,6003.0
8359,9.38484339437839e-06,7389.0,6003.0
8360,9.372108685925473e-06,7279.0,5979.0
8361,9.382933188110454e-06,7407.0,5983.0
8362,9.571406873213649e-06,7649.0,5996.0
8363,1.1221825088711905e-05,8622.0,7052.0
8364,1.1359996675426073e-05,8902.0,7128.0
8365,1.1564388746095417e-05,8938.0,7238.0
8366,1.2434806068852406e-05,9774.0,7824.0
8367,1.2459638750335597e-05,9805.0,7836.0
8368,1.2494659198581123e-05,9862.0,7863.0
8369,1.2523949028022836e-05,9864.0,7883.0
8370,1.2548144974083381e-05,9760.0,7900.0
8371,1.2554512328309841e-05,9782.0,7900.0
8372,1.2571067449298636e-05,9935.0,7926.0
8373,1.2585075628596846e-05,9868.0,7945.0
8374,1.2599083807895056e-05,9931.0,7956.0
8375,1.263283078529529e-05,9744.0,7967.0
8376,1.2648749170861438e-05,9946.0,7993.0
8377,1.2690136973333424e-05,9997.0,8011.0
8378,1.2700961475518405e-05,9994.0,8013.0
8379,1.2714969654816616e-05,10027.0,8018.0
8380,1.2727704363269535e-05,10089.0,8021.0
8381,1.2724520686156304e-05,9989.0,8017.0
8382,1.274553295510362e-05,10153.0,8031.0
8383,1.2752537044752726e-05,10009.0,8027.0
8384,1.2782463609617085e-05,10055.0,8066.0
8385,1.2799018730605878e-05,10080.0,8078.0
8386,1.2818757528707902e-05,10085.0,8086.0
8387,1.3001500595007285e-05,10325.0,8144.0
8388,1.3026970011913122e-05,10214.0,8148.0
8389,1.318870080926519e-05,10418.0,8498.0
8390,1.3217353903284256e-05,10439.0,8513.0
8391,1.327147641420916e-05,10470.0,8544.0
8392,1.33357866918964e-05,10379.0,8577.0
8393,1.3377174494368384e-05,10542.0,8589.0
8394,1.3389909202821304e-05,10690.0,8597.0
8395,1.3411558207191264e-05,10675.0,8612.0
8396,1.3435754153251811e-05,10582.0,8633.0
8397,1.3464407247270878e-05,10569.0,8657.0
8398,1.3482872574527609e-05,10704.0,8673.0
8399,1.3495607282980529e-05,10537.0,8688.0
8400,1.3503884843474925e-05,10483.0,8690.0
8401,1.3508978726856093e-05,10346.0,8692.0
8402,1.3533811408339284e-05,10568.0,8736.0
8403,1.3543999175101619e-05,10663.0,8738.0
8404,1.354845632306014e-05,10577.0,8742.0
8405,1.3556733883554538e-05,10604.0,8749.0
8406,1.3611493129902088e-05,10542.0,8768.0
8407,1.3637599282230572e-05,10480.0,8788.0
8408,1.3670072788785514e-05,10701.0,8819.0
8409,1.3746481039503026e-05,10753.0,8839.0
8410,1.3749664716616255e-05,10775.0,8851.0
8411,1.3764946366759757e-05,10704.0,8880.0
8412,1.37738606626768e-05,10644.0,8882.0
8413,1.3784685164861781e-05,10674.0,8900.0
8414,1.3815248465148786e-05,10841.0,8918.0
8415,1.3815248465148786e-05,10750.0,8923.0
8416,1.3870007711496336e-05,10840.0,8951.0
8417,1.3891019980443652e-05,10991.0,8973.0
8418,1.3912668984813614e-05,11006.0,8989.0
8419,1.3937501666296805e-05,10857.0,9012.0
8420,1.395087311017237e-05,10960.0,9033.0
8421,1.3997354796025523e-05,10841.0,9061.0
8422,1.3999901737716106e-05,10996.0,9075.0
8423,1.4069305898784514e-05,11075.0,9126.0
8424,1.3991624177221709e-05,11128.0,9090.0
8425,1.285505144779872e-05,10118.0,8452.0
8426,6.5004319297923194e-06,5020.0,5166.0
8427,4.938519938041848e-06,3837.0,4281.0
8428,3.8955473157478115e-06,3101.0,3399.0
8429,3.5071387079337934e-06,2793.0,2936.0
8430,3.303383372687095e-06,2590.0,2590.0
8431,3.0964443603271674e-06,2353.0,2214.0
8432,3.0455055265154926e-06,2338.0,2139.0
8433,2.9620931861488754e-06,2307.0,2055.0
8434,2.9550890964997703e-06,2287.0,2038.0
8435,2.9340768275524547e-06,2297.0,2023.0
8436,2.9799217779829616e-06,2343.0,2027.0
8437,2.9716442174885646e-06,2333.0,2023.0
8438,2.9716442174885646e-06,2336.0,2048.0
8439,2.938533975510976e-06,2227.0,2052.0
8440,2.9340768275524547e-06,2344.0,2045.0
8441,2.949995213118603e-06,2296.0,2090.0
8442,2.985015661364129e-06,2460.0,2131.0
8443,3.0486892036287225e-06,2350.0,2201.0
8444,3.0843463872968944e-06,2426.0,2250.0
8445,3.0684280017307463e-06,2383.0,2279.0
8446,3.0741586205345595e-06,2496.0,2287.0
8447,3.0932606832139375e-06,2437.0,2305.0
8448,3.1059953916668562e-06,2454.0,2326.0
8449,3.144836252448258e-06,2564.0,2408.0
8450,3.0843463872968944e-06,2412.0,2262.0
8451,3.092623947791292e-06,2385.0,2264.0
8452,3.090713741523354e-06,2387.0,2242.0
8453,3.1467464587161956e-06,2458.0,2257.0
8454,3.1715791401993873e-06,2520.0,2306.0
8455,3.2072363238675592e-06,2498.0,2349.0
8456,3.202779175909038e-06,2481.0,2367.0
8457,3.3199384936758895e-06,2716.0,2433.0
8458,3.3294895250155783e-06,2578.0,2444.0
8459,3.320575229098535e-06,2519.0,2454.0
8460,3.302746637264449e-06,2614.0,2436.0
8461,3.3390405563552675e-06,2607.0,2495.0
8462,3.3282160541702864e-06,2519.0,2500.0
8463,3.332036466706162e-06,2528.0,2511.0
8464,3.361326296147875e-06,2712.0,2536.0
8465,3.4033508340425063e-06,2605.0,2599.0
8466,3.4027140986198606e-06,2602.0,2615.0
8467,3.4396447531333244e-06,2699.0,2643.0
8468,3.40908145284632e-06,2669.0,2638.0
8469,3.4103549236916118e-06,2548.0,2672.0
8470,3.4288202509483437e-06,2729.0,2684.0
8471,3.4390080177106786e-06,2707.0,2722.0
8472,3.4415549594012624e-06,2734.0,2737.0
8473,3.454289667854181e-06,2752.0,2746.0
8474,3.509048914201731e-06,2833.0,2783.0
8475,3.5287877123037552e-06,2733.0,2806.0
8476,3.556804070900176e-06,2809.0,2869.0
8477,3.5701755147757408e-06,2863.0,2876.0
8478,3.583546958651305e-06,2748.0,2888.0
8479,3.5969184025268696e-06,2776.0,2926.0
8480,3.6376694695762094e-06,2888.0,2983.0
8481,3.7019797472634486e-06,2847.0,3062.0
8482,3.690518509655822e-06,2890.0,3135.0
8483,3.661865415636755e-06,2885.0,3126.0
8484,3.6911552450784675e-06,2895.0,3147.0
8485,3.708347101489908e-06,2764.0,3187.0
8486,3.705163424376678e-06,2928.0,3190.0
8487,3.7089838369125537e-06,2962.0,3192.0
8488,3.7599226707242285e-06,2941.0,3243.0
8489,3.8407880694002616e-06,3065.0,3452.0
8490,3.870077898841975e-06,2944.0,3481.0
8491,3.800037002350922e-06,2982.0,3521.0
8492,3.822959477566175e-06,2979.0,3557.0
8493,3.83951459855497e-06,3081.0,3545.0
8494,3.8509758361625965e-06,3122.0,3564.0
8495,3.907645288778085e-06,2971.0,3658.0
8496,3.931204499415984e-06,3042.0,3692.0
8497,3.957310651744467e-06,3129.0,3782.0
8498,4.047090346337544e-06,3065.0,3859.0
8499,4.052184229718711e-06,3154.0,3864.0
8500,4.0846577362736535e-06,3247.0,3910.0
8501,4.114584301138012e-06,3152.0,3945.0
8502,4.171890489176146e-06,3363.0,4032.0
8503,4.178257843402606e-06,3365.0,4078.0
8504,4.196086435236692e-06,3370.0,4101.0
8505,4.222192587565175e-06,3313.0,4183.0
8506,4.244478327357783e-06,3347.0,4222.0
8507,4.257849771233347e-06,3345.0,4282.0
8508,4.28713960067506e-06,3433.0,4313.0
8509,4.3355314927961505e-06,3456.0,4407.0
8510,4.3387151699093804e-06,3345.0,4433.0
8511,4.363547851392572e-06,3462.0,4459.0
8512,4.353360084630237e-06,3403.0,4470.0
8513,4.386470326607825e-06,3393.0,4514.0
8514,4.36227438054728e-06,3472.0,4514.0
8515,4.439956102110084e-06,3571.0,4666.0
8516,4.429768335347749e-06,3490.0,4681.0
8517,4.4590581647894615e-06,3521.0,4721.0
8518,4.4316785416156865e-06,3590.0,4706.0
8519,4.44059283753273e-06,3380.0,4711.0
8520,4.419580568585414e-06,3561.0,4702.0
8521,4.485801052540591e-06,3470.0,4741.0
8522,4.5762174825563135e-06,3617.0,4860.0
8523,4.611874666224485e-06,3645.0,4883.0
8524,4.660266558345576e-06,3642.0,4923.0
8525,4.688282916941997e-06,3649.0,5007.0
8526,4.678095150179662e-06,3687.0,5000.0
8527,4.639891024820906e-06,3606.0,4977.0
8528,4.657719616654992e-06,3697.0,4992.0
8529,4.702291096240207e-06,3730.0,5048.0
8530,4.7583238134330495e-06,3770.0,5085.0
8531,4.797164674214452e-06,3870.0,5153.0
8532,4.921964817053054e-06,3814.0,5374.0
8533,4.93979340888714e-06,3928.0,5476.0
8534,4.914960727403949e-06,3926.0,5485.0
8535,4.893311723033987e-06,3882.0,5463.0
8536,4.898405606415154e-06,3698.0,5486.0
8537,4.912413785713365e-06,3961.0,5499.0
8538,4.900952548105738e-06,3855.0,5510.0
8539,4.9264219650115755e-06,3862.0,5557.0
8540,4.8716627186640255e-06,3769.0,5484.0
8541,4.927695435856868e-06,3901.0,5643.0
8542,4.886944368807528e-06,3877.0,5656.0
8543,4.843009624644958e-06,3642.0,5623.0
8544,4.814356530625892e-06,3814.0,5602.0
8545,4.906683166909552e-06,3889.0,5711.0
8546,4.83027491619204e-06,3791.0,5744.0
8547,4.826454503656164e-06,3871.0,5784.0
8548,4.792070790833284e-06,3776.0,5757.0
8549,4.764691167659509e-06,3779.0,5816.0
8550,4.750682988361298e-06,3744.0,5845.0
8551,4.777425876112428e-06,3819.0,5877.0
8552,4.736674809063088e-06,3715.0,5805.0
8553,4.729670719413983e-06,3645.0,5869.0
8554,4.767238109350093e-06,3715.0,5965.0
8555,4.726487042300753e-06,3851.0,5957.0
8556,4.681915562715538e-06,3667.0,5944.0
8557,4.772968728153906e-06,3773.0,6067.0
8558,4.7201196880742934e-06,3740.0,6136.0
8559,4.7099319213119585e-06,3585.0,6265.0
8560,4.767238109350093e-06,3745.0,6292.0
8561,4.71757274638371e-06,3640.0,6528.0
8562,4.677458414757016e-06,3635.0,6583.0
8563,4.66281350003616e-06,3715.0,6578.0
8564,4.582584836782772e-06,3679.0,6631.0
8565,4.5488378593825385e-06,3640.0,6624.0
8566,4.536739886352265e-06,3569.0,6607.0
8567,4.540560298888141e-06,3609.0,6566.0
8568,4.602960370307442e-06,3632.0,6696.0
8569,4.708658450466667e-06,3786.0,6788.0
8570,4.725850306878107e-06,3764.0,6820.0
8571,4.699107419126978e-06,3735.0,6782.0
8572,4.769785051040677e-06,3780.0,6915.0
8573,4.831548387037332e-06,3794.0,6975.0
8574,4.895858664724571e-06,3880.0,7096.0
8575,4.921964817053054e-06,3819.0,7168.0
8576,4.9092301086001354e-06,3785.0,7134.0
8577,4.938519938041848e-06,3785.0,7177.0
8578,4.9786342696685425e-06,3888.0,7269.0
8579,4.96016894241181e-06,3867.0,7291.0
8580,4.9404301443097865e-06,3862.0,7319.0
8581,4.958895471566518e-06,3921.0,7401.0
8582,4.9850016238950015e-06,3816.0,7438.0
8583,4.9786342696685425e-06,3883.0,7453.0
8584,5.0365771931293215e-06,4002.0,7572.0
8585,5.057589462076638e-06,3843.0,7596.0
8586,5.014291453336714e-06,3926.0,7535.0
8587,5.051858843272824e-06,4001.0,7619.0
8588,5.001556744883795e-06,3896.0,7524.0
8589,4.9646260903703316e-06,3861.0,7519.0
8590,5.020658807563174e-06,3903.0,7564.0
8591,5.05886293292193e-06,4000.0,7634.0
8592,5.195124313368159e-06,4055.0,7833.0
8593,5.1365446544847335e-06,4022.0,7750.0
8594,5.131450771103566e-06,4064.0,7711.0
8595,5.1601038651226325e-06,4011.0,7751.0
8596,5.282993801693297e-06,4094.0,7990.0
8597,5.354308169029642e-06,4229.0,8094.0
8598,5.361312258678747e-06,4228.0,8106.0
8599,5.377867379667542e-06,4234.0,8182.0
8600,5.369589819173144e-06,4245.0,8129.0
8601,5.411614357067776e-06,4181.0,8184.0
8602,5.461916455456804e-06,4368.0,8222.0
8603,5.472104222219139e-06,4253.0,8245.0
8604,5.505214464196728e-06,4296.0,8301.0
8605,5.545965531246068e-06,4429.0,8338.0
8606,5.60199824843891e-06,4436.0,8383.0
8607,5.634471754993852e-06,4469.0,8416.0
8608,5.743990247688952e-06,4471.0,8613.0
8609,5.8133944087573586e-06,4573.0,8722.0
8610,5.794292346077981e-06,4559.0,8721.0
8611,5.831859736014091e-06,4596.0,8818.0
8612,5.817851556715881e-06,4559.0,8860.0
8613,5.783467843893e-06,4495.0,8801.0
8614,5.788561727274167e-06,4630.0,8845.0
8615,5.777737225089187e-06,4411.0,8873.0
8616,5.846504650734947e-06,4558.0,8941.0
8617,5.924823107720397e-06,4505.0,9032.0
8618,5.963027233079153e-06,4703.0,9097.0
8619,6.015876273158765e-06,4711.0,9204.0
8620,6.197345868612856e-06,4869.0,9555.0
8621,6.192251985231689e-06,4822.0,9609.0
8622,6.197345868612856e-06,4987.0,9591.0
8623,6.064904900702502e-06,4764.0,9359.0
8624,6.103745761483904e-06,4815.0,9368.0
8625,6.15277438902764e-06,4797.0,9445.0
8626,6.21708466671488e-06,4876.0,9522.0
8627,6.275664325598306e-06,4955.0,9575.0
8628,6.472415571195898e-06,4981.0,9968.0
8629,6.529721759234033e-06,5123.0,10065.0
8630,6.463501275278856e-06,5200.0,10053.0
8631,6.446309418867416e-06,4966.0,10047.0
8632,6.416382854003057e-06,5066.0,9918.0
8633,6.425933885342746e-06,5143.0,9937.0
8634,6.455860450207104e-06,5108.0,9949.0
8635,6.592758566075979e-06,5214.0,10165.0
8636,6.548187086490764e-06,5054.0,10145.0
8637,6.775501632375362e-06,5340.0,10380.0
8638,6.865918062391085e-06,5484.0,10475.0
8639,6.876742564576065e-06,5431.0,10506.0
8640,7.061395837143386e-06,5568.0,10741.0
8641,7.113608141800352e-06,5597.0,10683.0
8642,7.116791818913582e-06,5660.0,10637.0
8643,7.333918598035845e-06,5839.0,10979.0
8644,7.414147261289232e-06,5812.0,11053.0
8645,7.486098364048222e-06,5891.0,11109.0
8646,7.630637304988848e-06,5888.0,11342.0
8647,7.781543600155934e-06,5956.0,11648.0
8648,7.869413088481074e-06,6135.0,11794.0
8649,7.91207436179835e-06,6274.0,11702.0
8650,8.073168423727771e-06,6454.0,11883.0
8651,8.03114388583314e-06,6328.0,11898.0
8652,8.19542162487579e-06,6425.0,11814.0
8653,8.286474790314159e-06,6414.0,11883.0
8654,8.365429982722254e-06,6481.0,12039.0
8655,8.499781156900545e-06,6603.0,12217.0
8656,8.54307916564047e-06,6535.0,12276.0
8657,8.547536313598991e-06,6638.0,12322.0
8658,8.635405801924129e-06,6760.0,12498.0
8659,8.687618106581096e-06,6885.0,12587.0
8660,8.746197765464521e-06,6841.0,12654.0
8661,8.842981549706703e-06,7002.0,12965.0
8662,8.981789871843517e-06,6923.0,13253.0
8663,8.94995310071122e-06,7106.0,13168.0
8664,8.927667360918612e-06,6959.0,13151.0
8665,8.963324544586784e-06,7067.0,13216.0
8666,8.962051073741492e-06,7073.0,13273.0
8667,9.030181763964607e-06,7127.0,13412.0
8668,9.044826678685464e-06,6993.0,13423.0
8669,9.132059431587957e-06,7225.0,13666.0
8670,9.159439054761731e-06,7400.0,13656.0
8671,9.169626821524066e-06,7184.0,13693.0
8672,9.152434965112627e-06,7252.0,13694.0
8673,9.419227107201273e-06,7403.0,14253.0
8674,9.591782406738319e-06,7582.0,14589.0
8675,9.57459055032688e-06,7442.0,14559.0
8676,9.678378424218166e-06,7534.0,14756.0
8677,9.84838678206463e-06,7615.0,15030.0
8678,9.88277049488751e-06,7703.0,15050.0
8679,9.878950082351634e-06,7901.0,15082.0
8680,9.965546099831482e-06,7816.0,15345.0
8681,9.947717507997395e-06,7874.0,15302.0
8682,9.964909364408835e-06,7734.0,15280.0
8683,9.832468396498481e-06,7749.0,15063.0
8684,1.0026035964982845e-05,7876.0,15341.0
8685,1.0404893541457175e-05,8250.0,16037.0
8686,1.0483211998442624e-05,8201.0,16109.0
8687,1.043227316463095e-05,8275.0,16057.0
8688,1.0516958975842858e-05,8235.0,16209.0
8689,1.0579995782684806e-05,8279.0,16359.0
8690,1.0643669324949399e-05,8391.0,16368.0
8691,1.065131015002115e-05,8268.0,16354.0
8692,1.081877156617703e-05,8439.0,16550.0
8693,1.0913645144151274e-05,8547.0,16718.0
8694,1.0976681950993222e-05,8514.0,16779.0
8695,1.1007881986702873e-05,8607.0,17012.0
8696,1.0942298238170342e-05,8582.0,17084.0
8697,1.0600371316209476e-05,8164.0,17169.0
8698,1.0905367583656877e-05,8508.0,17184.0
8699,1.1011702399238748e-05,8467.0,17136.0
8700,1.0991326865714078e-05,8568.0,17087.0
8701,1.1125041304469723e-05,8743.0,17376.0
8702,1.119444546553813e-05,8808.0,17674.0
8703,1.1295686397738833e-05,8761.0,17891.0
8704,1.1329433375139068e-05,8751.0,17808.0
8705,1.1339621141901403e-05,9021.0,17452.0
8706,1.1357449733735489e-05,8824.0,17818.0
8707,1.1468241697275881e-05,8991.0,18087.0
8708,1.1461237607626775e-05,8985.0,18109.0
8709,1.1650348028152618e-05,9192.0,18346.0
8710,1.1596225517227714e-05,8807.0,18253.0
8711,1.1436404926143584e-05,9092.0,17921.0
8712,1.154656015426133e-05,9011.0,18044.0
8713,1.1550380566797207e-05,9063.0,18099.0
8714,1.1722299130911607e-05,9142.0,18312.0
8715,1.1843278861214334e-05,9300.0,18583.0
8716,1.2017107631596675e-05,9431.0,18777.0
8717,1.2027932133781656e-05,9641.0,18834.0
8718,1.2048307667306326e-05,9452.0,18877.0
8719,1.2173107810144928e-05,9592.0,19071.0
8720,1.2091605676046248e-05,9548.0,19161.0
8721,1.2078234232170684e-05,9557.0,19188.0
8722,1.2351393728485788e-05,9759.0,19631.0
8723,1.230109163009676e-05,9797.0,19813.0
8724,1.2270528329809754e-05,9660.0,19914.0
8725,1.2429075450048592e-05,9692.0,20162.0
8726,1.2252699737975669e-05,9565.0,20058.0
8727,1.2171834339299636e-05,9738.0,20421.0
8728,1.213681389105411e-05,9620.0,20241.0
8729,1.203175254631753e-05,9318.0,20282.0
8730,1.1968715739475583e-05,9507.0,20279.0
8731,1.1818446179731143e-05,9291.0,19997.0
8732,1.1738854251900402e-05,9169.0,20301.0
8733,1.170319706823223e-05,9166.0,20482.0
8734,1.1687915418088727e-05,9211.0,20409.0
8735,1.1595588781805068e-05,9191.0,20397.0
8736,1.1459964136781484e-05,8929.0,20367.0
8737,1.1455506988822963e-05,8767.0,20276.0
8738,1.1291229249780311e-05,8996.0,20017.0
8739,1.1090020856224197e-05,8523.0,19815.0
8740,1.1405841625856579e-05,9018.0,20216.0
8741,1.1237743474278054e-05,8792.0,20020.0
8742,1.1193808730115485e-05,8832.0,20148.0
8743,1.1239016945123346e-05,8832.0,20317.0
8744,1.1141596425458518e-05,8759.0,20267.0
8745,1.1065824910163652e-05,8695.0,20412.0
8746,1.104417590579369e-05,8640.0,20221.0
8747,1.0962673771695012e-05,8726.0,20711.0
8748,1.0907277789924816e-05,8456.0,20899.0
8749,1.0858249162381077e-05,8455.0,20801.0
8750,1.0705432660946055e-05,8335.0,20725.0
8751,1.058572640148862e-05,8299.0,20856.0
8752,1.0702248983832824e-05,8442.0,20779.0
8753,1.0529693684295778e-05,8137.0,20524.0
8754,1.0485758940133207e-05,8142.0,20922.0
8755,1.0950575798664738e-05,8518.0,21609.0
8756,1.083277974547524e-05,8375.0,21799.0
8757,1.0781204176240921e-05,8645.0,21967.0
8758,1.092064923380038e-05,8587.0,22107.0
8759,1.0843604247660221e-05,8451.0,22105.0
8760,1.0695881629606366e-05,8272.0,21975.0
8761,1.0822591978712905e-05,8554.0,22188.0
8762,1.0721987781934848e-05,8396.0,22102.0
8763,1.0669775477277882e-05,8273.0,22136.0
8764,1.1867474807274881e-05,9305.0,23154.0
8765,1.1657352117801722e-05,8986.0,23720.0
8766,1.160450307772211e-05,9067.0,24219.0
8767,1.1603866342299464e-05,9151.0,24100.0
8768,1.1427490630226541e-05,9049.0,24376.0
8769,1.1330706845984359e-05,8944.0,24541.0
8770,1.1286135366399144e-05,9090.0,24619.0
8771,1.1126314775315015e-05,8760.0,24274.0
8772,1.1057547349669255e-05,8667.0,24211.0
8773,1.0973498273879991e-05,8726.0,24144.0
8774,1.0927653323449485e-05,8463.0,24093.0
8775,1.0679326508617571e-05,8288.0,23737.0
8776,1.0229154564806896e-05,7851.0,22990.0
8777,1.0054689059001912e-05,7807.0,22808.0
8778,9.917154207710391e-06,7729.0,22543.0
8779,9.719129491267506e-06,7503.0,22222.0
8780,9.57459055032688e-06,7467.0,21943.0
8781,9.450427142910922e-06,7391.0,21805.0
8782,9.382296452687808e-06,7355.0,21797.0
8783,9.13460637327854e-06,7100.0,21465.0
8784,8.965871486277369e-06,7127.0,21177.0
8785,8.860173406118144e-06,6855.0,21037.0
8786,8.726458967362497e-06,6905.0,20740.0
8787,8.598475147410666e-06,6613.0,20558.0
8788,8.508058717394943e-06,6554.0,20317.0
8789,8.406181049771594e-06,6545.0,20197.0
8790,8.296025821653848e-06,6504.0,20027.0
8791,8.229168602276024e-06,6511.0,19930.0
8792,8.042605123440766e-06,6264.0,19617.0
8793,7.914621303488935e-06,6139.0,19208.0
8794,7.756074183250097e-06,6167.0,18911.0
8795,7.63191077583414e-06,5938.0,18835.0
8796,7.5695107044148395e-06,5926.0,18706.0
8797,7.4733636555953035e-06,5811.0,18600.0
8798,7.231404194989849e-06,5533.0,18351.0
8799,7.1365306170156055e-06,5671.0,18240.0
8800,6.898391568946027e-06,5449.0,17906.0
8801,6.867828268659022e-06,5306.0,17856.0
8802,6.775501632375362e-06,5352.0,17767.0
8803,6.602946332838314e-06,5209.0,17526.0
8804,6.532905436347262e-06,5123.0,17427.0
8805,6.347615428357296e-06,5069.0,17203.0
8806,6.1470437702238275e-06,4843.0,16813.0
8807,5.905084309618373e-06,4571.0,16503.0
8808,5.822945440097048e-06,4565.0,16375.0
8809,5.722341243318991e-06,4549.0,16219.0
8810,5.384234733894001e-06,4330.0,15643.0
8811,5.379140850512833e-06,4220.0,15417.0
8812,5.352397962761704e-06,4127.0,15322.0
8813,5.072234376797494e-06,3958.0,14848.0
8814,5.072234376797494e-06,3957.0,14685.0
8815,5.0435812827784275e-06,3903.0,14476.0
8816,4.836642270418499e-06,3829.0,14165.0
8817,4.8340953287279156e-06,3788.0,13996.0
8818,4.7997116159050355e-06,3749.0,13467.0
8819,4.620152226718882e-06,3575.0,13300.0
8820,4.6169685496056524e-06,3595.0,13114.0
8821,4.6004134286168586e-06,3648.0,12986.0
8822,4.55011133022783e-06,3514.0,12899.0
8823,4.547564388537246e-06,3505.0,12474.0
8824,4.52973579670316e-06,3647.0,12216.0
8825,4.32152331349794e-06,3279.0,11914.0
8826,4.317702900962064e-06,3362.0,11736.0
8827,4.305604927931792e-06,3328.0,11563.0
8828,4.148968013960893e-06,3201.0,11353.0
8829,4.141963924311787e-06,3333.0,11196.0
8830,4.112674094870075e-06,3261.0,11072.0
8831,3.7471879622713098e-06,2964.0,10606.0
8832,3.7452777560033718e-06,3006.0,10472.0
8833,3.724265487056056e-06,2983.0,10262.0
8834,3.5026815599752717e-06,2727.0,9912.0
8835,3.4982244120167504e-06,2770.0,9769.0
8836,3.4695713179976835e-06,2634.0,9451.0
8837,3.3447711751590807e-06,2694.0,9357.0
8838,3.342224233468497e-06,2645.0,8782.0
8839,3.302746637264449e-06,2543.0,8482.0
8840,3.201505705063746e-06,2568.0,8372.0
8841,3.199595498795808e-06,2425.0,8210.0
8842,3.175399552735263e-06,2424.0,7891.0
8843,2.9003298501522204e-06,2215.0,7599.0
8844,2.893962495925761e-06,2311.0,7531.0
8845,2.864672666484048e-06,2329.0,7086.0
8846,2.323447557235006e-06,1832.0,6277.0
8847,2.3189904092764842e-06,1756.0,5853.0
8848,2.304345494555628e-06,1847.0,5548.0
8849,2.067479917331341e-06,1579.0,5282.0
8850,2.0655697110634035e-06,1583.0,5177.0
8851,2.0458309129613793e-06,1623.0,4951.0
8852,1.8267939275711788e-06,1451.0,4695.0
8853,1.8280673984164707e-06,1408.0,6972.0
8854,1.815969425386198e-06,1381.0,8995.0
8855,3.0690647371533923e-07,261.0,9575.0
8856,3.0754320913798517e-07,229.0,10123.0
8857,3.164575050550282e-07,250.0,13406.0
8858,2.0184512897876045e-07,158.0,14456.0
8859,1.9993492271082264e-07,148.0,13915.0
8860,1.87200214257904e-07,151.0,13457.0
8861,6.714375031801353e-06,5281.0,21872.0
8862,9.245398336818932e-06,7165.0,26061.0
8863,1.2835949385119343e-05,9882.0,30770.0
8864,1.3519166493618428e-05,10768.0,31618.0
8865,1.5825422194441993e-05,12388.0,33930.0
8866,1.683401110391315e-05,13153.0,35337.0
8867,1.855128653878923e-05,14638.0,37647.0
8868,2.1091224139723853e-05,16560.0,40954.0
8869,2.5159963490431357e-05,19737.0,47733.0
8870,2.7822154292514e-05,21705.0,51671.0
8871,2.912873537978345e-05,22938.0,54191.0
8872,3.560624483436052e-05,27993.0,62084.0
8873,3.721018136400562e-05,29222.0,64432.0
8874,4.0896879461125564e-05,31961.0,69126.0
8875,4.603597105730088e-05,35955.0,78384.0
8876,4.7653915766244194e-05,37151.0,81198.0
8877,4.864849649641714e-05,38255.0,82515.0
8878,5.023078402169228e-05,39221.0,84069.0
8879,5.351315512543206e-05,41972.0,86564.0
8880,5.897061443293034e-05,46634.0,92055.0
8881,6.111195565928862e-05,47948.0,95178.0
8882,6.61147858750177e-05,51810.0,104227.0
8883,6.795558798188709e-05,53291.0,106222.0
8884,7.01294027148003e-05,55085.0,108471.0
8885,7.201350283040961e-05,56276.0,110005.0
8886,7.844325712828823e-05,61328.0,117118.0
8887,8.82629908163338e-05,69317.0,133359.0
8888,9.147595775900518e-05,72098.0,138212.0
8889,9.410249137741964e-05,73680.0,142574.0
8890,9.809736941910022e-05,76707.0,146657.0
8891,0.00010441123787005728,81796.0,156937.0
8892,0.00010776046619317488,84806.0,163843.0
8893,0.00011013357911337627,86455.0,168239.0
8894,0.00011208708339005399,88021.0,171387.0
8895,0.00011333444808301737,89139.0,172859.0
8896,0.00011681802758031327,91185.0,177653.0
8897,0.00012490775112502982,98352.0,190541.0
8898,0.00012806850576304425,100936.0,196339.0
8899,0.00013182015087327407,103089.0,203101.0
8900,0.00013339543430890012,104569.0,205487.0
8901,0.00013553613879983573,106213.0,208268.0
8902,0.00014023970336692122,110179.0,214458.0
8903,0.00015063249893534813,118111.0,231501.0
8904,0.0001578435275968133,124094.0,244264.0
8905,0.00016113927014442864,126703.0,249043.0
8906,0.00016316472552386536,127472.0,252168.0
8907,0.00016774667362522548,130932.0,261529.0
8908,0.0001687119645259567,131736.0,262882.0
8909,0.00017294689182197482,135519.0,266975.0
8910,0.0001781343753102712,140223.0,276370.0
8911,0.00018211460843723095,142971.0,282468.0
8912,0.00018714290806986586,147342.0,287357.0
8913,0.00019131225161735143,150581.0,292156.0
8914,0.00020384002105791014,159615.0,311919.0
8915,0.0002118864465938868,166220.0,324784.0
8916,0.00021911785078887664,171960.0,336191.0
8917,0.00022241868721987315,174184.0,342651.0
8918,0.00022439320376549819,175714.0,346447.0
8919,0.00022886627010958586,179988.0,351214.0
8920,0.0002402644709103707,187939.0,371260.0
8921,0.00024386266278374284,191379.0,377141.0
8922,0.0002549660550838426,200443.0,398053.0
8923,0.0002569825961673623,202002.0,400559.0
8924,0.0002628418355265501,206279.0,411826.0
8925,0.00026548938141391195,207409.0,415842.0
8926,0.0002726851284252336,213815.0,427996.0
8927,0.0002750595148162803,216101.0,433242.0
8928,0.00028019096558738385,219339.0,440531.0
8929,0.0002835019897851427,221696.0,444952.0
8930,0.0002912179496367661,227916.0,456793.0
8931,0.00029636595552885844,232585.0,464849.0
8932,0.0003064913222197741,240162.0,476447.0
8933,0.00031622254968407187,247902.0,492743.0
8934,0.0003209324816053838,251732.0,500219.0
8935,0.0003266452718173631,256263.0,511687.0
8936,0.0003280855673433882,257207.0,514227.0
8937,0.00033161881220365047,261149.0,518536.0
8938,0.000333362193790855,261813.0,521344.0
8939,0.0003361402704398592,263769.0,524228.0
8940,0.00034654452724589376,270479.0,542467.0
8941,0.00035956958705153896,281593.0,563015.0
8942,0.00036319324834181694,284386.0,569438.0
8943,0.00036679844430483825,287481.0,576688.0
8944,0.00036982357429782905,290168.0,581675.0
8945,0.0003697866436433156,289759.0,582960.0
8946,0.0003697783660828212,290066.0,590595.0
8947,0.0003765016554105396,295879.0,601448.0
8948,0.00037641123898052384,295382.0,604339.0
8949,0.0003766054432844309,295222.0,613227.0
8950,0.0003824175642223429,299999.0,622520.0
8951,0.0003806760928414063,298372.0,637175.0
8952,0.0003777522037806162,296752.0,642242.0
8953,0.0003845480809465162,301285.0,654386.0
8954,0.0003810167462925219,298883.0,658834.0
8955,0.00038030933323796224,297362.0,667538.0
8956,0.00040775836057280575,320687.0,718124.0
8957,0.0004066472572602886,319995.0,724423.0
8958,0.00040531011287273214,318129.0,751608.0
8959,0.0004282727024196124,335415.0,796213.0
8960,0.00042445420009000473,333709.0,806421.0
8961,0.0004218314868841261,330179.0,805733.0
8962,0.00042238735690809605,331233.0,806685.0
8963,0.0004159932597938856,326678.0,809296.0
8964,0.00041474716857176747,326895.0,839928.0
8965,0.00041725463266614716,328494.0,848076.0
8966,0.00041213527986807386,323029.0,845133.0
8967,0.00041067906595648263,321042.0,852229.0
8968,0.0004173163960021438,327639.0,862065.0
8969,0.0004158232514360391,326009.0,881561.0
8970,0.00042105275946223013,330541.0,895530.0
8971,0.00041977228452728916,329166.0,898114.0
8972,0.000428070220555211,335829.0,911906.0
8973,0.0004295226140542663,336665.0,916413.0
8974,0.0004375594885589033,343598.0,930978.0
8975,0.00043651078531780545,342453.0,930450.0
8976,0.0004506615933506886,354273.0,951924.0
8977,0.0004582190060820732,358856.0,975081.0
8978,0.00045478318174147576,356026.0,968334.0
8979,0.0004584520512467616,358627.0,974690.0
8980,0.0004775490200427584,374442.0,1011208.0
8981,0.0004850459429089916,380543.0,1031256.0
8982,0.0004851707430518302,380718.0,1028770.0
8983,0.0004862754790101209,381275.0,1030783.0
8984,0.0004955393426741966,389193.0,1050219.0
8985,0.0005026338487533176,394163.0,1064118.0
8986,0.0005053546192142836,396235.0,1071949.0
8987,0.0005040792381627238,395115.0,1072171.0
8988,0.0004984001949281448,390049.0,1063812.0
8989,0.0005105949517426596,400871.0,1078930.0
8990,0.0005145917399906082,403444.0,1085489.0
8991,0.0005286266621765698,415382.0,1121571.0
8992,0.0005337078108492843,419384.0,1135809.0
8993,0.0005320236456563858,417707.0,1135808.0
8994,0.0005266215823306578,413589.0,1129383.0
8995,0.0005247088291210294,411263.0,1124145.0
8996,0.000527157076821103,414769.0,1129038.0
8997,0.0005323337358072144,418737.0,1141436.0
8998,0.0005376593908822249,421479.0,1154591.0
8999,0.0005405807330013245,422957.0,1161045.0
9000,0.0005382993099819841,423684.0,1161249.0
9001,0.0005436491610030553,425854.0,1174702.0
9002,0.0005497751925043318,430869.0,1188548.0
9003,0.0005530155390701769,432932.0,1197525.0
9004,0.0005605462089138104,439497.0,1226057.0
9005,0.0005535077355518822,433940.0,1217963.0
9006,0.0005507443038175988,431695.0,1213537.0
9007,0.0005470149444471616,428219.0,1207459.0
9008,0.0005487978036305702,432160.0,1211410.0
9009,0.0005607302254509551,439176.0,1234446.0
9010,0.0005673981187969032,445042.0,1254554.0
9011,0.0005616394836344934,440925.0,1250273.0
9012,0.0005611275483546861,441966.0,1251787.0
9013,0.000555108488404414,435593.0,1237564.0
9014,0.0005547735655721023,435411.0,1237075.0
9015,0.0005594580280765084,438255.0,1249321.0
9016,0.0005622673047612223,441504.0,1259246.0
9017,0.000558672933300386,438672.0,1253093.0
9018,0.0005576637076554922,437782.0,1250334.0
9019,0.000555448505120107,435084.0,1247726.0
9020,0.0005643729888039124,443245.0,1272288.0
9021,0.0005593045748396508,437713.0,1265245.0
9022,0.0005613249363357063,440063.0,1270653.0
9023,0.0005555777624109042,436236.0,1269302.0
9024,0.0005496032739402174,431631.0,1262461.0
9025,0.000554925108602692,436313.0,1271991.0
9026,0.0005580317407297815,437595.0,1282089.0
9027,0.000561009115566074,440512.0,1288327.0
9028,0.0005637610860627497,441596.0,1299533.0
9029,0.0005659883865711652,443414.0,1306225.0
9030,0.0005685703487099944,445997.0,1316753.0
9031,0.0005600151715713236,439178.0,1303572.0
9032,0.0005511804675821113,432584.0,1290813.0
9033,0.0005495230452769639,432122.0,1287853.0
9034,0.0005503616258285887,431887.0,1289387.0
9035,0.0005484425052647338,430594.0,1284388.0
9036,0.0005572600173975347,436968.0,1298478.0
9037,0.0005592033339074501,439271.0,1293714.0
9038,0.000555446594913839,435491.0,1285591.0
9039,0.0005640004985816645,443479.0,1294943.0
9040,0.0005668919141358997,444497.0,1289984.0
9041,0.0005638712412908674,442840.0,1285909.0
9042,0.0005715432663983282,449393.0,1283626.0
9043,0.0005761411328852545,452884.0,1288711.0
9044,0.0005714534867037351,448932.0,1281109.0
9045,0.0005744340452171408,450506.0,1278268.0
9046,0.0005786676990423136,453712.0,1279241.0
9047,0.0005512269492679645,432357.0,1232819.0
9048,0.0005542769119424385,435126.0,1230851.0
9049,0.0005608734909210504,440598.0,1214675.0
9050,0.0005415434769603651,424651.0,1181619.0
9051,0.0005441012431531339,425887.0,1172402.0
9052,0.00054677871560536,429468.0,1173678.0
9053,0.0005473613285170811,430089.0,1178874.0
9054,0.0005515357659479478,432993.0,1180572.0
9055,0.0005562304162191163,435330.0,1158569.0
9056,0.0005532587720016276,434727.0,1152127.0
9057,0.0005555631174961833,434737.0,1151490.0
9058,0.0005567589066199124,437664.0,1143969.0
9059,0.0005513301004064331,432130.0,1137602.0
9060,0.0005544717529817681,434902.0,1125009.0
9061,0.0005487252157923886,431022.0,1116384.0
9062,0.0005467545196592994,428866.0,1113743.0
9063,0.0005376632112947608,421152.0,1099863.0
9064,0.0005362108177957055,420562.0,1099029.0
9065,0.0005284630211729497,415383.0,1087334.0
9066,0.0005287113479877817,414540.0,1088711.0
9067,0.0005139027922633052,403959.0,1069165.0
9068,0.0005009948917754269,392535.0,1041671.0
9069,0.0004973833284581792,390525.0,1039127.0
9070,0.0004911885295312569,384721.0,1029508.0
9071,0.0004742793836474715,372563.0,1000959.0
9072,0.00046452332350169055,364779.0,983182.0
9073,0.00045898499879551625,359667.0,976778.0
9074,0.000455676521539448,356672.0,970203.0
9075,0.00044766065930375835,351409.0,956951.0
9076,0.0004408087494206655,345279.0,946195.0
9077,0.00043693485110928764,342737.0,938910.0
9078,0.0004350411999623386,341424.0,935501.0
9079,0.0004338040230361376,340206.0,933662.0
9080,0.00041948639032252116,329168.0,913905.0
9081,0.00041295030120906066,324343.0,903777.0
9082,0.0003995120001141183,314041.0,871969.0
9083,0.0003926460820517272,307008.0,855419.0
9084,0.0003899533279493575,305492.0,850530.0
9085,0.00038472445665858917,302424.0,840816.0
9086,0.00038094161151264964,298929.0,834818.0
9087,0.0003766181779928838,294502.0,827921.0
9088,0.0003702285380266319,290257.0,814648.0
9089,0.00036086024975324224,283845.0,794244.0
9090,0.00035738494781644076,279936.0,787037.0
9091,0.00035583322359145265,279427.0,783955.0
9092,0.0003464006250403758,271751.0,763648.0
9093,0.0003366636669572742,264434.0,744679.0
9094,0.00032942907908517114,258788.0,732783.0
9095,0.0003181677764002552,250172.0,701205.0
9096,0.00031328783612109677,246437.0,690536.0
9097,0.0003087307207012198,242770.0,683914.0
9098,0.0003058195663488826,240201.0,679294.0
9099,0.00030153370021905287,236305.0,670582.0
9100,0.0002884748934360074,227018.0,645388.0
9101,0.0002776548483989851,217674.0,620808.0
9102,0.00027336516185661944,213885.0,608425.0
9103,0.0002709646693132443,212421.0,602461.0
9104,0.00026657756225121384,209828.0,596966.0
9105,0.0002660688106485197,209316.0,596846.0
9106,0.0002557740723351803,200831.0,573728.0
9107,0.00025135958564997604,196854.0,561667.0
9108,0.00024788364697775193,194669.0,555132.0
9109,0.00024669868235620783,193418.0,552778.0
9110,0.000244421716484826,191576.0,549439.0
9111,0.00023234539245892323,182217.0,521515.0
9112,0.00022995827135942362,180615.0,516841.0
9113,0.00022313819824746305,175088.0,504478.0
9114,0.00021898923023350216,171670.0,493924.0
9115,0.00021553876097818385,169473.0,485456.0
9116,0.00020563434147892638,161576.0,468429.0
9117,0.00018685828733594313,146341.0,446465.0
9118,0.0001874816513147135,146790.0,438829.0
9119,0.00018746318598745676,147690.0,423768.0
9120,0.00018363958977446796,143731.0,415209.0
9121,0.00017842536339842042,139891.0,402045.0
9122,0.0001768532636399076,139150.0,397424.0
9123,0.00017297554491599388,135739.0,390197.0
9124,0.00017125444906858193,134021.0,386627.0
9125,0.0001672614812331693,131423.0,378460.0
9126,0.0001662178718754526,130272.0,376493.0
9127,0.0001576257640822684,123362.0,359121.0
9128,0.00015558566378811084,121837.0,354376.0
9129,0.00015284133411650686,119952.0,350599.0
9130,0.00014475097383636766,113461.0,335589.0
9131,0.00014178187656056968,110741.0,330912.0
9132,0.00013723749584914567,107415.0,323026.0
9133,0.00012971574030142926,101516.0,307489.0
9134,0.00012493767768989418,97816.0,293485.0
9135,0.00012055884818835811,93877.0,286033.0
9136,0.00011748978345120472,92052.0,279439.0
9137,0.0001131892724066541,88543.0,268608.0
9138,0.00011112879657897186,87216.0,264003.0
9139,0.00010816415645113241,84401.0,258334.0
9140,0.00010135299763508887,79590.0,245288.0
9141,9.541926023145143e-05,74947.0,231294.0
9142,9.315375559767721e-05,72639.0,225543.0
9143,9.045145046396786e-05,71257.0,221166.0
9144,8.80840681625703e-05,68964.0,213549.0
9145,8.405480640806683e-05,65854.0,201862.0
9146,7.925191111504856e-05,62407.0,191782.0
9147,7.612872386697027e-05,59446.0,186173.0
9148,7.386067229150547e-05,57804.0,180644.0
9149,7.249487480992994e-05,56816.0,178385.0
9150,7.029113351215237e-05,55001.0,173920.0
9151,6.711318701772652e-05,52987.0,165598.0
9152,6.422877555314045e-05,50065.0,157334.0
9153,6.196772806732474e-05,48595.0,151703.0
9154,6.0587285671028365e-05,47342.0,148922.0
9155,5.571498621694169e-05,43918.0,136581.0
9156,5.3667245097712376e-05,41867.0,131568.0
9157,5.22938067910651e-05,41513.0,128586.0
9158,5.0966213434848333e-05,39626.0,124962.0
9159,5.0130816560336874e-05,39554.0,122737.0
9160,4.724958877286403e-05,37048.0,115888.0
9161,4.6197065119230305e-05,36272.0,113759.0
9162,4.168579464978387e-05,32480.0,101911.0
9163,3.985963745763534e-05,31192.0,97861.0
9164,3.8993677282836874e-05,30454.0,96454.0
9165,3.785010046376478e-05,29705.0,94020.0
9166,3.433659440160453e-05,26850.0,84227.0
9167,3.2463955523602845e-05,25686.0,78967.0
9168,3.249069841135397e-05,25422.0,76603.0
9169,3.1899807939138546e-05,24843.0,74717.0
9170,3.072694129062474e-05,24425.0,72598.0
9171,2.979094021933522e-05,23408.0,71046.0
9172,2.847608157157137e-05,22073.0,67277.0
9173,2.6225221852518e-05,20595.0,60277.0
9174,2.5843817334353088e-05,20323.0,59466.0
9175,2.529113098749642e-05,19806.0,58178.0
9176,2.4910999940176796e-05,19630.0,57242.0
9177,2.406732550517094e-05,18943.0,55459.0
9178,2.2763291359592067e-05,18165.0,52492.0
9179,2.1896694449370955e-05,17315.0,50038.0
9180,2.1351012192163392e-05,16946.0,47902.0
9181,2.0854358562499564e-05,16472.0,46836.0
9182,2.0443027479470292e-05,15901.0,46117.0
9183,1.9349116023364582e-05,15280.0,43808.0
9184,1.9035205460000135e-05,14823.0,43082.0
9185,1.7955302183192636e-05,14123.0,40934.0
9186,1.742872198866445e-05,13770.0,39218.0
9187,1.6702843606848088e-05,13033.0,37757.0
9188,1.6115136811745893e-05,12565.0,36417.0
9189,1.582096504648347e-05,12234.0,35815.0
9190,1.5214156188701899e-05,11749.0,34386.0
9191,1.4695216819245464e-05,11505.0,33543.0
9192,1.4463445125402344e-05,11425.0,33131.0
9193,1.3410284736345974e-05,10572.0,30122.0
9194,1.2624553224800893e-05,10013.0,28486.0
9195,1.1943883057992391e-05,9430.0,27231.0
9196,1.0755734759335083e-05,8431.0,24710.0
9197,1.0534150832254299e-05,8167.0,24328.0
9198,9.575227285749526e-06,7418.0,23184.0
9199,9.408402605016291e-06,7166.0,22670.0
9200,9.191275825894028e-06,7187.0,22198.0
9201,8.599111882833312e-06,6782.0,20834.0
9202,8.289658467427388e-06,6474.0,19715.0
9203,7.963013195610025e-06,6257.0,18702.0
9204,7.133346939902376e-06,5643.0,16529.0
9205,6.809248609775596e-06,5286.0,15725.0
9206,6.0502599859816455e-06,4805.0,13721.0
9207,9.924158297359496e-06,7819.0,21179.0
9208,5.416071505026298e-06,4235.0,9809.0
9209,5.416071505026298e-06,4178.0,9795.0
9210,5.4186184467168816e-06,4221.0,9782.0
9211,5.437720509396259e-06,4310.0,9784.0
9212,5.460006249188867e-06,4279.0,9799.0
9213,5.488022607785288e-06,4313.0,9862.0
9214,5.485475666094704e-06,4390.0,9873.0
9215,5.489296078630579e-06,4211.0,9900.0
9216,5.5109450830005415e-06,4415.0,9952.0
9217,5.542781854132838e-06,4366.0,10045.0
9218,5.551696150049881e-06,4374.0,10105.0
9219,5.55487982716311e-06,4410.0,10103.0
9220,5.561883916812216e-06,4201.0,10119.0
9221,5.560610445966924e-06,4368.0,10114.0
9222,5.587990069140699e-06,4382.0,10160.0
9223,5.587990069140699e-06,4431.0,10190.0
9224,5.6102758089333064e-06,4489.0,10198.0
9225,5.651026875982646e-06,4499.0,10266.0
9226,5.654847288518522e-06,4497.0,10258.0
9227,5.678406499156421e-06,4508.0,10276.0
9228,5.698782032681091e-06,4495.0,10283.0
9229,5.707696328598135e-06,4379.0,10319.0
9230,5.722977978741636e-06,4457.0,10330.0
9231,5.72870859754545e-06,4459.0,10353.0
9232,5.7618188395230385e-06,4439.0,10395.0
9233,5.774553547975957e-06,4633.0,10393.0
9234,5.804480112840316e-06,4511.0,10482.0
9235,5.835680148549967e-06,4557.0,10502.0
9236,5.884708776093703e-06,4714.0,10623.0
9237,6.0126925960455355e-06,4725.0,10831.0
9238,6.019696685694641e-06,4842.0,10851.0
9239,6.073182461196899e-06,4774.0,10935.0
9240,6.092921259298923e-06,4714.0,10966.0
9241,6.119027411627406e-06,4815.0,10982.0
9242,6.154684595295579e-06,4823.0,11017.0
9243,6.206260164529899e-06,4956.0,11089.0
9244,6.254015321228344e-06,5009.0,11136.0
9245,6.30622762588531e-06,5014.0,11223.0
9246,6.32978683652321e-06,4964.0,11265.0
9247,6.382635876602822e-06,5103.0,11327.0
9248,6.412562441467181e-06,5022.0,11383.0
9249,6.426570620765392e-06,4999.0,11407.0
9250,6.448219625135353e-06,5061.0,11428.0
9251,6.4972482526790895e-06,5029.0,11532.0
9252,6.520807463316989e-06,5086.0,11545.0
9253,6.547550351068118e-06,5194.0,11611.0
9254,6.543729938532243e-06,5109.0,11616.0
9255,6.626505543476214e-06,5206.0,11701.0
9256,6.672350493906721e-06,5312.0,11750.0
9257,6.692726027431391e-06,5139.0,11800.0
9258,6.7341138299033764e-06,5322.0,11884.0
9259,6.7309301527901465e-06,5313.0,11889.0
9260,6.7513056863148165e-06,5216.0,11937.0
9261,6.758309775963922e-06,5254.0,11932.0
9262,6.788236340828281e-06,5323.0,11990.0
9263,6.798424107590616e-06,5259.0,12084.0
9264,6.879926241689295e-06,5498.0,12204.0
9265,6.928318133810386e-06,5446.0,12261.0
9266,7.000269236569376e-06,5456.0,12371.0
9267,7.022554976361983e-06,5521.0,12390.0
9268,4.83027491619204e-06,3785.0,8576.0
9269,4.322796784343232e-06,3309.0,7851.0
9270,3.791759441856525e-06,2968.0,6660.0
9271,3.6287551736591663e-06,2945.0,6081.0
9272,3.5708122501983865e-06,2687.0,5786.0
9273,3.452379461586243e-06,2714.0,5120.0
9274,3.500771353707334e-06,2808.0,5149.0
9275,3.465750905461808e-06,2657.0,5021.0
9276,3.5287877123037552e-06,2762.0,5071.0
9277,3.5427958916019654e-06,2767.0,5054.0
9278,3.5517101875190084e-06,2751.0,5033.0
9279,3.6007388150627452e-06,2810.0,5098.0
9280,3.594371460836286e-06,2778.0,5080.0
9281,3.5854571649192428e-06,2834.0,5040.0
9282,3.6058326984439127e-06,2842.0,5097.0
9283,3.6472205009158982e-06,2873.0,5166.0
9284,3.679057272048195e-06,2852.0,5200.0
9285,3.802583944041506e-06,3009.0,5774.0
9286,3.8089512982679652e-06,2935.0,5812.0
9287,3.8070410920000272e-06,2910.0,5833.0
9288,3.8121349753811947e-06,3031.0,5825.0
9289,3.857343190389056e-06,3017.0,5906.0
9290,3.994241306257931e-06,3039.0,6132.0
9291,4.00697601471085e-06,3143.0,6180.0
9292,4.031808696194041e-06,3117.0,6219.0
9293,4.032445431616687e-06,3090.0,6214.0
9294,4.091025090500113e-06,3196.0,6283.0
9295,4.144510866002371e-06,3291.0,6339.0
9296,4.1706170183308545e-06,3267.0,6391.0
9297,4.192266022700816e-06,3274.0,6414.0
9298,4.196723170659338e-06,3181.0,6416.0
9299,4.210094614534902e-06,3281.0,6411.0
9300,4.248935475316304e-06,3367.0,6471.0
9301,4.28713960067506e-06,3377.0,6501.0
9302,4.292870219478873e-06,3270.0,6519.0
9303,4.356543761743467e-06,3430.0,6660.0
9304,4.390290739143701e-06,3486.0,6718.0
9305,4.456511223098878e-06,3530.0,6846.0
9306,4.4902582004991125e-06,3550.0,6858.0
9307,4.581948101360126e-06,3609.0,6972.0
9308,4.662176764613514e-06,3639.0,7092.0
9309,4.739221750753672e-06,3577.0,7233.0
9310,4.848103508026126e-06,3886.0,7448.0
9311,4.878030072890485e-06,3875.0,7486.0
9312,4.931515848392743e-06,3822.0,7556.0
9313,4.96016894241181e-06,3846.0,7568.0
9314,5.042307811933135e-06,3948.0,7788.0
9315,5.059499668344575e-06,3956.0,7860.0
9316,5.087516026940996e-06,3967.0,7875.0
9317,5.144185479556485e-06,3975.0,7974.0
9318,5.1913039008322835e-06,4019.0,8006.0
9319,5.240969263798666e-06,4142.0,8130.0
9320,5.316104043670886e-06,4271.0,8267.0
9321,5.334569370927618e-06,4186.0,8273.0
9322,5.4663736034153265e-06,4240.0,8442.0
9323,5.4969369037023305e-06,4481.0,8503.0
9324,5.547875737514005e-06,4327.0,8531.0
9325,5.61919010485035e-06,4415.0,8623.0
9326,5.623647252808871e-06,4339.0,8690.0
9327,5.633835019571206e-06,4360.0,8674.0
9328,5.5657043293480914e-06,4351.0,8598.0
9329,5.65357381767323e-06,4413.0,8771.0
9330,5.597541100480388e-06,4409.0,8736.0
9331,5.61282275062389e-06,4313.0,8744.0
9332,5.583532921182178e-06,4489.0,8971.0
9333,5.5408716478649e-06,4282.0,9160.0
9334,5.559973710544278e-06,4335.0,9185.0
9335,5.505851199619374e-06,4266.0,9207.0
9336,5.454275630385053e-06,4403.0,9215.0
9337,5.538961441596963e-06,4406.0,9312.0
9338,5.488659343207934e-06,4279.0,9445.0
9339,5.454912365807699e-06,4199.0,9529.0
9340,5.475287899332369e-06,4324.0,9617.0
9341,5.438357244818905e-06,4387.0,9651.0
9342,5.421165388407465e-06,4370.0,9947.0
9343,5.541508383287546e-06,4357.0,10178.0
9344,5.582259450336885e-06,4408.0,10253.0
9345,5.736349422617201e-06,4437.0,10611.0
9346,5.672039144929962e-06,4405.0,10399.0
9347,5.6624881135902735e-06,4459.0,10413.0
9348,5.756088220719225e-06,4601.0,10539.0
9349,5.780284166779771e-06,4529.0,10553.0
9350,5.929916991101564e-06,4676.0,10776.0
9351,5.942651699554483e-06,4650.0,10764.0
9352,6.072545725774253e-06,4692.0,10999.0
9353,6.296676594545621e-06,4929.0,11448.0
9354,6.463501275278856e-06,5069.0,11962.0
9355,6.432937974991851e-06,5224.0,11987.0
9356,6.458407391897688e-06,4919.0,12090.0
9357,6.444399212599477e-06,5155.0,12122.0
9358,6.536089113460492e-06,5149.0,12348.0
9359,6.546913615645473e-06,5188.0,12472.0
9360,6.625868808053568e-06,5122.0,12627.0
9361,6.680628054401118e-06,5039.0,12775.0
9362,6.758309775963922e-06,5346.0,12930.0
9363,6.769134278148903e-06,5375.0,12945.0
9364,6.828350672454975e-06,5253.0,13059.0
9365,6.821983318228515e-06,5291.0,13178.0
9366,6.856367031051396e-06,5273.0,13337.0
9367,6.82898740787762e-06,5407.0,13299.0
9368,6.844905793443769e-06,5464.0,13456.0
9369,6.937869165150075e-06,5484.0,13589.0
9370,6.945509990221826e-06,5354.0,13589.0
9371,7.110424464687123e-06,5560.0,13834.0
9372,7.283616499646816e-06,5519.0,14224.0
9373,7.332008391767906e-06,5726.0,14326.0
9374,7.351110454447285e-06,5816.0,14514.0
9375,7.360661485786974e-06,5699.0,14522.0
9376,7.451077915802696e-06,5774.0,14720.0
9377,7.479094274399117e-06,5818.0,14777.0
9378,7.5147514580672895e-06,5943.0,14849.0
9379,7.75416397698216e-06,6059.0,15214.0
9380,7.892335563696326e-06,6348.0,15621.0
9381,7.855404909182864e-06,6262.0,15591.0
9382,7.93117642447773e-06,6070.0,15771.0
9383,8.034964298369016e-06,6368.0,15945.0
9384,8.125380728384738e-06,6284.0,16127.0
9385,8.126017463807384e-06,6346.0,16185.0
9386,8.105641930282714e-06,6345.0,16149.0
9387,8.162311382898203e-06,6415.0,16225.0
9388,8.20497265621548e-06,6406.0,16227.0
9389,8.398540224699844e-06,6555.0,16506.0
9390,8.471764798304125e-06,6531.0,16609.0
9391,8.696532402498138e-06,6763.0,17094.0
9392,8.769120240679775e-06,6862.0,17312.0
9393,9.067112418478072e-06,6970.0,17894.0
9394,9.143520669195583e-06,7213.0,18032.0
9395,9.204647269769592e-06,7230.0,18128.0
9396,9.321806587536444e-06,7323.0,18358.0
9397,9.368925008812244e-06,7456.0,18487.0
9398,9.357463771204617e-06,7385.0,18458.0
9399,9.40394545705777e-06,7525.0,18550.0
9400,9.486084326579094e-06,7499.0,18661.0
9401,9.594329348428904e-06,7609.0,18815.0
9402,9.605153850613885e-06,7388.0,18845.0
9403,9.675831482527583e-06,7662.0,18963.0
9404,9.683472307599334e-06,7701.0,19126.0
9405,9.733137670565716e-06,7527.0,19025.0
9406,9.892321526227198e-06,7846.0,19326.0
9407,1.0046411498507515e-05,7742.0,19585.0
9408,1.0159113668315844e-05,7827.0,19847.0
9409,1.0229154564806896e-05,8164.0,20036.0
9410,1.023488518361071e-05,8015.0,19986.0
9411,1.0399162922653362e-05,8062.0,20239.0
9412,1.062138358515679e-05,8389.0,20564.0
9413,1.068887753995726e-05,8299.0,20766.0
9414,1.0785661324199442e-05,8566.0,20923.0
9415,1.0836600158011117e-05,8599.0,20980.0
9416,1.0932747206830653e-05,8477.0,21212.0
9417,1.0970314596766762e-05,8551.0,21271.0
9418,1.0956306417468552e-05,8811.0,21232.0
9419,1.0997694219940538e-05,8714.0,21217.0
9420,1.0968404390498824e-05,8591.0,21059.0
9421,1.1144780102571747e-05,8862.0,21236.0
9422,1.1201449555187235e-05,8865.0,21296.0
9423,1.1278494541327394e-05,8764.0,21126.0
9424,1.1468241697275881e-05,8925.0,21194.0
9425,1.1494347849604364e-05,9005.0,21211.0
9426,1.1622331669556196e-05,9151.0,21344.0
9427,1.171402157041721e-05,9300.0,21392.0
9428,1.1715295041262503e-05,9072.0,21384.0
9429,1.198654433130967e-05,9521.0,21603.0
9430,1.2044487254770449e-05,9536.0,21491.0
9431,1.219157313740166e-05,9507.0,21707.0
9432,1.263601446240852e-05,9908.0,22228.0
9433,1.2792014640956774e-05,10014.0,22131.0
9434,1.2772912578277396e-05,9887.0,22074.0
9435,1.2698414533827821e-05,9937.0,21958.0
9436,1.2577434803525094e-05,9857.0,21634.0
9437,1.2547508238660735e-05,9751.0,21540.0
9438,1.2646202229170856e-05,9949.0,21621.0
9439,1.2821941205821133e-05,10339.0,21811.0
9440,1.2928912756825648e-05,10050.0,21866.0
9441,1.3163231392359352e-05,10441.0,22371.0
9442,1.320907634278986e-05,10353.0,22446.0
9443,1.3097010908404175e-05,10260.0,22222.0
9444,1.2925729079712419e-05,10238.0,21817.0
9445,1.2879884129281912e-05,10091.0,21632.0
9446,1.2986218944863783e-05,10181.0,21756.0
9447,1.2993859769935535e-05,10195.0,21705.0
9448,1.3114202764815616e-05,10323.0,21919.0
9449,1.3162594656936706e-05,10477.0,21923.0
9450,1.3214806961593673e-05,10331.0,22002.0
9451,1.3445941920014146e-05,10438.0,22428.0
9452,1.347332154318792e-05,10774.0,22361.0
9453,1.3393092879934533e-05,10345.0,22204.0
9454,1.3436390888674457e-05,10567.0,22221.0
9455,1.3435754153251811e-05,10767.0,22160.0
9456,1.3525533847844887e-05,10517.0,22188.0
9457,1.3533811408339284e-05,10643.0,22147.0
9458,1.3807607640077035e-05,10788.0,22656.0
9459,1.400563235651992e-05,10995.0,22983.0
9460,1.3983346616727313e-05,11036.0,22983.0
9461,1.4013273181591671e-05,11108.0,23027.0
9462,1.3921583280730657e-05,11025.0,22878.0
9463,1.3794872931624116e-05,10651.0,22581.0
9464,1.3874464859454857e-05,10748.0,22635.0
9465,1.3912668984813614e-05,10865.0,22711.0
9466,1.3952783316440308e-05,10905.0,22755.0
9467,1.3934317989183576e-05,10861.0,22623.0
9468,1.4013909917014317e-05,11022.0,22661.0
9469,1.4112603907524436e-05,10943.0,22748.0
9470,1.4131705970203814e-05,11005.0,22706.0
9471,1.4043836481878676e-05,11034.0,22306.0
9472,1.4121518203441479e-05,10858.0,22312.0
9473,1.413234270562646e-05,11029.0,22256.0
9474,1.4286432677906775e-05,11438.0,22402.0
9475,1.4250138758815958e-05,11230.0,22334.0
9476,1.4362204193201641e-05,11332.0,22362.0
9477,1.4813649607857608e-05,11588.0,23220.0
9478,1.4920621158862123e-05,11800.0,23373.0
9479,1.5033323328670454e-05,11958.0,23663.0
9480,1.496837631556057e-05,11504.0,23637.0
9481,1.5015494736836367e-05,11859.0,23769.0
9482,1.4830204728846401e-05,11766.0,23396.0
9483,1.480409857651792e-05,11607.0,23287.0
9484,1.4585698326550364e-05,11463.0,22749.0
9485,1.4641731043743206e-05,11356.0,22801.0
9486,1.4575510559788029e-05,11341.0,22636.0
9487,1.4506743134142269e-05,11388.0,22404.0
9488,1.4546857465768963e-05,11296.0,22362.0
9489,1.4886237446039243e-05,11665.0,22706.0
9490,1.499320899704376e-05,11568.0,22870.0
9491,1.4940359956964147e-05,11621.0,22740.0
9492,1.5270825641317387e-05,11943.0,22995.0
9493,1.5540164725096617e-05,12192.0,23463.0
9494,1.5770662948094444e-05,12484.0,23843.0
9495,1.592156924326153e-05,12694.0,24036.0
9496,1.5905014122272736e-05,12566.0,24100.0
9497,1.586235284895546e-05,12414.0,23981.0
9498,1.5752834356260356e-05,12343.0,23805.0
9499,1.5687250607727825e-05,12236.0,23492.0
9500,1.586171611353281e-05,12484.0,23623.0
9501,1.603872856102838e-05,12473.0,23856.0
9502,1.617498994147461e-05,12727.0,24038.0
9503,1.6030451000533984e-05,12516.0,23738.0
9504,1.6534108719846915e-05,13227.0,24227.0
9505,1.6586957759926527e-05,13113.0,24257.0
9506,1.672894975917657e-05,12984.0,24464.0
9507,1.6793896772286455e-05,13100.0,24371.0
9508,1.685120296032459e-05,13183.0,24415.0
9509,1.6892590762796575e-05,13278.0,24427.0
9510,1.7088068537548876e-05,13566.0,24504.0
9511,1.7210321738696896e-05,13484.0,24566.0
9512,1.744909752218912e-05,13799.0,24831.0
9513,1.7487301647547876e-05,13875.0,24826.0
9514,1.7698061072443678e-05,13763.0,24935.0
9515,1.829595563430821e-05,14603.0,25706.0
9516,1.8340527113893424e-05,14357.0,25792.0
9517,1.8676723417050478e-05,14590.0,26209.0
9518,1.8763319434530323e-05,14595.0,26351.0
9519,1.8795792941085265e-05,15253.0,26370.0
9520,1.8963891092663794e-05,15028.0,26439.0
9521,1.916000560283874e-05,15127.0,26732.0
9522,1.9265703682997965e-05,15218.0,26709.0
9523,1.901100951393959e-05,14772.0,26291.0
9524,1.8989997244992274e-05,15032.0,26142.0
9525,1.9357393583858977e-05,15053.0,26481.0
9526,1.9636283698977897e-05,15294.0,26707.0
9527,1.9915173814096815e-05,15518.0,26972.0
9528,2.0010684127493703e-05,15763.0,27090.0
9529,1.9985214710587867e-05,15688.0,27095.0
9530,1.9750896075054163e-05,15409.0,26619.0
9531,1.9647744936585525e-05,15539.0,26505.0
9532,1.9412152830206528e-05,15341.0,25860.0
9533,1.972988380610685e-05,15466.0,26062.0
9534,2.0762031926215905e-05,16419.0,27143.0
9535,2.1093771081414434e-05,16449.0,27482.0
9536,2.1186097717698096e-05,16740.0,27574.0
9537,2.128351823736292e-05,16580.0,27650.0
9538,2.140131429055242e-05,16834.0,27843.0
9539,2.146689803908495e-05,17090.0,27814.0
9540,2.1335093806597244e-05,16681.0,27585.0
9541,2.14509796535188e-05,17134.0,27676.0
9542,2.140577143851094e-05,16673.0,27251.0
9543,2.2043780332002166e-05,17214.0,27943.0
9544,2.2302294913596413e-05,17665.0,28241.0
9545,2.2690066785987786e-05,17683.0,28692.0
9546,2.3241479661999163e-05,18392.0,29252.0
9547,2.348471259344991e-05,18368.0,29426.0
9548,2.4111896984756152e-05,18904.0,29960.0
9549,2.4167292966526348e-05,18893.0,29743.0
9550,2.4011929523400742e-05,18836.0,29363.0
9551,2.4765824263813526e-05,19451.0,30178.0
9552,2.4784289591070256e-05,19479.0,30207.0
9553,2.54350331930144e-05,19934.0,30604.0
9554,2.592595620387441e-05,20479.0,31010.0
9555,2.6609173312373498e-05,21012.0,31703.0
9556,2.7392357882227994e-05,21380.0,32446.0
9557,2.7694170472562166e-05,21813.0,32568.0
9558,2.810995870354996e-05,22045.0,32939.0
9559,2.866837566921044e-05,22461.0,33625.0
9560,2.8855575883468344e-05,22725.0,33827.0
9561,2.8902694304744145e-05,22779.0,33787.0
9562,2.965467883888899e-05,23266.0,34441.0
9563,2.9652768632621052e-05,23175.0,34444.0
9564,3.100837834743424e-05,24369.0,35464.0
9565,3.154196263161153e-05,24943.0,35880.0
9566,3.2165963345804544e-05,25046.0,36504.0
9567,3.22901267532205e-05,25445.0,36678.0
9568,3.188770996610827e-05,24960.0,35789.0
9569,3.233469823280572e-05,25515.0,35972.0
9570,3.2516167828259806e-05,25559.0,35894.0
9571,3.361644663859198e-05,26108.0,36658.0
9572,3.4358880141397134e-05,26961.0,37168.0
9573,3.5844383882430094e-05,28324.0,38555.0
9574,3.654288264107268e-05,28618.0,39140.0
9575,3.7238834458024684e-05,29127.0,40072.0
9576,3.726048346239465e-05,29334.0,39964.0
9577,3.73776427801615e-05,29198.0,40118.0
9578,3.794561077716167e-05,29421.0,40449.0
9579,3.803857414886798e-05,29794.0,40441.0
9580,3.836840309779857e-05,30308.0,40592.0
9581,3.8403423546044094e-05,29973.0,40366.0
9582,3.893891803648932e-05,30641.0,40716.0
9583,3.9353432796631826e-05,30803.0,40789.0
9584,4.111400624024783e-05,31903.0,42395.0
9585,4.1664145645413915e-05,32801.0,42932.0
9586,4.207866040555641e-05,33082.0,43219.0
9587,4.2621795721073394e-05,33271.0,43599.0
9588,4.317257186166213e-05,33732.0,43921.0
9589,4.33954292595882e-05,34014.0,44137.0
9590,4.4111756610064875e-05,34793.0,44653.0
9591,4.5373129482326466e-05,35658.0,45907.0
9592,4.567748901435122e-05,35867.0,46128.0
9593,4.734891949879679e-05,37042.0,47565.0
9594,4.848485549279714e-05,37897.0,48734.0
9595,4.901843977697443e-05,38083.0,48911.0
9596,4.916234198249241e-05,38752.0,48919.0
9597,5.021550237154878e-05,39320.0,50037.0
9598,5.042435159017665e-05,39413.0,50195.0
9599,5.240905590256402e-05,41194.0,51878.0
9600,5.373473905251284e-05,42134.0,53248.0
9601,5.4694299334440266e-05,43076.0,54193.0
9602,5.560737793051453e-05,43758.0,55045.0
9603,5.616770510244295e-05,44385.0,55516.0
9604,5.627595012429276e-05,44111.0,55603.0
9605,5.699164073934679e-05,44590.0,56249.0
9606,5.646315033855066e-05,44441.0,55472.0
9607,5.8017421505229385e-05,45719.0,56602.0
9608,5.894323480975657e-05,45986.0,57640.0
9609,5.9772901065464216e-05,46973.0,58161.0
9610,6.100562084370674e-05,47979.0,59344.0
9611,6.159396437423159e-05,48690.0,59795.0
9612,6.261783493384624e-05,48976.0,60668.0
9613,6.289799851981045e-05,49046.0,60837.0
9614,6.380598323250356e-05,49762.0,62061.0
9615,6.419375510489493e-05,50495.0,62441.0
9616,6.434211445837143e-05,50234.0,62410.0
9617,6.53869972869334e-05,51120.0,62875.0
9618,7.008928838317361e-05,54879.0,68431.0
9619,7.026248041813331e-05,54991.0,68573.0
9620,7.261267086311944e-05,56879.0,70573.0
9621,7.372568438190453e-05,57621.0,71497.0
9622,7.485971016963693e-05,58138.0,72325.0
9623,7.791795040460534e-05,60689.0,75976.0
9624,7.836748561299337e-05,61559.0,76267.0
9625,7.969125855667426e-05,62588.0,77805.0
9626,8.068520255142456e-05,63401.0,78527.0
9627,8.531363233863785e-05,67155.0,82720.0
9628,8.638971520290947e-05,68013.0,83415.0
9629,8.732889995131222e-05,68671.0,83926.0
9630,8.725567537770793e-05,68309.0,87492.0
9631,8.844955429516906e-05,69027.0,89114.0
9632,8.819486012611068e-05,69167.0,90302.0
9633,8.795035372381465e-05,68989.0,90607.0
9634,9.117669211036159e-05,71383.0,94054.0
9635,9.08443162197404e-05,70816.0,98657.0
9636,9.04393524909376e-05,70912.0,99439.0
9637,9.010570312947113e-05,71363.0,99074.0
9638,8.968418427967952e-05,70406.0,101285.0
9639,8.910984892845289e-05,70249.0,103118.0
9640,9.185226839378891e-05,71670.0,106843.0
9641,9.171791721961062e-05,72417.0,109849.0
9642,9.094428368109581e-05,71523.0,110126.0
9643,9.200126448268807e-05,71784.0,111224.0
9644,9.131104328453987e-05,71688.0,111628.0
9645,9.091817752876733e-05,71189.0,117057.0
9646,9.32632740903723e-05,72871.0,120156.0
9647,9.23635669381736e-05,72655.0,120661.0
9648,9.208021967509616e-05,72161.0,123505.0
9649,9.271058774351564e-05,72409.0,124416.0
9650,9.201081551402775e-05,71834.0,130427.0
9651,9.166124776699514e-05,71836.0,131218.0
9652,9.312128209112226e-05,73345.0,133304.0
9653,9.227378724358052e-05,73201.0,133177.0
9654,9.212733809637197e-05,72173.0,133949.0
9655,9.640747360739792e-05,75506.0,138847.0
9656,9.55491542576712e-05,74896.0,138778.0
9657,9.500410873588628e-05,74705.0,144650.0
9658,9.782484665820777e-05,76857.0,147526.0
9659,9.772869960938823e-05,76395.0,151303.0
9660,9.740587475010673e-05,76410.0,158402.0
9661,0.00010203494127274266,80200.0,164273.0
9662,0.00010079267046316045,78966.0,168098.0
9663,0.0001001502044217107,78537.0,171552.0
9664,0.00010045647416000339,78967.0,172577.0
9665,9.97134039217756e-05,78110.0,178946.0
9666,0.00010021133102228472,78635.0,179637.0
9667,0.00010181654102277511,79788.0,181211.0
9668,0.0001070772490846758,83929.0,186345.0
9669,0.00010959553768124046,85720.0,189162.0
9670,0.00011847990703341915,92958.0,198882.0
9671,0.00012767691347811698,100282.0,213203.0
9672,0.00013151451787040403,103501.0,218715.0
9673,0.00013706939769756712,106916.0,224989.0
9674,0.0001381142805261291,108459.0,227088.0
9675,0.0001370910467019371,107345.0,226313.0
9676,0.00013988758867819804,109928.0,228691.0
9677,0.00014405884243195153,112955.0,232284.0
9678,0.00015146980601612754,119410.0,239277.0
9679,0.00016982879845727769,133291.0,265344.0
9680,0.00017491695121964133,137311.0,273383.0
9681,0.00017559889485729512,137642.0,275584.0
9682,0.00017614266690823475,137327.0,275874.0
9683,0.00018062464754823947,141763.0,283348.0
9684,0.00018326964649391066,143543.0,287746.0
9685,0.00018708878555894097,146397.0,292876.0
9686,0.00019008717266418067,149139.0,297751.0
9687,0.00019572737503797833,153761.0,305739.0
9688,0.00019761593230154616,155080.0,309264.0
9689,0.0002006219602318576,156972.0,311577.0
9690,0.0002053102431487996,161081.0,317886.0
9691,0.0002063595831253201,162293.0,319125.0
9692,0.00020885431251124685,163912.0,322822.0
9693,0.00021265371277817514,166123.0,329061.0
9694,0.00021346045655866753,167033.0,330119.0
9695,0.00022514391482879773,176600.0,343143.0
9696,0.00022742088070017957,178142.0,347287.0
9697,0.00022860457185087837,178947.0,348671.0
9698,0.00023177487752023247,181762.0,350122.0
9699,0.00023384235743756382,183572.0,352288.0
9700,0.00024252233471907316,190203.0,364396.0
9701,0.000249099174899583,195616.0,372282.0
9702,0.0002533767634689184,197893.0,375341.0
9703,0.0002658605981653145,209292.0,392160.0
9704,0.0002693040633309837,212175.0,397816.0
9705,0.00027837372269115236,219147.0,410976.0
9706,0.00028100343998668006,220594.0,415302.0
9707,0.00028381271667139393,223134.0,420735.0
9708,0.00028677417312212016,224807.0,426179.0
9709,0.00028528930611650984,223697.0,423864.0
9710,0.0002891593840153518,226989.0,429105.0
9711,0.00029522110523894107,231034.0,439724.0
9712,0.00029839395784998573,233921.0,445224.0
9713,0.0003069313063968224,240644.0,451796.0
9714,0.0003104429022527147,243252.0,456393.0
9715,0.0003175100287086619,248592.0,463579.0
9716,0.00032075228548077503,251630.0,468524.0
9717,0.0003426648983157121,269238.0,504867.0
9718,0.00034967726552531176,274216.0,517015.0
9719,0.00035891056588910044,280792.0,532372.0
9720,0.00036212162262550386,284266.0,535293.0
9721,0.0003751110252474809,295266.0,550287.0
9722,0.00037836983714058275,295075.0,555305.0
9723,0.0003818623309337957,300005.0,559021.0
9724,0.00038765917022156427,303695.0,565856.0
9725,0.00038791131744893206,304285.0,565527.0
9726,0.0003902290343873632,306400.0,562286.0
9727,0.0004074419030677507,319781.0,581440.0
9728,0.0004177500128249657,327356.0,601933.0
9729,0.0004320975721034465,338548.0,621338.0
9730,0.00043396384362722173,340357.0,621367.0
9731,0.00043522203282237007,341471.0,624002.0
9732,0.00044311755206317966,347240.0,634048.0
9733,0.00045050113602418184,354836.0,640422.0
9734,0.00045608084853282813,357882.0,646092.0
9735,0.0004679158498335481,367038.0,661324.0
9736,0.0004711568331348159,368862.0,659953.0
9737,0.00047521283777707046,374067.0,660530.0
9738,0.00048794054214034,382868.0,673836.0
9739,0.0005056984563425125,396850.0,702014.0
9740,0.0005131374362852848,402354.0,714009.0
9741,0.0005166019137199014,405432.0,710282.0
9742,0.0005244089267369631,411545.0,719875.0
9743,0.0005283917068056134,416484.0,726060.0
9744,0.0005356358457090562,420476.0,733689.0
9745,0.0005432671197494677,425733.0,746280.0
9746,0.0005440433002296731,428276.0,748283.0
9747,0.0005460566576360795,428984.0,749500.0
9748,0.0005556579910741575,436230.0,752718.0
9749,0.0005780112248215656,454256.0,792998.0
9750,0.000589865328184965,462005.0,807463.0
9751,0.0005970547078420601,468096.0,810103.0
9752,0.0005987942690167289,469103.0,813605.0
9753,0.000607346899213709,476555.0,818802.0
9754,0.0006151214387242159,483712.0,823609.0
9755,0.0006344527261557463,497382.0,849152.0
9756,0.0006401228550944084,502202.0,852653.0
9757,0.0006493077635660759,509067.0,867817.0
9758,0.0006523704609490028,511171.0,870167.0
9759,0.000657707577261621,515614.0,876936.0
9760,0.0006645002707504078,522274.0,887579.0
9761,0.0006694922764639519,525439.0,899935.0
9762,0.0006677469846704795,524231.0,897441.0
9763,0.000670912833191875,525683.0,901998.0
9764,0.0006734693259137984,529062.0,907433.0
9765,0.0006822097930604591,535870.0,918301.0
9766,0.0006942893007634752,544880.0,935434.0
9767,0.0006974640635807877,546681.0,942616.0
9768,0.000707068580695979,554448.0,964610.0
9769,0.0007062669307988678,553730.0,970549.0
9770,0.0006907197619841221,542247.0,948886.0
9771,0.0006926516172564297,541789.0,948191.0
9772,0.0007024942734196907,550668.0,965099.0
9773,0.0007116518022681844,557423.0,983225.0
9774,0.0007204088245358339,564983.0,996720.0
9775,0.0007208367107398519,565835.0,1001744.0
9776,0.0007201420323937452,564867.0,1003613.0
9777,0.000726618268377477,571047.0,1015399.0
9778,0.0007310594979504325,573233.0,1020899.0
9779,0.000733149900342979,575510.0,1024273.0
9780,0.0007365532511770215,577587.0,1032705.0
9781,0.0007342068811445712,577282.0,1030825.0
9782,0.0007408193785087493,581526.0,1046872.0
9783,0.0007459833027864078,585493.0,1054244.0
9784,0.0007446155950985643,584737.0,1052606.0
9785,0.0007498336418871477,588487.0,1060940.0
9786,0.0007473860309224967,586736.0,1061212.0
9787,0.0007636151433748963,599455.0,1080810.0
9788,0.0007698315913061885,603116.0,1089266.0
9789,0.0007704422205765059,604518.0,1094368.0
9790,0.0007879307956948991,618667.0,1119510.0
9791,0.0007922287597977592,621364.0,1129504.0
9792,0.0007897206589679569,619226.0,1125735.0
9793,0.0008087361256298549,634552.0,1155952.0
9794,0.000836412467510583,656671.0,1220125.0
9795,0.0008367996026475517,657314.0,1223351.0
9796,0.0008379641917355712,657131.0,1231846.0
9797,0.0008398737612680863,659607.0,1234697.0
9798,0.0008417712328275712,661555.0,1239500.0
9799,0.0008403411250683084,659862.0,1237766.0
9800,0.0008437069085124148,659639.0,1244669.0
9801,0.0008554037382264206,671432.0,1271118.0
9802,0.0008516005175469565,667859.0,1266819.0
9803,0.0008523989837669544,668965.0,1267036.0
9804,0.0008651387861032542,679542.0,1291709.0
9805,0.0008683568469293068,681494.0,1306663.0
9806,0.0008707140414639421,683424.0,1319105.0
9807,0.0008684326184446017,681052.0,1317444.0
9808,0.0008521850406649454,667338.0,1296298.0
9809,0.0008415853060841586,658602.0,1281507.0
9810,0.0008418158043071563,661149.0,1277496.0
9811,0.0008428664177545222,660990.0,1281408.0
9812,0.000838942854080178,656966.0,1282595.0
9813,0.0008358979852890851,656398.0,1278560.0
9814,0.0008355267685376826,654800.0,1276615.0
9815,0.000836401643008398,655409.0,1280809.0
9816,0.0008481997136546045,665240.0,1307113.0
9817,0.0008513604682926189,667768.0,1317336.0
9818,0.000839563034381835,658738.0,1307661.0
9819,0.0008338184073987235,654121.0,1296273.0
9820,0.0008259954759960956,649344.0,1282976.0
9821,0.0008269295668611172,648123.0,1284969.0
9822,0.0008312498167037698,652518.0,1299840.0
9823,0.0008285513319825963,650633.0,1296687.0
9824,0.0008259617290186953,648976.0,1294848.0
9825,0.0008231925666656081,646722.0,1295429.0
9826,0.0008137427762581199,636591.0,1282214.0
9827,0.000819891093499189,642746.0,1295069.0
9828,0.0008181852793019206,642617.0,1302113.0
9829,0.0008080917493821372,633949.0,1290542.0
9830,0.0007934207285089524,623296.0,1264628.0
9831,0.0007885885433864924,619872.0,1258135.0
9832,0.0007877856200185358,617720.0,1259627.0
9833,0.0007847464818462468,616509.0,1255755.0
9834,0.0007842262690059451,615230.0,1258820.0
9835,0.0007778092494165194,608852.0,1251982.0
9836,0.000771341290993282,605030.0,1240710.0
9837,0.0007729452275229271,606508.0,1243416.0
9838,0.0007811928614524598,613653.0,1259293.0
9839,0.0007840880974192309,616236.0,1277154.0
9840,0.0007612674998716008,597208.0,1239484.0
9841,0.00075651936382493,593851.0,1234829.0
9842,0.0007515069825778612,589430.0,1229674.0
9843,0.000748381885123515,586900.0,1226477.0
9844,0.0007450479384505409,584968.0,1228274.0
9845,0.0007386952291388024,577795.0,1222763.0
9846,0.0007196307338493606,566148.0,1198332.0
9847,0.0007146272668982088,561160.0,1188799.0
9848,0.0007071379848570474,554368.0,1178690.0
9849,0.0007080637981615746,555399.0,1186525.0
9850,0.0007003955934666497,550497.0,1180371.0
9851,0.000691946114408138,543311.0,1169362.0
9852,0.0006794992103662554,534498.0,1149624.0
9853,0.0006737068282264454,529280.0,1142162.0
9854,0.0006672146738571474,523229.0,1133733.0
9855,0.0006625283011464734,518736.0,1129249.0
9856,0.0006534726499656029,513061.0,1120187.0
9857,0.000642418286293047,503581.0,1106555.0
9858,0.0006375262480408583,499237.0,1098138.0
9859,0.000629356932568311,494441.0,1085225.0
9860,0.0006240554734393608,488522.0,1076448.0
9861,0.0006220325650016147,488032.0,1073632.0
9862,0.0006165636444565089,484111.0,1068440.0
9863,0.0006065700819980809,475471.0,1051879.0
9864,0.0005965243072349961,467674.0,1034154.0
9865,0.0005838984805393499,458274.0,1014833.0
9866,0.0005827485363660513,456582.0,1012556.0
9867,0.0005810720119982246,454927.0,1010183.0
9868,0.0005732872847209555,448958.0,999005.0
9869,0.0005632771671415387,442643.0,986094.0
9870,0.000558550680099238,437775.0,978969.0
9871,0.0005525972038974985,433694.0,969548.0
9872,0.0005484686114170623,432125.0,963877.0
9873,0.0005428736172582725,425742.0,952618.0
9874,0.0005351430124919283,420620.0,942884.0
9875,0.0005330086753552191,418495.0,940231.0
9876,0.0005263108554444065,412795.0,930368.0
9877,0.000517706649678192,406402.0,917725.0
9878,0.0005005803770152844,393950.0,898112.0
9879,0.0004944855455497175,388207.0,891565.0
9880,0.0004898488382020098,384999.0,885651.0
9881,0.00046953634148418197,368841.0,857958.0
9882,0.00045581724006785277,357492.0,836296.0
9883,0.0004508360588564936,354149.0,831629.0
9884,0.00042662865155834056,334060.0,797820.0
9885,0.0003868804427996683,303387.0,719639.0
9886,0.00038203679643960067,299808.0,708504.0
9887,0.0003741883956200669,295113.0,691302.0
9888,0.00036897798965655526,289874.0,683275.0
9889,0.00036415662903628023,285835.0,673647.0
9890,0.0003630066848629817,284900.0,672394.0
9891,0.0003565119835519932,279310.0,661931.0
9892,0.000341071786288252,267229.0,631425.0
9893,0.0003377881417136669,264869.0,625296.0
9894,0.0003336735574125289,262396.0,619607.0
9895,0.00031194623458558177,243820.0,586997.0
9896,0.00030213668866429854,236990.0,563787.0
9897,0.0002926073063289795,228807.0,544510.0
9898,0.00028961337637169833,227302.0,539520.0
9899,0.00028315178530268745,222696.0,523974.0
9900,0.00028248257637348656,221737.0,522644.0
9901,0.00027316841061102187,214521.0,511778.0
9902,0.00026795291076412906,210441.0,504671.0
9903,0.000258925275941855,203221.0,485225.0
9904,0.0002572748577263568,201205.0,482452.0
9905,0.0002541924215453278,199746.0,479023.0
9906,0.0002478428959107026,194321.0,467767.0
9907,0.00023234539245892323,182366.0,439178.0
9908,0.00022738395004566613,178314.0,428878.0
9909,0.0002223390952920424,174376.0,418631.0
9910,0.0002183410335732486,171067.0,410549.0
9911,0.00021256202287731413,166340.0,403364.0
9912,0.00021018190586746363,164359.0,399921.0
9913,0.00020131154469458314,157671.0,378247.0
9914,0.00019631126142054465,153971.0,368447.0
9915,0.00019198400748824288,150476.0,363217.0
9916,0.00018793819061275064,147278.0,355801.0
9917,0.00018612795180616824,145675.0,353309.0
9918,0.0001769863413432406,138678.0,336598.0
9919,0.0001717103516311964,134823.0,325093.0
9920,0.00016856933579128403,132480.0,320564.0
9921,0.00016599246753583595,129958.0,315845.0
9922,0.00016215995702693008,127093.0,308966.0
9923,0.00015941753756159406,124766.0,304297.0
9924,0.00015597534586677016,122166.0,297972.0
9925,0.00015148699787253896,118583.0,288493.0
9926,0.00015074392763431117,118454.0,286846.0
9927,0.00014951693847487245,117653.0,284514.0
9928,0.0001414966190912243,111668.0,274359.0
9929,0.0001311426643835788,103047.0,256603.0
9930,0.00011815262502617913,92506.0,228881.0
9931,0.00011598517764749239,90845.0,223760.0
9932,0.00010954268864116085,85420.0,210500.0
9933,0.00010712691444764218,84404.0,206189.0
9934,0.00010357265731843258,81556.0,199597.0
9935,9.843356572225727e-05,77116.0,188167.0
9936,9.638136745506944e-05,75928.0,183826.0
9937,9.433107939414953e-05,73580.0,180086.0
9938,9.31066371764014e-05,73259.0,178165.0
9939,8.981662524758988e-05,70755.0,171083.0
9940,8.359635690376177e-05,66020.0,158745.0
9941,8.034645930657692e-05,63011.0,152635.0
9942,7.862600019458762e-05,61645.0,149917.0
9943,7.723218635441567e-05,60809.0,147373.0
9944,7.485334281541047e-05,58661.0,142303.0
9945,7.388932538552452e-05,57970.0,140369.0
9946,7.02459252971445e-05,54808.0,133469.0
9947,6.860442137756329e-05,53813.0,130129.0
9948,6.610205116656478e-05,51797.0,124872.0
9949,6.424787761581983e-05,50407.0,122682.0
9950,5.8653520192452674e-05,46235.0,111303.0
9951,5.6622970929634795e-05,44160.0,106297.0
9952,5.537433276582612e-05,43843.0,104276.0
9953,5.332468144032887e-05,41997.0,101115.0
9954,5.162396112644158e-05,40444.0,97997.0
9955,5.011362470392543e-05,39262.0,95529.0
9956,4.907383575874462e-05,38399.0,94192.0
9957,4.4941422865772524e-05,34994.0,84792.0
9958,4.191692960820435e-05,32697.0,78443.0
9959,3.9630412705482804e-05,31000.0,73258.0
9960,3.908791412538847e-05,30487.0,72268.0
9961,3.8500207330286275e-05,30525.0,71141.0
9962,3.7180891534563906e-05,28774.0,69151.0
9963,3.658427044354467e-05,28643.0,68266.0
9964,3.336748308833742e-05,26193.0,60577.0
9965,3.22901267532205e-05,25355.0,58121.0
9966,3.1151643817529576e-05,24467.0,56494.0
9967,3.09357905092526e-05,24373.0,56048.0
9968,3.054801863686123e-05,23937.0,55485.0
9969,2.806156681142887e-05,21898.0,50342.0
9970,2.624687085688796e-05,20446.0,46389.0
9971,2.4839048837417807e-05,19611.0,43457.0
9972,2.3911325326622685e-05,18705.0,42013.0
9973,2.3137055052685232e-05,17735.0,40717.0
9974,2.2316303092894625e-05,17413.0,39467.0
9975,2.1590424711078262e-05,16927.0,38126.0
9976,2.0266015031974724e-05,15860.0,35030.0
9977,1.9650291878276106e-05,15428.0,33936.0
9978,1.9242144472360063e-05,15058.0,33323.0
9979,1.90097360430943e-05,14984.0,32998.0
9980,1.8141228926605247e-05,14166.0,31644.0
9981,1.6313798263611423e-05,12595.0,28435.0
9982,1.55038708060058e-05,12156.0,27497.0
9983,1.4352653161861952e-05,11140.0,25286.0
9984,1.30931904958683e-05,10279.0,22919.0
9985,1.2782463609617085e-05,10206.0,22343.0
9986,1.2485108167241435e-05,9711.0,21994.0
9987,1.2085238321819788e-05,9438.0,21291.0
9988,1.137909873810545e-05,8975.0,19892.0
9989,1.0318297523977328e-05,8057.0,17745.0
9990,9.479716972352636e-06,7343.0,16103.0
9991,8.986247019802039e-06,7063.0,15144.0
9992,6.431027768723913e-07,524.0,417.0
9993,5.132087506526212e-07,390.0,139.0
9994,5.125720152299753e-07,419.0,137.0
9995,5.189393694564346e-07,383.0,137.0
9996,5.246699882602479e-07,423.0,137.0
9997,5.297638716414154e-07,401.0,137.0
9998,5.380414321358125e-07,436.0,136.0
9999,5.284904007961235e-07,418.0,135.0
10000,5.24033252837602e-07,392.0,133.0
10001,5.176658986111427e-07,394.0,130.0
10002,5.202128403017265e-07,427.0,131.0
10003,5.208495757243723e-07,408.0,131.0
10004,5.189393694564346e-07,439.0,129.0
10005,5.214863111470182e-07,404.0,131.0
10006,5.253067236828939e-07,410.0,128.0
10007,5.272169299508317e-07,450.0,126.0
10008,5.246699882602479e-07,427.0,126.0
10009,5.253067236828939e-07,434.0,127.0
10010,5.291271362187695e-07,436.0,128.0
10011,5.323108133319991e-07,409.0,128.0
10012,5.354944904452288e-07,454.0,129.0
10013,5.374046967131666e-07,418.0,128.0
10014,5.393149029811044e-07,429.0,126.0
10015,5.380414321358125e-07,448.0,127.0
10016,5.354944904452288e-07,412.0,130.0
10017,5.380414321358125e-07,419.0,130.0
10018,5.393149029811044e-07,411.0,127.0
10019,5.405883738263963e-07,431.0,127.0
10020,5.367679612905207e-07,396.0,122.0
10021,5.393149029811044e-07,421.0,120.0
10022,5.418618446716882e-07,398.0,120.0
10023,5.424985800943341e-07,444.0,119.0
10024,5.33584284177291e-07,410.0,121.0
10025,5.323108133319991e-07,403.0,120.0
10026,5.316740779093532e-07,411.0,118.0
10027,5.265801945281857e-07,402.0,119.0
10028,5.367679612905207e-07,400.0,119.0
10029,5.374046967131666e-07,392.0,121.0
10030,5.4313531551698e-07,374.0,120.0
10031,5.367679612905207e-07,406.0,119.0
10032,5.316740779093532e-07,403.0,121.0
10033,5.342210195999369e-07,438.0,123.0
10034,5.348577550225829e-07,388.0,121.0
10035,5.4313531551698e-07,439.0,122.0
10036,5.507761405887311e-07,424.0,122.0
10037,5.514128760113771e-07,455.0,123.0
10038,5.545965531246067e-07,452.0,126.0
10039,5.488659343207933e-07,376.0,120.0
10040,5.463189926302096e-07,416.0,121.0
10041,5.304006070640613e-07,410.0,134.0
10042,5.386781675584585e-07,406.0,139.0
10043,5.405883738263963e-07,409.0,141.0
10044,5.456822572075637e-07,444.0,149.0
10045,5.495026697434393e-07,421.0,151.0
10046,5.488659343207933e-07,420.0,155.0
10047,5.590537010831283e-07,449.0,160.0
10048,5.673312615775254e-07,439.0,164.0
10049,5.635108490416498e-07,443.0,166.0
10050,5.692414678454631e-07,459.0,171.0
10051,5.787924991851522e-07,482.0,179.0
10052,5.89617001370133e-07,443.0,169.0
10053,5.934374139060086e-07,473.0,176.0
10054,6.061721223589272e-07,488.0,172.0
10055,5.998047681324679e-07,466.0,171.0
10056,6.405558351818076e-07,539.0,205.0
10057,6.418293060270994e-07,510.0,205.0
10058,8.13747870141501e-07,679.0,309.0
10059,0.0001436010296630691,112611.0,128164.0
10060,0.0001476710424846219,115910.0,129954.0
10061,0.0001480136061420054,116263.0,130369.0
10062,0.00014886110098954715,116777.0,130608.0
10063,0.00014919411361559096,116537.0,130875.0
10064,0.0001499238124099432,117745.0,131343.0
10065,0.00015010146159286143,118199.0,131495.0
10066,0.00015040391091861825,118209.0,131644.0
10067,0.00015069871941930332,118309.0,131837.0
10068,0.00015140549573844028,118879.0,132122.0
10069,0.00015225935794020847,119688.0,132447.0
10070,0.0001530081587972401,120385.0,132960.0
10071,0.00015333480406905746,120401.0,133148.0
10072,0.00015414027437870456,120567.0,133464.0
10073,0.00015461655247484373,121106.0,133688.0
10074,0.000155180700059308,122374.0,133955.0
10075,0.00015595306012697752,122109.0,134304.0
10076,0.00015643570557734315,122662.0,134477.0
10077,0.00015717686560930301,123657.0,134853.0
10078,0.00015814661365799276,124178.0,135317.0
10079,0.00015872031227379674,124004.0,135668.0
10080,0.00015971871341650558,125249.0,136373.0
10081,0.00016076168603879962,126093.0,137058.0
10082,0.00016190144244533584,126709.0,138222.0
10083,0.0001628781945836747,128258.0,138778.0
10084,0.00016340350130735758,128184.0,139172.0
10085,0.00016434332279118298,128915.0,139860.0
10086,0.00016519718499295117,129258.0,140290.0
10087,0.0001659740022085792,130368.0,140704.0
10088,0.0001666642234067274,130572.0,141237.0
10089,0.0001670411707769338,130990.0,141465.0
10090,0.00016854641331606878,132048.0,142347.0
10091,0.00016887305858788614,132620.0,142619.0
10092,0.00016953016954405676,132976.0,143091.0
10093,0.0001701312477830345,134060.0,143421.0
10094,0.00017099657122241033,133886.0,144142.0
10095,0.00017151423712102147,134860.0,144600.0
10096,0.00017240375650645783,134617.0,145091.0
10097,0.0001732614391207619,136144.0,145559.0
10098,0.00017420699122339112,135506.0,146176.0
10099,0.00017508504937121985,137772.0,146901.0
10100,0.0001762114343338805,138324.0,147757.0
10101,0.00017658965517493218,137667.0,148031.0
10102,0.0001773715662739414,139385.0,148383.0
10103,0.0001778873219662846,139305.0,148817.0
10104,0.00017851641656385878,140103.0,149323.0
10105,0.00017919135611186348,139961.0,149641.0
10106,0.00018135625654885963,142729.0,150628.0
10107,0.00018290479709673455,143606.0,151833.0
10108,0.00018378349197998594,144614.0,152491.0
10109,0.00018648452364284997,146409.0,154396.0
10110,0.00018718111219522462,147148.0,155142.0
10111,0.00018836862375845928,147560.0,156190.0
10112,0.00018954467408408633,149328.0,157215.0
10113,0.0001903399566269711,149295.0,157743.0
10114,0.00019066278148625258,149724.0,157987.0
10115,0.00019155102740084365,150699.0,158357.0
10116,0.00019492890881798032,153654.0,160872.0
10117,0.00019712946643864467,154375.0,162766.0
10118,0.00019955288145723509,157052.0,164483.0
10119,0.00019954396716131804,156419.0,164563.0
10120,0.00011991574541148573,93891.0,99908.0
10121,0.00010629024410228542,83144.0,92183.0
10122,8.930978385116371e-05,70054.0,74179.0
10123,8.407136152905562e-05,65948.0,66189.0
10124,8.154415863657392e-05,64137.0,61087.0
10125,7.841460403426917e-05,61951.0,51875.0
10126,8.174791397182062e-05,63974.0,53188.0
10127,8.089150482836185e-05,63630.0,51427.0
10128,8.220891041781627e-05,64796.0,52203.0
10129,8.230696767290376e-05,64813.0,52122.0
10130,8.486982774905363e-05,66033.0,53419.0
10131,8.899651002322191e-05,70116.0,57327.0
10132,9.092900203095232e-05,71496.0,59382.0
10133,9.135688823497038e-05,71837.0,60461.0
10134,9.185226839378891e-05,71530.0,61158.0
10135,9.267620403069275e-05,72660.0,62647.0
10136,9.431070386062486e-05,73999.0,63505.0
10137,9.722695209634323e-05,76246.0,66381.0
10138,9.881051309246366e-05,77306.0,68150.0
10139,0.00010125748732169198,79328.0,70543.0
10140,0.00010316068949998067,81329.0,72615.0
10141,0.00010418901720755385,80834.0,73344.0
10142,0.00010661625263868014,83729.0,75333.0
10143,0.00010779484990599776,84286.0,76358.0
10144,0.00011039400390123846,86543.0,78230.0
10145,0.00011140004586901903,87675.0,79315.0
10146,0.00011166556454026238,87788.0,79710.0
10147,0.00011272572901896786,88588.0,80257.0
10148,0.00011417239189921942,89036.0,81413.0
10149,0.000116733978504524,91870.0,84105.0
10150,0.00012106568958478427,95035.0,86404.0
10151,0.00012494786545665652,98056.0,89602.0
10152,0.0001416978274847804,111290.0,105546.0
10153,0.0001421066116261191,111883.0,107017.0
10154,0.00014639566143306209,115583.0,111716.0
10155,0.0001468477435831407,115211.0,112641.0
10156,0.0001483612636827701,116233.0,114004.0
10157,0.00015012311059723138,118090.0,115590.0
10158,0.00015154112038346388,119046.0,116973.0
10159,0.00015355002064191178,119972.0,119599.0
10160,0.00015529085528742577,121535.0,121272.0
10161,0.00015572574558109294,122243.0,121670.0
10162,0.00015847134872354218,124381.0,123872.0
10163,0.00015932075377735188,125219.0,124728.0
10164,0.0001622115325961644,126971.0,126802.0
10165,0.0001650450052269388,129972.0,129650.0
10166,0.00016524111973711375,129087.0,130178.0
10167,0.0001668902644817667,130609.0,131312.0
10168,0.00016736272216536999,131678.0,132168.0
10169,0.00016898958117023035,132348.0,133533.0
10170,0.0001708864159942926,133972.0,135537.0
10171,0.00017345309648297833,136552.0,136922.0
10172,0.00017577145015683216,137673.0,139490.0
10173,0.0001763776222791911,138575.0,140457.0
10174,0.0001808385906502485,142216.0,145467.0
10175,0.00018412287196025622,143902.0,148751.0
10176,0.00018780511290941764,147158.0,152042.0
10177,0.00019628197159110293,154257.0,157615.0
10178,0.00020012530660219377,156733.0,163770.0
10179,0.00020095115244536554,157209.0,164618.0
10180,0.00020199921895104074,158855.0,165309.0
10181,0.00020491483045133647,159932.0,168890.0
10182,0.0002103105264228381,164899.0,173011.0
10183,0.00021393291424227082,168367.0,175647.0
10184,0.00021662248466752722,169448.0,177966.0
10185,0.00021997362319691277,172896.0,182418.0
10186,0.00022179022935772162,173544.0,183931.0
10187,0.00022303568384441706,174890.0,185292.0
10188,0.00022275361005218492,175324.0,186503.0
10189,0.0002232801902467131,174971.0,187304.0
10190,0.00022417353004468534,175417.0,188643.0
10191,0.0002254011559395467,176832.0,189278.0
10192,0.00022883124966134033,178866.0,192835.0
10193,0.00023514830178941062,184749.0,199421.0
10194,0.000239783735666273,188337.0,204744.0
10195,0.00024130043944301562,189430.0,207054.0
10196,0.00024143924776515242,189809.0,208244.0
10197,0.00024178881551218504,189774.0,209003.0
10198,0.00024298906178387263,190979.0,210570.0
10199,0.00024319218038369668,190816.0,211203.0
10200,0.00024343413984430213,191082.0,212430.0
10201,0.0002442803612209986,191660.0,213207.0
10202,0.0002448489659534214,192604.0,213987.0
10203,0.00024749332816366995,194876.0,217393.0
10204,0.0002498925472361998,195503.0,219671.0
10205,0.0002513245652017305,197371.0,221174.0
10206,0.00025508894502041326,199812.0,226368.0
10207,0.00025349583299295316,198781.0,226276.0
10208,0.0002526680769435134,198656.0,226273.0
10209,0.0002510202056697058,196713.0,225278.0
10210,0.00025078015641536827,197112.0,225721.0
10211,0.00025096608315878084,197273.0,226565.0
10212,0.0002478435326461252,194366.0,223460.0
10213,0.00024905524015542043,195914.0,224022.0
10214,0.0002505273724525778,196622.0,225498.0
10215,0.0002580529484128301,202045.0,236611.0
10216,0.0002598943872551221,203389.0,239904.0
10217,0.0002594104683339112,204204.0,241246.0
10218,0.00026036366126161215,204658.0,242966.0
10219,0.00026069731062307864,203397.0,245212.0
10220,0.000261453752305182,204177.0,247226.0
10221,0.00025904625567215773,203278.0,246534.0
10222,0.00025582055402103345,201175.0,243763.0
10223,0.0002566081957388465,202087.0,246657.0
10224,0.0002562872810858329,200718.0,247315.0
10225,0.0002567934857468364,201551.0,247698.0
10226,0.0002577307602889712,201795.0,249628.0
10227,0.0002566088324742691,201108.0,249793.0
10228,0.0002546152138659647,200396.0,248006.0
10229,0.00025542450458814766,200237.0,249183.0
10230,0.00025438025849500834,199603.0,250933.0
10231,0.00025253627271102573,197440.0,249473.0
10232,0.0002526273258764641,198325.0,249952.0
10233,0.0002513519448249043,198051.0,249333.0
10234,0.00025165948803404227,196602.0,251485.0
10235,0.00025029687422958,196268.0,251268.0
10236,0.00025072985431697924,196334.0,252641.0
10237,0.0002507024746938054,196757.0,253821.0
10238,0.00025008866174637475,196591.0,254199.0
10239,0.0002496053795605865,195712.0,254338.0
10240,0.0002482879739711321,194537.0,253795.0
10241,0.0002448878068142028,192008.0,253317.0
10242,0.00024200721576215259,189929.0,251697.0
10243,0.00022697834958144067,178884.0,238001.0
10244,0.0002274750032111045,178567.0,238602.0
10245,0.00022469883676836823,176354.0,236109.0
10246,0.0002258723401523047,176869.0,237135.0
10247,0.00022529354765311952,176836.0,237050.0
10248,0.00022361192940191163,175204.0,235848.0
10249,0.00022282492441952126,173923.0,234952.0
10250,0.00022341390468546873,175560.0,236122.0
10251,0.00022130121655312954,173808.0,234551.0
10252,0.00022100067743364066,173424.0,234744.0
10253,0.00021917197329980153,172375.0,233796.0
10254,0.00021837923769860734,171038.0,233684.0
10255,0.00021611245959398783,169060.0,232375.0
10256,0.00021440218824876086,168087.0,230689.0
10257,0.00021736300796406445,170974.0,236697.0
10258,0.00021782464114548274,170996.0,238746.0
10259,0.00021822642119717232,171455.0,240109.0
10260,0.00021670717047873913,169226.0,240379.0
10261,0.00021582401844752922,169049.0,240781.0
10262,0.0002132382358961641,167465.0,240373.0
10263,0.000210425775534337,164934.0,238154.0
10264,0.00020907908011544087,163350.0,237040.0
10265,0.00020408007031224765,160217.0,232136.0
10266,0.00020165856549992517,158012.0,230014.0
10267,0.0001989530766891026,155801.0,228427.0
10268,0.00019153510901527752,150181.0,226183.0
10269,0.00018842083606311624,147788.0,222230.0
10270,0.00018722122652685132,147547.0,221223.0
10271,0.00018618653146505168,146625.0,220744.0
10272,0.0001823412862476929,143329.0,217210.0
10273,0.00017706975368360722,138968.0,213471.0
10274,0.0001733862392636005,136485.0,211109.0
10275,0.00017031335411391124,133518.0,208612.0
10276,0.00016645919460063542,130412.0,202908.0
10277,0.00016462157617087926,129134.0,201194.0
10278,0.00016335065226727796,128380.0,200294.0
10279,0.00016267061883589213,127628.0,199913.0
10280,0.00016196511598760044,126828.0,200191.0
10281,0.00016050317145720536,126461.0,199469.0
10282,0.0001581733565457439,123925.0,198077.0
10283,0.000154362495041208,121332.0,194415.0
10284,0.000147769736475132,116374.0,188021.0
10285,0.00014305216372874832,111678.0,182924.0
10286,0.00014145714149502026,110853.0,181183.0
10287,0.00014074145087996623,110501.0,179556.0
10288,0.0001385771871783927,108343.0,178577.0
10289,0.00013606844961316773,107138.0,176041.0
10290,0.00013580229420650172,107170.0,175855.0
10291,0.00013310890336870943,105156.0,173217.0
10292,0.00013215825738269906,103900.0,172725.0
10293,0.00013097520296742292,103198.0,172094.0
10294,0.00012727258648473683,99897.0,167937.0
10295,0.0001241990645996249,97747.0,165180.0
10296,0.00012328152885559212,96086.0,164639.0
10297,0.00011905105870753255,93419.0,159814.0
10298,0.00011769417552187407,92824.0,158170.0
10299,0.00011633283518825706,91094.0,156322.0
10300,0.00011618256562851262,91320.0,156422.0
10301,0.00011525102170518162,90210.0,155767.0
10302,0.00011403740398961848,89970.0,154504.0
10303,0.0001131504315458727,88945.0,154716.0
10304,0.00010997566872856008,86530.0,152365.0
10305,0.00010751659652630149,84415.0,150053.0
10306,9.895632550424958e-05,77203.0,139619.0
10307,9.605281197698413e-05,75200.0,136034.0
10308,9.441130805740291e-05,73701.0,133716.0
10309,9.250874261453687e-05,72892.0,131312.0
10310,9.074944264176616e-05,71267.0,128247.0
10311,8.928304096341259e-05,70389.0,125751.0
10312,8.865076268872518e-05,69507.0,124976.0
10313,8.757659003072148e-05,68740.0,123659.0
10314,8.43884557695333e-05,66391.0,118786.0
10315,8.307359712176945e-05,64905.0,117040.0
10316,8.174090988217152e-05,64678.0,116011.0
10317,7.981287502239963e-05,62534.0,113135.0
10318,7.904306189642071e-05,62130.0,112017.0
10319,7.755310100742922e-05,60897.0,110797.0
10320,7.508129409671772e-05,58717.0,108011.0
10321,7.257574020860597e-05,56796.0,103606.0
10322,7.194346193391856e-05,56718.0,102641.0
10323,7.057766445234304e-05,54996.0,101360.0
10324,6.905268311510603e-05,54254.0,99584.0
10325,6.70768930986357e-05,52593.0,96333.0
10326,6.531186250706119e-05,51067.0,94375.0
10327,6.374485663192954e-05,50150.0,92061.0
10328,6.276937796443598e-05,49029.0,90423.0
10329,6.187094428308257e-05,48171.0,89309.0
10330,6.0403269133883695e-05,47490.0,88250.0
10331,5.861149565455804e-05,46076.0,86110.0
10332,5.736986158039847e-05,45010.0,84141.0
10333,5.617852960462793e-05,44356.0,82849.0
10334,5.51896794932588e-05,43001.0,81800.0
10335,5.3458395879084514e-05,41740.0,79494.0
10336,5.192386351050781e-05,40757.0,77394.0
10337,4.965453846419771e-05,39044.0,75178.0
10338,4.8588643366688425e-05,38026.0,73980.0
10339,4.8284283834663665e-05,37684.0,73541.0
10340,4.73794827990838e-05,36952.0,72653.0
10341,4.4107299462106354e-05,34552.0,68701.0
10342,4.366604181421272e-05,34229.0,68102.0
10343,4.2849747002380636e-05,33324.0,67350.0
10344,4.1628488461745744e-05,32777.0,65887.0
10345,4.068293635911653e-05,32048.0,64829.0
10346,3.972273934176647e-05,31182.0,63794.0
10347,3.813344772684222e-05,30013.0,62364.0
10348,3.430030048251371e-05,26876.0,55563.0
10349,3.1879432405613876e-05,25093.0,52267.0
10350,3.040156948965267e-05,23910.0,50468.0
10351,2.9473845978857544e-05,23142.0,48921.0
10352,2.870466958830126e-05,22687.0,47235.0
10353,2.7762937898207926e-05,21851.0,45612.0
10354,2.743374568469998e-05,21565.0,44860.0
10355,2.7108373883727908e-05,21173.0,44223.0
10356,2.6744161221974434e-05,20967.0,43652.0
10357,2.5284126897847313e-05,19786.0,42014.0
10358,2.345605949943084e-05,18604.0,39623.0
10359,2.1587241033965033e-05,16879.0,35657.0
10360,2.010874138258118e-05,15770.0,33061.0
10361,1.979546755463938e-05,15588.0,32635.0
10362,1.9370128292311896e-05,15159.0,31946.0
10363,1.8809801120383477e-05,14775.0,30973.0
10364,1.8309327078183775e-05,14452.0,30227.0
10365,1.7858518398950456e-05,13924.0,29537.0
10366,1.76789590097643e-05,13962.0,29248.0
10367,1.7259350366240634e-05,13398.0,28826.0
10368,1.6841015193562256e-05,13375.0,28412.0
10369,1.588209164705748e-05,12580.0,27118.0
10370,1.5166401032003453e-05,11962.0,26001.0
10371,1.4114514113792375e-05,11228.0,24160.0
10372,1.3544635910524265e-05,10561.0,22906.0
10373,1.335297854830784e-05,10441.0,22580.0
10374,1.3044798603747208e-05,10379.0,22073.0
10375,1.279392484722471e-05,10002.0,21715.0
10376,1.237622640996898e-05,9688.0,20999.0
10377,1.1813989031772622e-05,9312.0,19940.0
10378,1.1606413283990049e-05,9137.0,19690.0
10379,1.1235833268010115e-05,8914.0,18918.0
10380,1.0978592157261159e-05,8539.0,18546.0
10381,1.0143195282749697e-05,7855.0,17282.0
10382,9.915244001442453e-06,7836.0,16985.0
10383,9.32244332295909e-06,7297.0,15904.0
10384,8.706720169260473e-06,6858.0,14493.0
10385,8.544989371908406e-06,6703.0,14239.0
10386,8.396630018431905e-06,6409.0,14032.0
10387,7.564416821033672e-06,5950.0,12780.0
10388,7.126979585675917e-06,5511.0,11934.0
10389,6.725199533986334e-06,5245.0,11425.0
10390,6.665346404257616e-06,5186.0,11298.0
10391,6.201166281148731e-06,4762.0,10514.0
10392,5.8993536908145596e-06,4640.0,9916.0
10393,5.702602445216967e-06,4453.0,9644.0
10394,5.268985622395087e-06,4180.0,8639.0
10395,5.144185479556485e-06,4044.0,8415.0
10396,4.995189390657336e-06,3814.0,8249.0
10397,4.891401516766049e-06,3816.0,8086.0
10398,4.567939922061916e-06,3612.0,7402.0
10399,4.317702900962064e-06,3463.0,6894.0
10400,4.110763888602137e-06,3185.0,6596.0
10401,3.821686006720884e-06,2987.0,5968.0
10402,3.6917919805011137e-06,2945.0,5769.0
10403,3.3549589419214157e-06,2622.0,5264.0
10404,2.7831705323853688e-06,2268.0,4505.0
10405,9.500092505877305e-07,715.0,376.0
10406,8.89519385436367e-07,696.0,301.0
10407,8.933397979722426e-07,660.0,306.0
10408,8.927030625495966e-07,678.0,304.0
10409,8.780581478287402e-07,699.0,302.0
10410,8.774214124060943e-07,680.0,308.0
10411,8.767846769834484e-07,668.0,311.0
10412,8.869724437457832e-07,716.0,309.0
10413,8.825152957872618e-07,674.0,310.0
10414,8.876091791684291e-07,753.0,322.0
10415,8.952500042401804e-07,712.0,322.0
10416,8.977969459307641e-07,727.0,323.0
10417,9.105316543836827e-07,728.0,324.0
10418,9.321806587536444e-07,739.0,328.0
10419,9.27086775372477e-07,721.0,329.0
10420,9.226296274139555e-07,745.0,332.0
10421,9.213561565686636e-07,708.0,333.0
10422,9.048010355798694e-07,735.0,334.0
10423,9.17535744032788e-07,712.0,334.0
10424,9.194459503007258e-07,779.0,335.0
10425,9.232663628366014e-07,688.0,340.0
10426,9.16899008610142e-07,744.0,312.0
10427,8.901561208590129e-07,699.0,302.0
10428,8.933397979722426e-07,748.0,299.0
10429,8.927030625495966e-07,692.0,302.0
10430,8.869724437457832e-07,706.0,301.0
10431,8.850622374778454e-07,721.0,303.0
10432,9.016173584666397e-07,639.0,304.0
10433,9.028908293119316e-07,694.0,304.0
10434,9.022540938892856e-07,693.0,307.0
10435,9.060745064251613e-07,748.0,308.0
10436,9.086214481157449e-07,747.0,305.0
10437,8.971602105081182e-07,698.0,305.0
10438,8.89519385436367e-07,713.0,306.0
10439,8.958867396628263e-07,707.0,305.0
10440,8.729642644475728e-07,692.0,297.0
10441,8.767846769834484e-07,663.0,297.0
10442,8.748744707155106e-07,681.0,294.0
10443,8.729642644475728e-07,731.0,294.0
10444,8.685071164890512e-07,676.0,295.0
10445,8.70417322756989e-07,670.0,292.0
10446,8.659601747984675e-07,686.0,294.0
10447,8.685071164890512e-07,662.0,295.0
10448,8.755112061381565e-07,698.0,305.0
10449,8.736009998702187e-07,691.0,305.0
10450,8.742377352928646e-07,689.0,307.0
10451,8.685071164890512e-07,731.0,314.0
10452,8.812418249419699e-07,733.0,321.0
10453,8.70417322756989e-07,663.0,318.0
10454,8.659601747984675e-07,669.0,315.0
10455,8.646867039531756e-07,654.0,309.0
10456,8.640499685305297e-07,630.0,309.0
10457,8.621397622625919e-07,687.0,310.0
10458,8.710540581796349e-07,733.0,307.0
10459,8.640499685305297e-07,701.0,308.0
10460,8.455846412737977e-07,682.0,305.0
10461,8.392172870473383e-07,681.0,306.0
10462,8.245723723264819e-07,637.0,304.0
10463,7.984662199979987e-07,616.0,305.0
10464,8.169315472547307e-07,630.0,304.0
10465,8.283927848623575e-07,661.0,305.0
10466,8.404907578926302e-07,658.0,309.0
10467,8.462213766964436e-07,713.0,311.0
10468,8.417642287379221e-07,668.0,304.0
10469,8.398540224699842e-07,691.0,310.0
10470,4.366094793083155e-06,3412.0,5037.0
10471,7.156906150540275e-06,5697.0,12432.0
10472,7.4249717634742125e-06,5804.0,13650.0
10473,7.444073826153591e-06,5864.0,13671.0
10474,7.47400039101795e-06,5840.0,13692.0
10475,7.476547332708533e-06,5811.0,13718.0
10476,7.495012659965266e-06,5781.0,13748.0
10477,7.477820803553825e-06,5873.0,13748.0
10478,7.502016749614371e-06,5932.0,13802.0
10479,7.509020839263476e-06,5914.0,13823.0
10480,7.523029018561686e-06,5902.0,13831.0
10481,7.523029018561686e-06,5912.0,13834.0
10482,7.572057646105423e-06,5887.0,13864.0
10483,7.598800533856552e-06,6109.0,13921.0
10484,7.622359744494452e-06,6211.0,13964.0
10485,7.656743457317332e-06,5989.0,13996.0
10486,7.712139439087528e-06,6106.0,14043.0
10487,7.724237412117801e-06,6174.0,14090.0
10488,7.729331295498969e-06,6026.0,14089.0
10489,7.75098029986893e-06,6160.0,14131.0
10490,7.757984389518035e-06,6075.0,14153.0
10491,7.770082362548309e-06,6117.0,14180.0
10492,7.786637483537102e-06,6210.0,14184.0
10493,7.799372191990021e-06,6073.0,14207.0
10494,7.824204873473213e-06,6168.0,14235.0
10495,7.842670200729944e-06,6139.0,14237.0
10496,7.84649061326582e-06,5993.0,14254.0
10497,7.937543778704188e-06,6204.0,14331.0
10498,7.940727455817418e-06,6179.0,14341.0
10499,7.994849966742322e-06,6237.0,14386.0
10500,8.029233679565202e-06,6282.0,14438.0
10501,8.050245948512518e-06,6446.0,14457.0
10502,8.085266396758044e-06,6360.0,14490.0
10503,8.103731724014776e-06,6423.0,14505.0
10504,8.127927670075321e-06,6298.0,14527.0
10505,8.168042001702015e-06,6435.0,14568.0
10506,8.192874683185206e-06,6419.0,14601.0
10507,8.22216451262692e-06,6178.0,14622.0
10508,8.246997194110111e-06,6447.0,14697.0
10509,8.266099256789489e-06,6393.0,14726.0
10510,8.293478879963263e-06,6493.0,14756.0
10511,8.350148332578752e-06,6464.0,14846.0
10512,8.369887130680775e-06,6507.0,14867.0
10513,8.417642287379221e-06,6766.0,14912.0
10514,8.428466789564202e-06,6549.0,14929.0
10515,8.488956654715566e-06,6713.0,14977.0
10516,8.534164869723427e-06,6697.0,15017.0
10517,8.604842501637126e-06,6552.0,15080.0
10518,8.655781335448799e-06,6804.0,15139.0
10519,8.711814052641641e-06,6862.0,15184.0
10520,8.78694883251386e-06,6841.0,15270.0
10521,8.880548939642814e-06,7129.0,15397.0
10522,8.903471414858067e-06,6888.0,15455.0
10523,8.913659181620402e-06,7044.0,15488.0
10524,8.946769423597991e-06,6984.0,15506.0
10525,8.97669598846235e-06,6979.0,15537.0
10526,9.01235317213052e-06,7044.0,15568.0
10527,9.12059819398033e-06,7186.0,15682.0
10528,9.132696167010603e-06,7111.0,15697.0
10529,9.23648404090189e-06,7293.0,15782.0
10530,9.220565655335741e-06,7304.0,15802.0
10531,7.197020482166969e-06,5681.0,13295.0
10532,5.248610088870417e-06,4101.0,9221.0
10533,4.455237752253586e-06,3477.0,7365.0
10534,3.98341680407295e-06,3016.0,5931.0
10535,3.780934939671544e-06,3096.0,5063.0
10536,3.6434000883800226e-06,2820.0,4319.0
10537,3.6376694695762094e-06,2806.0,3774.0
10538,3.6567715322555875e-06,2864.0,3640.0
10539,3.6204776131647694e-06,2860.0,3441.0
10540,3.6637756219046925e-06,2883.0,3432.0
10541,3.6453102946479606e-06,2915.0,3414.0
10542,3.686698097119946e-06,2923.0,3409.0
10543,3.6854246262746543e-06,2930.0,3435.0
10544,3.719808339097535e-06,2926.0,3431.0
10545,3.824232948411468e-06,2916.0,3550.0
10546,3.847155423626721e-06,3014.0,3554.0
10547,3.881539136449601e-06,3057.0,3578.0
10548,3.893000374057228e-06,3050.0,3645.0
10549,3.923563674344233e-06,3112.0,3688.0
10550,3.924200409766879e-06,3196.0,3719.0
10551,3.920379997231004e-06,2964.0,3717.0
10552,3.98978415829941e-06,3095.0,3818.0
10553,4.077016911201902e-06,3218.0,3935.0
10554,4.101212857262448e-06,3218.0,3963.0
10555,4.169343547485562e-06,3270.0,4031.0
10556,4.201180318617859e-06,3297.0,4085.0
10557,4.206910937421673e-06,3428.0,4110.0
10558,4.226013000101051e-06,3264.0,4123.0
10559,4.2393844439766155e-06,3400.0,4145.0
10560,4.255302829542763e-06,3386.0,4175.0
10561,4.3011477799732705e-06,3418.0,4210.0
10562,4.356543761743467e-06,3497.0,4291.0
10563,4.370551941041677e-06,3354.0,4293.0
10564,4.448233662604481e-06,3448.0,4367.0
10565,4.592772603545107e-06,3597.0,4512.0
10566,4.660903293768222e-06,3692.0,4595.0
10567,4.732217661104567e-06,3780.0,4640.0
10568,4.8098993826673705e-06,3769.0,4748.0
10569,4.900315812683093e-06,3894.0,4870.0
10570,4.958895471566518e-06,3843.0,4911.0
10571,5.0263894263669874e-06,3971.0,4982.0
10572,5.134634448216795e-06,4053.0,5078.0
10573,5.204675344707848e-06,4071.0,5167.0
10574,5.276626447466838e-06,4160.0,5215.0
10575,5.3014591289500296e-06,4120.0,5223.0
10576,5.351124491916412e-06,4326.0,5257.0
10577,5.357491846142872e-06,4278.0,5312.0
10578,5.4319898905924456e-06,4233.0,5390.0
10579,5.461279720034159e-06,4402.0,5425.0
10580,5.475924634755015e-06,4282.0,5490.0
10581,5.526226733144044e-06,4344.0,5513.0
10582,5.629377871612685e-06,4417.0,5606.0
10583,5.717884095360469e-06,4461.0,5728.0
10584,5.750994337338057e-06,4518.0,5763.0
10585,5.811484202489421e-06,4563.0,5815.0
10586,6.0267007753437465e-06,4723.0,6009.0
10587,6.056627340208105e-06,4803.0,6020.0
10588,6.0165130085814115e-06,4702.0,6006.0
10589,6.281394944402119e-06,4879.0,6386.0
10590,6.2603826754548035e-06,4817.0,6378.0
10591,6.281394944402119e-06,4917.0,6357.0
10592,6.376268522376363e-06,5023.0,6447.0
10593,6.459044127320334e-06,5103.0,6629.0
10594,6.495974781833798e-06,5135.0,6681.0
10595,6.613770835023295e-06,5271.0,6794.0
10596,6.669803552216138e-06,5217.0,6905.0
10597,6.7207423860278124e-06,5366.0,6955.0
10598,6.8207098473832236e-06,5417.0,7049.0
10599,7.015550886712878e-06,5676.0,7252.0
10600,7.0849550477812854e-06,5648.0,7412.0
10601,7.154359208849692e-06,5652.0,7448.0
10602,7.14990206089117e-06,5646.0,7439.0
10603,7.3600247503643275e-06,5716.0,7635.0
10604,7.35493086698316e-06,5872.0,7641.0
10605,7.536400462437251e-06,5801.0,7818.0
10606,7.562506614765734e-06,5966.0,7850.0
10607,7.627453627875619e-06,5881.0,7931.0
10608,7.762441537476557e-06,6193.0,8190.0
10609,7.8573151154508e-06,6124.0,8217.0
10610,7.84330693615259e-06,6220.0,8258.0
10611,7.905070272149246e-06,6153.0,8270.0
10612,8.01076835230847e-06,6267.0,8403.0
10613,8.19860530198902e-06,6537.0,8611.0
10614,8.308123794684121e-06,6477.0,8758.0
10615,8.355878951382565e-06,6715.0,8869.0
10616,8.42719331871891e-06,6640.0,8945.0
10617,8.50869545281759e-06,6740.0,9070.0
10618,8.48831991929292e-06,6692.0,9038.0
10619,8.574915936772765e-06,6757.0,9170.0
10620,8.534801605146071e-06,6519.0,9174.0
10621,8.68698137115845e-06,6796.0,9303.0
10622,8.757659003072148e-06,6888.0,9365.0
10623,8.772303917793005e-06,6828.0,9336.0
10624,8.764663092721254e-06,6986.0,9375.0
10625,8.786312097091215e-06,6721.0,9383.0
10626,8.808597836883823e-06,6919.0,9412.0
10627,8.893920383518378e-06,7048.0,9494.0
10628,8.855079522736976e-06,6911.0,9446.0
10629,8.953773513247095e-06,6914.0,9554.0
10630,8.983700078111454e-06,6958.0,9585.0
10631,8.98752049064733e-06,7084.0,9642.0
10632,8.979879665575579e-06,6989.0,9643.0
10633,9.005985817904062e-06,7027.0,9657.0
10634,9.084304274889511e-06,7117.0,9728.0
10635,9.274688166260645e-06,7307.0,9909.0
10636,9.329447412608195e-06,7258.0,10031.0
10637,9.491814945382908e-06,7381.0,10233.0
10638,9.479716972352636e-06,7509.0,10249.0
10639,9.454884290869443e-06,7604.0,10227.0
10640,9.418590371778626e-06,7254.0,10223.0
10641,9.433872021922129e-06,7465.0,10229.0
10642,9.437692434458004e-06,7455.0,10226.0
10643,9.48035370777528e-06,7473.0,10250.0
10644,9.55421501680221e-06,7537.0,10393.0
10645,9.587961994202444e-06,7457.0,10432.0
10646,9.71849275584486e-06,7591.0,10600.0
10647,9.802541831634122e-06,7718.0,10671.0
10648,9.898688880453658e-06,7741.0,10819.0
10649,1.000948084399405e-05,7829.0,10966.0
10650,1.002221555244697e-05,7855.0,11024.0
10651,1.0030493112941367e-05,7893.0,11048.0
10652,1.0059782942383079e-05,7893.0,11089.0
10653,1.0339309792924644e-05,8109.0,11399.0
10654,1.0426542545827136e-05,8317.0,11495.0
10655,1.0403620070611883e-05,8416.0,11508.0
10656,1.0320207730245265e-05,8035.0,11430.0
10657,1.0303015873833826e-05,8009.0,11363.0
10658,1.0290281165380906e-05,7950.0,11387.0
10659,1.0409987424838341e-05,8296.0,11620.0
10660,1.0399162922653362e-05,8298.0,11600.0
10661,1.0455195639846204e-05,8276.0,11629.0
10662,1.0599097845364184e-05,8256.0,11865.0
10663,1.0545612069861926e-05,8339.0,11830.0
10664,1.0734085754965121e-05,8361.0,12135.0
10665,1.0747457198840685e-05,8461.0,12248.0
10666,1.0764649055252126e-05,8534.0,12247.0
10667,1.0792665413848546e-05,8389.0,12272.0
10668,1.1025073843114312e-05,8868.0,12541.0
10669,1.1166429106941709e-05,8728.0,12701.0
10670,1.1254935330689493e-05,8900.0,12901.0
10671,1.144977637001915e-05,8884.0,13075.0
10672,1.1466968226430589e-05,9112.0,13075.0
10673,1.1534462181231058e-05,9035.0,13220.0
10674,1.1566935687786e-05,9259.0,13268.0
10675,1.1647164351039387e-05,9070.0,13401.0
10676,1.166881335540935e-05,9124.0,13472.0
10677,1.156375201067277e-05,9062.0,13487.0
10678,1.158412754419744e-05,8928.0,13547.0
10679,1.1608960225680632e-05,9170.0,13558.0
10680,1.154656015426133e-05,9062.0,13407.0
10681,1.1656715382379078e-05,9099.0,13621.0
10682,1.1683458270130206e-05,9206.0,13685.0
10683,1.1718478718375732e-05,8898.0,13721.0
10684,1.168918888893402e-05,9396.0,13684.0
10685,1.182990741733877e-05,9320.0,13913.0
10686,1.1819719650576435e-05,9231.0,13979.0
10687,1.1799344117051765e-05,9255.0,13946.0
10688,1.1862380923893713e-05,9298.0,14083.0
10689,1.191140955143745e-05,9263.0,14117.0
10690,1.2179475164371388e-05,9501.0,14544.0
10691,1.2267981388119172e-05,9782.0,14791.0
10692,1.2295361011292947e-05,9660.0,14860.0
10693,1.2331018194961118e-05,9655.0,14906.0
10694,1.2179475164371388e-05,9602.0,14777.0
10695,1.2294087540447655e-05,9610.0,14976.0
10696,1.2269254858964464e-05,9562.0,15008.0
10697,1.2353940670176373e-05,9787.0,15153.0
10698,1.2350756993063142e-05,9672.0,15232.0
10699,1.2225320114801893e-05,9646.0,15102.0
10700,1.2155279218310841e-05,9369.0,15067.0
10701,1.2232324204451e-05,9615.0,15250.0
10702,1.2135540420208817e-05,9500.0,15197.0
10703,1.2060405640336597e-05,9496.0,15096.0
10704,1.2148911864084383e-05,9586.0,15237.0
10705,1.2143817980703215e-05,9440.0,15329.0
10706,1.2398512149761588e-05,9705.0,15702.0
10707,1.2511851054992563e-05,9658.0,15936.0
10708,1.2616912399729143e-05,9800.0,16235.0
10709,1.2706692094322219e-05,9951.0,16458.0
10710,1.2749990103062142e-05,10088.0,16519.0
10711,1.2752537044752726e-05,9947.0,16544.0
10712,1.2821304470398487e-05,9891.0,16854.0
10713,1.2853141241530784e-05,10105.0,16873.0
10714,1.3040341455788686e-05,10371.0,17198.0
10715,1.3166415069472581e-05,10264.0,17410.0
10716,1.327147641420916e-05,10429.0,17659.0
10717,1.3267019266250638e-05,10340.0,17652.0
10718,1.3221174315820131e-05,10539.0,17643.0
10719,1.3174055894544333e-05,10398.0,17608.0
10720,1.3109745616857094e-05,10278.0,17538.0
10721,1.3126937473268534e-05,10214.0,17644.0
10722,1.317596610081227e-05,10264.0,17670.0
10723,1.331859483548496e-05,10496.0,17903.0
10724,1.3293125418579122e-05,10463.0,17917.0
10725,1.3400733705006285e-05,10425.0,18106.0
10726,1.3563737973203643e-05,10688.0,18681.0
10727,1.3649697255260844e-05,10741.0,18910.0
10728,1.3603852304830336e-05,10778.0,18973.0
10729,1.365670134490995e-05,10817.0,19039.0
10730,1.376303616049182e-05,10815.0,19202.0
10731,1.3810154581767618e-05,10953.0,19318.0
10732,1.3835623998673456e-05,10626.0,19344.0
10733,1.3950236374749723e-05,10906.0,19602.0
10734,1.3943869020523265e-05,11140.0,19665.0
10735,1.3868734240651045e-05,10988.0,19529.0
10736,1.4011999710746379e-05,10780.0,19884.0
10737,1.389611386382482e-05,10931.0,19830.0
10738,1.3905664895164508e-05,10821.0,19834.0
10739,1.3926040428689178e-05,10958.0,19949.0
10740,1.3957240464398829e-05,11069.0,20049.0
10741,1.414507741407938e-05,11050.0,20563.0
10742,1.4257142848465062e-05,11059.0,20665.0
10743,1.426860408607269e-05,10888.0,20823.0
10744,1.4192195835355178e-05,11236.0,20772.0
10745,1.4550041142882192e-05,11566.0,21651.0
10746,1.456595952844834e-05,11433.0,21799.0
10747,1.4611167743456201e-05,11294.0,21934.0
10748,1.4625812658177058e-05,11462.0,21988.0
10749,1.4608620801765617e-05,11517.0,21978.0
10750,1.4611804478878847e-05,11560.0,21977.0
10751,1.4746792388479785e-05,11416.0,22249.0
10752,1.4746155653057139e-05,11641.0,22407.0
10753,1.460671059549768e-05,11397.0,22182.0
10754,1.457360035352009e-05,11453.0,22187.0
10755,1.4572963618097444e-05,11344.0,22307.0
10756,1.4547494201191609e-05,11364.0,22212.0
10757,1.4730874002913636e-05,11548.0,22482.0
10758,1.487923335639014e-05,11636.0,22824.0
10759,1.4679935169101961e-05,11486.0,22646.0
10760,1.4513747223791373e-05,11366.0,22447.0
10761,1.446408186082499e-05,11268.0,22280.0
10762,1.4685665787905775e-05,11770.0,22837.0
10763,1.4884327239771307e-05,11868.0,23368.0
10764,1.4844212908144613e-05,11733.0,23378.0
10765,1.4932719131892397e-05,11680.0,23578.0
10766,1.4912343598367727e-05,11800.0,23641.0
10767,1.5000213086692866e-05,11789.0,23899.0
10768,1.497920081774555e-05,11824.0,23843.0
10769,1.5023772297330765e-05,11773.0,23981.0
10770,1.5046694772546018e-05,11652.0,24032.0
10771,1.50339600640931e-05,11623.0,24122.0
10772,1.5021862091062827e-05,11648.0,24089.0
10773,1.4958188548798234e-05,11543.0,24045.0
10774,1.4943543634077378e-05,11812.0,24122.0
10775,1.5179772475879019e-05,11842.0,24676.0
10776,1.5029502916134579e-05,11807.0,24443.0
10777,1.5125649964954115e-05,12072.0,24618.0
10778,1.5288654233151473e-05,11772.0,24918.0
10779,1.560383826736121e-05,12289.0,25597.0
10780,1.5497503451779337e-05,12160.0,25531.0
10781,1.5022498826485473e-05,11966.0,24918.0
10782,1.511673566903707e-05,11799.0,25041.0
10783,1.5142841821365554e-05,11966.0,25206.0
10784,1.5184866359260186e-05,11834.0,25273.0
10785,1.5253633784905946e-05,12010.0,25426.0
10786,1.5230711309690694e-05,11925.0,25443.0
10787,1.5161943884044932e-05,11899.0,25441.0
10788,1.5142841821365554e-05,11736.0,25432.0
10789,1.5282286878925014e-05,12092.0,25688.0
10790,1.528419708519295e-05,11897.0,25745.0
10791,1.5282286878925014e-05,11958.0,25771.0
10792,1.5269552170472095e-05,12069.0,25716.0
10793,1.5487315685017002e-05,12143.0,26241.0
10794,1.5431282967824162e-05,12085.0,26254.0
10795,1.5272735847585324e-05,12017.0,25999.0
10796,1.5261274609977697e-05,11954.0,25949.0
10797,1.515748673608641e-05,11816.0,25917.0
10798,1.5146025498478785e-05,11998.0,25906.0
10799,1.5011037588877846e-05,11744.0,25769.0
10800,1.4877959885544847e-05,11556.0,25527.0
10801,1.4987478378239947e-05,11790.0,25661.0
10802,1.497601714063232e-05,11718.0,25584.0
10803,1.5056882539308353e-05,11812.0,25855.0
10804,1.5081715220791544e-05,11850.0,26000.0
10805,1.5091266252131233e-05,11940.0,26004.0
10806,1.5035233534938393e-05,11673.0,25982.0
10807,1.493399260273769e-05,11792.0,25781.0
10808,1.5197601067713104e-05,11919.0,26237.0
10809,1.5305846089562913e-05,12055.0,26535.0
10810,1.542045846563918e-05,12016.0,26840.0
10811,1.540008293211451e-05,12030.0,26842.0
10812,1.5535707577138096e-05,12047.0,27164.0
10813,1.6315071734456715e-05,12821.0,29016.0
10814,1.6428410639687692e-05,12966.0,29537.0
10815,1.6462157617087926e-05,12744.0,29689.0
10816,1.634245135763049e-05,12701.0,29707.0
10817,1.597123460622791e-05,12407.0,28946.0
10818,1.5748377208301834e-05,12294.0,28553.0
10819,1.5615936240391483e-05,12183.0,28296.0
10820,1.560383826736121e-05,12197.0,28346.0
10821,1.55815525275686e-05,12071.0,28342.0
10822,1.5976965225031725e-05,12516.0,29066.0
10823,1.6050189798636006e-05,12715.0,29444.0
10824,1.6038091825605735e-05,12584.0,29306.0
10825,1.6106859251251495e-05,12621.0,29489.0
10826,1.6344361563898428e-05,12819.0,30186.0
10827,1.6337357474249322e-05,12714.0,30213.0
10828,1.6316981940724652e-05,12863.0,30196.0
10829,1.6324622765796406e-05,12900.0,30221.0
10830,1.6339267680517262e-05,12978.0,30346.0
10831,1.640230448735921e-05,12773.0,30731.0
10832,1.6523284217661936e-05,13064.0,30990.0
10833,1.647234538385026e-05,12893.0,31041.0
10834,1.658059040570007e-05,12943.0,31278.0
10835,1.687921931892101e-05,13179.0,32088.0
10836,1.6513733186322245e-05,12841.0,31282.0
10837,1.657422305147361e-05,12969.0,31418.0
10838,1.650991277378637e-05,12803.0,31307.0
10839,1.6704753813116025e-05,13235.0,31807.0
10840,1.6706027283961317e-05,13020.0,31855.0
10841,1.6751235498969178e-05,13233.0,31938.0
10842,1.674486814474272e-05,13114.0,32064.0
10843,1.6776704915875017e-05,13169.0,32156.0
10844,1.67556926469277e-05,13144.0,32165.0
10845,1.682191313088288e-05,13097.0,32369.0
10846,1.6707937490229254e-05,13160.0,32347.0
10847,1.673850079051626e-05,13219.0,32563.0
10848,1.653156177815633e-05,12901.0,32281.0
10849,1.6368557509958974e-05,12639.0,32024.0
10850,1.632080235326053e-05,12603.0,31991.0
10851,1.6587594495349174e-05,13180.0,32428.0
10852,1.6690745633817816e-05,13226.0,32815.0
10853,1.643159431680092e-05,12944.0,32631.0
10854,1.6295969671777337e-05,12631.0,32392.0
10855,1.6238026748316557e-05,12593.0,32347.0
10856,1.6125961313930872e-05,12816.0,32350.0
10857,1.6106859251251495e-05,12631.0,32349.0
10858,1.605273674032659e-05,12831.0,32215.0
10859,1.613105519731204e-05,12734.0,32568.0
10860,1.617053279351609e-05,12524.0,32654.0
10861,1.617180626436138e-05,12662.0,32757.0
10862,1.6136785816115855e-05,12481.0,32706.0
10863,1.6227838981554222e-05,12885.0,33080.0
10864,1.627177372571679e-05,12780.0,33276.0
10865,1.6263496165222396e-05,12750.0,33350.0
10866,1.5997340758556395e-05,12545.0,32818.0
10867,1.6071202067583324e-05,12479.0,33190.0
10868,1.5889095736706587e-05,12367.0,32887.0
10869,1.5726728203931876e-05,12132.0,32597.0
10870,1.53943523133107e-05,12165.0,32045.0
10871,1.5428736026133577e-05,12217.0,32211.0
10872,1.5524883074953113e-05,11996.0,32539.0
10873,1.5269552170472095e-05,11804.0,32037.0
10874,1.5206515363630147e-05,11808.0,31993.0
10875,1.5149209175592014e-05,11694.0,31913.0
10876,1.5082988691636837e-05,11750.0,31794.0
10877,1.5235168457649215e-05,11700.0,32379.0
10878,1.5235168457649215e-05,11747.0,32561.0
10879,1.5238352134762444e-05,11886.0,32615.0
10880,1.502759270986664e-05,11766.0,32306.0
10881,1.5216703130392482e-05,11796.0,32921.0
10882,1.5377797192321903e-05,12181.0,33429.0
10883,1.5343413479499024e-05,12190.0,33488.0
10884,1.5168947973694038e-05,11718.0,33074.0
10885,1.5186776565528123e-05,11872.0,33147.0
10886,1.5221797013773649e-05,11934.0,33443.0
10887,1.5298205264491163e-05,11955.0,33877.0
10888,1.5195690861445167e-05,11918.0,33773.0
10889,1.5251723578638008e-05,11935.0,34135.0
10890,1.5383527811125716e-05,12034.0,34680.0
10891,1.542173193648447e-05,11798.0,34935.0
10892,1.533449918358198e-05,12199.0,35131.0
10893,1.535296451083871e-05,12085.0,35214.0
10894,1.5174041857075205e-05,12050.0,34897.0
10895,1.5103364225161507e-05,11761.0,34758.0
10896,1.4923168100552708e-05,11504.0,34456.0
10897,1.5090629516708589e-05,11769.0,35072.0
10898,1.5028229445289287e-05,11849.0,35028.0
10899,1.4798367957714106e-05,11565.0,34616.0
10900,1.4678661698256669e-05,11393.0,34349.0
10901,1.472259644241924e-05,11662.0,34540.0
10902,1.471622908819278e-05,11469.0,34637.0
10903,1.4586971797395656e-05,11429.0,34610.0
10904,1.380060355042793e-05,10674.0,33054.0
10905,1.3606399246520921e-05,10750.0,32411.0
10906,1.3618497219551193e-05,10649.0,32483.0
10907,1.36019420985624e-05,10630.0,32595.0
10908,1.3597484950603878e-05,10615.0,32709.0
10909,1.3654791138642011e-05,10800.0,32935.0
10910,1.36879013806196e-05,10777.0,33009.0
10911,1.3749027981193609e-05,10730.0,33131.0
10912,1.3885926097062484e-05,10731.0,33801.0
10913,1.3576472681656562e-05,10604.0,33393.0
10914,1.3557370618977183e-05,10544.0,33487.0
10915,1.3451035803395314e-05,10726.0,33388.0
10916,1.3333876485628462e-05,10595.0,33197.0
10917,1.3265109059982702e-05,10369.0,33112.0
10918,1.3372080610987217e-05,10384.0,33319.0
10919,1.365797481575524e-05,10746.0,34494.0
10920,1.3684080968083724e-05,10769.0,34982.0
10921,1.3543999175101619e-05,10702.0,34805.0
10922,1.3426839857334767e-05,10478.0,34486.0
10923,1.3226904934623945e-05,10347.0,34229.0
10924,1.3299492772805582e-05,10408.0,34692.0
10925,1.3364439785915467e-05,10413.0,35092.0
10926,1.2993223034512888e-05,10356.0,34591.0
10927,1.297093729472028e-05,10196.0,34590.0
10928,1.2919998460908605e-05,10060.0,34429.0
10929,1.3163868127781998e-05,10391.0,35231.0
10930,1.326383558913741e-05,10444.0,36006.0
10931,1.3253011086952428e-05,10251.0,35975.0
10932,1.317278242369904e-05,10104.0,36062.0
10933,1.3067721078962462e-05,10282.0,35989.0
10934,1.2976667913524094e-05,10159.0,35834.0
10935,1.2807933026522923e-05,10015.0,35468.0
10936,1.279265137637942e-05,10072.0,35510.0
10937,1.2902806604497166e-05,10199.0,36043.0
10938,1.3061353724736002e-05,10305.0,36723.0
10939,1.3125027267000595e-05,10221.0,37058.0
10940,1.3156864038132892e-05,10345.0,37453.0
10941,1.2955655644576778e-05,10347.0,37300.0
10942,1.2781826874194439e-05,10067.0,36953.0
10943,1.2689500237910778e-05,10005.0,36632.0
10944,1.2737255394609224e-05,10067.0,36909.0
10945,1.2667851233540816e-05,10188.0,36713.0
10946,1.266594102727288e-05,9787.0,36595.0
10947,1.2797108524337941e-05,10025.0,37074.0
10948,1.2897712721115999e-05,10004.0,37502.0
10949,1.2927002550557711e-05,10127.0,37551.0
10950,1.2881157600127204e-05,10087.0,37445.0
10951,1.2842953474768449e-05,10293.0,37602.0
10952,1.2798381995183232e-05,10146.0,37603.0
10953,1.2563426624226884e-05,9703.0,37193.0
10954,1.261245525177062e-05,9774.0,37360.0
10955,1.272070027362043e-05,10004.0,37772.0
10956,1.2600994014162994e-05,9897.0,37586.0
10957,1.2616912399729143e-05,9965.0,37651.0
10958,1.2627736901914122e-05,9869.0,37723.0
10959,1.2636651197831167e-05,9953.0,37762.0
10960,1.2641108345789688e-05,9829.0,37914.0
10961,1.2741712542567745e-05,10005.0,38347.0
10962,1.2729614569537472e-05,9965.0,38475.0
10963,1.2791377905534128e-05,9891.0,38565.0
10964,1.2818120793285257e-05,10160.0,38639.0
10965,1.2904716810765103e-05,10097.0,38939.0
10966,1.2885614748085725e-05,9945.0,39028.0
10967,1.2939737259010629e-05,10195.0,39161.0
10968,1.3128210944113826e-05,10447.0,39919.0
10969,1.3277207033012973e-05,10423.0,40574.0
10970,1.3245370261880678e-05,10491.0,40678.0
10971,1.33357866918964e-05,10306.0,40914.0
10972,1.314476606510262e-05,10360.0,40331.0
10973,1.3228178405469237e-05,10362.0,40678.0
10974,1.3168962011163166e-05,10533.0,40508.0
10975,1.3344064252390797e-05,10449.0,41077.0
10976,1.3376537758945738e-05,10287.0,41487.0
10977,1.32027089885634e-05,10427.0,40942.0
10978,1.3116749706506199e-05,10312.0,40513.0
10979,1.3157500773555538e-05,10404.0,40645.0
10980,1.3152406890174371e-05,10380.0,40685.0
10981,1.321990084497484e-05,10327.0,40694.0
10982,1.3333239750205816e-05,10333.0,41193.0
10983,1.3173419159121687e-05,10445.0,40905.0
10984,1.3256194764065657e-05,10378.0,41125.0
10985,1.3218627374129548e-05,10427.0,40858.0
10986,1.3308407068722624e-05,10412.0,41068.0
10987,1.3306496862454686e-05,10537.0,41190.0
10988,1.3235182495118343e-05,10526.0,40998.0
10989,1.318870080926519e-05,10186.0,40891.0
10990,1.3216080432438964e-05,10394.0,41108.0
10991,1.3280390710126204e-05,10490.0,41366.0
10992,1.3245370261880678e-05,10606.0,41283.0
10993,1.3449125597127375e-05,10512.0,41992.0
10994,1.3577746152501853e-05,10720.0,42379.0
10995,1.366752584709493e-05,10645.0,42580.0
10996,1.3696815676536643e-05,10750.0,42790.0
10997,1.3714007532948082e-05,10647.0,42875.0
10998,1.3936864930874159e-05,10858.0,43716.0
10999,1.4006905827365212e-05,10945.0,43974.0
11000,1.405084057152778e-05,11095.0,44215.0
11001,1.4148261091192609e-05,11226.0,44664.0
11002,1.40635752799807e-05,11111.0,44532.0
11003,1.4023460948354006e-05,10814.0,44528.0
11004,1.4082677342660078e-05,10988.0,44838.0
11005,1.4041289540188092e-05,11008.0,44544.0
11006,1.4194742777045762e-05,11043.0,45198.0
11007,1.4167363153871986e-05,11226.0,45125.0
11008,1.4054024248641011e-05,10929.0,44848.0
11009,1.3721648358019834e-05,10912.0,44125.0
11010,1.3510252197701385e-05,10708.0,43126.0
11011,1.351725628735049e-05,10738.0,43048.0
11012,1.3539542027143098e-05,10643.0,42960.0
11013,1.3578382887924499e-05,10634.0,43146.0
11014,1.3820342348529953e-05,10975.0,44082.0
11015,1.3749027981193609e-05,10641.0,43729.0
11016,1.3714007532948082e-05,10749.0,43593.0
11017,1.3608309452788858e-05,10507.0,43234.0
11018,1.3721011622597188e-05,10733.0,43678.0
11019,1.3716554474638667e-05,10697.0,43773.0
11020,1.350643178516551e-05,10529.0,43136.0
11021,1.3350431606617256e-05,10320.0,42545.0
11022,1.3348521400349318e-05,10558.0,42535.0
11023,1.3324962189711419e-05,10532.0,42292.0
11024,1.3345337723236089e-05,10567.0,42210.0
11025,1.3290578476888539e-05,10624.0,42133.0
11026,1.3405190852964806e-05,10469.0,42431.0
11027,1.3368896933873988e-05,10457.0,42244.0
11028,1.343129700529329e-05,10600.0,42035.0
11029,1.3362529579647528e-05,10438.0,41582.0
11030,1.3580293094192437e-05,10622.0,41949.0
11031,1.3935591460028867e-05,10760.0,43314.0
11032,1.406039160286747e-05,11019.0,43708.0
11033,1.4242497933744206e-05,11171.0,44553.0
11034,1.4373028695386622e-05,11377.0,45196.0
11035,1.4304261269740862e-05,11272.0,44804.0
11036,1.4366661341160164e-05,11151.0,45020.0
11037,1.4311265359389968e-05,11357.0,45027.0
11038,1.4163542741336111e-05,10844.0,44562.0
11039,1.419346930620047e-05,11073.0,44714.0
11040,1.4163542741336111e-05,10905.0,44722.0
11041,1.4163542741336111e-05,11252.0,44869.0
11042,1.4142530472388795e-05,10927.0,44612.0
11043,1.4192832570777824e-05,11296.0,44542.0
11044,1.438894708095277e-05,11377.0,45208.0
11045,1.4315085771925843e-05,11011.0,44915.0
11046,1.43061714760088e-05,11252.0,44565.0
11047,1.4342465395099617e-05,11289.0,44808.0
11048,1.430935515312203e-05,11219.0,44797.0
11049,1.4352016426439306e-05,11466.0,44864.0
11050,1.4372391959963976e-05,11343.0,44916.0
11051,1.4478726775545847e-05,11233.0,45074.0
11052,1.4574237088942737e-05,11349.0,44957.0
11053,1.4551314613727484e-05,11401.0,44790.0
11054,1.4632180012403517e-05,11453.0,45167.0
11055,1.4630906541558225e-05,11460.0,45189.0
11056,1.4678661698256669e-05,11550.0,45036.0
11057,1.4641731043743206e-05,11437.0,44875.0
11058,1.4589518739086239e-05,11388.0,44772.0
11059,1.443606550222857e-05,11364.0,43992.0
11060,1.4281338794525608e-05,11321.0,43219.0
11061,1.4251412229661249e-05,11152.0,43012.0
11062,1.4292163296710589e-05,11138.0,43014.0
11063,1.458633506197301e-05,11390.0,44011.0
11064,1.4510563546678144e-05,11349.0,43690.0
11065,1.451438395921402e-05,11320.0,43656.0
11066,1.4499102309070517e-05,11311.0,43591.0
11067,1.448445739434966e-05,11508.0,43329.0
11068,1.4572963618097444e-05,11467.0,43601.0
11069,1.4555135026263359e-05,11468.0,43576.0
11070,1.4486367600617599e-05,11263.0,43291.0
11071,1.4509926811255498e-05,11364.0,43263.0
11072,1.4362204193201641e-05,11366.0,42610.0
11073,1.4426514470888881e-05,11257.0,42571.0
11074,1.4751249536438306e-05,11537.0,43554.0
11075,1.470858826312103e-05,11520.0,43388.0
11076,1.4811102666167024e-05,11639.0,43494.0
11077,1.4700310702626631e-05,11578.0,43263.0
11078,1.4757616890664766e-05,11588.0,43289.0
11079,1.4711771940234259e-05,11535.0,43123.0
11080,1.488369050434866e-05,11666.0,43311.0
11081,1.505560906846306e-05,11730.0,43695.0
11082,1.5132017319180573e-05,11950.0,43823.0
11083,1.5136474467139094e-05,11865.0,43831.0
11084,1.4995755938734343e-05,11846.0,43140.0
11085,1.4997666145002282e-05,11738.0,42961.0
11086,1.5022498826485473e-05,11775.0,43051.0
11087,1.5089992781285943e-05,11827.0,43230.0
11088,1.5037780476628975e-05,11704.0,43054.0
11089,1.4953731400839713e-05,11480.0,42484.0
11090,1.4922531365130062e-05,11759.0,42172.0
11091,1.4971559992673798e-05,11620.0,42267.0
11092,1.4821927168352005e-05,11643.0,41780.0
11093,1.500276002838345e-05,11915.0,42055.0
11094,1.489324153568835e-05,11884.0,41409.0
11095,1.5034596799515746e-05,11786.0,41599.0
11096,1.5095723400089756e-05,11761.0,41818.0
11097,1.507471113114244e-05,11821.0,41611.0
11098,1.5144115292210846e-05,11804.0,41783.0
11099,1.5226254161732172e-05,11936.0,41868.0
11100,1.5265731757936218e-05,11991.0,42021.0
11101,1.5242809282720965e-05,11957.0,41932.0
11102,1.5181045946724311e-05,11762.0,41764.0
11103,1.5166401032003453e-05,11846.0,41784.0
11104,1.5152392852705243e-05,11936.0,41522.0
11105,1.5079805014523608e-05,11697.0,40984.0
11106,1.505115192050454e-05,11706.0,40850.0
11107,1.5053062126772478e-05,11713.0,40820.0
11108,1.5101454018893568e-05,11974.0,41023.0
11109,1.49868416428173e-05,11666.0,40463.0
11110,1.5075347866565086e-05,11795.0,40626.0
11111,1.5035870270361037e-05,11682.0,40516.0
11112,1.5101454018893568e-05,11911.0,40638.0
11113,1.5144115292210846e-05,11949.0,40712.0
11114,1.5163217354890224e-05,11914.0,40797.0
11115,1.514666223390143e-05,11833.0,40765.0
11116,1.5223070484618941e-05,12234.0,40803.0
11117,1.5251086843215363e-05,12114.0,40700.0
11118,1.5383527811125716e-05,11810.0,41064.0
11119,1.5302025677027037e-05,12035.0,40983.0
11120,1.5277192995543845e-05,11937.0,40933.0
11121,1.504032741831956e-05,11720.0,40363.0
11122,1.4922531365130062e-05,11677.0,39523.0
11123,1.4990662055353176e-05,11711.0,39488.0
11124,1.4903429302450684e-05,11640.0,38868.0
11125,1.4956915077952942e-05,11781.0,38781.0
11126,1.5175315327920497e-05,11871.0,39378.0
11127,1.5147298969324075e-05,11801.0,39215.0
11128,1.5195690861445167e-05,11658.0,39358.0
11129,1.5247903166102133e-05,12103.0,39456.0
11130,1.5250450107792717e-05,12149.0,39290.0
11131,1.5382254340280424e-05,11990.0,39656.0
11132,1.531730732717054e-05,12047.0,39315.0
11133,1.5411544169722136e-05,12176.0,39621.0
11134,1.532813182935552e-05,11904.0,39578.0
11135,1.527464605385326e-05,12055.0,39476.0
11136,1.5237715399339798e-05,11773.0,39405.0
11137,1.5223707220041588e-05,11980.0,39348.0
11138,1.5179772475879019e-05,11920.0,39081.0
11139,1.526891543504945e-05,12117.0,39124.0
11140,1.5356784923374588e-05,11945.0,39337.0
11141,1.5736915970694207e-05,12313.0,40617.0
11142,1.5619756652927357e-05,12256.0,40411.0
11143,1.5429372761556225e-05,12107.0,40035.0
11144,1.542364214275241e-05,12086.0,40012.0
11145,1.5308393031253498e-05,11900.0,39568.0
11146,1.5460572797265874e-05,12156.0,40068.0
11147,1.5349780833725482e-05,11977.0,39912.0
11148,1.53943523133107e-05,12129.0,39978.0
11149,1.5430646232401514e-05,12299.0,39973.0
11150,1.5520425926994592e-05,12034.0,40099.0
11151,1.5687250607727825e-05,12349.0,40745.0
11152,1.5650319953214362e-05,12352.0,40649.0
11153,1.5560540258621287e-05,12184.0,40431.0
11154,1.5289927703996765e-05,12208.0,39432.0
11155,1.5219886807505712e-05,12023.0,39428.0
11156,1.5309029766676142e-05,12070.0,39656.0
11157,1.5174041857075205e-05,11833.0,39122.0
11158,1.5338956331540503e-05,11965.0,39569.0
11159,1.5366972690136923e-05,12055.0,39640.0
11160,1.5456115649307353e-05,11980.0,39736.0
11161,1.5510238160232257e-05,12433.0,39902.0
11162,1.5488589155862295e-05,12244.0,39999.0
11163,1.5489225891284943e-05,12323.0,40297.0
11164,1.5275919524698553e-05,11881.0,39647.0
11165,1.491489054005831e-05,11713.0,38306.0
11166,1.5003396763806095e-05,11771.0,38668.0
11167,1.4997666145002282e-05,11664.0,38835.0
11168,1.5440197263741205e-05,12221.0,40081.0
11169,1.546120953268852e-05,12095.0,40043.0
11170,1.550196059973786e-05,12140.0,40272.0
11171,1.5371429838095444e-05,11931.0,40118.0
11172,1.5221797013773649e-05,11974.0,39776.0
11173,1.5219886807505712e-05,11864.0,39765.0
11174,1.5250450107792717e-05,11944.0,39938.0
11175,1.5255543991173885e-05,12060.0,40198.0
11176,1.5313486914634664e-05,11907.0,40479.0
11177,1.5179135740456373e-05,11934.0,40071.0
11178,1.5120556081572947e-05,11878.0,39859.0
11179,1.5144115292210846e-05,11939.0,39969.0
11180,1.5074074395719794e-05,11928.0,39830.0
11181,1.501995188479489e-05,11857.0,39798.0
11182,1.4857584352020177e-05,11760.0,39190.0
11183,1.4925078306820645e-05,11560.0,39370.0
11184,1.4827657787155818e-05,11554.0,39452.0
11185,1.5004033499228742e-05,11779.0,40087.0
11186,1.47678046574271e-05,11774.0,39603.0
11187,1.4683118846215192e-05,11522.0,39452.0
11188,1.460352691838445e-05,11573.0,39237.0
11189,1.45487676720369e-05,11504.0,39192.0
11190,1.4382579726726311e-05,11387.0,38805.0
11191,1.4388310345530125e-05,11303.0,38900.0
11192,1.4331640892914636e-05,11401.0,38883.0
11193,1.4362840928624287e-05,11293.0,38971.0
11194,1.431572250734849e-05,11127.0,38820.0
11195,1.4377485843345143e-05,11424.0,39213.0
11196,1.4212571368879847e-05,11165.0,38863.0
11197,1.4271787763185919e-05,11127.0,39173.0
11198,1.4085224284350662e-05,11103.0,38662.0
11199,1.4156538651687005e-05,11278.0,38923.0
11200,1.4141257001543503e-05,11167.0,39078.0
11201,1.4056571190331594e-05,11109.0,38760.0
11202,1.4068669163361867e-05,11151.0,38826.0
11203,1.387573833030015e-05,10857.0,38271.0
11204,1.3952146581017662e-05,11018.0,38645.0
11205,1.3990350706376417e-05,10863.0,38822.0
11206,1.396806496658381e-05,11013.0,38768.0
11207,1.4080130400969495e-05,10974.0,39503.0
11208,1.4013273181591671e-05,10870.0,39515.0
11209,1.388974650959836e-05,10777.0,39262.0
11210,1.3718464680906604e-05,10857.0,38725.0
11211,1.3611493129902088e-05,10557.0,38608.0
11212,1.3670072788785514e-05,10672.0,38992.0
11213,1.3396276557047764e-05,10559.0,38174.0
11214,1.3201435517718107e-05,10327.0,37607.0
11215,1.3170872217431102e-05,10251.0,37878.0
11216,1.3035247572407519e-05,10270.0,37524.0
11217,1.2944831142391797e-05,10206.0,37379.0
11218,1.290216986907452e-05,10093.0,37316.0
11219,1.293018622767094e-05,10257.0,37530.0
11220,1.2850594299840199e-05,10196.0,37322.0
11221,1.2676128794035214e-05,9770.0,36854.0
11222,1.2513124525837855e-05,9902.0,36607.0
11223,1.2490202050622602e-05,9773.0,36599.0
11224,1.2406152974833338e-05,9976.0,36358.0
11225,1.2571067449298636e-05,10071.0,36980.0
11226,1.2516308202951086e-05,9619.0,37055.0
11227,1.2698414533827821e-05,9891.0,37978.0
11228,1.260163074958564e-05,9901.0,37876.0
11229,1.265320631881996e-05,10047.0,38053.0
11230,1.265957367304642e-05,10017.0,38414.0
11231,1.2467916310829994e-05,9754.0,37899.0
11232,1.2007556600256986e-05,9412.0,36507.0
11233,1.200055251060788e-05,9356.0,36429.0
11234,1.2022201514977842e-05,9138.0,36490.0
11235,1.2073140348789517e-05,9562.0,36756.0
11236,1.2104340384499166e-05,9677.0,36993.0
11237,1.1917140170241263e-05,9312.0,36515.0
11238,1.1866201336429589e-05,9273.0,36520.0
11239,1.1805074735855579e-05,9088.0,36464.0
11240,1.1791703291980015e-05,9169.0,36442.0
11241,1.154974383137456e-05,8919.0,35824.0
11242,1.140265794874335e-05,9089.0,35421.0
11243,1.139947427163012e-05,8917.0,35624.0
11244,1.1370821177611053e-05,8922.0,35557.0
11245,1.145104984086444e-05,8912.0,35780.0
11246,1.157776018997098e-05,9082.0,35983.0
11247,1.1564388746095417e-05,8925.0,36503.0
11248,1.154656015426133e-05,8984.0,36664.0
11249,1.144022533867946e-05,8871.0,36719.0
11250,1.1210363851104278e-05,8929.0,36235.0
11251,1.075000414053127e-05,8465.0,36319.0
11252,1.1023163636846375e-05,8611.0,36359.0
11253,1.1202086290609881e-05,8826.0,36187.0
11254,1.1166429106941709e-05,8757.0,36052.0
11255,1.1222461824134551e-05,8636.0,36214.0
11256,1.1223735294979844e-05,8976.0,36212.0
11257,1.1191898523847546e-05,8813.0,36160.0
11258,1.1163882165251126e-05,8857.0,36153.0
11259,1.0899000229430417e-05,8683.0,35919.0
11260,1.0773563351169169e-05,8483.0,35732.0
11261,1.0673595889813758e-05,8517.0,35295.0
11262,1.066850200643259e-05,8335.0,35430.0
11263,1.0734085754965121e-05,8441.0,35813.0
11264,1.0583816195220681e-05,8368.0,35531.0
11265,1.0486395675555853e-05,8282.0,35157.0
11266,1.0386428214200442e-05,8188.0,34773.0
11267,1.0140011605636466e-05,7875.0,33963.0
11268,1.023806886072394e-05,7975.0,34317.0
11269,1.0217056591776625e-05,8157.0,34449.0
11270,1.0169301435078179e-05,7836.0,34534.0
11271,1.0041317615126348e-05,7918.0,34170.0
11272,1.002348902329226e-05,7924.0,34119.0
11273,1.0096713596896544e-05,7885.0,34562.0
11274,1.0092893184360669e-05,7775.0,34743.0
11275,1.0057872736115142e-05,7874.0,34682.0
11276,9.844566369528754e-06,7744.0,33933.0
11277,9.836925544457002e-06,7664.0,33718.0
11278,9.873856198970467e-06,7744.0,34002.0
11279,9.888501113691323e-06,7794.0,34166.0
11280,9.987831839624088e-06,8067.0,34650.0
11281,1.0091619713515376e-05,7954.0,35252.0
11282,1.0052778852733975e-05,7865.0,34957.0
11283,1.0048321704775452e-05,7980.0,34927.0
11284,9.994835929273194e-06,7751.0,34893.0
11285,1.0019668610756385e-05,7819.0,35241.0
11286,9.890411319959262e-06,7832.0,34875.0
11287,9.843292898683462e-06,7652.0,34710.0
11288,9.755423410358324e-06,7612.0,34649.0
11289,9.76688464796595e-06,7757.0,34747.0
11290,9.659276361538788e-06,7639.0,34345.0
11291,9.663096774074664e-06,7588.0,34401.0
11292,9.659276361538788e-06,7588.0,34498.0
11293,9.608337527727114e-06,7606.0,34578.0
11294,9.678378424218166e-06,7634.0,35014.0
11295,9.526198658205788e-06,7492.0,34563.0
11296,9.47589655981676e-06,7478.0,34460.0
11297,9.456794497137382e-06,7451.0,34460.0
11298,9.33963517937053e-06,7450.0,34126.0
11299,9.289333080981501e-06,7189.0,34070.0
11300,9.268957547456831e-06,7060.0,34119.0
11301,9.300157583166482e-06,7443.0,34193.0
11302,9.298247376898545e-06,7528.0,34265.0
11303,9.226296274139555e-06,7245.0,33817.0
11304,9.293153493517378e-06,7456.0,34112.0
11305,9.246035072241578e-06,7389.0,34075.0
11306,9.30206778943442e-06,7408.0,34048.0
11307,9.314802497887338e-06,7195.0,34078.0
11308,9.251128955622746e-06,7380.0,34095.0
11309,9.328173941762904e-06,7299.0,34579.0
11310,9.271504489147416e-06,7356.0,34346.0
11311,9.262590193230373e-06,7252.0,34247.0
11312,9.313529027042048e-06,7247.0,34580.0
11313,9.277871843373875e-06,7193.0,34230.0
11314,9.279782049641812e-06,7387.0,34220.0
11315,9.295063699785315e-06,7276.0,34335.0
11316,9.2033737989243e-06,7254.0,34197.0
11317,9.119324723135037e-06,7306.0,33977.0
11318,8.986883755224685e-06,7076.0,33208.0
11319,9.107226750104766e-06,7085.0,33794.0
11320,9.150524758844688e-06,7189.0,34270.0
11321,9.053740974602506e-06,7065.0,33769.0
11322,9.009806230439938e-06,7039.0,33592.0
11323,9.037822589036358e-06,7034.0,33792.0
11324,9.009169495017291e-06,7272.0,33839.0
11325,9.033365441077836e-06,6954.0,33967.0
11326,8.995161315719081e-06,7077.0,33888.0
11327,8.959504132050909e-06,6990.0,33607.0
11328,9.01107970128523e-06,6992.0,33706.0
11329,8.982426607266162e-06,7107.0,33571.0
11330,9.068385889323363e-06,7149.0,33895.0
11331,9.030181763964607e-06,7189.0,33883.0
11332,9.228843215830137e-06,7313.0,35124.0
11333,9.185545207090215e-06,7231.0,34974.0
11334,9.114867575176516e-06,7233.0,34687.0
11335,9.163896202720252e-06,7248.0,34869.0
11336,9.094492041651846e-06,7070.0,34673.0
11337,9.022540938892855e-06,7024.0,34379.0
11338,8.976059253039704e-06,6997.0,34017.0
11339,8.95759392578297e-06,7050.0,33841.0
11340,8.851259110201101e-06,6938.0,33178.0
11341,8.913659181620402e-06,6934.0,33443.0
11342,8.79968354096678e-06,6876.0,33249.0
11343,8.760205944762733e-06,6741.0,33081.0
11344,8.66342216052055e-06,6892.0,32908.0
11345,8.664058895943197e-06,6828.0,32806.0
11346,8.678067075241407e-06,6828.0,32940.0
11347,8.657691541716737e-06,6671.0,33013.0
11348,8.646867039531756e-06,6756.0,33116.0
11349,8.557724080361326e-06,6728.0,32774.0
11350,8.429740260409493e-06,6664.0,31849.0
11351,8.474311739994708e-06,6623.0,31846.0
11352,8.551993461557512e-06,6641.0,32038.0
11353,8.541805694795177e-06,6624.0,31944.0
11354,8.741740617506e-06,6929.0,31575.0
11355,8.736646734124832e-06,6920.0,31463.0
11356,8.748744707155106e-06,6918.0,31574.0
11357,8.720728348558684e-06,7008.0,31558.0
11358,8.844255020551995e-06,6950.0,31754.0
11359,8.859536670695498e-06,7021.0,31933.0
11360,8.861446876963435e-06,7058.0,31826.0
11361,8.85762646442756e-06,6930.0,31751.0
11362,8.897104060631607e-06,6986.0,31863.0
11363,8.93594492141301e-06,7125.0,32021.0
11364,8.934671450567718e-06,7070.0,31987.0
11365,8.890099970982503e-06,7024.0,31729.0
11366,8.833430518367014e-06,6951.0,31481.0
11367,8.847438697665224e-06,6869.0,31485.0
11368,8.826426428717908e-06,6976.0,31306.0
11369,8.725822231939851e-06,6751.0,30919.0
11370,8.692075254539617e-06,6620.0,30648.0
11371,8.720091613136039e-06,6721.0,30616.0
11372,8.772303917793005e-06,6925.0,30853.0
11373,8.765936563566545e-06,6883.0,30975.0
11374,8.801593747234717e-06,7039.0,31301.0
11375,8.775487594906235e-06,6930.0,31071.0
11376,8.759569209340087e-06,6848.0,30837.0
11377,8.783765155400632e-06,6865.0,30992.0
11378,8.743014088351292e-06,6842.0,30865.0
11379,8.750018178000398e-06,6857.0,30675.0
11380,8.72136508398133e-06,6679.0,30545.0
11381,8.732826321588957e-06,6781.0,30578.0
11382,8.737283469547478e-06,6924.0,30644.0
11383,8.678703810664053e-06,6788.0,30605.0
11384,8.637316008192067e-06,6586.0,30465.0
11385,8.544352636485762e-06,6785.0,30004.0
11386,8.592107793184206e-06,6835.0,30141.0
11387,8.561544492897201e-06,6722.0,29991.0
11388,8.540532223949885e-06,6807.0,29913.0
11389,8.5227036321158e-06,6753.0,29648.0
11390,8.57109552423689e-06,6652.0,29779.0
11391,8.565364905433076e-06,6791.0,29721.0
11392,8.529707721764904e-06,6676.0,29703.0
11393,8.551993461557512e-06,6692.0,30057.0
11394,8.543715901063116e-06,6847.0,30100.0
11395,8.569185317968953e-06,6588.0,30086.0
11396,8.596564941142727e-06,6810.0,30146.0
11397,8.476858681685292e-06,6584.0,29815.0
11398,8.471764798304125e-06,6660.0,30128.0
11399,8.334229947012603e-06,6451.0,29501.0
11400,8.29411561538591e-06,6418.0,29003.0
11401,8.265462521366843e-06,6552.0,28965.0
11402,8.27055640474801e-06,6370.0,29006.0
11403,8.309397265529412e-06,6559.0,28887.0
11404,8.310034000952058e-06,6595.0,29084.0
11405,8.468581121190896e-06,6562.0,29473.0
11406,8.39280960589603e-06,6695.0,29230.0
11407,8.388989193360153e-06,6581.0,29143.0
11408,8.317038090601164e-06,6540.0,28962.0
11409,8.325952386518207e-06,6519.0,29144.0
11410,8.21579715840046e-06,6596.0,28676.0
11411,8.085266396758044e-06,6323.0,28048.0
11412,8.069984746614542e-06,6360.0,27976.0
11413,8.077625571686292e-06,6317.0,28024.0
11414,8.0610704506975e-06,6259.0,27740.0
11415,8.108825607395943e-06,6348.0,28042.0
11416,8.053429625625747e-06,6377.0,27853.0
11417,8.042605123440766e-06,6130.0,27728.0
11418,8.025413267029327e-06,6273.0,27726.0
11419,7.939453984972126e-06,6303.0,27427.0
11420,7.934996837013605e-06,6270.0,27696.0
11421,7.812743635865585e-06,6198.0,27224.0
11422,7.408416642485419e-06,5687.0,27116.0
11423,7.313543064511175e-06,5827.0,26331.0
11424,7.266424643235375e-06,5807.0,26136.0
11425,7.27661240999771e-06,5861.0,26156.0
11426,7.281706293378878e-06,5591.0,26181.0
11427,7.288710383027984e-06,5771.0,26351.0
11428,7.25942055358627e-06,5741.0,26325.0
11429,7.246049109710706e-06,5594.0,26191.0
11430,7.256236876473041e-06,5581.0,26264.0
11431,7.2568736118956865e-06,5816.0,26541.0
11432,7.1639102401893805e-06,5560.0,26383.0
11433,7.118065289758873e-06,5628.0,26190.0
11434,7.037836626505486e-06,5525.0,26190.0
11435,7.099599962502142e-06,5604.0,26312.0
11436,7.074130545596304e-06,5580.0,26427.0
11437,7.007910061641127e-06,5418.0,26158.0
11438,7.021918240939338e-06,5528.0,26151.0
11439,6.98244064473529e-06,5536.0,26001.0
11440,7.0989632270794956e-06,5653.0,26592.0
11441,7.028922330588443e-06,5444.0,26461.0
11442,7.076040751864242e-06,5617.0,26616.0
11443,7.044203980731946e-06,5474.0,26440.0
11444,7.044203980731946e-06,5481.0,26472.0
11445,7.014277415867587e-06,5485.0,26364.0
11446,7.039110097350778e-06,5394.0,26541.0
11447,7.022554976361983e-06,5507.0,26460.0
11448,7.016824357558171e-06,5618.0,26398.0
11449,6.993901882342917e-06,5484.0,26408.0
11450,6.946146725644472e-06,5428.0,26358.0
11451,6.874832358308127e-06,5552.0,26096.0
11452,6.873558887462836e-06,5315.0,26005.0
11453,6.866554797813731e-06,5333.0,25988.0
11454,6.8582772373193335e-06,5513.0,26203.0
11455,6.7996975784359075e-06,5341.0,26038.0
11456,6.774864896952716e-06,5416.0,26042.0
11457,6.758946511386568e-06,5182.0,25940.0
11458,6.72583626940898e-06,5253.0,25839.0
11459,6.759583246809214e-06,5330.0,25976.0
11460,6.732840359058085e-06,5337.0,25897.0
11461,6.704187265039018e-06,5111.0,25824.0
11462,6.583844270158937e-06,5227.0,25240.0
11463,6.490880898452631e-06,5055.0,24545.0
11464,6.611860628755358e-06,5136.0,25164.0
11465,6.573656503396602e-06,5043.0,24891.0
11466,6.5074360194414245e-06,5065.0,24901.0
11467,6.512529902822592e-06,5208.0,24972.0
11468,6.455860450207104e-06,5039.0,24781.0
11469,6.454586979361812e-06,5128.0,24784.0
11470,6.371811374417841e-06,5096.0,24560.0
11471,6.3909134370972195e-06,5032.0,24710.0
11472,6.37053790357255e-06,4996.0,24615.0
11473,6.337427661594961e-06,4794.0,24378.0
11474,6.420203266538932e-06,5112.0,24819.0
11475,6.396644055901032e-06,5047.0,24767.0
11476,6.392186907942511e-06,5051.0,24711.0
11477,6.36735422645932e-06,5028.0,24676.0
11478,6.38772975998399e-06,5089.0,24734.0
11479,6.417019589425702e-06,5121.0,24988.0
11480,6.378178728644301e-06,5111.0,24743.0
11481,6.5316319655019704e-06,5163.0,25014.0
11482,6.506799284018779e-06,5139.0,24948.0
11483,6.556464646985162e-06,5124.0,25091.0
11484,6.5660156783248505e-06,5213.0,25010.0
11485,6.5214441987396355e-06,5088.0,24888.0
11486,6.446946154290061e-06,4997.0,24715.0
11487,6.400464468436908e-06,5058.0,24620.0
11488,6.432301239569205e-06,5073.0,24852.0
11489,6.392186907942511e-06,5009.0,24679.0
11490,6.434848181259788e-06,5108.0,24875.0
11491,6.399190997591616e-06,4953.0,24861.0
11492,6.443125741754186e-06,4943.0,24865.0
11493,6.475599248309128e-06,5032.0,25104.0
11494,6.512529902822592e-06,5022.0,25156.0
11495,6.533542171769908e-06,5235.0,25367.0
11496,6.420203266538932e-06,5030.0,24965.0
11497,6.439942064640956e-06,5184.0,24962.0
11498,6.3940971142104485e-06,4933.0,24505.0
11499,6.399190997591616e-06,4936.0,24397.0
11500,6.358439930542277e-06,4955.0,24215.0
11501,6.467321687814731e-06,5065.0,24724.0
11502,6.460317598165626e-06,5036.0,24772.0
11503,6.523354405007573e-06,5072.0,25166.0
11504,6.606130009951544e-06,5116.0,25564.0
11505,6.618227982981817e-06,5167.0,25688.0
11506,6.562832001211621e-06,5110.0,25392.0
11507,6.579387122200415e-06,5063.0,25514.0
11508,6.553917705294578e-06,5159.0,25379.0
11509,6.571746297128664e-06,5229.0,25442.0
11510,6.5488238219134105e-06,5120.0,25428.0
11511,6.484513544226172e-06,5130.0,25098.0
11512,6.5214441987396355e-06,5062.0,25110.0
11513,6.519533992471698e-06,5087.0,24958.0
11514,6.523354405007573e-06,5044.0,25057.0
11515,6.571746297128664e-06,5094.0,25286.0
11516,6.625232072630923e-06,5286.0,25650.0
11517,6.606130009951544e-06,5088.0,25611.0
11518,6.609313687064774e-06,5179.0,25678.0
11519,6.564742207479559e-06,5126.0,25442.0
11520,6.625868808053568e-06,5269.0,25617.0
11521,6.7449383320883575e-06,5188.0,26301.0
11522,6.781232251179175e-06,5398.0,26303.0
11523,6.8168894348473475e-06,5284.0,26327.0
11524,6.840448645485247e-06,5352.0,26335.0
11525,6.876742564576065e-06,5450.0,26424.0
11526,6.7825057220244675e-06,5413.0,26320.0
11527,6.797150636745324e-06,5336.0,26349.0
11528,6.825803730764391e-06,5360.0,26544.0
11529,6.821983318228515e-06,5359.0,26512.0
11530,6.760856717654506e-06,5391.0,26123.0
11531,6.69590970454462e-06,5212.0,25797.0
11532,6.747485273778941e-06,5252.0,26183.0
11533,6.69909338165785e-06,5323.0,26148.0
11534,6.674260700174659e-06,5198.0,25966.0
11535,6.659615785453803e-06,5191.0,25813.0
11536,6.708644412997539e-06,5418.0,25986.0
11537,6.693999498276683e-06,5185.0,25899.0
11538,6.731566888212793e-06,5197.0,26060.0
11539,6.800334313858554e-06,5388.0,26488.0
11540,6.735387300748669e-06,5235.0,26239.0
11541,6.677444377287889e-06,5388.0,25683.0
11542,6.632872897702673e-06,5148.0,25638.0
11543,6.6761709064425966e-06,5286.0,25949.0
11544,6.62395860178563e-06,5327.0,25845.0
11545,6.571746297128664e-06,5159.0,25444.0
11546,6.6035830682609604e-06,5048.0,25396.0
11547,6.5698360908607265e-06,5130.0,25121.0
11548,6.60676674537419e-06,5075.0,25185.0
11549,6.648791283268822e-06,5228.0,25338.0
11550,6.60676674537419e-06,5109.0,25254.0
11551,6.657068843763219e-06,5204.0,25494.0
11552,6.6589790500311565e-06,5302.0,25469.0
11553,6.678081112710535e-06,5322.0,25515.0
11554,6.691452556586099e-06,5321.0,25642.0
11555,6.598489184879793e-06,5073.0,25163.0
11556,6.58957488896275e-06,5111.0,25066.0
11557,6.612497364178004e-06,5191.0,25147.0
11558,6.615681041291233e-06,5175.0,25019.0
11559,6.662799462567033e-06,5229.0,25149.0
11560,6.68190152524641e-06,5270.0,25162.0
11561,6.81179555146618e-06,5436.0,25574.0
11562,6.856367031051396e-06,5392.0,25689.0
11563,6.917493631625405e-06,5444.0,26111.0
11564,6.904122187749841e-06,5376.0,26202.0
11565,6.8340812912587876e-06,5265.0,25610.0
11566,6.857640501896687e-06,5314.0,25677.0
11567,6.901575246059257e-06,5400.0,25853.0
11568,6.918767102470697e-06,5328.0,25800.0
11569,6.911763012821592e-06,5484.0,25683.0
11570,6.9238609858518646e-06,5456.0,25608.0
11571,6.96524878832385e-06,5407.0,25787.0
11572,6.9958120886108546e-06,5473.0,25774.0
11573,7.113608141800352e-06,5405.0,26141.0
11574,7.122522437717395e-06,5635.0,26154.0
11575,7.0473876578451755e-06,5458.0,25641.0
11576,7.090048931162453e-06,5551.0,25639.0
11577,7.2626042306995e-06,5633.0,26217.0
11578,7.34410636479818e-06,5851.0,26455.0
11579,7.32054715416028e-06,5729.0,26203.0
11580,7.3046287685941314e-06,5721.0,25893.0
11581,7.325004302118801e-06,5613.0,25924.0
11582,7.333918598035845e-06,5864.0,25912.0
11583,7.307175710284715e-06,5785.0,25808.0
11584,7.290620589295921e-06,5752.0,25616.0
11585,7.216759280268993e-06,5660.0,25298.0
11586,7.235224607525725e-06,5648.0,25070.0
11587,7.302081826903548e-06,5622.0,25219.0
11588,7.34410636479818e-06,5751.0,25506.0
11589,7.367028840013433e-06,5811.0,25599.0
11590,7.331371656345261e-06,5809.0,25478.0
11591,7.4217880863609834e-06,5792.0,25873.0
11592,7.3912247860739786e-06,5896.0,25715.0
11593,7.426881969742151e-06,5839.0,25667.0
11594,7.421151350938337e-06,5808.0,25540.0
11595,7.383583961002227e-06,5759.0,25591.0
11596,7.430702382278026e-06,5767.0,25662.0
11597,7.41287379044394e-06,5659.0,25478.0
11598,7.41287379044394e-06,5856.0,25445.0
11599,7.3975921403004375e-06,5855.0,25369.0
11600,7.437706471927131e-06,5843.0,25361.0
11601,7.500106543346433e-06,5759.0,25441.0
11602,7.637641394637954e-06,5898.0,25916.0
11603,7.79618851487679e-06,6235.0,26783.0
11604,7.758621124940681e-06,6049.0,26790.0
11605,7.705772084861068e-06,6044.0,26412.0
11606,7.688580228449629e-06,6039.0,26240.0
11607,7.656106721894686e-06,5987.0,26032.0
11608,7.670751636615542e-06,6174.0,26034.0
11609,7.612808713154763e-06,5883.0,25674.0
11610,7.659927134430561e-06,5914.0,25881.0
11611,7.785364012691811e-06,6100.0,26175.0
11612,7.726147618385738e-06,6111.0,25784.0
11613,7.68030266795523e-06,5881.0,25628.0
11614,7.69940473063461e-06,5918.0,25637.0
11615,7.772629304238892e-06,6069.0,25996.0
11616,7.765625214589786e-06,6092.0,25774.0
11617,7.792368102340915e-06,6096.0,25704.0
11618,7.934360101590959e-06,6372.0,25954.0
11619,7.92480907025127e-06,6148.0,25845.0
11620,7.963649931032671e-06,6283.0,26070.0
11621,8.029233679565202e-06,6142.0,26177.0
11622,7.983388729134695e-06,6246.0,25970.0
11623,8.060433715274853e-06,6341.0,25838.0
11624,8.07189495288248e-06,6364.0,25777.0
11625,8.38007489744311e-06,6454.0,26958.0
11626,8.408727991462179e-06,6502.0,26977.0
11627,8.394719812163967e-06,6686.0,26736.0
11628,8.532254663455489e-06,6492.0,27188.0
11629,8.50996892366288e-06,6719.0,27113.0
11630,8.548173049021637e-06,6771.0,26996.0
11631,8.547536313598991e-06,6604.0,26987.0
11632,8.758295738494794e-06,7080.0,27670.0
11633,8.8276998995632e-06,6960.0,27651.0
11634,9.017447055511688e-06,7123.0,27954.0
11635,9.011716436707876e-06,6965.0,27950.0
11636,9.06583894763278e-06,7005.0,28054.0
11637,9.033365441077836e-06,7071.0,28015.0
11638,9.125055341938851e-06,7025.0,28252.0
11639,9.116141046021808e-06,7201.0,28229.0
11640,9.171537027792005e-06,6991.0,28258.0
11641,9.221202390758387e-06,7251.0,28260.0
11642,9.27723510795123e-06,7345.0,28285.0
11643,9.33008414803084e-06,7221.0,28397.0
11644,9.471439411858238e-06,7498.0,28817.0
11645,9.552941545956918e-06,7535.0,29031.0
11646,9.489268003692325e-06,7440.0,28656.0
11647,9.48990473911497e-06,7518.0,28621.0
11648,9.553578281379564e-06,7421.0,28717.0
11649,9.567586460677774e-06,7604.0,28745.0
11650,9.537023160390769e-06,7327.0,28585.0
11651,9.675194747104937e-06,7572.0,28830.0
11652,9.591782406738319e-06,7537.0,28448.0
11653,9.682835572176687e-06,7652.0,28335.0
11654,9.621072236180032e-06,7520.0,27802.0
11655,1.0037497202590472e-05,7948.0,28749.0
11656,1.0190313704025495e-05,8126.0,29177.0
11657,1.0453922169000912e-05,8268.0,29495.0
11658,1.0512501827884337e-05,8295.0,29340.0
11659,1.0601008051632122e-05,8295.0,29412.0
11660,1.0586363136911264e-05,8350.0,29332.0
11661,1.0653220356289088e-05,8296.0,29394.0
11662,1.0690787746225199e-05,8282.0,29283.0
11663,1.0851245072731973e-05,8537.0,29591.0
11664,1.0727718400738661e-05,8462.0,29142.0
11665,1.0895179816894542e-05,8597.0,29244.0
11666,1.1287408837244436e-05,8902.0,30178.0
11667,1.1340894612746694e-05,8847.0,30239.0
11668,1.127913127675004e-05,8790.0,29682.0
11669,1.1393106917403661e-05,8817.0,30000.0
11670,1.1407115096701871e-05,8897.0,30056.0
11671,1.1400111007052767e-05,9110.0,30035.0
11672,1.1412208980083039e-05,8914.0,29854.0
11673,1.1477155993192924e-05,8978.0,29955.0
11674,1.1526821356159306e-05,8970.0,30016.0
11675,1.1698739920273708e-05,9131.0,30165.0
11676,1.189867484298453e-05,9439.0,30668.0
11677,1.1957891237290603e-05,9359.0,30835.0
11678,1.2002462716875818e-05,9398.0,30814.0
11679,1.2040030106811927e-05,9269.0,30580.0
11680,1.1975083093702042e-05,9276.0,30456.0
11681,1.1996095362649358e-05,9478.0,30398.0
11682,1.2241238500368042e-05,9584.0,30541.0
11683,1.2295997746715592e-05,9700.0,30422.0
11684,1.2370495791165167e-05,9753.0,30548.0
11685,1.240105909145217e-05,9858.0,30405.0
11686,1.248128775470556e-05,9682.0,30372.0
11687,1.254368782612486e-05,9840.0,30306.0
11688,1.2716879861084554e-05,9941.0,30637.0
11689,1.2778006461658564e-05,9910.0,30629.0
11690,1.3078545581147443e-05,10420.0,31187.0
11691,1.3050529222551021e-05,10160.0,31116.0
11692,1.3070268020653045e-05,10312.0,31242.0
11693,1.3107835410589156e-05,10141.0,30974.0
11694,1.3281664180971495e-05,10393.0,30744.0
11695,1.344212150747827e-05,10450.0,31071.0
11696,1.3699999353649872e-05,10735.0,31446.0
11697,1.3701272824495165e-05,10741.0,31409.0
11698,1.393368125376093e-05,10972.0,31692.0
11699,1.4035558921384278e-05,10980.0,31758.0
11700,1.4198563189581637e-05,10998.0,31983.0
11701,1.4255232642197126e-05,11135.0,31947.0
11702,1.4455167564907948e-05,11255.0,31939.0
11703,1.4588245268240947e-05,11527.0,31852.0
11704,1.4752523007283598e-05,11586.0,32006.0
11705,1.483975576018609e-05,11553.0,32151.0
11706,1.5028229445289287e-05,11817.0,32212.0
11707,1.51670377674261e-05,12037.0,32474.0
11708,1.5368246160982215e-05,11932.0,32667.0
11709,1.5234531722226569e-05,11962.0,32193.0
11710,1.54331931740921e-05,11998.0,32765.0
11711,1.5599381119402687e-05,12071.0,32662.0
11712,1.582478545901935e-05,12471.0,32780.0
11713,1.6105585780406202e-05,12937.0,33397.0
11714,1.6565308755556568e-05,12946.0,34387.0
11715,1.6590778172462403e-05,13031.0,34275.0
11716,1.651946380512606e-05,12979.0,33467.0
11717,1.6611790441409718e-05,12963.0,33645.0
11718,1.6572949580628318e-05,12956.0,33547.0
11719,1.617498994147461e-05,12783.0,32247.0
11720,1.730646878751643e-05,13414.0,34156.0
11721,1.7429995459509743e-05,13583.0,34382.0
11722,1.7868069430290143e-05,14017.0,34860.0
11723,1.779357138584057e-05,13847.0,34379.0
11724,1.8059726792506567e-05,14059.0,34706.0
11725,1.8115122774276763e-05,14285.0,34647.0
11726,1.8415661893765646e-05,14369.0,34799.0
11727,1.8797066411930557e-05,14825.0,35424.0
11728,1.9356120113013688e-05,15185.0,36223.0
11729,1.9390503825836566e-05,15149.0,36033.0
11730,1.9861688038594555e-05,15659.0,36597.0
11731,2.009600667412826e-05,15708.0,37087.0
11732,2.0432839712707957e-05,15940.0,37529.0
11733,2.066270120028314e-05,16163.0,37689.0
11734,2.0859452445880733e-05,16337.0,37736.0
11735,2.1132611942195837e-05,16447.0,37785.0
11736,2.111032620240323e-05,16399.0,37420.0
11737,2.1915159776627688e-05,16953.0,38592.0
11738,2.2039323184043645e-05,17463.0,38777.0
11739,2.2181315183293686e-05,17426.0,38792.0
11740,2.2676058606689574e-05,17886.0,39573.0
11741,2.3034540649639234e-05,17890.0,39923.0
11742,2.3743863910466804e-05,18762.0,40645.0
11743,2.4060321415521833e-05,18884.0,40976.0
11744,2.469132621936395e-05,19567.0,41974.0
11745,2.5327424906587237e-05,19679.0,42766.0
11746,2.5631147703189346e-05,20026.0,42684.0
11747,2.6656928469071944e-05,20994.0,43885.0
11748,2.720324746170215e-05,21285.0,44697.0
11749,2.7428651801318813e-05,21436.0,44868.0
11750,2.7833615530121626e-05,21785.0,45099.0
11751,2.854230205552655e-05,22463.0,46183.0
11752,2.9769927950387902e-05,23393.0,47971.0
11753,2.981449942997312e-05,23569.0,47915.0
11754,3.126052557480203e-05,24458.0,49234.0
11755,3.1721522020797686e-05,24691.0,50242.0
11756,3.190362835167442e-05,24935.0,50210.0
11757,3.197239577732018e-05,25377.0,49674.0
11758,3.255819236615444e-05,25436.0,51098.0
11759,3.2775319145276704e-05,25737.0,51257.0
11760,3.2926862175866436e-05,26097.0,51018.0
11761,3.384567139074451e-05,26582.0,52501.0
11762,3.4602749808270525e-05,26995.0,54316.0
11763,3.458937836439496e-05,27298.0,55533.0
11764,3.417167992713923e-05,26648.0,55669.0
11765,3.6292008884550184e-05,28415.0,56871.0
11766,3.7019797472634484e-05,28942.0,57219.0
11767,3.805194559274354e-05,29920.0,58034.0
11768,3.835439491850036e-05,30177.0,58371.0
11769,3.982525374481246e-05,31311.0,60389.0
11770,4.0072307088799084e-05,31350.0,60828.0
11771,4.12910186877434e-05,32583.0,62283.0
11772,4.165141093696099e-05,32581.0,62845.0
11773,4.203345219054855e-05,33023.0,62990.0
11774,4.2136603329017196e-05,32905.0,63156.0
11775,4.468991237382738e-05,34657.0,66792.0
11776,4.467272051741594e-05,35375.0,66808.0
11777,4.5265521195899306e-05,35709.0,67388.0
11778,4.780736900310186e-05,37341.0,70811.0
11779,4.8868806952652635e-05,38225.0,72256.0
11780,4.9795256992602465e-05,39454.0,73680.0
11781,5.0705788646986146e-05,39707.0,74638.0
11782,5.160676927003014e-05,40400.0,75758.0
11783,5.303433008760232e-05,41615.0,78035.0
11784,5.379331871139627e-05,41987.0,78754.0
11785,5.4060110853484914e-05,42303.0,79144.0
11786,5.4944536355540115e-05,42891.0,79918.0
11787,5.511963859676775e-05,43266.0,79972.0
11788,5.6913322282361336e-05,44812.0,82807.0
11789,5.7737257919265175e-05,45204.0,83759.0
11790,5.806135624939195e-05,45737.0,83904.0
11791,5.920748001015463e-05,46887.0,85620.0
11792,5.95729661427534e-05,46700.0,85896.0
11793,6.13488212365129e-05,48245.0,87572.0
11794,6.219822629032257e-05,48579.0,88398.0
11795,6.552962602160608e-05,51303.0,92086.0
11796,6.771108157959105e-05,53148.0,95872.0
11797,6.901575246059256e-05,54250.0,97745.0
11798,7.111888956159208e-05,55810.0,100333.0
11799,7.148564916503614e-05,56227.0,100529.0
11800,7.238344611096691e-05,57097.0,101480.0
11801,7.717233322468695e-05,60662.0,108021.0
11802,7.901058838986576e-05,62185.0,110870.0
11803,8.203189797032072e-05,64856.0,114362.0
11804,8.392618585269236e-05,65667.0,116713.0
11805,8.566829396905162e-05,66820.0,118853.0
11806,8.695258931652847e-05,68100.0,120398.0
11807,8.71665324185375e-05,68594.0,120816.0
11808,8.978351500561228e-05,70411.0,125362.0
11809,9.009997251066731e-05,70717.0,126236.0
11810,9.110983489098377e-05,70745.0,127622.0
11811,9.033938502958218e-05,70886.0,126501.0
11812,8.968545775052481e-05,70204.0,127366.0
11813,9.500219852961835e-05,74781.0,130361.0
11814,9.639219195725441e-05,75297.0,132293.0
11815,0.0001000101226287286,78425.0,138076.0
11816,0.00010144405080052724,79293.0,140653.0
11817,0.00010314668132068245,80881.0,142750.0
11818,0.00010347523679876776,81207.0,142865.0
11819,0.00010430299284820748,82393.0,143312.0
11820,0.00010470095248736118,82592.0,143843.0
11821,0.00010750768223038445,84417.0,146232.0
11822,0.00010901738191747795,85706.0,148593.0
11823,0.00011044685294131807,86833.0,150693.0
11824,0.00011223162233099462,88386.0,152757.0
11825,0.00011624814937704516,90852.0,157958.0
11826,0.00011907016077021193,93475.0,162538.0
11827,0.0001223971033535369,95909.0,168974.0
11828,0.00012344453312378948,97341.0,170237.0
11829,0.00012402650930008787,96946.0,170765.0
11830,0.00012594754007021064,98441.0,172824.0
11831,0.00012815319157425615,100483.0,174372.0
11832,0.0001338997287636357,105567.0,181360.0
11833,0.00013750619819750224,107909.0,188238.0
11834,0.00013910313063749823,109396.0,190267.0
11835,0.0001403307565323596,110913.0,191398.0
11836,0.0001411667901422937,110789.0,192001.0
11837,0.0001481339491368855,116399.0,204776.0
11838,0.00014851471691962776,116921.0,205596.0
11839,0.00014993145323501496,117549.0,206127.0
11840,0.00015262802774992047,119675.0,210537.0
11841,0.00015466940151492333,121487.0,213454.0
11842,0.00015929592109586868,125599.0,218025.0
11843,0.00016366647303691034,128447.0,223729.0
11844,0.00016685779097521178,130833.0,229210.0
11845,0.00016693674616761987,130735.0,229773.0
11846,0.00016971163913951084,132690.0,232160.0
11847,0.00017566702554751824,137830.0,242148.0
11848,0.00018098886020999293,142369.0,250681.0
11849,0.00018398788405065528,144832.0,254796.0
11850,0.00018529764881503795,145712.0,256163.0
11851,0.0001884838728699582,147645.0,262234.0
11852,0.00019313713533865466,150948.0,269207.0
11853,0.000195512158465124,153270.0,273224.0
11854,0.0001949518312931956,153472.0,272909.0
11855,0.00019704923777539129,154173.0,274715.0
11856,0.00019952613856948396,156457.0,276020.0
11857,0.00021237291245678827,166853.0,298318.0
11858,0.000217836739118513,170524.0,309538.0
11859,0.0002193795490475841,171946.0,311665.0
11860,0.00021992332109852373,173201.0,313251.0
11861,0.0002250394902194838,176146.0,321081.0
11862,0.00022849186968107004,178843.0,327156.0
11863,0.00023166217535042414,180476.0,332586.0
11864,0.0002324351721535163,182552.0,334243.0
11865,0.00023412315775895066,183762.0,335492.0
11866,0.00023289744207035724,181205.0,333033.0
11867,0.00023593721697806892,185163.0,336024.0
11868,0.00023902729398416964,187168.0,340444.0
11869,0.00024794541031374854,195405.0,352425.0
11870,0.000253377400204341,198322.0,362283.0
11871,0.0002578842135258289,202142.0,373341.0
11872,0.00025878901456140877,203066.0,375527.0
11873,0.00025891381470424736,203280.0,375646.0
11874,0.00026082529444303046,204149.0,379291.0
11875,0.0002627068476169492,206084.0,383780.0
11876,0.0002653448424729713,208315.0,387054.0
11877,0.000266807423738789,209341.0,390372.0
11878,0.0002683903479994868,210700.0,393094.0
11879,0.00027092519171704023,213020.0,394552.0
11880,0.0002721273481949958,214141.0,395804.0
11881,0.0002742737833047352,215267.0,399609.0
11882,0.00027766694637201535,218059.0,406080.0
11883,0.000281496273203808,221128.0,410004.0
11884,0.00028231065780937216,221762.0,413270.0
11885,0.00028602282532339793,224464.0,420717.0
11886,0.0002861915602103991,223490.0,422291.0
11887,0.00029634239631822054,232670.0,436546.0
11888,0.00030079508712878354,236867.0,445021.0
11889,0.00030698542890774733,240964.0,454913.0
11890,0.0003101181671871653,243403.0,460264.0
11891,0.0003163314314413443,248808.0,471829.0
11892,0.0003130102194768231,245459.0,467567.0
11893,0.0003168414565148837,247820.0,473072.0
11894,0.0003186466014380849,249387.0,476188.0
11895,0.0003218990459769603,253659.0,482331.0
11896,0.00032822501240094764,257511.0,496362.0
11897,0.0003277996731386202,256595.0,496514.0
11898,0.0003319008859958826,260114.0,503080.0
11899,0.0003324503886656261,260752.0,502981.0
11900,0.00033884512251525917,266151.0,513000.0
11901,0.000340314707870726,266426.0,514164.0
11902,0.00034788549204598613,272941.0,524310.0
11903,0.00035566576217529674,279468.0,542906.0
11904,0.0003569456003748151,279211.0,545149.0
11905,0.0003612836788093018,282883.0,548859.0
11906,0.00036400572274111314,285520.0,554416.0
11907,0.0003649168911309195,287501.0,556308.0
11908,0.0003688137119175126,288813.0,562173.0
11909,0.00037593559761980736,295397.0,572130.0
11910,0.00038716824721070424,304281.0,595750.0
11911,0.0003916425870256372,306966.0,604020.0
11912,0.00039160565637112374,307521.0,606302.0
11913,0.00039244678386443903,307743.0,607404.0
11914,0.00039938019588163054,313101.0,619691.0
11915,0.0003990261709866394,314467.0,620094.0
11916,0.00039621753103734824,311394.0,617081.0
11917,0.0003996323431089983,312332.0,623195.0
11918,0.00040248237086076155,315504.0,626080.0
11919,0.0004082620182921187,321177.0,634913.0
11920,0.00041465802561259704,324549.0,644896.0
11921,0.0004180346335588884,326699.0,649414.0
11922,0.00042252489175938755,330586.0,659593.0
11923,0.0004275207178854675,335888.0,673328.0
11924,0.0004262326021254548,333765.0,669504.0
11925,0.00043611027873696116,341830.0,689405.0
11926,0.0004400268383216563,344665.0,696820.0
11927,0.00044282974765214364,347493.0,701577.0
11928,0.00044062409614809814,345282.0,699873.0
11929,0.00044443750459432466,347918.0,707705.0
11930,0.0004450742400169706,348254.0,711736.0
11931,0.00044633815983092276,349963.0,714395.0
11932,0.00044865842371104455,352152.0,721005.0
11933,0.00044574726935870735,350058.0,718667.0
11934,0.00044655847028715823,350164.0,721374.0
11935,0.0004452219626350244,350026.0,721076.0
11936,0.0004513626390510218,354806.0,736851.0
11937,0.0004500248579280427,353764.0,736255.0
11938,0.0004493645632947589,352255.0,737815.0
11939,0.0004474199733139982,351299.0,736778.0
11940,0.0004471022423380979,350661.0,734943.0
11941,0.00044818596602744123,351970.0,737273.0
11942,0.000448756480966132,351356.0,738835.0
11943,0.00044686219308376037,351689.0,737854.0
11944,0.00044986885774949445,352659.0,739780.0
11945,0.00045330531882551453,355529.0,746520.0
11946,0.00045939378293685494,359552.0,761944.0
11947,0.0004588430067962662,359749.0,763685.0
11948,0.00045529511702128306,357597.0,754722.0
11949,0.00045312957984886427,355079.0,751359.0
11950,0.00045763320949323893,359041.0,763168.0
11951,0.00046308875859446926,362767.0,773438.0
11952,0.00045996111419843244,361586.0,769862.0
11953,0.00046734851857197055,366464.0,785125.0
11954,0.00046748159627530355,367804.0,785941.0
11955,0.00046814953173365917,368188.0,786613.0
11956,0.00046987826840614287,367975.0,793366.0
11957,0.000471982042242565,370122.0,800373.0
11958,0.00047249461425779497,370077.0,801695.0
11959,0.000472555740858369,371116.0,803980.0
11960,0.0004684513443239933,366730.0,804685.0
11961,0.0004640483188763967,364391.0,797737.0
11962,0.00046294867680148717,363749.0,791387.0
11963,0.0004667512607455287,365742.0,800503.0
11964,0.0004669938569415568,366795.0,802023.0
11965,0.0004709728165976712,369297.0,813286.0
11966,0.0004702329300365566,368652.0,811040.0
11967,0.00047167195209173646,370786.0,817272.0
11968,0.0004696471334477224,368119.0,813597.0
11969,0.0004753522828346299,374207.0,824036.0
11970,0.0004737973749325286,371476.0,825292.0
11971,0.00047463722895499854,372419.0,829461.0
11972,0.00047458183297322833,372513.0,830858.0
11973,0.00047127590265885066,369931.0,824600.0
11974,0.00046865382618839474,367889.0,823205.0
11975,0.00046680028937307245,366226.0,820061.0
11976,0.00046441189480272754,364013.0,817111.0
11977,0.0004637025715419,363695.0,817303.0
11978,0.00045274817533069934,355955.0,802644.0
11979,0.00044940722456807613,352810.0,796553.0
11980,0.00044442222294418116,348068.0,791500.0
11981,0.0004421108733599764,346343.0,788756.0
11982,0.0004371729901573572,343333.0,780506.0
11983,0.00043696414093872936,342295.0,781850.0
11984,0.0004333328388233796,339790.0,777908.0
11985,0.00042945894051200174,336721.0,773326.0
11986,0.00042610971218888413,334338.0,767899.0
11987,0.0004188362834559997,329423.0,753865.0
11988,0.00041983277439244055,328980.0,754316.0
11989,0.00041952523118330256,329517.0,755933.0
11990,0.00041810276424911154,327970.0,755333.0
11991,0.00041255743545328815,322712.0,747840.0
11992,0.0004117061201932105,323752.0,747488.0
11993,0.00040495035735893715,318291.0,738942.0
11994,0.00039848048872943186,312535.0,727251.0
11995,0.0003971376137230716,311422.0,726107.0
11996,0.00039388453244877355,308909.0,724561.0
11997,0.000388742257175485,304276.0,715974.0
11998,0.00038784891737751276,303877.0,715740.0
11999,0.00038377508414342404,300801.0,710813.0
12000,0.00037678691287988496,294759.0,701892.0
12001,0.0003650748015157357,286737.0,677949.0
12002,0.0003622738023915162,284443.0,672819.0
12003,0.00036005859985613104,282270.0,670686.0
12004,0.0003584304673804254,280453.0,668427.0
12005,0.0003516600596314312,275342.0,656037.0
12006,0.000350969838433283,274782.0,655565.0
12007,0.0003505897073859634,275213.0,654808.0
12008,0.0003465324292728635,272687.0,649234.0
12009,0.000342413387823767,268335.0,643326.0
12010,0.0003362466052554411,263665.0,635443.0
12011,0.00032928517687965314,257739.0,624918.0
12012,0.0003253450580843201,255773.0,621178.0
12013,0.000318542176828771,250306.0,609760.0
12014,0.0003096176931449656,242799.0,593320.0
12015,0.00030664413872120907,240779.0,589588.0
12016,0.0002961602899873438,232895.0,569588.0
12017,0.000290925051342349,228297.0,561494.0
12018,0.0002873268594689768,224405.0,556439.0
12019,0.00028311485464817395,221363.0,546764.0
12020,0.00027900027034703594,219066.0,539139.0
12021,0.00027713017841072483,217538.0,535527.0
12022,0.00027321489229687504,215194.0,529185.0
12023,0.0002689895160321966,210503.0,520693.0
12024,0.00026710605265200995,209586.0,518592.0
12025,0.0002613493276958681,205196.0,509607.0
12026,0.0002596053093732409,204085.0,504862.0
12027,0.000252149137574057,197221.0,487550.0
12028,0.0002507368584066283,196649.0,485796.0
12029,0.00024561877907940035,192364.0,474641.0
12030,0.00024235742024460787,190311.0,467698.0
12031,0.0002398391316480432,188326.0,465631.0
12032,0.00023755579842243488,186177.0,462782.0
12033,0.00023378186757241245,182736.0,455441.0
12034,0.00023081277029661447,180640.0,449501.0
12035,0.00022532029054087065,176201.0,443301.0
12036,0.00022133878394306564,173253.0,435751.0
12037,0.00021311534595959343,167550.0,419100.0
12038,0.00021098801291253338,166202.0,415415.0
12039,0.0002013274630801493,157666.0,401408.0
12040,0.00019681046199189906,154757.0,392058.0
12041,0.0001908767245882616,149973.0,378367.0
12042,0.00018353707537142197,143617.0,364847.0
12043,0.00018150716284402672,142384.0,360565.0
12044,0.00016944866740995808,133278.0,337684.0
12045,0.00016640316188344258,130334.0,331481.0
12046,0.00016435924117674913,129407.0,328454.0
12047,0.00016058913073926256,126285.0,320024.0
12048,0.00015702914299124915,123120.0,311375.0
12049,0.00015301134247435334,120604.0,306153.0
12050,0.00014978818776491962,117573.0,299724.0
12051,0.00014265102041248137,112219.0,284132.0
12052,0.00014050394856731928,109932.0,279723.0
12053,0.00013682552803069375,107508.0,274955.0
12054,0.00013138335037333896,103130.0,263302.0
12055,0.0001302404102896895,102032.0,260901.0
12056,0.0001231548185064856,96592.0,244399.0
12057,0.00012115164886684148,95286.0,241279.0
12058,0.0001166715784331047,92040.0,231369.0
12059,0.00011621631260591286,90881.0,230504.0
12060,0.00010840738938258315,85119.0,216702.0
12061,0.00010562230864392984,82941.0,211235.0
12062,0.00010228899870637839,80649.0,204223.0
12063,9.988914289842587e-05,78785.0,198881.0
12064,9.839536159689851e-05,77235.0,196273.0
12065,9.746190746729958e-05,76530.0,194459.0
12066,9.612539981516576e-05,75655.0,192406.0
12067,9.350332334470982e-05,73827.0,186802.0
12068,9.031900949605752e-05,71296.0,181008.0
12069,8.894557118941023e-05,69403.0,178347.0
12070,8.638207437783771e-05,68063.0,173955.0
12071,8.305895220704859e-05,64996.0,166414.0
12072,8.155753008044948e-05,64248.0,163264.0
12073,7.941937253120445e-05,62084.0,159293.0
12074,7.800581989293048e-05,61286.0,155035.0
12075,7.55371966593322e-05,59337.0,150300.0
12076,7.418986450501341e-05,58047.0,148357.0
12077,7.208290699147802e-05,56641.0,144442.0
12078,7.07406687205404e-05,55599.0,141341.0
12079,6.857131113558571e-05,54146.0,138829.0
12080,6.42599755888501e-05,50250.0,129623.0
12081,6.230774478301767e-05,49054.0,125363.0
12082,6.070062457625934e-05,47457.0,121397.0
12083,5.890375721355252e-05,46185.0,118834.0
12084,5.760609042220011e-05,44985.0,116725.0
12085,5.3647506299610353e-05,42066.0,108593.0
12086,5.124319334369931e-05,40378.0,103839.0
12087,4.870962309699115e-05,38201.0,99578.0
12088,4.718846217229002e-05,36954.0,96255.0
12089,4.5164280263698605e-05,35597.0,91435.0
12090,4.318594330553769e-05,33760.0,87905.0
12091,4.234863622475829e-05,33118.0,86107.0
12092,4.183797441579625e-05,32978.0,85255.0
12093,3.967816786218125e-05,31487.0,81347.0
12094,3.8667032011019514e-05,30132.0,78913.0
12095,3.774822279614143e-05,29540.0,77054.0
12096,3.696376475544164e-05,29175.0,75426.0
12097,3.574059600853881e-05,28270.0,72793.0
12098,3.463968046278399e-05,27137.0,70760.0
12099,3.1875611993078e-05,24916.0,64577.0
12100,2.9984507787819584e-05,23773.0,60632.0
12101,2.8603428656100555e-05,22552.0,57444.0
12102,2.826468541125292e-05,22165.0,56949.0
12103,2.667794073801926e-05,20750.0,53554.0
12104,2.6225221852518e-05,20253.0,52662.0
12105,2.4203586885617166e-05,18776.0,48078.0
12106,2.3910688591200037e-05,18716.0,47321.0
12107,2.2771568920086466e-05,17786.0,45336.0
12108,2.236978886839688e-05,17671.0,44627.0
12109,2.1603796154953826e-05,17006.0,43176.0
12110,2.0433476448130602e-05,16131.0,40908.0
12111,1.9114797387830878e-05,14913.0,38032.0
12112,1.812212686392587e-05,14090.0,35836.0
12113,1.7624199763416752e-05,13859.0,34605.0
12114,1.6807904951584667e-05,13101.0,32843.0
12115,1.5940034570518262e-05,12560.0,31456.0
12116,1.5142841821365554e-05,12059.0,29751.0
12117,1.4685665787905775e-05,11428.0,28737.0
12118,1.4237404050363039e-05,11318.0,27874.0
12119,1.3733109595627462e-05,10747.0,26607.0
12120,1.3151770154751725e-05,10370.0,25770.0
12121,1.243098565631653e-05,9886.0,24508.0
12122,1.1538282593766933e-05,9001.0,22548.0
12123,1.1086200443688322e-05,8828.0,21662.0
12124,1.0679326508617571e-05,8432.0,21103.0
12125,9.894868467917783e-06,7805.0,19494.0
12126,9.130785960742665e-06,7277.0,17751.0
12127,8.681250752354636e-06,6746.0,16867.0
12128,8.275013552706532e-06,6626.0,16059.0
12129,7.991666289629091e-06,6324.0,15368.0
12130,7.882147796933992e-06,6253.0,15125.0
12131,7.726147618385738e-06,6139.0,14907.0
12132,7.030832536856381e-06,5592.0,13291.0
12133,6.665346404257616e-06,5235.0,12461.0
12134,6.083370227959234e-06,4691.0,11342.0
12135,6.005051770973784e-06,4704.0,11182.0
12136,5.377867379667542e-06,4319.0,9789.0
12137,4.90540969606426e-06,3759.0,8646.0
12138,4.06810261528486e-06,3230.0,7233.0
12139,4.057914848522525e-06,3179.0,7217.0
12140,4.05091075887342e-06,3192.0,7208.0
12141,4.054731171409295e-06,3207.0,7206.0
12142,4.040722992111085e-06,3269.0,7173.0
12143,9.805725508747353e-07,753.0,862.0
12144,9.761154029162138e-07,733.0,815.0
12145,9.805725508747353e-07,810.0,797.0
12146,9.907603176370703e-07,797.0,780.0
12147,9.863031696785487e-07,776.0,768.0
12148,9.971276718635294e-07,770.0,763.0
12149,9.920337884823621e-07,813.0,756.0
12150,9.945807301729457e-07,767.0,746.0
12151,1.0130460574296778e-06,780.0,743.0
12152,1.0181399408108452e-06,837.0,731.0
12153,1.0219603533467209e-06,840.0,729.0
12154,1.010499115739094e-06,805.0,710.0
12155,9.945807301729457e-07,760.0,700.0
12156,9.952174655955916e-07,781.0,674.0
12157,9.945807301729457e-07,807.0,672.0
12158,9.920337884823621e-07,807.0,669.0
12159,9.773888737615056e-07,801.0,649.0
12160,9.786623446067975e-07,804.0,647.0
12161,9.773888737615056e-07,812.0,631.0
12162,9.856664342559028e-07,810.0,625.0
12163,9.850296988332568e-07,749.0,625.0
12164,9.786623446067975e-07,765.0,613.0
12165,9.722949903803382e-07,780.0,609.0
12166,9.780256091841516e-07,761.0,599.0
12167,9.869399051011947e-07,790.0,600.0
12168,9.971276718635294e-07,809.0,582.0
12169,9.996746135541131e-07,747.0,580.0
12170,1.0066787032032184e-06,775.0,576.0
12171,1.000311348976759e-06,801.0,571.0
12172,1.011772586584386e-06,838.0,570.0
12173,1.0092256448938022e-06,750.0,568.0
12174,1.0219603533467209e-06,813.0,574.0
12175,1.0168664699655534e-06,804.0,566.0
12176,1.0073154386258644e-06,866.0,531.0
12177,1.0130460574296778e-06,803.0,529.0
12178,1.0506134473657877e-06,813.0,522.0
12179,1.030874649263764e-06,788.0,512.0
12180,1.0257807658825965e-06,837.0,507.0
12181,1.0270542367278883e-06,837.0,503.0
12182,1.0245072950373046e-06,809.0,503.0
12183,1.0340583263769936e-06,798.0,497.0
12184,1.0493399765204958e-06,846.0,497.0
12185,1.0792665413848548e-06,901.0,494.0
12186,1.0716257163131036e-06,875.0,484.0
12187,1.0716257163131036e-06,810.0,482.0
12188,1.076719599694271e-06,858.0,469.0
12189,1.0830869539207304e-06,880.0,461.0
12190,1.087544101879252e-06,874.0,460.0
12191,1.094548191528357e-06,866.0,461.0
12192,1.077356335116917e-06,821.0,457.0
12193,1.087544101879252e-06,818.0,449.0
12194,1.0964583977962948e-06,843.0,433.0
12195,1.0990053394868785e-06,863.0,422.0
12196,1.1085563708265676e-06,848.0,416.0
12197,1.1091931062492135e-06,917.0,414.0
12198,1.1091931062492135e-06,851.0,411.0
12199,1.0646216266639983e-06,823.0,360.0
12200,1.058254272437539e-06,780.0,340.0
12201,1.0550705953243092e-06,884.0,312.0
12202,1.0512501827884336e-06,854.0,292.0
12203,1.0537971244790174e-06,799.0,287.0
12204,1.0608012141281227e-06,856.0,278.0
12205,1.0620746849734145e-06,835.0,278.0
12206,1.0601644787054767e-06,890.0,279.0
12207,1.0900910435698354e-06,868.0,280.0
12208,1.0881808373018979e-06,831.0,279.0
12209,1.093911456105711e-06,948.0,276.0
12210,1.0926379852604192e-06,915.0,276.0
12211,1.1009155457548163e-06,877.0,273.0
12212,1.114286989630381e-06,862.0,273.0
12213,1.12383802097007e-06,947.0,270.0
12214,1.1257482272380078e-06,893.0,262.0
12215,1.134025787732405e-06,885.0,259.0
12216,1.1372094648456346e-06,890.0,245.0
12217,1.1257482272380078e-06,845.0,244.0
12218,1.1181074021662566e-06,871.0,234.0
12219,1.1085563708265676e-06,841.0,233.0
12220,1.0983686040642326e-06,842.0,228.0
12221,1.1015522811774623e-06,884.0,228.0
12222,1.1117400479397972e-06,873.0,228.0
12223,1.113650254207735e-06,847.0,233.0
12224,1.1588584692155962e-06,961.0,246.0
12225,1.2314463073972325e-06,978.0,261.0
12226,1.2569157243030697e-06,954.0,264.0
12227,1.2588259305710075e-06,975.0,263.0
12228,1.2683769619106965e-06,1060.0,259.0
12229,1.2702871681786344e-06,1003.0,262.0
12230,1.2753810515598018e-06,974.0,256.0
12231,1.2772912578277396e-06,976.0,260.0
12232,1.2804749349409693e-06,967.0,254.0
12233,1.2804749349409693e-06,998.0,254.0
12234,1.2798381995183234e-06,1002.0,254.0
12235,1.2753810515598018e-06,994.0,256.0
12236,1.2798381995183234e-06,1003.0,258.0
12237,1.2690136973333425e-06,1021.0,256.0
12238,1.2677402264880506e-06,971.0,256.0
12239,1.2753810515598018e-06,983.0,254.0
12240,1.2766545224050937e-06,1004.0,253.0
12241,1.2690136973333425e-06,1021.0,255.0
12242,1.2556422534577779e-06,917.0,256.0
12243,1.27410758071451e-06,1018.0,257.0
12244,1.3027606747335768e-06,1081.0,258.0
12245,1.3059443518468065e-06,1062.0,253.0
12246,1.2792014640956774e-06,963.0,251.0
12247,1.2760177869824478e-06,1001.0,247.0
12248,1.2849320828994906e-06,963.0,248.0
12249,1.2887524954353662e-06,1007.0,248.0
12250,1.2932096433938878e-06,1017.0,248.0
12251,1.2893892308580122e-06,940.0,242.0
12252,1.300850468465639e-06,1036.0,244.0
12253,1.3065810872694524e-06,1083.0,245.0
12254,1.310401499805328e-06,1031.0,245.0
12255,1.3237729436808927e-06,1039.0,256.0
12256,1.3275933562167683e-06,1088.0,257.0
12257,1.3282300916394142e-06,1107.0,258.0
12258,1.337781122979103e-06,1043.0,256.0
12259,1.3320505041752896e-06,1034.0,256.0
12260,1.3390545938243949e-06,1033.0,259.0
12261,1.3447852126282083e-06,1045.0,260.0
12262,1.347968889741438e-06,1073.0,262.0
12263,1.3505158314320217e-06,1077.0,266.0
12264,1.3536995085452514e-06,1014.0,268.0
12265,1.3447852126282083e-06,1043.0,265.0
12266,1.3428750063602705e-06,1046.0,260.0
12267,1.3174055894544333e-06,1124.0,252.0
12268,1.2900259662806581e-06,1042.0,246.0
12269,1.2868422891674284e-06,1041.0,250.0
12270,1.2900259662806581e-06,991.0,252.0
12271,1.290662701703304e-06,1029.0,252.0
12272,1.290662701703304e-06,1075.0,253.0
12273,1.301487203888285e-06,1028.0,259.0
12274,1.3053076164241606e-06,1001.0,259.0
12275,1.2893892308580122e-06,985.0,260.0
12276,1.263919813952175e-06,967.0,257.0
12277,1.25373204718984e-06,975.0,255.0
12278,1.2651932847974669e-06,1086.0,259.0
12279,1.2677402264880506e-06,948.0,259.0
12280,1.2677402264880506e-06,964.0,257.0
12281,1.2683769619106965e-06,955.0,257.0
12282,1.2766545224050937e-06,967.0,262.0
12283,1.2760177869824478e-06,987.0,265.0
12284,1.2983035267750553e-06,1063.0,273.0
12285,1.2976667913524093e-06,1019.0,270.0
12286,1.2925729079712419e-06,991.0,269.0
12287,1.2932096433938878e-06,1011.0,270.0
12288,1.3059443518468065e-06,968.0,278.0
12289,1.3148586477638496e-06,997.0,283.0
12290,1.3275933562167683e-06,1003.0,285.0
12291,1.338417858401749e-06,1052.0,288.0
12292,1.3403280646696868e-06,1036.0,289.0
12293,1.3390545938243949e-06,1045.0,288.0
12294,1.3352341812885193e-06,1086.0,289.0
12295,1.330140297907352e-06,1073.0,284.0
12296,1.3409648000923327e-06,1087.0,288.0
12297,1.3326872395979355e-06,1043.0,288.0
12298,1.3409648000923327e-06,1030.0,302.0
12299,1.3556097148131892e-06,1023.0,302.0
12300,1.3613403336170026e-06,1083.0,310.0
12301,1.3613403336170026e-06,1135.0,307.0
12302,1.3543362439678973e-06,1018.0,308.0
12303,1.3441484772055624e-06,1048.0,309.0
12304,1.3435117417829164e-06,1080.0,309.0
12305,1.3454219480508542e-06,1020.0,309.0
12306,1.3135851769185577e-06,1013.0,302.0
12307,1.3193157957223711e-06,1021.0,306.0
12308,1.3403280646696868e-06,1053.0,310.0
12309,1.3562464502358351e-06,1037.0,318.0
12310,1.3645240107302323e-06,1114.0,316.0
12311,1.3791689254510888e-06,1059.0,318.0
12312,1.3798056608737345e-06,1063.0,317.0
12313,1.3817158671416723e-06,1094.0,319.0
12314,1.3791689254510888e-06,1094.0,315.0
12315,1.3403280646696868e-06,1054.0,300.0
12316,1.2626463431068831e-06,989.0,284.0
12317,1.227625894861357e-06,990.0,280.0
12318,1.2359034553557539e-06,961.0,285.0
12319,2.8780441103596124e-06,2286.0,3674.0
12320,2.874223697823737e-06,2230.0,3683.0
12321,2.8754971686690287e-06,2271.0,3689.0
12322,2.8914155542351773e-06,2254.0,3689.0
12323,2.902876791842804e-06,2253.0,3694.0
12324,2.9054237335333874e-06,2223.0,3697.0
12325,2.921342119099536e-06,2277.0,3702.0
12326,2.921342119099536e-06,2277.0,3703.0
12327,3.0015707823529234e-06,2363.0,3703.0
12328,3.014305490805842e-06,2395.0,3703.0
12329,3.013668755383196e-06,2318.0,3701.0
12330,2.9875626030547128e-06,2313.0,3701.0
12331,2.988199338477359e-06,2375.0,3700.0
12332,3.0009340469302776e-06,2406.0,3702.0
12333,3.003480988620861e-06,2317.0,3703.0
12334,2.9945666927038183e-06,2294.0,3705.0
12335,2.974827894601794e-06,2339.0,3699.0
12336,3.0181259033417177e-06,2317.0,3719.0
12337,3.162028108859698e-06,2465.0,3822.0
12338,3.1919546737240572e-06,2627.0,3840.0
12339,3.1894077320334735e-06,2500.0,3854.0
12340,3.200232234218454e-06,2529.0,3859.0
12341,3.2091465301354972e-06,2519.0,3875.0
12342,3.2136036780940186e-06,2553.0,3900.0
12343,3.210420000980789e-06,2499.0,3912.0
12344,3.2155138843619566e-06,2575.0,3922.0
12345,3.2257016511242915e-06,2493.0,3935.0
12346,3.218697561475186e-06,2571.0,3931.0
12347,3.2148771489393104e-06,2541.0,3934.0
12348,3.223154709433708e-06,2561.0,3942.0
12349,3.211056736403435e-06,2507.0,3954.0
12350,3.229522063660167e-06,2492.0,3975.0
12351,3.239073094999856e-06,2582.0,3985.0
12352,3.2428935075357316e-06,2563.0,4000.0
12353,3.2530812742980665e-06,2589.0,4010.0
12354,3.2416200366904397e-06,2571.0,4005.0
12355,3.2588118931018797e-06,2605.0,4025.0
12356,3.2709098661321527e-06,2481.0,4043.0
12357,3.2817343683171334e-06,2637.0,4072.0
12358,3.301473166419157e-06,2636.0,4095.0
12359,3.314844610294722e-06,2676.0,4109.0
12360,3.321848699943827e-06,2652.0,4107.0
12361,3.323758906211765e-06,2631.0,4101.0
12362,3.341587498045851e-06,2574.0,4119.0
12363,3.349228323117602e-06,2538.0,4124.0
12364,3.335220143819392e-06,2527.0,4123.0
12365,3.3301262604382244e-06,2599.0,4127.0
12366,3.3390405563552675e-06,2605.0,4131.0
12367,3.3619630315705207e-06,2699.0,4143.0
12368,3.3912528610122337e-06,2659.0,4168.0
12369,3.389979390166942e-06,2669.0,4173.0
12370,3.395710008970755e-06,2560.0,4180.0
12371,3.389979390166942e-06,2602.0,4183.0
12372,3.397620215238693e-06,2603.0,4189.0
12373,3.38870591932165e-06,2715.0,4181.0
12374,3.407171246578382e-06,2639.0,4206.0
12375,3.3861589776310663e-06,2659.0,4206.0
12376,3.3963467443934012e-06,2667.0,4217.0
12377,3.4109916591142575e-06,2691.0,4242.0
12378,3.424999838412468e-06,2586.0,4272.0
12379,3.435824340597449e-06,2612.0,4288.0
12380,3.4320039280615736e-06,2694.0,4290.0
12381,3.4313671926389274e-06,2772.0,4295.0
12382,3.436461076020095e-06,2734.0,4303.0
12383,3.4396447531333244e-06,2739.0,4308.0
12384,3.4498325198956593e-06,2651.0,4323.0
12385,3.4549264032768268e-06,2729.0,4332.0
12386,3.4810325556053103e-06,2772.0,4377.0
12387,3.4842162327185398e-06,2721.0,4389.0
12388,3.5166897392734822e-06,2769.0,4410.0
12389,3.502044824552626e-06,2784.0,4410.0
12390,3.491220322367645e-06,2687.0,4427.0
12391,3.482942761873248e-06,2659.0,4434.0
12392,3.4944039994808747e-06,2665.0,4436.0
12393,3.417359013340717e-06,2668.0,4442.0
12394,3.435824340597449e-06,2717.0,4463.0
12395,3.4320039280615736e-06,2740.0,4463.0
12396,3.4390080177106786e-06,2676.0,4469.0
12397,3.426910044680406e-06,2726.0,4444.0
12398,2.3724761847787423e-06,1874.0,2608.0
12399,2.1973739435511113e-06,1711.0,2317.0
12400,1.9547777475230113e-06,1582.0,1813.0
12401,1.9146634158963176e-06,1479.0,1611.0
12402,1.8872837927225424e-06,1468.0,1466.0
12403,1.8414388422920353e-06,1452.0,1254.0
12404,1.8229735150353032e-06,1469.0,1236.0
12405,1.8172428962314898e-06,1482.0,1189.0
12406,1.8369816943335137e-06,1406.0,1186.0
12407,1.8293408692617625e-06,1425.0,1174.0
12408,1.8287041338391166e-06,1415.0,1164.0
12409,1.8217000441900113e-06,1474.0,1145.0
12410,1.8236102504579491e-06,1433.0,1146.0
12411,1.8573572278581837e-06,1492.0,1169.0
12412,1.8522633444770162e-06,1435.0,1169.0
12413,1.8624511112393511e-06,1415.0,1180.0
12414,1.8318878109523463e-06,1371.0,1188.0
12415,1.8478061965184946e-06,1443.0,1202.0
12416,1.843985783982619e-06,1540.0,1203.0
12417,1.8796429676507912e-06,1471.0,1226.0
12418,1.8764592905375615e-06,1530.0,1230.0
12419,1.9350389494209875e-06,1594.0,1277.0
12420,1.9713328685118056e-06,1540.0,1300.0
12421,1.9993492271082263e-06,1583.0,1350.0
12422,2.02545537943671e-06,1612.0,1375.0
12423,2.040100294157566e-06,1612.0,1381.0
12424,2.049014590074609e-06,1626.0,1407.0
12425,2.049651325497255e-06,1604.0,1422.0
12426,2.0509247963425468e-06,1644.0,1464.0
12427,1.9980757562629344e-06,1606.0,1451.0
12428,2.0082635230252694e-06,1545.0,1471.0
12429,2.002532904221456e-06,1562.0,1499.0
12430,2.0248186440140637e-06,1609.0,1522.0
12431,2.031822733663169e-06,1617.0,1524.0
12432,2.078941154938968e-06,1660.0,1577.0
12433,2.1133248677618484e-06,1599.0,1600.0
12434,2.133700401286518e-06,1682.0,1603.0
12435,2.1610800244602933e-06,1635.0,1626.0
12436,2.1655371724188146e-06,1660.0,1632.0
12437,2.1757249391811496e-06,1746.0,1647.0
12438,2.1846392350981926e-06,1684.0,1656.0
12439,2.1655371724188146e-06,1639.0,1655.0
12440,2.1865494413661302e-06,1725.0,1685.0
12441,2.218386212498427e-06,1717.0,1700.0
12442,2.2871536381441875e-06,1835.0,1791.0
12443,2.28524343187625e-06,1865.0,1802.0
12444,2.3081659070915036e-06,1857.0,1848.0
12445,2.332998588574695e-06,1863.0,1869.0
12446,2.3641986242843454e-06,1843.0,1915.0
12447,2.376933332737264e-06,1952.0,1955.0
12448,2.3813904806957854e-06,1808.0,1961.0
12449,2.386484364076953e-06,1854.0,1982.0
12450,2.3998558079525178e-06,1939.0,2005.0
12451,2.4113170455601446e-06,1885.0,2054.0
12452,2.424688489435709e-06,1881.0,2060.0
12453,2.424051754013063e-06,1842.0,2056.0
12454,2.4921824442361777e-06,1816.0,2163.0
12455,2.492819179658824e-06,1961.0,2168.0
12456,2.5049171526890964e-06,1974.0,2195.0
12457,2.54821516142902e-06,1962.0,2244.0
12458,2.5692274303763356e-06,2052.0,2287.0
12459,2.58578255136513e-06,2095.0,2316.0
12460,2.6042478786218618e-06,2104.0,2334.0
12461,2.6093417620030292e-06,2066.0,2353.0
12462,2.657096918701474e-06,2111.0,2424.0
12463,2.6609173312373497e-06,2116.0,2434.0
12464,2.734141904841632e-06,2069.0,2497.0
12465,2.7850807386533064e-06,2197.0,2553.0
12466,2.771072559355096e-06,2234.0,2566.0
12467,2.788901151189182e-06,2230.0,2568.0
12468,2.7959052408382875e-06,2128.0,2556.0
12469,2.8124603618270814e-06,2206.0,2581.0
12470,2.8137338326723732e-06,2266.0,2580.0
12471,2.861488989370818e-06,2246.0,2634.0
12472,2.890778818812531e-06,2302.0,2682.0
12473,2.9066972043786793e-06,2299.0,2704.0
12474,2.929619679593933e-06,2232.0,2745.0
12475,2.958909509035646e-06,2262.0,2803.0
12476,2.985652396786775e-06,2377.0,2851.0
12477,2.958272773613e-06,2359.0,2825.0
12478,3.0015707823529234e-06,2298.0,2872.0
12479,2.9888360739000047e-06,2335.0,2869.0
12480,3.032770818062574e-06,2361.0,2931.0
12481,3.0442320556702008e-06,2385.0,2939.0
12482,3.07097494342133e-06,2425.0,2945.0
12483,3.1282811314594637e-06,2338.0,2991.0
12484,3.1760362881579086e-06,2397.0,3054.0
12485,3.1894077320334735e-06,2457.0,3116.0
12486,3.2008689696411e-06,2468.0,3139.0
12487,3.1970485571052243e-06,2541.0,3133.0
12488,3.265179247328339e-06,2517.0,3261.0
12489,3.2524445388754204e-06,2532.0,3261.0
12490,3.2989262247285734e-06,2530.0,3284.0
12491,3.324395641634411e-06,2656.0,3354.0
12492,3.2995629601512196e-06,2627.0,3356.0
12493,3.320575229098535e-06,2634.0,3368.0
12494,3.35113852938554e-06,2636.0,3414.0
12495,3.379791623404607e-06,2685.0,3457.0
12496,3.3918895964348795e-06,2689.0,3488.0
12497,3.36833038579698e-06,2668.0,3471.0
12498,3.40589777573309e-06,2707.0,3528.0
12499,3.414812071650133e-06,2558.0,3553.0
12500,3.4491957844730136e-06,2731.0,3609.0
12501,3.4721182596882672e-06,2687.0,3668.0
12502,3.4383712822880325e-06,2716.0,3626.0
12503,3.5491632458284247e-06,2747.0,3765.0
12504,3.575906133579554e-06,2750.0,3821.0
12505,3.621114348587415e-06,2765.0,3874.0
12506,3.6363959987309176e-06,2838.0,3897.0
12507,3.6548613259876495e-06,2991.0,3926.0
12508,3.64849397176119e-06,2822.0,3932.0
12509,3.642763352957377e-06,2820.0,3926.0
12510,3.696885863882281e-06,2869.0,4028.0
12511,3.7389104017769124e-06,2830.0,4154.0
12512,3.744641020580726e-06,2863.0,4167.0
12513,3.76437981868275e-06,2953.0,4239.0
12514,3.7955798543924004e-06,2953.0,4280.0
12515,3.800037002350922e-06,3035.0,4294.0
12516,3.8439717465134914e-06,2936.0,4339.0
12517,3.890453432366644e-06,3005.0,4418.0
12518,3.912739172159252e-06,3083.0,4429.0
12519,3.9229269389215865e-06,3165.0,4425.0
12520,3.985963745763534e-06,3230.0,4541.0
12521,3.988510687454118e-06,3130.0,4547.0
12522,3.990420893722056e-06,3057.0,4566.0
12523,4.017800516895831e-06,3167.0,4617.0
12524,4.034355637884625e-06,3213.0,4661.0
12525,4.1222251262097635e-06,3170.0,4949.0
12526,4.128592480436223e-06,3179.0,4955.0
12527,4.17443743086673e-06,3202.0,5082.0
12528,4.237474237708677e-06,3231.0,5185.0
12529,4.2565763003880555e-06,3257.0,5211.0
12530,4.270584479686266e-06,3505.0,5220.0
12531,4.343172317867902e-06,3410.0,5355.0
12532,4.331711080260275e-06,3322.0,5367.0
12533,4.327890667724399e-06,3382.0,5368.0
12534,4.346355994981132e-06,3462.0,5365.0
12535,4.408756066400433e-06,3462.0,5476.0
12536,4.408756066400433e-06,3421.0,5510.0
12537,4.460968371057399e-06,3508.0,5655.0
12538,4.4698826669744426e-06,3484.0,5681.0
12539,4.504266379797323e-06,3552.0,5753.0
12540,4.5074500569105525e-06,3489.0,5745.0
12541,4.62206243298682e-06,3628.0,5924.0
12542,4.681915562715538e-06,3653.0,6077.0
12543,4.764054432236863e-06,3790.0,6230.0
12544,4.794617732523868e-06,3807.0,6283.0
12545,4.75514013631982e-06,3703.0,6225.0
12546,4.825181032810873e-06,3843.0,6317.0
12547,4.929605642124805e-06,3892.0,6459.0
12548,5.011107776223485e-06,3974.0,6662.0
12549,5.01492818875936e-06,3900.0,6668.0
12550,5.120626268918585e-06,4022.0,6911.0
12551,5.20913249266637e-06,4115.0,7155.0
12552,5.2123161697795995e-06,4021.0,7159.0
12553,5.183026340337886e-06,4134.0,7119.0
12554,5.20913249266637e-06,4124.0,7193.0
12555,5.184299811183178e-06,4023.0,7201.0
12556,5.186210017451116e-06,4092.0,7215.0
12557,5.3288387521238045e-06,4125.0,7576.0
12558,5.347940814803183e-06,4088.0,7655.0
12559,5.384871469316647e-06,4223.0,7748.0
12560,5.3632224649466854e-06,4219.0,7733.0
12561,5.393149029811044e-06,4178.0,7801.0
12562,5.385508204739293e-06,4242.0,7846.0
12563,5.374683702554312e-06,4177.0,7855.0
12564,5.391875558965752e-06,4240.0,7909.0
12565,5.409067415377192e-06,4198.0,7915.0
12566,5.491206284898518e-06,4232.0,8038.0
12567,5.501394051660853e-06,4208.0,8043.0
12568,5.586079862872761e-06,4424.0,8296.0
12569,5.554243091740465e-06,4187.0,8335.0
12570,5.550422679204589e-06,4444.0,8372.0
12571,5.522406320608168e-06,4318.0,8335.0
12572,5.593083952521866e-06,4333.0,8459.0
12573,5.742716776843661e-06,4587.0,8813.0
12574,5.736986158039847e-06,4551.0,8895.0
12575,5.719794301628407e-06,4481.0,8906.0
12576,5.729345332968096e-06,4660.0,8912.0
12577,5.798112758613857e-06,4420.0,9088.0
12578,5.872610803063431e-06,4669.0,9234.0
12579,5.84459444446701e-06,4542.0,9164.0
12580,5.9133618701127705e-06,4655.0,9347.0
12581,5.874521009331368e-06,4574.0,9370.0
12582,5.8961700137013305e-06,4612.0,9401.0
12583,5.956659878852693e-06,4747.0,9630.0
12584,5.972578264418842e-06,4751.0,9739.0
12585,6.02924771703433e-06,4659.0,9851.0
12586,6.039435483796665e-06,4785.0,9851.0
12587,6.058537546476043e-06,4817.0,9887.0
12588,6.178880541356124e-06,4986.0,10218.0
12589,6.149590711914411e-06,4770.0,10189.0
12590,6.196072397767564e-06,4966.0,10268.0
12591,6.219631608405464e-06,4915.0,10356.0
12592,6.234913258548966e-06,4882.0,10336.0
12593,6.369264432727257e-06,5089.0,10645.0
12594,6.314505186379707e-06,4968.0,10639.0
12595,6.431027768723913e-06,5073.0,11059.0
12596,6.447582889712707e-06,5073.0,11158.0
12597,6.445035948022123e-06,5038.0,11250.0
12598,6.450129831403291e-06,5029.0,11252.0
12599,6.472415571195898e-06,5149.0,11354.0
12600,6.550097292758702e-06,5184.0,11577.0
12601,6.513803373667884e-06,5115.0,11570.0
12602,6.467321687814731e-06,5102.0,11513.0
12603,6.5660156783248505e-06,5285.0,11879.0
12604,6.581297328468353e-06,5279.0,11968.0
12605,6.579387122200415e-06,5199.0,11987.0
12606,6.60995042248742e-06,5235.0,12120.0
12607,6.60676674537419e-06,5196.0,12181.0
12608,6.646881077000884e-06,5150.0,12307.0
12609,6.646244341578238e-06,5156.0,12337.0
12610,6.69590970454462e-06,5328.0,12598.0
12611,6.6863586732049315e-06,5257.0,12568.0
12612,6.706097471306955e-06,5289.0,12630.0
12613,6.83853843921731e-06,5390.0,13034.0
12614,6.819436376537931e-06,5264.0,13120.0
12615,6.9028487169045485e-06,5323.0,13482.0
12616,6.815615964002056e-06,5367.0,13314.0
12617,6.829624143300266e-06,5344.0,13418.0
12618,7.0098202679090655e-06,5441.0,14194.0
12619,6.994538617765563e-06,5536.0,14286.0
12620,6.998359030301438e-06,5459.0,14294.0
12621,7.069673397637783e-06,5579.0,14524.0
12622,7.172187800683778e-06,5825.0,15241.0
12623,7.182375567446113e-06,5566.0,15332.0
12624,7.205934778084013e-06,5650.0,15430.0
12625,7.24859605140129e-06,5701.0,15683.0
12626,7.242865432597476e-06,5722.0,15781.0
12627,7.251142993091874e-06,5867.0,15891.0
12628,7.240955226329539e-06,5701.0,15831.0
12629,7.403959494526897e-06,5890.0,16510.0
12630,7.516024928912581e-06,5923.0,17014.0
12631,7.5179351351805185e-06,5747.0,17057.0
12632,7.4663595659461984e-06,5858.0,17279.0
12633,7.4147839967118775e-06,5885.0,17294.0
12634,7.366392104590787e-06,5880.0,17356.0
12635,7.3568410732510985e-06,5831.0,17406.0
12636,7.437706471927131e-06,5884.0,17702.0
12637,7.607078094350949e-06,6002.0,18905.0
12638,7.591796444207447e-06,5955.0,19147.0
12639,7.52557596025227e-06,5783.0,19238.0
12640,7.650376103090872e-06,5945.0,19734.0
12641,7.5421310812410645e-06,6114.0,19695.0
12642,7.502653485037017e-06,5995.0,19807.0
12643,7.536400462437251e-06,5896.0,20171.0
12644,7.594980121320677e-06,5867.0,20466.0
12645,7.721690470427217e-06,6151.0,21228.0
12646,7.71659658704605e-06,6120.0,21343.0
12647,7.76180480205391e-06,5997.0,21595.0
12648,7.65546998647204e-06,6224.0,21393.0
12649,7.750343564446283e-06,6137.0,22039.0
12650,7.715959851623403e-06,6066.0,22051.0
12651,7.906343742994537e-06,6227.0,22947.0
12652,7.881511061511345e-06,6105.0,22991.0
12653,7.935633572436251e-06,6264.0,23383.0
12654,7.913347832643643e-06,6187.0,23430.0
12655,7.968107078991192e-06,6223.0,23662.0
12656,8.092270486407149e-06,6360.0,24668.0
12657,8.142572584796177e-06,6365.0,25482.0
12658,8.28456458404622e-06,6555.0,26514.0
12659,8.33932383039377e-06,6610.0,27124.0
12660,8.409364726884823e-06,6546.0,27592.0
12661,8.476221946262646e-06,6674.0,27854.0
12662,8.498507686055255e-06,6890.0,27994.0
12663,8.68698137115845e-06,6905.0,30080.0
12664,8.580646555576579e-06,6622.0,30022.0
12665,8.646867039531756e-06,6749.0,30706.0
12666,8.623944564316503e-06,6765.0,30784.0
12667,8.701626285879306e-06,6899.0,31276.0
12668,8.657691541716737e-06,6849.0,31292.0
12669,8.862720347808727e-06,6907.0,32865.0
12670,8.933397979722425e-06,6968.0,33591.0
12671,9.105953279259473e-06,7189.0,35539.0
12672,9.18172479455434e-06,7183.0,36345.0
12673,9.147977817154106e-06,7010.0,36470.0
12674,9.118051252289745e-06,7051.0,36526.0
12675,9.211651359418698e-06,7138.0,37419.0
12676,9.156892113071148e-06,7254.0,37622.0
12677,9.196369709275196e-06,7224.0,38049.0
12678,9.196369709275196e-06,7247.0,38296.0
12679,9.24730854308687e-06,7093.0,39160.0
12680,9.402671986212478e-06,7344.0,40311.0
12681,9.36319439000843e-06,7506.0,40390.0
12682,9.466982263899717e-06,7507.0,41671.0
12683,9.538296631236061e-06,7571.0,42825.0
12684,9.556125223070147e-06,7428.0,43754.0
12685,9.510917008062285e-06,7524.0,43754.0
12686,9.457431232560028e-06,7447.0,43969.0
12687,9.580957904553338e-06,7599.0,45732.0
12688,9.672647805414352e-06,7567.0,46446.0
12689,9.728043787184549e-06,7666.0,46857.0
12690,9.958542010182376e-06,7826.0,49351.0
12691,9.910786853483932e-06,7663.0,49601.0
12692,9.959178745605022e-06,7770.0,50021.0
12693,9.96108895187296e-06,7765.0,50209.0
12694,9.931162387008602e-06,7817.0,50491.0
12695,9.95790527475973e-06,7801.0,51068.0
12696,9.985284897933505e-06,7684.0,51370.0
12697,9.997382870963779e-06,7914.0,51787.0
12698,1.0122819749225027e-05,8046.0,52834.0
12699,1.0134280986832653e-05,7987.0,54226.0
12700,1.0290281165380906e-05,8108.0,56647.0
12701,1.024125253783717e-05,8151.0,56804.0
12702,1.0364142474407835e-05,8137.0,58398.0
12703,1.0360958797294605e-05,8072.0,59490.0
12704,1.0264175013052423e-05,8223.0,59065.0
12705,1.0476207908793518e-05,8182.0,58274.0
12706,1.0578722311839514e-05,8266.0,63048.0
12707,1.0673595889813758e-05,8311.0,63922.0
12708,1.0728991871583954e-05,8480.0,65207.0
12709,1.0683146921153446e-05,8623.0,67085.0
12710,1.0736632696655706e-05,8283.0,68109.0
12711,1.0814314418218509e-05,8477.0,69350.0
12712,1.077037967405594e-05,8455.0,69665.0
12713,1.0679326508617571e-05,8377.0,69974.0
12714,1.0739179638346289e-05,8359.0,70935.0
12715,1.0785024588776796e-05,8432.0,71806.0
12716,1.0899636964853063e-05,8471.0,73357.0
12717,1.0906004319079523e-05,8575.0,74200.0
12718,1.0973498273879991e-05,8586.0,75489.0
12719,1.1129498452428244e-05,8858.0,77697.0
12720,1.1049906524597503e-05,8518.0,78740.0
12721,1.1133955600386766e-05,8909.0,81045.0
12722,1.1160698488137895e-05,8807.0,81630.0
12723,1.1240290415968637e-05,8885.0,83083.0
12724,1.1397564065362182e-05,8867.0,85601.0
12725,1.1461237607626775e-05,8933.0,86828.0
12726,1.1700013391119e-05,9174.0,90542.0
12727,1.1654168440688493e-05,9268.0,91143.0
12728,1.147015190354382e-05,8934.0,90327.0
12729,1.1428764101071833e-05,8977.0,90512.0
12730,1.168727868266608e-05,9206.0,95320.0
12731,1.1572029571167167e-05,9069.0,95557.0
12732,1.1713384834994564e-05,9133.0,96734.0
12733,1.1819082915153789e-05,9205.0,97773.0
12734,1.2153369012042904e-05,9568.0,103583.0
12735,1.231191613228174e-05,9578.0,106046.0
12736,1.2377499880814271e-05,9733.0,107335.0
12737,1.2478104077592329e-05,9796.0,109644.0
12738,1.2467916310829994e-05,9863.0,110805.0
12739,1.254368782612486e-05,9931.0,111763.0
12740,1.2408699916523922e-05,9665.0,112437.0
12741,1.2158462895424072e-05,9270.0,114948.0
12742,1.2525222498868128e-05,9857.0,116048.0
12743,1.286141880202518e-05,9967.0,120459.0
12744,1.2967116882184405e-05,10196.0,123609.0
12745,1.3126300737845887e-05,10333.0,125641.0
12746,1.3144129329679974e-05,10334.0,126254.0
12747,1.3159410979823477e-05,10287.0,127711.0
12748,1.3121843589887366e-05,10276.0,128009.0
12749,1.3090643554177715e-05,10315.0,128194.0
12750,1.3186153867574605e-05,10144.0,129841.0
12751,1.3561827766935706e-05,10670.0,135770.0
12752,1.3602578833985046e-05,10762.0,137344.0
12753,1.3633778869694695e-05,10880.0,137893.0
12754,1.3428750063602705e-05,10445.0,136567.0
12755,1.3543362439678973e-05,10467.0,139195.0
12756,1.3637599282230572e-05,10579.0,141005.0
12757,1.3722921828865127e-05,10883.0,142200.0
12758,1.3723558564287771e-05,10651.0,142682.0
12759,1.3957240464398829e-05,11034.0,146247.0
12760,1.4103689611607394e-05,10998.0,151333.0
12761,1.4085861019773307e-05,10963.0,151702.0
12762,1.4078856930124202e-05,10969.0,153946.0
12763,1.439849811229246e-05,11086.0,158476.0
12764,1.4621992245641182e-05,11560.0,162254.0
12765,1.4774808747076205e-05,11638.0,165068.0
12766,1.4727690325800407e-05,11556.0,165262.0
12767,1.4912980333790373e-05,11724.0,167838.0
12768,1.4975380405209673e-05,11772.0,169272.0
12769,1.5107184637697382e-05,11643.0,171621.0
12770,1.5046058037123372e-05,11780.0,171808.0
12771,1.5291201174842057e-05,12252.0,174895.0
12772,1.5428099290710933e-05,12229.0,176806.0
12773,1.537334004436338e-05,11967.0,176778.0
12774,1.5507054483119028e-05,12198.0,179120.0
12775,1.571144655378837e-05,12305.0,185583.0
12776,1.5968050929114682e-05,12559.0,190344.0
12777,1.6075022480119198e-05,12653.0,193807.0
12778,1.6273047196562083e-05,12580.0,197488.0
12779,1.6336720738826677e-05,12782.0,199479.0
12780,1.6331626855445508e-05,12798.0,200259.0
12781,1.6303610496849088e-05,12819.0,202874.0
12782,1.6350728918124886e-05,12854.0,204204.0
12783,1.6443055554408548e-05,12864.0,205743.0
12784,1.6627072091553222e-05,13078.0,208747.0
12785,1.670093340058015e-05,13058.0,211501.0
12786,1.6790713095173226e-05,13168.0,213435.0
12787,1.6881766260611596e-05,13078.0,214389.0
12788,1.7075970564518604e-05,13328.0,218398.0
12789,1.7221146240881875e-05,13361.0,223037.0
12790,1.7272721810116198e-05,13660.0,223548.0
12791,1.7262534043353863e-05,13400.0,223049.0
12792,1.7422991369860637e-05,13613.0,226169.0
12793,1.7344672912875187e-05,13516.0,225933.0
12794,1.752614250832928e-05,13710.0,226961.0
12795,1.762738344052998e-05,13760.0,227859.0
12796,1.7783383619078234e-05,14061.0,231024.0
12797,1.763693447186967e-05,13894.0,230338.0
12798,1.789672252430921e-05,14171.0,235391.0
12799,1.797313077502672e-05,14198.0,237043.0
12800,1.78591551343731e-05,14015.0,234952.0
12801,1.7924102147482984e-05,14052.0,236134.0
12802,1.8188984083303692e-05,14350.0,239650.0
12803,1.8575482484849773e-05,14621.0,246856.0
12804,1.8532821211532496e-05,14455.0,247066.0
12805,1.8703466304801606e-05,14643.0,250264.0
12806,1.8828903183062855e-05,14762.0,252227.0
12807,1.8775417407560595e-05,14652.0,252648.0
12808,1.8840364420670482e-05,14754.0,253137.0
12809,1.8924413496459746e-05,14794.0,254855.0
12810,1.8926960438150327e-05,14769.0,257301.0
12811,1.8908495110893597e-05,14850.0,257022.0
12812,1.8720658161213047e-05,14661.0,254678.0
12813,1.9007825836826362e-05,15081.0,260284.0
12814,1.915236477776699e-05,15256.0,263953.0
12815,1.9196936257352202e-05,15031.0,264664.0
12816,1.9226862822216562e-05,15045.0,265397.0
12817,1.9219858732567456e-05,14906.0,267030.0
12818,1.9247875091163877e-05,15227.0,268304.0
12819,1.9275254714337652e-05,15087.0,269308.0
12820,1.935229970047781e-05,15106.0,271092.0
12821,1.9210944436650414e-05,15151.0,268989.0
12822,1.9279711862296174e-05,15125.0,269963.0
12823,1.935102622963252e-05,15337.0,271764.0
12824,1.9244054678628003e-05,14893.0,271858.0
12825,1.908614429381181e-05,14811.0,269051.0
12826,1.9028838105773677e-05,14822.0,270225.0
12827,1.8955613532169395e-05,14799.0,271372.0
12828,1.906131161232862e-05,14993.0,273101.0
12829,1.914854436523111e-05,15120.0,275137.0
12830,1.905048711014364e-05,15005.0,274705.0
12831,1.89861768324564e-05,14731.0,274482.0
12832,1.8963254357241146e-05,14903.0,272822.0
12833,1.8996364599218735e-05,14883.0,272691.0
12834,1.879006232228145e-05,14707.0,269745.0
12835,1.8715564277831878e-05,14690.0,267709.0
12836,1.874230716558301e-05,14937.0,269702.0
12837,1.8706649981914835e-05,14537.0,270830.0
12838,1.8753768403190633e-05,14759.0,271534.0
12839,1.86576213543711e-05,14158.0,270574.0
12840,1.8661441766906974e-05,14577.0,271691.0
12841,1.871238060071865e-05,14644.0,273928.0
12842,1.8360902647418094e-05,14307.0,269310.0
12843,1.8307416871915835e-05,14328.0,268610.0
12844,1.840420065615802e-05,14154.0,269741.0
12845,1.8649980529299347e-05,14744.0,273979.0
12846,1.8568478395200667e-05,14489.0,272275.0
12847,1.8575482484849773e-05,14499.0,272157.0
12848,1.8600315166332964e-05,14588.0,272784.0
12849,1.8517539561388992e-05,14588.0,272153.0
12850,1.8380004710097472e-05,14453.0,270318.0
12851,1.800624101700431e-05,14053.0,264164.0
12852,1.806100026335186e-05,13948.0,265358.0
12853,1.7897995995154503e-05,14129.0,262181.0
12854,1.755224866065776e-05,13922.0,257657.0
12855,1.7382877038233942e-05,13541.0,254998.0
12856,1.7247889128633006e-05,13286.0,252454.0
12857,1.7223056447149815e-05,13459.0,251762.0
12858,1.7179121702987246e-05,13323.0,251088.0
12859,1.7064509326910977e-05,13414.0,249493.0
12860,1.7052411353880705e-05,13312.0,248723.0
12861,1.699637863668786e-05,13312.0,247813.0
12862,1.6730223230021864e-05,13049.0,244107.0
12863,1.665890886268552e-05,12977.0,242832.0
12864,1.6562125078443335e-05,12892.0,241500.0
12865,1.645961067539734e-05,12935.0,240115.0
12866,1.6136785816115855e-05,12609.0,232746.0
12867,1.6013895879545188e-05,12428.0,229798.0
12868,1.5968687664537327e-05,12399.0,227243.0
12869,1.5696801639067515e-05,12279.0,222765.0
12870,1.5561813729466576e-05,12200.0,220504.0
12871,1.554907902101366e-05,12379.0,220019.0
12872,1.5358695129642525e-05,12044.0,215282.0
12873,1.5318580798015833e-05,11765.0,214117.0
12874,1.534086653780844e-05,12099.0,214028.0
12875,1.5187413300950769e-05,12173.0,211588.0
12876,1.5127560171222052e-05,11867.0,209058.0
12877,1.505433559761777e-05,11716.0,207299.0
12878,1.5207788834475439e-05,11866.0,208956.0
12879,1.5014858001413723e-05,11773.0,204910.0
12880,1.475698015524212e-05,11711.0,199677.0
12881,1.4639184102052622e-05,11407.0,197889.0
12882,1.451438395921402e-05,11355.0,196340.0
12883,1.4387036874684832e-05,11418.0,193238.0
12884,1.4355836838975183e-05,11182.0,191968.0
12885,1.4320816390729657e-05,11094.0,191403.0
12886,1.4317632713616426e-05,11241.0,190989.0
12887,1.3926040428689178e-05,11093.0,185961.0
12888,1.3877648536568088e-05,10852.0,185237.0
12889,1.3586023712996251e-05,10695.0,179975.0
12890,1.3508978726856093e-05,10595.0,177495.0
12891,1.35077052560108e-05,10647.0,177265.0
12892,1.3350431606617256e-05,10543.0,175057.0
12893,1.3018692451418726e-05,10159.0,170385.0
12894,1.263155731445e-05,9901.0,162792.0
12895,1.2723247215311012e-05,9992.0,162261.0
12896,1.2541140884434277e-05,9898.0,158669.0
12897,1.2394055001803066e-05,9621.0,156358.0
12898,1.230427530720999e-05,9711.0,154175.0
12899,1.235266719933108e-05,9547.0,153841.0
12900,1.2302365100942052e-05,9680.0,151679.0
12901,1.2134903684786171e-05,9351.0,147199.0
12902,1.2118348563797378e-05,9559.0,146149.0
12903,1.213044653682765e-05,9556.0,145863.0
12904,1.1859833982203129e-05,9302.0,139827.0
12905,1.1588584692155962e-05,9074.0,134442.0
12906,1.1433221249030355e-05,9212.0,131393.0
12907,1.1472698845234402e-05,9108.0,130213.0
12908,1.1255572066112139e-05,8671.0,124926.0
12909,1.1172796461168169e-05,8661.0,122961.0
12910,1.111612700855268e-05,8948.0,121588.0
12911,1.102698404938225e-05,8596.0,119401.0
12912,1.1098298416718595e-05,8732.0,117343.0
12913,1.1047996318329566e-05,8519.0,115840.0
12914,1.0888175727245436e-05,8553.0,113126.0
12915,1.096585744880824e-05,8453.0,112118.0
12916,1.0774200086591815e-05,8560.0,108812.0
12917,1.0631571351919126e-05,8241.0,104933.0
12918,1.060737540585858e-05,8406.0,102287.0
12919,1.038388127250986e-05,8172.0,98152.0
12920,1.033676285123406e-05,8133.0,94967.0
12921,1.0422085397868614e-05,8125.0,94659.0
12922,1.0426542545827136e-05,8086.0,93582.0
12923,1.0537334509367528e-05,8288.0,93156.0
12924,1.0380697595396629e-05,7959.0,91418.0
12925,1.0348224088841687e-05,8009.0,90053.0
12926,1.019413411656137e-05,7997.0,88399.0
12927,1.0203048412478415e-05,7943.0,84874.0
12928,1.0239979066991878e-05,8103.0,83190.0
12929,1.0183946349799035e-05,7941.0,80463.0
12930,1.0297921990452658e-05,8143.0,80458.0
12931,1.0339946528347289e-05,8210.0,78746.0
12932,1.012855036802884e-05,7981.0,74372.0
12933,1.0086525830134209e-05,7874.0,72612.0
12934,1.0099260538587127e-05,7841.0,71777.0
12935,9.983374691665567e-06,7749.0,70150.0
12936,9.754786674935678e-06,7728.0,65142.0
12937,9.670737599146416e-06,7734.0,63918.0
12938,9.485447591156448e-06,7452.0,61393.0
12939,9.428141403118315e-06,7276.0,59540.0
12940,9.545937456307812e-06,7332.0,59490.0
12941,9.547210927153104e-06,7570.0,57882.0
12942,9.579047698285401e-06,7512.0,57459.0
12943,9.633170209210305e-06,7634.0,55545.0
12944,9.593055877583611e-06,7556.0,54485.0
12945,9.57459055032688e-06,7512.0,53758.0
12946,9.590508935893027e-06,7279.0,52773.0
12947,9.611521204840343e-06,7576.0,52387.0
12948,9.802541831634122e-06,7729.0,52307.0
12949,9.687929455557855e-06,7536.0,50299.0
12950,9.700664164010774e-06,7610.0,50040.0
12951,9.853480665445797e-06,7665.0,48774.0
12952,9.905056234680118e-06,7708.0,48466.0
12953,1.0136191193100591e-05,8058.0,48696.0
12954,1.0080158475907749e-05,7914.0,47930.0
12955,1.0160387139161136e-05,7925.0,47939.0
12956,1.0202411677055768e-05,7921.0,46129.0
12957,1.0269905631856236e-05,8165.0,45846.0
12958,1.0386428214200442e-05,8140.0,44383.0
12959,1.0465383406608537e-05,8417.0,43422.0
12960,1.042590581040449e-05,8210.0,42591.0
12961,1.0408077218570404e-05,8200.0,42032.0
12962,1.0499130384008773e-05,8265.0,41647.0
12963,1.0551342688665738e-05,8481.0,41410.0
12964,1.0604191728745351e-05,8138.0,40966.0
12965,1.0435456841744178e-05,8263.0,38979.0
12966,1.0496583442318188e-05,8185.0,38525.0
12967,1.043864051885741e-05,8055.0,37738.0
12968,1.0545612069861926e-05,8128.0,37536.0
12969,1.0423358868713907e-05,8213.0,34952.0
12970,1.0511228357039045e-05,8213.0,34685.0
12971,1.0514412034152275e-05,8203.0,34307.0
12972,1.0467293612876476e-05,8165.0,33962.0
12973,1.0442460931393284e-05,8315.0,33646.0
12974,1.0420175191600676e-05,8238.0,33308.0
12975,1.0509318150771108e-05,8253.0,33286.0
12976,1.043227316463095e-05,8132.0,31869.0
12977,1.0368599622366357e-05,8077.0,30642.0
12978,1.0476207908793518e-05,8305.0,30645.0
12979,1.058254272437539e-05,8369.0,30569.0
12980,1.0744910257150102e-05,8395.0,30451.0
12981,1.0856975691535787e-05,8507.0,30261.0
12982,1.087353081252458e-05,8494.0,29935.0
12983,1.0890085933513375e-05,8735.0,29820.0
12984,1.0920012498377733e-05,8510.0,29830.0
12985,1.100342483874435e-05,8579.0,29883.0
12986,1.0884992050132207e-05,8596.0,29026.0
12987,1.0914918614996566e-05,8588.0,28525.0
12988,1.0953759475777967e-05,8630.0,28307.0
12989,1.0979228892683805e-05,8681.0,28270.0
12990,1.087225734167929e-05,8453.0,27135.0
12991,1.0842967512237575e-05,8536.0,26530.0
12992,1.0850608337309327e-05,8420.0,26332.0
12993,1.0824502184980844e-05,8555.0,25919.0
12994,1.0894543081471896e-05,8526.0,25865.0
12995,1.0939114561057111e-05,8509.0,25746.0
12996,1.0988779924023493e-05,8573.0,25703.0
12997,1.1030804461918126e-05,8786.0,25373.0
12998,1.1031441197340772e-05,8692.0,24656.0
12999,1.108938412080155e-05,8560.0,24747.0
13000,1.147460905150234e-05,9007.0,25475.0
13001,1.1572029571167167e-05,9038.0,25612.0
13002,1.1682184799284913e-05,9204.0,25662.0
13003,1.1542739741725455e-05,9036.0,24844.0
13004,1.1594952046382422e-05,9142.0,24896.0
13005,1.1601956136031526e-05,9001.0,24617.0
13006,1.148861723080055e-05,8956.0,24066.0
13007,1.1566298952363355e-05,8960.0,24028.0
13008,1.200055251060788e-05,9494.0,27186.0
13009,1.228071609657209e-05,9781.0,25368.0
13010,1.2404242768565401e-05,9895.0,25588.0
13011,1.2354577405599019e-05,9684.0,25535.0
13012,1.2367948849474583e-05,9728.0,25589.0
13013,1.2362218230670769e-05,9779.0,25762.0
13014,1.2300454894674113e-05,9656.0,25765.0
13015,1.2276258948613568e-05,9575.0,25759.0
13016,1.2259703827624775e-05,9765.0,25850.0
13017,1.2306822248900573e-05,9490.0,25967.0
13018,1.2313826338549679e-05,9470.0,26078.0
13019,1.2346936580527267e-05,9819.0,26248.0
13020,1.2256520150511544e-05,9793.0,26167.0
13021,1.2232960939873645e-05,9589.0,26280.0
13022,1.2129173065982359e-05,9627.0,25900.0
13023,1.2212585406348975e-05,9463.0,26189.0
13024,1.223678135240952e-05,9500.0,26289.0
13025,1.2195393549937535e-05,9629.0,26252.0
13026,1.2325287576157306e-05,9731.0,26514.0
13027,1.2364765172361354e-05,9686.0,26737.0
13028,1.2446904041882678e-05,9882.0,26954.0
13029,1.2453271396109137e-05,9766.0,27006.0
13030,1.2398512149761588e-05,9736.0,26936.0
13031,1.2322740634466722e-05,9640.0,26836.0
13032,1.218838946028843e-05,9503.0,26622.0
13033,1.230554877805528e-05,9718.0,26972.0
13034,1.2147001657816444e-05,9511.0,26629.0
13035,1.2215132348039558e-05,9458.0,26706.0
13036,1.2278805890304153e-05,9579.0,26753.0
13037,1.228389977368532e-05,9723.0,26829.0
13038,1.2313189603127033e-05,9666.0,27082.0
13039,1.2099246501118e-05,9526.0,26806.0
13040,1.2120258770065315e-05,9432.0,26923.0
13041,1.2127899595137067e-05,9260.0,27009.0
13042,1.2047034196461033e-05,9427.0,26974.0
13043,1.204130357765722e-05,9488.0,26964.0
13044,1.1905678932633636e-05,9333.0,26738.0
13045,1.1969989210320875e-05,9447.0,27012.0
13046,1.1916503434818617e-05,9217.0,26909.0
13047,1.1788519614866784e-05,9257.0,26714.0
13048,1.1818446179731143e-05,9233.0,26920.0
13049,1.1572029571167167e-05,9032.0,26405.0
13050,1.1432584513607709e-05,8901.0,25995.0
13051,1.1524274414468723e-05,8967.0,26184.0
13052,1.1586674485888023e-05,9034.0,26412.0
13053,1.1593041840114483e-05,9043.0,26563.0
13054,1.1539556064612226e-05,9128.0,26449.0
13055,1.1476519257770277e-05,9065.0,26348.0
13056,1.1496894791294947e-05,8944.0,26403.0
13057,1.141539265719627e-05,9182.0,26239.0
13058,1.1534462181231058e-05,9044.0,26542.0
13059,1.1428764101071833e-05,8987.0,26422.0
13060,1.1345351760705215e-05,8921.0,26296.0
13061,1.1209090380258987e-05,8785.0,26060.0
13062,1.1131408658696183e-05,8682.0,25891.0
13063,1.1137139277499996e-05,8828.0,26005.0
13064,1.110975965432622e-05,8741.0,25914.0
13065,1.1177890344549336e-05,8828.0,26126.0
13066,1.0742363315459518e-05,8495.0,25950.0
13067,1.0727081665316015e-05,8518.0,25903.0
13068,1.0662771387628777e-05,8541.0,25756.0
13069,1.067168568354582e-05,8515.0,24213.0
13070,1.0629661145651189e-05,8384.0,23958.0
13071,1.0395979245540131e-05,8106.0,23018.0
13072,1.0206232089591644e-05,7940.0,22436.0
13073,1.011772586584386e-05,7974.0,22070.0
13074,1.0094166655205959e-05,7934.0,21859.0
13075,1.0092256448938022e-05,7923.0,21916.0
13076,1.002985637751872e-05,7753.0,21684.0
13077,1.0057236000692496e-05,7839.0,21694.0
13078,9.99865634180907e-06,7905.0,21607.0
13079,9.903782763834826e-06,7845.0,21319.0
13080,9.907603176370701e-06,7643.0,21461.0
13081,9.821643894313502e-06,7866.0,21345.0
13082,9.808272450437936e-06,7575.0,21305.0
13083,9.757970352048907e-06,7786.0,21292.0
13084,9.722313168380735e-06,7757.0,21254.0
13085,9.687929455557855e-06,7672.0,21252.0
13086,9.629986532097076e-06,7474.0,21122.0
13087,9.564402783564545e-06,7484.0,21036.0
13088,9.535112954122832e-06,7529.0,21103.0
13089,9.400125044521893e-06,7606.0,20841.0
13090,9.31925964584586e-06,7279.0,20630.0
13091,8.975422517617057e-06,6973.0,19889.0
13092,8.875455056261646e-06,6975.0,19651.0
13093,8.79968354096678e-06,7050.0,19509.0
13094,8.70417322756989e-06,7033.0,19320.0
13095,8.631585389388254e-06,6927.0,19114.0
13096,8.572368995082182e-06,6979.0,19086.0
13097,8.564728170010432e-06,6713.0,19086.0
13098,8.50869545281759e-06,6946.0,18944.0
13099,8.424646377028325e-06,6655.0,18783.0
13100,8.080809248799523e-06,6456.0,18143.0
13101,7.934996837013605e-06,6116.0,17901.0
13102,7.954098899692982e-06,6183.0,18029.0
13103,7.86368246967726e-06,6042.0,17933.0
13104,7.807013017061772e-06,6245.0,17744.0
13105,7.738245591416012e-06,6089.0,17536.0
13106,7.743339474797179e-06,6126.0,17497.0
13107,7.744612945642471e-06,6158.0,17493.0
13108,7.709592497396945e-06,6047.0,17438.0
13109,7.519208606025811e-06,5899.0,17019.0
13110,7.382947225579581e-06,5881.0,16720.0
13111,7.3186369478923424e-06,5725.0,16611.0
13112,7.22822051787662e-06,5605.0,16294.0
13113,7.162000033921443e-06,5547.0,16138.0
13114,7.056938689184864e-06,5434.0,15835.0
13115,6.967158994591788e-06,5569.0,15694.0
13116,6.98244064473529e-06,5549.0,15783.0
13117,6.857640501896687e-06,5293.0,15638.0
13118,6.815615964002056e-06,5346.0,15534.0
13119,6.764677130190381e-06,5370.0,15457.0
13120,6.771044484416841e-06,5272.0,15482.0
13121,6.758946511386568e-06,5332.0,15522.0
13122,6.73984444870719e-06,5174.0,15479.0
13123,6.72583626940898e-06,5250.0,15428.0
13124,6.546913615645473e-06,5123.0,14909.0
13125,6.543093203109597e-06,5085.0,14933.0
13126,6.464774746124147e-06,4923.0,14864.0
13127,6.410015499776597e-06,4933.0,14761.0
13128,6.338064397017607e-06,5020.0,14547.0
13129,6.243827554466009e-06,5003.0,14214.0
13130,6.2737541193303675e-06,4983.0,14308.0
13131,6.227272433477215e-06,4952.0,14216.0
13132,6.197345868612856e-06,4890.0,14237.0
13133,6.013966066890828e-06,4811.0,13805.0
13134,5.986586443717053e-06,4739.0,13700.0
13135,5.921639430607167e-06,4703.0,13657.0
13136,5.895533278278684e-06,4493.0,13584.0
13137,5.948382318358297e-06,4579.0,13685.0
13138,5.966210910192383e-06,4594.0,13766.0
13139,5.860512830033158e-06,4550.0,13484.0
13140,5.8993536908145596e-06,4528.0,13577.0
13141,5.802569906572378e-06,4536.0,13459.0
13142,5.702602445216967e-06,4506.0,13250.0
13143,5.5867165982954075e-06,4359.0,12937.0
13144,5.454912365807699e-06,4282.0,12522.0
13145,5.461279720034159e-06,4326.0,12527.0
13146,5.427532742633924e-06,4365.0,12496.0
13147,5.3835979984713545e-06,4180.0,12442.0
13148,5.458732778343575e-06,4322.0,12739.0
13149,5.365769406637269e-06,4136.0,12448.0
13150,5.319924456206762e-06,4199.0,12325.0
13151,5.225050878232518e-06,4126.0,12034.0
13152,5.215499846892829e-06,4150.0,12017.0
13153,5.242242734643958e-06,4166.0,12097.0
13154,5.2186835240060585e-06,4143.0,11997.0
13155,5.312283631135011e-06,4162.0,12394.0
13156,5.265165209859212e-06,4142.0,12392.0
13157,5.26389173901392e-06,4059.0,12479.0
13158,5.200854932171972e-06,4155.0,12317.0
13159,5.169018161039676e-06,4112.0,12260.0
13160,5.0817854081371835e-06,3986.0,12194.0
13161,5.005377157419671e-06,3917.0,12013.0
13162,5.02129554298582e-06,3889.0,12145.0
13163,4.99773633234792e-06,4024.0,12171.0
13164,4.999646538615858e-06,3825.0,12200.0
13165,4.981817946781772e-06,3856.0,12153.0
13166,4.925148494166284e-06,3852.0,11926.0
13167,4.887581104230174e-06,3901.0,11928.0
13168,4.880577014581069e-06,3731.0,12013.0
13169,4.853197391407293e-06,3863.0,11901.0
13170,4.858928010211107e-06,3705.0,11918.0
13171,4.8067157055541406e-06,3693.0,11721.0
13172,4.824544297388227e-06,3747.0,11791.0
13173,4.786976907452117e-06,3701.0,11766.0
13174,4.771058521885968e-06,3676.0,11704.0
13175,4.774242198999198e-06,3636.0,11703.0
13176,4.706111508776083e-06,3761.0,11574.0
13177,4.7474993112480684e-06,3770.0,11715.0
13178,4.767238109350093e-06,3737.0,11803.0
13179,4.7067482441987295e-06,3676.0,11645.0
13180,4.737311544485734e-06,3804.0,11703.0
13181,4.753229930051882e-06,3704.0,11750.0
13182,4.754503400897174e-06,3667.0,11780.0
13183,4.7513197237839445e-06,3689.0,11814.0
13184,4.706111508776083e-06,3603.0,11702.0
13185,4.758960548855696e-06,3821.0,11867.0
13186,4.741768692444256e-06,3617.0,11854.0
13187,4.769148315618031e-06,3699.0,11933.0
13188,4.750046252938652e-06,3713.0,11922.0
13189,4.728397248568691e-06,3656.0,11869.0
13190,4.701017625394916e-06,3663.0,11894.0
13191,4.609327724533901e-06,3534.0,11597.0
13192,4.636070612285031e-06,3712.0,11632.0
13193,4.5794011596695425e-06,3647.0,11414.0
13194,4.609327724533901e-06,3603.0,11522.0
13195,4.595319545235691e-06,3591.0,11478.0
13196,4.585768513896002e-06,3610.0,11437.0
13197,4.5940460743904e-06,3601.0,11511.0
13198,4.577490953401605e-06,3585.0,11501.0
13199,4.5832215722054185e-06,3641.0,11618.0
13200,4.5934093389677535e-06,3711.0,11590.0
13201,4.609327724533901e-06,3602.0,11610.0
13202,4.585131778473356e-06,3479.0,11595.0
13203,4.52973579670316e-06,3580.0,11544.0
13204,4.557115419876935e-06,3602.0,11657.0
13205,4.494078613034988e-06,3618.0,11510.0
13206,4.543107240578725e-06,3427.0,11721.0
13207,4.525915384167285e-06,3550.0,11646.0
13208,4.482617375427361e-06,3557.0,11443.0
13209,4.4253111873892276e-06,3457.0,11260.0
13210,4.415123420626893e-06,3304.0,11169.0
13211,4.457147958521524e-06,3445.0,11118.0
13212,4.45460101683094e-06,3442.0,11096.0
13213,4.430405070770395e-06,3603.0,11100.0
13214,4.425947922811873e-06,3497.0,11098.0
13215,4.423400981121289e-06,3518.0,11097.0
13216,4.39347441625693e-06,3322.0,11049.0
13217,4.423400981121289e-06,3539.0,11255.0
13218,4.392837680834285e-06,3467.0,11303.0
13219,4.436135689574208e-06,3442.0,11433.0
13220,4.465425519015921e-06,3446.0,11525.0
13221,4.455874487676232e-06,3499.0,11517.0
13222,4.444413250068605e-06,3420.0,11496.0
13223,4.446960191759189e-06,3437.0,11583.0
13224,4.4374091604195e-06,3401.0,11579.0
13225,4.398568299638098e-06,3396.0,11571.0
13226,4.35909070343405e-06,3362.0,11365.0
13227,4.334894757373505e-06,3393.0,11261.0
13228,4.278862040180663e-06,3284.0,11211.0
13229,4.241294650244553e-06,3307.0,11053.0
13230,4.351449878362299e-06,3380.0,11562.0
13231,4.32470699061117e-06,3443.0,11526.0
13232,4.439319366687438e-06,3519.0,12117.0
13233,4.453327545985649e-06,3445.0,12243.0
13234,4.455237752253586e-06,3495.0,12327.0
13235,4.4590581647894615e-06,3459.0,12330.0
13236,4.384560120339888e-06,3413.0,12138.0
13237,4.369278470196385e-06,3586.0,12099.0
13238,4.346992730403778e-06,3400.0,12019.0
13239,4.269311008840974e-06,3343.0,11794.0
13240,4.268674273418328e-06,3412.0,12119.0
13241,4.224102793833113e-06,3325.0,12040.0
13242,4.223466058410467e-06,3320.0,12057.0
13243,4.299874309127979e-06,3419.0,12395.0
13244,4.264853860882452e-06,3443.0,12324.0
13245,4.296053896592103e-06,3366.0,12423.0
13246,4.196723170659338e-06,3281.0,12039.0
13247,4.127955745013577e-06,3153.0,11769.0
13248,4.132412892972098e-06,3443.0,11803.0
13249,4.1496047493835384e-06,3236.0,11869.0
13250,4.173163960021438e-06,3271.0,11953.0
13251,4.15724557445529e-06,3275.0,11816.0
13252,4.147694543115601e-06,3262.0,11811.0
13253,4.167433341217625e-06,3286.0,11915.0
13254,4.164886399527041e-06,3252.0,11894.0
13255,4.187172139319648e-06,3263.0,11911.0
13256,4.218372175029299e-06,3303.0,11962.0
13257,4.202453789463151e-06,3291.0,12023.0
13258,4.199270112349922e-06,3316.0,12080.0
13259,4.24957221073895e-06,3309.0,12278.0
13260,4.212641556225486e-06,3303.0,12214.0
13261,4.212641556225486e-06,3244.0,12256.0
13262,4.231106883482218e-06,3446.0,12323.0
13263,4.211368085380194e-06,3408.0,12296.0
13264,4.196723170659338e-06,3318.0,12277.0
13265,4.178894578825252e-06,3256.0,12248.0
13266,4.173163960021438e-06,3231.0,12298.0
13267,4.186535403897003e-06,3225.0,12309.0
13268,4.138143511775912e-06,3347.0,12200.0
13269,4.141327188889142e-06,3156.0,12172.0
13270,4.1604292515685195e-06,3174.0,12286.0
13271,4.103759798953032e-06,3199.0,12169.0
13272,4.108216946911553e-06,3201.0,12228.0
13273,4.1190414490965336e-06,3252.0,12332.0
13274,4.106943476066261e-06,3219.0,12322.0
13275,4.127319009590931e-06,3247.0,12397.0
13276,4.100576121839802e-06,3255.0,12269.0
13277,4.095482238458635e-06,3183.0,12239.0
13278,4.0572781130998785e-06,3168.0,12130.0
13279,4.126682274168285e-06,3157.0,12434.0
13280,4.1292292158588685e-06,3234.0,12532.0
13281,4.1222251262097635e-06,3231.0,12457.0
13282,4.13687004093062e-06,3283.0,12460.0
13283,4.114584301138012e-06,3195.0,12511.0
13284,4.129865951281515e-06,3145.0,12543.0
13285,4.103123063530386e-06,3314.0,12506.0
13286,4.083384265428362e-06,3227.0,12556.0
13287,4.063645467326338e-06,3264.0,12569.0
13288,4.060461790213108e-06,3117.0,12557.0
13289,3.999335189639099e-06,3106.0,12575.0
13290,3.9522167683633e-06,3095.0,12688.0
13291,3.904461611664855e-06,3100.0,12707.0
13292,3.835057450596448e-06,2971.0,12554.0
13293,3.845881952781429e-06,3024.0,12886.0
13294,3.867530957151391e-06,3027.0,13051.0
13295,3.83951459855497e-06,3059.0,13180.0
13296,3.843335011090845e-06,3058.0,13289.0
13297,3.8165921233397165e-06,3094.0,13173.0
13298,3.789212500165941e-06,2937.0,13165.0
13299,3.826143154679405e-06,3030.0,13311.0
13300,3.821049271298238e-06,2922.0,13301.0
13301,3.7885757647432953e-06,2958.0,13361.0
13302,3.7038899535313862e-06,2984.0,13292.0
13303,3.697522599304927e-06,2857.0,13233.0
13304,3.6860613616973e-06,2829.0,13194.0
13305,3.7191716036748887e-06,2915.0,13351.0
13306,3.717261397406951e-06,2966.0,13472.0
13307,3.7223552807881185e-06,2931.0,13587.0
13308,3.6593184739461712e-06,2935.0,13326.0
13309,3.67205318239909e-06,2899.0,13345.0
13310,3.64849397176119e-06,2886.0,13335.0
13311,3.612836788093018e-06,2776.0,13258.0
13312,3.5638081605492814e-06,2790.0,13202.0
13313,3.5631714251266353e-06,2828.0,13185.0
13314,3.5739959273116164e-06,2739.0,13311.0
13315,3.603922492175975e-06,2869.0,13440.0
13316,3.6351225278856257e-06,2831.0,13507.0
13317,3.6440368238026688e-06,2727.0,13624.0
13318,3.6160204652062476e-06,2728.0,13654.0
13319,3.5701755147757408e-06,2815.0,13517.0
13320,3.5854571649192428e-06,2844.0,13607.0
13321,3.471481524265621e-06,2743.0,13164.0
13322,3.4498325198956593e-06,2630.0,13094.0
13323,3.3937998027028175e-06,2688.0,12667.0
13324,3.3937998027028175e-06,2694.0,12612.0
13325,3.407171246578382e-06,2633.0,12607.0
13326,3.3861589776310663e-06,2651.0,12568.0
13327,3.4224528967218843e-06,2738.0,12584.0
13328,3.4549264032768268e-06,2713.0,12754.0
13329,3.451105990740951e-06,2696.0,12864.0
13330,3.4810325556053103e-06,2767.0,13057.0
13331,3.423726367567176e-06,2743.0,12770.0
13332,3.4052610403104443e-06,2599.0,12768.0
13333,3.442191694823908e-06,2708.0,12957.0
13334,3.38870591932165e-06,2700.0,12777.0
13335,3.417359013340717e-06,2682.0,12886.0
13336,3.3676936503743344e-06,2681.0,12805.0
13337,3.358142619034645e-06,2683.0,12816.0
13338,3.4033508340425063e-06,2724.0,13005.0
13339,3.4020773631972144e-06,2699.0,12991.0
13340,3.4320039280615736e-06,2695.0,13005.0
13341,3.4702080534203292e-06,2698.0,13238.0
13342,3.4581100803900567e-06,2730.0,13283.0
13343,3.474028465956205e-06,2720.0,13374.0
13344,3.4485590490503674e-06,2831.0,13154.0
13345,3.4670243763070998e-06,2680.0,13258.0
13346,3.436461076020095e-06,2680.0,13261.0
13347,3.4097181882689656e-06,2628.0,13273.0
13348,3.4141753362274874e-06,2679.0,13393.0
13349,3.3937998027028175e-06,2692.0,13347.0
13350,3.324395641634411e-06,2549.0,13124.0
13351,3.353685471076124e-06,2630.0,13225.0
13352,3.3753344754460856e-06,2787.0,13215.0
13353,3.3619630315705207e-06,2633.0,13216.0
13354,3.3861589776310663e-06,2759.0,13335.0
13355,3.379154887981961e-06,2671.0,13243.0
13356,3.404624304887798e-06,2644.0,13286.0
13357,3.397620215238693e-06,2711.0,13372.0
13358,3.424999838412468e-06,2726.0,13419.0
13359,3.4778488784920804e-06,2701.0,13499.0
13360,3.4549264032768268e-06,2673.0,13449.0
13361,3.503318295397918e-06,2826.0,13856.0
13362,3.554257129209592e-06,2723.0,14221.0
13363,3.5892775774551184e-06,2807.0,14327.0
13364,3.586093900341889e-06,2749.0,14314.0
13365,3.605195963021267e-06,2898.0,14397.0
13366,3.6007388150627452e-06,2853.0,14417.0
13367,3.5701755147757408e-06,2697.0,14632.0
13368,3.4383712822880325e-06,2663.0,14836.0
13369,3.5217836226546497e-06,2735.0,14773.0
13370,3.584183694073951e-06,2799.0,14819.0
13371,3.5880041066098265e-06,2868.0,14819.0
13372,3.6714164469764438e-06,2877.0,15242.0
13373,3.661865415636755e-06,2819.0,15320.0
13374,3.687971567965238e-06,2841.0,15460.0
13375,3.670142976131152e-06,2856.0,15501.0
13376,3.663138886482047e-06,2870.0,15311.0
13377,3.7204450745201805e-06,2911.0,15554.0
13378,3.815318652494424e-06,3007.0,16031.0
13379,3.8057676211547354e-06,2925.0,16043.0
13380,3.830600302637927e-06,3045.0,15935.0
13381,3.844608481936138e-06,3051.0,15662.0
13382,3.883449342717539e-06,3032.0,15639.0
13383,3.944575943291549e-06,3121.0,15899.0
13384,3.962404535125635e-06,3079.0,15713.0
13385,3.95540044547653e-06,3056.0,15740.0
13386,3.976412714423845e-06,3179.0,15650.0
13387,3.9643147413935725e-06,3054.0,15560.0
13388,3.9681351539294485e-06,3095.0,15502.0
13389,4.032445431616687e-06,3155.0,15845.0
13390,3.997424983371161e-06,3078.0,15823.0
13391,4.006339279288204e-06,3157.0,15826.0
13392,4.0088862209787875e-06,3133.0,15784.0
13393,4.036902579575209e-06,3211.0,16022.0
13394,4.045180140069606e-06,3161.0,16079.0
13395,4.099939386417156e-06,3229.0,16366.0
13396,4.109490417756845e-06,3234.0,16406.0
13397,4.120951655364472e-06,3220.0,16408.0
13398,4.146421072270309e-06,3271.0,16547.0
13399,4.169980282908208e-06,3247.0,16644.0
13400,4.1394169826212035e-06,3279.0,16599.0
13401,4.13687004093062e-06,3247.0,16484.0
13402,4.176347637134668e-06,3307.0,16609.0
13403,4.212641556225486e-06,3342.0,16738.0
13404,4.238747708553969e-06,3352.0,16856.0
13405,4.28713960067506e-06,3424.0,17297.0
13406,4.396021357947514e-06,3435.0,18055.0
13407,4.3629111159699255e-06,3303.0,18057.0
13408,4.3832866494945954e-06,3418.0,18140.0
13409,4.384560120339888e-06,3304.0,18153.0
13410,4.400478505906036e-06,3485.0,18285.0
13411,4.373735618154907e-06,3466.0,18217.0
13412,4.3769192952681365e-06,3388.0,18251.0
13413,4.3979315642154526e-06,3528.0,18386.0
13414,4.432952012460979e-06,3426.0,18563.0
13415,4.424037716543935e-06,3527.0,18646.0
13416,4.449507133449773e-06,3449.0,18632.0
13417,4.49535208388028e-06,3439.0,19099.0
13418,4.4972622901482176e-06,3544.0,19321.0
13419,4.477523492046194e-06,3491.0,19204.0
13420,4.52973579670316e-06,3485.0,19482.0
13421,4.47497655035561e-06,3586.0,19259.0
13422,4.523368442476701e-06,3459.0,19385.0
13423,4.701017625394916e-06,3731.0,20434.0
13424,4.673001266798495e-06,3705.0,20457.0
13425,4.7583238134330495e-06,3658.0,21392.0
13426,4.794617732523868e-06,3768.0,21566.0
13427,4.83027491619204e-06,3828.0,21777.0
13428,4.871025983241379e-06,3785.0,21867.0
13429,4.884397427116944e-06,3891.0,21833.0
13430,4.880577014581069e-06,3812.0,21835.0
13431,4.8786668083131306e-06,3822.0,22143.0
13432,4.836005534995853e-06,3779.0,21965.0
13433,4.843009624644958e-06,3791.0,21928.0
13434,4.803532028440911e-06,3757.0,21879.0
13435,4.837915741263792e-06,3730.0,22053.0
13436,4.849376978871418e-06,3719.0,22211.0
13437,4.896495400147217e-06,3936.0,22530.0
13438,4.941703615155078e-06,3865.0,22993.0
13439,4.966536296638269e-06,3840.0,22828.0
13440,5.000283274038504e-06,4032.0,22835.0
13441,5.010471040800839e-06,3975.0,22917.0
13442,5.1091650313109585e-06,3930.0,23587.0
13443,5.084969085250413e-06,4000.0,23655.0
13444,5.099613999971269e-06,4041.0,23779.0
13445,5.103434412507145e-06,3962.0,23782.0
13446,5.148642627515006e-06,4193.0,23883.0
13447,5.176658986111427e-06,3964.0,24067.0
13448,5.209769228089016e-06,4043.0,24355.0
13449,5.197034519636097e-06,4052.0,24402.0
13450,5.149279362937652e-06,3987.0,24295.0
13451,5.165834483926446e-06,4038.0,24329.0
13452,5.111075237578896e-06,4121.0,24067.0
13453,5.10725482504302e-06,3967.0,23958.0
13454,5.051858843272824e-06,4037.0,23908.0
13455,5.051222107850179e-06,4019.0,23944.0
13456,5.0295731034802165e-06,3897.0,23886.0
13457,5.044218018201073e-06,3979.0,24107.0
13458,5.042307811933135e-06,3953.0,24064.0
13459,5.03848739939726e-06,4002.0,24050.0
13460,5.044854753623719e-06,3883.0,24088.0
13461,4.998373067770566e-06,3881.0,23875.0
13462,5.011107776223485e-06,3944.0,24126.0
13463,4.946160763113599e-06,3926.0,24018.0
13464,4.965262825792978e-06,3829.0,24106.0
13465,4.925148494166284e-06,3789.0,23853.0
13466,5.015564924182006e-06,3929.0,24231.0
13467,5.014291453336714e-06,3972.0,24459.0
13468,5.025115955521695e-06,3849.0,24544.0
13469,4.970356709174145e-06,3828.0,24082.0
13470,4.983091417627064e-06,3836.0,24090.0
13471,5.002830215729088e-06,3958.0,24227.0
13472,4.99455265523469e-06,4030.0,24290.0
13473,4.984364888472355e-06,3900.0,24408.0
13474,4.931515848392743e-06,3881.0,24137.0
13475,4.918781139939824e-06,3859.0,24169.0
13476,4.967173032060915e-06,4001.0,24455.0
13477,4.999646538615858e-06,3880.0,24670.0
13478,5.027662897212279e-06,3877.0,24888.0
13479,5.0162016596046525e-06,3989.0,24892.0
13480,5.01811186587259e-06,3924.0,24884.0
13481,5.034030251438739e-06,4133.0,24910.0
13482,5.032756780593446e-06,4023.0,25042.0
13483,5.0435812827784275e-06,3942.0,25097.0
13484,5.037213928551968e-06,3977.0,25012.0
13485,5.0333935160160925e-06,3917.0,25012.0
13486,5.02129554298582e-06,3915.0,25024.0
13487,5.008560834532901e-06,4041.0,25185.0
13488,4.99773633234792e-06,3938.0,25217.0
13489,4.953164852762705e-06,3913.0,24996.0
13490,4.939156673464494e-06,4003.0,24876.0
13491,4.962715884102394e-06,3784.0,24889.0
13492,4.97736079882325e-06,3988.0,25103.0
13493,4.962715884102394e-06,3994.0,25060.0
13494,4.999646538615858e-06,3953.0,25283.0
13495,4.986275094740293e-06,3902.0,25353.0
13496,4.929605642124805e-06,3887.0,25002.0
13497,4.777425876112428e-06,3756.0,24089.0
13498,4.837915741263792e-06,3969.0,24423.0
13499,4.838552476686437e-06,3679.0,24492.0
13500,4.851923920562002e-06,3787.0,24505.0
13501,4.860838216479044e-06,3830.0,24625.0
13502,4.869115776973442e-06,3704.0,24682.0
13503,4.886307633384882e-06,3824.0,24839.0
13504,4.860838216479044e-06,3796.0,24685.0
13505,4.8506504497167094e-06,3773.0,24593.0
13506,4.908593373177489e-06,3835.0,24917.0
13507,4.8856708979622365e-06,3822.0,24897.0
13508,4.929605642124805e-06,3877.0,25087.0
13509,4.967173032060915e-06,3898.0,25185.0
13510,4.969719973751499e-06,3806.0,25277.0
13511,4.920691346207763e-06,3849.0,24963.0
13512,4.928968906702159e-06,3833.0,24994.0
13513,4.892038252188695e-06,3776.0,24865.0
13514,4.739858486176318e-06,3577.0,23888.0
13515,4.7755156698444896e-06,3853.0,23868.0
13516,4.64243796651149e-06,3668.0,22758.0
13517,4.629066522635926e-06,3618.0,22642.0
13518,4.599776693194212e-06,3589.0,22484.0
13519,4.588952191009232e-06,3554.0,22477.0
13520,4.5558419490316435e-06,3520.0,22294.0
13521,4.559025626144873e-06,3553.0,22321.0
13522,4.56411950952604e-06,3572.0,22380.0
13523,4.560935832412811e-06,3549.0,22299.0
13524,4.5895889264318775e-06,3601.0,22598.0
13525,4.674274737643787e-06,3653.0,23026.0
13526,4.653262468696471e-06,3549.0,22848.0
13527,4.608690989111256e-06,3737.0,22501.0
13528,4.57367054086573e-06,3559.0,22182.0
13529,4.5794011596695425e-06,3596.0,21935.0
13530,4.58767872016394e-06,3512.0,22277.0
13531,4.580037895092189e-06,3653.0,22378.0
13532,4.574307276288375e-06,3626.0,22457.0
13533,4.4762500212009015e-06,3377.0,21695.0
13534,4.487711258808529e-06,3605.0,21657.0
13535,4.472429608665026e-06,3517.0,21528.0
13536,4.466698989861213e-06,3510.0,21381.0
13537,4.429768335347749e-06,3402.0,21277.0
13538,4.392837680834285e-06,3362.0,21029.0
13539,4.371188676464323e-06,3436.0,20778.0
13540,4.344445788713194e-06,3397.0,20619.0
13541,4.368641734773739e-06,3564.0,20705.0
13542,4.36227438054728e-06,3508.0,20681.0
13543,4.344445788713194e-06,3455.0,20446.0
13544,4.310062075890313e-06,3318.0,20243.0
13545,4.324070255188524e-06,3331.0,20171.0
13546,4.324070255188524e-06,3416.0,20004.0
13547,4.385196855762534e-06,3450.0,20168.0
13548,4.3699152056190314e-06,3383.0,20064.0
13549,4.371825411886969e-06,3466.0,19983.0
13550,4.369278470196385e-06,3381.0,19789.0
13551,4.3941111516795765e-06,3440.0,19887.0
13552,4.407482595555141e-06,3451.0,19844.0
13553,4.391564209988993e-06,3467.0,19623.0
13554,4.395384622524869e-06,3515.0,19469.0
13555,4.368004999351093e-06,3449.0,19326.0
13556,4.3699152056190314e-06,3461.0,19344.0
13557,4.2667640671503904e-06,3415.0,18851.0
13558,4.313245753003543e-06,3418.0,18803.0
13559,4.274404892222142e-06,3502.0,18388.0
13560,4.3049681925091465e-06,3379.0,18492.0
13561,4.306241663354438e-06,3302.0,18537.0
13562,4.275041627644787e-06,3247.0,18368.0
13563,4.292870219478873e-06,3419.0,18348.0
13564,4.276951833912725e-06,3466.0,18191.0
13565,4.310062075890313e-06,3415.0,18305.0
13566,4.3043314570865e-06,3360.0,18222.0
13567,4.255939564965409e-06,3243.0,17837.0
13568,4.250208946161596e-06,3325.0,17559.0
13569,4.2190089104519455e-06,3277.0,17360.0
13570,4.210731349957548e-06,3304.0,17319.0
13571,4.183988462206419e-06,3211.0,17150.0
13572,4.155972103609998e-06,3171.0,17028.0
13573,4.238747708553969e-06,3354.0,17158.0
13574,4.220282381297237e-06,3276.0,17060.0
13575,4.235564031440739e-06,3360.0,17068.0
13576,4.254029358697472e-06,3453.0,17218.0
13577,4.2190089104519455e-06,3297.0,16903.0
13578,4.226013000101051e-06,3381.0,16594.0
13579,4.254666094120118e-06,3393.0,16597.0
13580,4.253392623274826e-06,3338.0,16628.0
13581,4.247662004471012e-06,3433.0,16649.0
13582,4.2362007668633856e-06,3306.0,16607.0
13583,4.204363995731089e-06,3282.0,16336.0
13584,4.1948129643914e-06,3243.0,16237.0
13585,4.169980282908208e-06,3135.0,15966.0
13586,4.190355816432878e-06,3268.0,15973.0
13587,4.198633376927276e-06,3216.0,15771.0
13588,4.299874309127979e-06,3352.0,15991.0
13589,4.219645645874591e-06,3365.0,15568.0
13590,4.213915027070778e-06,3326.0,15386.0
13591,4.185261933051711e-06,3327.0,15248.0
13592,4.216461968761362e-06,3231.0,15171.0
13593,4.224739529255758e-06,3354.0,15150.0
13594,4.269311008840974e-06,3360.0,15175.0
13595,4.296053896592103e-06,3285.0,15266.0
13596,4.267400802573036e-06,3395.0,15175.0
13597,4.234927296018093e-06,3291.0,14848.0
13598,4.228559941791634e-06,3287.0,14789.0
13599,4.150241484806185e-06,3246.0,14244.0
13600,4.0948455030359885e-06,3149.0,13924.0
13601,4.066829144439567e-06,3242.0,13787.0
13602,4.073196498666027e-06,3203.0,13785.0
13603,4.075743440356611e-06,3177.0,13722.0
13604,4.098029180149218e-06,3267.0,13692.0
13605,4.11967818451918e-06,3274.0,13676.0
13606,4.07892711746984e-06,3207.0,13537.0
13607,4.155335368187352e-06,3200.0,13830.0
13608,4.124772067900347e-06,3249.0,13661.0
13609,4.169343547485562e-06,3210.0,13674.0
13610,4.182078255938481e-06,3142.0,13808.0
13611,4.188445610164941e-06,3369.0,13849.0
13612,4.1916292872781706e-06,3222.0,13728.0
13613,4.161065986991166e-06,3234.0,13401.0
13614,4.173163960021438e-06,3365.0,13519.0
13615,4.198633376927276e-06,3261.0,13431.0
13616,4.141327188889142e-06,3211.0,13057.0
13617,4.147057807692955e-06,3232.0,13033.0
13618,4.168706812062917e-06,3298.0,13090.0
13619,4.161702722413812e-06,3189.0,13079.0
13620,4.131776157549452e-06,3240.0,12895.0
13621,4.115221036560658e-06,3282.0,12624.0
13622,4.090388355077467e-06,3260.0,12460.0
13623,4.1222251262097635e-06,3223.0,12341.0
13624,4.12286186163241e-06,3300.0,12357.0
13625,4.150878220228831e-06,3280.0,12435.0
13626,4.154061897342061e-06,3299.0,12451.0
13627,4.171890489176146e-06,3266.0,12552.0
13628,4.186535403897003e-06,3198.0,12595.0
13629,4.189082345587587e-06,3386.0,12610.0
13630,4.192266022700816e-06,3279.0,12507.0
13631,4.218372175029299e-06,3394.0,12551.0
13632,4.2190089104519455e-06,3349.0,12461.0
13633,4.306241663354438e-06,3369.0,12709.0
13634,4.356543761743467e-06,3411.0,12817.0
13635,4.357817232588758e-06,3330.0,12798.0
13636,4.331711080260275e-06,3247.0,12765.0
13637,4.336804963641443e-06,3404.0,12817.0
13638,4.294143690324165e-06,3387.0,12636.0
13639,4.339988640754673e-06,3373.0,12694.0
13640,4.392200945411639e-06,3396.0,12699.0
13641,4.3832866494945954e-06,3444.0,12688.0
13642,4.3699152056190314e-06,3365.0,12595.0
13643,4.381376443226658e-06,3429.0,12562.0
13644,4.371188676464323e-06,3413.0,12589.0
13645,4.3597274388566965e-06,3465.0,12396.0
13646,4.36227438054728e-06,3417.0,12348.0
13647,4.432952012460979e-06,3603.0,12359.0
13648,4.52973579670316e-06,3499.0,12721.0
13649,4.489621465076466e-06,3457.0,12549.0
13650,4.51254394029172e-06,3629.0,12548.0
13651,4.4698826669744426e-06,3575.0,12406.0
13652,4.485801052540591e-06,3532.0,12366.0
13653,4.496625554725571e-06,3463.0,12399.0
13654,4.509996998601136e-06,3533.0,12373.0
13655,4.484527581695299e-06,3514.0,12351.0
13656,4.4902582004991125e-06,3485.0,12232.0
13657,4.482617375427361e-06,3575.0,12131.0
13658,4.5138174111370114e-06,3610.0,12158.0
13659,4.516364352827595e-06,3592.0,12120.0
13660,4.557752155299581e-06,3603.0,12120.0
13661,4.5660297157939785e-06,3525.0,12117.0
13662,4.5704868637525e-06,3515.0,11959.0
13663,4.592135868122461e-06,3609.0,12010.0
13664,4.527188855012576e-06,3473.0,11709.0
13665,4.5660297157939785e-06,3669.0,11708.0
13666,4.674274737643787e-06,3653.0,11926.0
13667,4.744315634134839e-06,3763.0,12045.0
13668,4.843009624644958e-06,3733.0,12313.0
13669,4.8926749876113416e-06,3885.0,12458.0
13670,4.851923920562002e-06,3643.0,12318.0
13671,4.900315812683093e-06,3887.0,12383.0
13672,4.92578522958893e-06,3911.0,12428.0
13673,4.935972996351265e-06,3889.0,12454.0
13674,4.938519938041848e-06,3896.0,12265.0
13675,4.927058700434222e-06,3916.0,12197.0
13676,4.934699525505973e-06,3868.0,12166.0
13677,4.971630180019437e-06,3833.0,12068.0
13678,4.96016894241181e-06,3950.0,12058.0
13679,4.886944368807528e-06,3868.0,11934.0
13680,4.892038252188695e-06,3815.0,11954.0
13681,4.912413785713365e-06,3859.0,11891.0
13682,4.966536296638269e-06,3846.0,12026.0
13683,4.931515848392743e-06,3844.0,11910.0
13684,4.93979340888714e-06,3865.0,11346.0
13685,4.924511758743638e-06,3843.0,11115.0
13686,4.913687256558657e-06,3831.0,10999.0
13687,4.942340350577724e-06,3939.0,10741.0
13688,4.939156673464494e-06,3790.0,10609.0
13689,4.976087327977959e-06,3844.0,10597.0
13690,4.971630180019437e-06,3920.0,10508.0
13691,4.969719973751499e-06,3912.0,10530.0
13692,5.051858843272824e-06,3959.0,10696.0
13693,5.063320080880451e-06,3896.0,10685.0
13694,5.092609910322164e-06,3973.0,10735.0
13695,5.104707883352436e-06,4069.0,10794.0
13696,5.118079327228001e-06,4056.0,10796.0
13697,5.111711973001542e-06,3972.0,10783.0
13698,5.047401695314303e-06,4033.0,10569.0
13699,5.085605820673059e-06,3996.0,10663.0
13700,5.071597641374849e-06,4045.0,10624.0
13701,5.041034341087844e-06,3941.0,10475.0
13702,5.078601731023954e-06,3940.0,10547.0
13703,5.084969085250413e-06,4028.0,10555.0
13704,5.0983405291259774e-06,4042.0,10582.0
13705,5.104071147929791e-06,4041.0,10528.0
13706,5.054405784963408e-06,3947.0,10362.0
13707,5.0843323498277664e-06,4010.0,10403.0
13708,5.1053446187750825e-06,3909.0,10421.0
13709,5.111075237578896e-06,4010.0,10441.0
13710,5.092609910322164e-06,4028.0,9862.0
13711,5.137818125330025e-06,3995.0,10486.0
13712,5.194487577945513e-06,3944.0,10523.0
13713,5.190667165409637e-06,4141.0,10596.0
13714,5.158193658854695e-06,4081.0,10584.0
13715,5.1639242776585085e-06,4091.0,10577.0
13716,5.114258914692126e-06,3971.0,10457.0
13717,5.11362217926948e-06,3945.0,10483.0
13718,5.152463040050881e-06,4068.0,10555.0
13719,5.1365446544847335e-06,4049.0,10533.0
13720,5.14800589209236e-06,3957.0,10605.0
13721,5.144185479556485e-06,3962.0,10608.0
13722,5.149279362937652e-06,4042.0,10588.0
13723,5.128267093990336e-06,3999.0,10513.0
13724,5.0365771931293215e-06,4025.0,10270.0
13725,5.0193853367178815e-06,4024.0,10149.0
13726,5.089426233208934e-06,3899.0,10392.0
13727,5.137818125330025e-06,4034.0,10480.0
13728,5.093883381167456e-06,3964.0,10436.0
13729,5.109801766733604e-06,3937.0,10526.0
13730,5.044854753623719e-06,3886.0,10332.0
13731,5.0091975699555466e-06,3885.0,10252.0
13732,5.024479220099049e-06,3989.0,10285.0
13733,5.039124134819905e-06,3791.0,10279.0
13734,5.041034341087844e-06,3969.0,10230.0
13735,5.097067058280685e-06,3995.0,10246.0
13736,5.090699704054226e-06,4045.0,10236.0
13737,5.1193527980732935e-06,3968.0,10323.0
13738,5.104071147929791e-06,4017.0,10372.0
13739,5.034030251438739e-06,3998.0,10113.0
13740,5.003466951151734e-06,3878.0,10061.0
13741,4.992642448966753e-06,3909.0,10036.0
13742,5.027662897212279e-06,3790.0,10067.0
13743,5.044854753623719e-06,3955.0,10093.0
13744,5.086242556095705e-06,3908.0,10176.0
13745,5.147369156669714e-06,4170.0,10265.0
13746,5.238422322108082e-06,4187.0,10492.0
13747,5.230144761613685e-06,3941.0,10555.0
13748,5.236512115840145e-06,4078.0,10555.0
13749,5.242242734643958e-06,4168.0,10519.0
13750,5.264528474436566e-06,4214.0,10631.0
13751,5.24033252837602e-06,4117.0,10653.0
13752,5.248610088870417e-06,4160.0,10667.0
13753,5.234601909572207e-06,4107.0,10614.0
13754,5.2428794700666036e-06,4136.0,10613.0
13755,5.289997891342403e-06,4143.0,10724.0
13756,5.346667343957891e-06,4151.0,10972.0
13757,5.221230465696642e-06,4132.0,10706.0
13758,5.169018161039676e-06,4060.0,10573.0
13759,5.066503757993681e-06,4081.0,10276.0
13760,5.005377157419671e-06,3883.0,10093.0
13761,4.9264219650115755e-06,3919.0,9923.0
13762,4.890128045920758e-06,3866.0,9802.0
13763,4.933426054660681e-06,3831.0,9838.0
13764,4.973540386287375e-06,4034.0,9877.0
13765,5.02129554298582e-06,4003.0,9925.0
13766,5.003466951151734e-06,3841.0,9904.0
13767,4.98372815304971e-06,3899.0,9989.0
13768,4.8786668083131306e-06,3773.0,9805.0
13769,4.8926749876113416e-06,3845.0,9733.0
13770,4.931515848392743e-06,3872.0,9731.0
13771,5.032756780593446e-06,4007.0,9964.0
13772,5.068413964261619e-06,4033.0,10255.0
13773,5.03530372228403e-06,3935.0,10179.0
13774,5.028299632634925e-06,3838.0,10142.0
13775,5.061409874612514e-06,4040.0,10260.0
13776,5.01811186587259e-06,3853.0,10236.0
13777,5.048675166159595e-06,3901.0,10256.0
13778,5.09006296863158e-06,4024.0,10323.0
13779,5.04931190158224e-06,3950.0,10343.0
13780,5.039124134819905e-06,4004.0,10363.0
13781,5.07287111222014e-06,3962.0,10417.0
13782,5.09006296863158e-06,3925.0,10452.0
13783,5.062683345457805e-06,3951.0,10329.0
13784,5.056315991231346e-06,4016.0,10274.0
13785,5.0403976056651976e-06,3979.0,10315.0
13786,4.997099596925274e-06,3854.0,10234.0
13787,4.909866844022782e-06,3893.0,10117.0
13788,4.941703615155078e-06,3838.0,10112.0
13789,4.92578522958893e-06,3775.0,10046.0
13790,4.9200546107851165e-06,3813.0,9991.0
13791,4.981817946781772e-06,3827.0,10112.0
13792,5.068413964261619e-06,4020.0,10363.0
13793,5.070324170529556e-06,4015.0,10334.0
13794,5.077328260178661e-06,4044.0,10364.0
13795,5.0792384664466e-06,3858.0,10329.0
13796,5.069050699684265e-06,4066.0,10290.0
13797,5.046128224469011e-06,3935.0,10290.0
13798,5.0467649598916565e-06,3944.0,10291.0
13799,5.013654717914069e-06,3995.0,10248.0
13800,5.054405784963408e-06,3937.0,10309.0
13801,5.053132314118116e-06,3885.0,10273.0
13802,5.028299632634925e-06,4037.0,10237.0
13803,4.948707704804183e-06,3886.0,10124.0
13804,4.98372815304971e-06,3870.0,10143.0
13805,4.960805677834456e-06,3878.0,10077.0
13806,4.973540386287375e-06,3970.0,10168.0
13807,5.02129554298582e-06,3924.0,10283.0
13808,4.983091417627064e-06,3869.0,10198.0
13809,4.951891381917413e-06,3825.0,10048.0
13810,4.958258736143873e-06,3871.0,9989.0
13811,4.970356709174145e-06,3729.0,9979.0
13812,4.996462861502628e-06,3936.0,10005.0
13813,5.0232057492537575e-06,3895.0,10116.0
13814,5.023842484676404e-06,4034.0,10150.0
13815,5.091973174899518e-06,4033.0,10286.0
13816,5.064593551725743e-06,3945.0,10224.0
13817,5.028299632634925e-06,4000.0,10128.0
13818,4.969083238328853e-06,3925.0,9926.0
13819,4.968446502906208e-06,3900.0,9858.0
13820,4.952528117340059e-06,3923.0,9713.0
13821,4.949344440226829e-06,3889.0,9742.0
13822,4.9678097674835614e-06,3870.0,9781.0
13823,4.95698526529858e-06,3849.0,9785.0
13824,4.945524027690954e-06,3872.0,9771.0
13825,4.975450592555313e-06,3894.0,9817.0
13826,4.907319902332198e-06,3878.0,9681.0
13827,4.895221929301925e-06,3763.0,9662.0
13828,4.9474342339588915e-06,3878.0,9857.0
13829,4.90540969606426e-06,3901.0,9744.0
13830,4.921328081630408e-06,3805.0,9767.0
13831,4.920691346207763e-06,3925.0,9834.0
13832,4.918144404517179e-06,3696.0,9880.0
13833,4.976087327977959e-06,3887.0,9970.0
13834,4.935336260928619e-06,3923.0,9876.0
13835,4.960805677834456e-06,3940.0,9886.0
13836,4.873572924931963e-06,3862.0,9726.0
13837,4.831548387037332e-06,3844.0,9530.0
13838,4.859564745633753e-06,3787.0,9504.0
13839,4.897768870992509e-06,3834.0,9652.0
13840,4.883123956271653e-06,3748.0,9636.0
13841,4.826454503656164e-06,3676.0,9504.0
13842,4.820087149429705e-06,3793.0,9444.0
13843,4.833458593305269e-06,3758.0,9428.0
13844,4.877393337467839e-06,3852.0,9465.0
13845,4.918781139939824e-06,3871.0,9656.0
13846,4.907956637754844e-06,3867.0,9628.0
13847,4.814993266048538e-06,3853.0,9372.0
13848,4.843009624644958e-06,3797.0,9528.0
13849,4.860201481056399e-06,3826.0,9578.0
13850,4.8646586290149204e-06,3819.0,9606.0
13851,4.883760691694298e-06,3834.0,9596.0
13852,4.883123956271653e-06,3841.0,9617.0
13853,4.915597462826595e-06,3799.0,9682.0
13854,4.910503579445428e-06,3814.0,9669.0
13855,4.879940279158423e-06,3790.0,9731.0
13856,4.844919830912897e-06,3762.0,9812.0
13857,4.842372889222313e-06,3857.0,9882.0
13858,4.837915741263792e-06,3849.0,9750.0
13859,4.84746677260348e-06,3753.0,9735.0
13860,4.929605642124805e-06,3879.0,9997.0
13861,4.984364888472355e-06,3862.0,10324.0
13862,4.864021893592274e-06,3828.0,10105.0
13863,4.8232708265429345e-06,3833.0,9974.0
13864,4.783156494916241e-06,3724.0,9929.0
13865,4.777425876112428e-06,3790.0,9942.0
13866,4.732854396527212e-06,3769.0,9799.0
13867,4.769785051040677e-06,3720.0,9985.0
13868,4.7825197594935955e-06,3661.0,10035.0
13869,4.765964638504801e-06,3657.0,9960.0
13870,4.835368799573208e-06,3837.0,10056.0
13871,4.843646360067604e-06,3811.0,10131.0
13872,4.823907561965581e-06,3818.0,10208.0
13873,4.848103508026126e-06,3945.0,10421.0
13874,4.825817768233518e-06,3798.0,10388.0
13875,4.824544297388227e-06,3912.0,10480.0
13876,4.822634091120289e-06,3919.0,10422.0
13877,4.832185122459978e-06,3729.0,10426.0
13878,4.846830037180834e-06,3707.0,10467.0
13879,4.814356530625892e-06,3811.0,10475.0
13880,4.859564745633753e-06,3764.0,10636.0
13881,4.882487220849007e-06,3835.0,10715.0
13882,4.866568835282858e-06,3793.0,10719.0
13883,4.788250378297408e-06,3709.0,10468.0
13884,4.713115598425188e-06,3776.0,10368.0
13885,4.687646181519351e-06,3677.0,10305.0
13886,4.671091060530557e-06,3642.0,10265.0
13887,4.7137523338478345e-06,3721.0,10271.0
13888,4.769148315618031e-06,3649.0,10320.0
13889,4.781246288648303e-06,3716.0,10375.0
13890,4.824544297388227e-06,3836.0,10427.0
13891,4.783793230338887e-06,3622.0,10326.0
13892,4.852560655984648e-06,3870.0,10371.0
13893,4.881213750003714e-06,3699.0,10507.0
13894,4.928968906702159e-06,3903.0,10649.0
13895,4.917507669094533e-06,3841.0,10676.0
13896,4.912413785713365e-06,3903.0,10682.0
13897,4.921328081630408e-06,3941.0,10624.0
13898,4.900952548105738e-06,3900.0,10620.0
13899,4.9264219650115755e-06,3929.0,10689.0
13900,4.92578522958893e-06,3794.0,10693.0
13901,4.8990423418378005e-06,3794.0,10735.0
13902,4.932789319238035e-06,3883.0,10960.0
13903,4.907319902332198e-06,3808.0,10941.0
13904,4.908593373177489e-06,3679.0,11000.0
13905,4.924511758743638e-06,3896.0,11124.0
13906,4.88821783965282e-06,3909.0,11068.0
13907,4.872299454086672e-06,3866.0,11081.0
13908,4.857017803943169e-06,3752.0,10948.0
13909,4.836642270418499e-06,3856.0,10965.0
13910,4.8270912390788105e-06,3770.0,10962.0
13911,4.807352440976787e-06,3754.0,10968.0
13912,4.893948458456633e-06,3863.0,11424.0
13913,4.912413785713365e-06,3764.0,11391.0
13914,4.935972996351265e-06,3777.0,11427.0
13915,4.949981175649475e-06,3963.0,11537.0
13916,4.906683166909552e-06,3859.0,11494.0
13917,4.914323991981303e-06,3787.0,11623.0
13918,4.976724063400604e-06,3778.0,11756.0
13919,4.916870933671887e-06,3943.0,11528.0
13920,4.935972996351265e-06,3962.0,11703.0
13921,4.9264219650115755e-06,3791.0,11706.0
13922,4.949981175649475e-06,3900.0,11680.0
13923,4.968446502906208e-06,3957.0,11862.0
13924,4.895221929301925e-06,3937.0,11930.0
13925,4.9302423775474515e-06,3912.0,12228.0
13926,4.878030072890485e-06,3765.0,12142.0
13927,4.90540969606426e-06,3835.0,12166.0
13928,4.944250556845662e-06,3851.0,12435.0
13929,4.9264219650115755e-06,3834.0,12496.0
13930,4.915597462826595e-06,3891.0,12497.0
13931,4.925148494166284e-06,3806.0,12428.0
13932,4.954438323607997e-06,3793.0,12558.0
13933,4.977997534245896e-06,3798.0,12692.0
13934,4.986911830162939e-06,3838.0,12758.0
13935,4.923875023320992e-06,3852.0,12712.0
13936,4.881213750003714e-06,3817.0,12548.0
13937,4.864021893592274e-06,3916.0,12626.0
13938,4.9264219650115755e-06,3823.0,12874.0
13939,4.9302423775474515e-06,3854.0,12904.0
13940,5.0193853367178815e-06,3919.0,13282.0
13941,5.004103686574379e-06,3960.0,13285.0
13942,4.973540386287375e-06,3900.0,13282.0
13943,5.011107776223485e-06,4003.0,13456.0
13944,4.9748138571326665e-06,3833.0,13455.0
13945,4.972266915442083e-06,3956.0,13439.0
13946,4.990732242698815e-06,3900.0,13313.0
13947,5.023842484676404e-06,3946.0,13513.0
13948,5.118716062650647e-06,3966.0,13647.0
13949,5.141001802443255e-06,4013.0,13860.0
13950,5.144185479556485e-06,3983.0,13891.0
13951,5.041671076510489e-06,3926.0,13639.0
13952,4.95698526529858e-06,3973.0,13375.0
13953,4.955711794453289e-06,3942.0,13387.0
13954,4.9474342339588915e-06,4020.0,13283.0
13955,4.990732242698815e-06,3902.0,13416.0
13956,4.998373067770566e-06,3798.0,13499.0
13957,5.057589462076638e-06,4087.0,13685.0
13958,5.068413964261619e-06,3910.0,13677.0
13959,5.059499668344575e-06,3989.0,13742.0
13960,5.064593551725743e-06,3853.0,13964.0
13961,5.003466951151734e-06,3870.0,13904.0
13962,5.0123812470687764e-06,3899.0,13828.0
13963,4.97736079882325e-06,3847.0,13789.0
13964,4.918144404517179e-06,3839.0,13605.0
13965,4.7583238134330495e-06,3721.0,13550.0
13966,4.756413607165112e-06,3750.0,13246.0
13967,5.0263894263669874e-06,3849.0,13915.0
13968,5.06968743510691e-06,3975.0,14119.0
13969,5.123173210609169e-06,4061.0,14152.0
13970,5.305279541485906e-06,4151.0,14761.0
13971,5.3632224649466854e-06,4197.0,15254.0
13972,5.368316348327853e-06,4239.0,15468.0
13973,5.372136760863728e-06,4163.0,15663.0
13974,5.3765939088222494e-06,4264.0,15697.0
13975,5.389328617275168e-06,4190.0,15692.0
13976,5.4421776573547805e-06,4304.0,15768.0
13977,5.542145118710192e-06,4427.0,16129.0
13978,5.526226733144044e-06,4268.0,16218.0
13979,5.493116491166455e-06,4257.0,16234.0
13980,5.509034876732604e-06,4365.0,16389.0
13981,5.491843020321163e-06,4409.0,16413.0
13982,5.585443127450115e-06,4372.0,16733.0
13983,5.591810481676575e-06,4353.0,16860.0
13984,5.567614535616029e-06,4405.0,16759.0
13985,5.529410410257273e-06,4352.0,16642.0
13986,5.515402230959063e-06,4390.0,16580.0
13987,5.563157387657508e-06,4390.0,16758.0
13988,5.53450429363844e-06,4365.0,16763.0
13989,5.570161477306613e-06,4255.0,16859.0
13990,5.59563089421245e-06,4392.0,16890.0
13991,5.623010517386225e-06,4321.0,16940.0
13992,5.719157566205761e-06,4326.0,17258.0
13993,5.7344392163492635e-06,4453.0,17109.0
13994,5.764365781213622e-06,4521.0,17159.0
13995,5.746537189379536e-06,4493.0,17012.0
13996,5.763729045790976e-06,4488.0,17037.0
13997,5.775190283398603e-06,4603.0,17120.0
13998,5.878341421867244e-06,4568.0,17514.0
13999,5.884708776093703e-06,4564.0,17630.0
14000,5.896806749123976e-06,4786.0,17657.0
14001,5.921639430607167e-06,4643.0,17732.0
14002,5.987859914562344e-06,4784.0,17785.0
14003,5.943288434977129e-06,4797.0,17640.0
14004,5.921639430607167e-06,4676.0,17822.0
14005,5.908904722154248e-06,4592.0,17782.0
14006,5.938194551595962e-06,4609.0,17856.0
14007,5.989770120830282e-06,4603.0,17922.0
14008,6.045802838023124e-06,4779.0,18119.0
14009,6.019696685694641e-06,4793.0,18226.0
14010,6.051533456826938e-06,4774.0,18464.0
14011,6.103745761483904e-06,4819.0,18594.0
14012,6.122847824163282e-06,4744.0,18779.0
14013,6.166145832903205e-06,4721.0,18993.0
14014,6.142586622265306e-06,4813.0,18785.0
14015,6.137492738884139e-06,4730.0,18643.0
14016,6.137492738884139e-06,4839.0,18492.0
14017,6.165509097480559e-06,4802.0,18671.0
14018,6.16232542036733e-06,4828.0,18730.0
14019,6.133672326348263e-06,4670.0,18617.0
14020,6.139402945152076e-06,4777.0,18492.0
14021,6.123484559585928e-06,4803.0,18386.0
14022,6.1979826040355015e-06,4901.0,18480.0
14023,6.261019410877449e-06,4874.0,18656.0
14024,6.321509276028812e-06,4999.0,18914.0
14025,6.344431751244066e-06,4996.0,18960.0
14026,6.472415571195898e-06,5112.0,19309.0
14027,6.596578978611855e-06,5215.0,19679.0
14028,6.602946332838314e-06,5195.0,19707.0
14029,6.626505543476214e-06,5158.0,19548.0
14030,6.676807641865243e-06,5087.0,19735.0
14031,6.579387122200415e-06,5167.0,19494.0
14032,6.64751781242353e-06,5147.0,19731.0
14033,6.714375031801353e-06,5290.0,19935.0
14034,6.7003668525031425e-06,5242.0,19883.0
14035,6.758309775963922e-06,5346.0,19872.0
14036,6.7996975784359075e-06,5411.0,20037.0
14037,6.797150636745324e-06,5397.0,20119.0
14038,6.764040394767735e-06,5276.0,19989.0
14039,6.761493453077151e-06,5218.0,19890.0
14040,6.83217108499085e-06,5373.0,19928.0
14041,6.901575246059257e-06,5342.0,20094.0
14042,6.976710025931477e-06,5456.0,20617.0
14043,7.032106007701673e-06,5483.0,20805.0
14044,7.145444912932649e-06,5555.0,21548.0
14045,7.177281684064945e-06,5662.0,21580.0
14046,7.196383746744323e-06,5502.0,21508.0
14047,7.261330759854208e-06,5635.0,21574.0
14048,7.24541237428806e-06,5633.0,21504.0
14049,7.24222869717483e-06,5802.0,21524.0
14050,7.254963405627749e-06,5767.0,21616.0
14051,7.332008391767906e-06,5851.0,21585.0
14052,7.4014125528363135e-06,5784.0,21743.0
14053,7.402686023681605e-06,5762.0,21718.0
14054,7.43643300108184e-06,5849.0,21974.0
14055,7.451077915802696e-06,5944.0,22101.0
14056,7.441526884463007e-06,5774.0,22092.0
14057,7.488645305738806e-06,5866.0,22082.0
14058,7.484824893202931e-06,5937.0,21832.0
14059,7.544678022931648e-06,6038.0,21889.0
14060,7.588612767094217e-06,5935.0,21816.0
14061,7.482914686934992e-06,5923.0,21379.0
14062,7.470179978482074e-06,5874.0,21048.0
14063,7.459355476297093e-06,6013.0,20794.0
14064,7.445347296998882e-06,5921.0,20534.0
14065,7.480367745244409e-06,5758.0,20591.0
14066,7.5937066504753845e-06,5911.0,20979.0
14067,7.572694381528069e-06,5806.0,21068.0
14068,7.5249392248296244e-06,5950.0,20754.0
14069,7.544678022931648e-06,5882.0,20736.0
14070,7.584155619135696e-06,5780.0,20800.0
14071,7.558686202229858e-06,5991.0,20612.0
14072,7.683486345068462e-06,6107.0,20901.0
14073,7.708955761974299e-06,6035.0,20836.0
14074,7.71341290993282e-06,6083.0,21149.0
14075,7.707682291129007e-06,6100.0,21268.0
14076,7.717870057891342e-06,6030.0,21340.0
14077,7.769445627125663e-06,6133.0,21350.0
14078,7.744612945642471e-06,5957.0,21179.0
14079,7.745886416487762e-06,6017.0,21078.0
14080,7.798735456567375e-06,6048.0,21447.0
14081,7.831208963122317e-06,6137.0,21633.0
14082,7.853494702914925e-06,6131.0,21825.0
14083,7.807649752484418e-06,6183.0,21473.0
14084,7.807649752484418e-06,6207.0,21367.0
14085,7.812106900442939e-06,6234.0,21439.0
14086,7.901249859613369e-06,6090.0,21876.0
14087,7.95282542884769e-06,6339.0,21952.0
14088,7.986572406247926e-06,6204.0,21933.0
14089,7.935633572436251e-06,6171.0,21603.0
14090,7.955372370538275e-06,6143.0,21540.0
14091,7.980841787444112e-06,6272.0,21622.0
14092,8.022866325338742e-06,6326.0,21990.0
14093,7.998670379278197e-06,6388.0,22056.0
14094,7.97638463948559e-06,6267.0,21663.0
14095,7.970654020681777e-06,6233.0,21430.0
14096,7.953462164270336e-06,6199.0,21412.0
14097,7.988482612515862e-06,6118.0,21392.0
14098,7.94518460377594e-06,6262.0,21409.0
14099,7.901249859613369e-06,6299.0,21128.0
14100,7.919715186870102e-06,6225.0,20979.0
14101,7.931813159900374e-06,6099.0,20976.0
14102,7.89169882827368e-06,6171.0,20893.0
14103,7.880237590666055e-06,6118.0,20754.0
14104,7.896792711654848e-06,6062.0,20599.0
14105,7.961102989342088e-06,6259.0,20943.0
14106,7.991666289629091e-06,6215.0,21049.0
14107,7.977021374908235e-06,6326.0,20990.0
14108,7.960466253919442e-06,6379.0,20825.0
14109,8.003764262659365e-06,6151.0,21008.0
14110,7.978931581176174e-06,6260.0,20935.0
14111,8.00631120434995e-06,6279.0,21058.0
14112,8.059160244429561e-06,6440.0,21260.0
14113,8.003764262659365e-06,6399.0,21364.0
14114,8.015225500266992e-06,6252.0,21237.0
14115,8.022229589916096e-06,6179.0,21091.0
14116,7.97638463948559e-06,6378.0,20985.0
14117,7.94518460377594e-06,6258.0,20946.0
14118,7.82929875685438e-06,6282.0,20644.0
14119,7.855404909182864e-06,6204.0,20754.0
14120,7.77453951050683e-06,6059.0,20669.0
14121,7.773266039661538e-06,6019.0,20448.0
14122,7.805102810793835e-06,6079.0,20449.0
14123,7.749070093600993e-06,6004.0,20277.0
14124,7.780906864733288e-06,6175.0,20411.0
14125,7.825478344318505e-06,6121.0,20486.0
14126,7.762441537476557e-06,6028.0,20518.0
14127,7.765625214589786e-06,6159.0,20381.0
14128,7.7713558333936e-06,6178.0,20315.0
14129,7.83566611108084e-06,6303.0,20432.0
14130,7.792368102340915e-06,6109.0,20599.0
14131,7.729331295498969e-06,6029.0,20527.0
14132,7.694310847253443e-06,6187.0,20295.0
14133,7.619176067381222e-06,6069.0,19831.0
14134,7.65228630935881e-06,6078.0,19945.0
14135,7.603257681815073e-06,5975.0,19331.0
14136,7.63509445294737e-06,5996.0,19440.0
14137,7.703861878593131e-06,6044.0,19671.0
14138,7.759257860363328e-06,6020.0,19795.0
14139,7.764988479167141e-06,6100.0,19851.0
14140,7.786637483537102e-06,6010.0,19799.0
14141,7.75416397698216e-06,6133.0,19563.0
14142,7.701314936902547e-06,5964.0,19588.0
14143,7.687306757604337e-06,6067.0,19627.0
14144,7.701951672325193e-06,6119.0,19595.0
14145,7.697494524366672e-06,6045.0,19681.0
14146,7.715323116200757e-06,6013.0,19605.0
14147,7.728694560076323e-06,6125.0,19730.0
14148,7.749070093600993e-06,5914.0,19760.0
14149,7.785364012691811e-06,6181.0,19924.0
14150,7.773266039661538e-06,6212.0,19938.0
14151,7.701951672325193e-06,5909.0,19949.0
14152,7.689853699294921e-06,6103.0,19951.0
14153,7.714049645355466e-06,6231.0,19731.0
14154,7.752253770714222e-06,6115.0,19727.0
14155,7.833119169390255e-06,6254.0,19973.0
14156,7.958556047651504e-06,6330.0,20275.0
14157,7.997396908432905e-06,6276.0,20223.0
14158,8.04833574224458e-06,6333.0,20241.0
14159,8.055339831893686e-06,6298.0,20405.0
14160,8.091633750984504e-06,6335.0,20607.0
14161,8.036237769214308e-06,6338.0,20524.0
14162,8.08908680929392e-06,6398.0,20645.0
14163,8.032417356678431e-06,6298.0,20355.0
14164,7.97320096237236e-06,6238.0,20214.0
14165,7.99357649589703e-06,6348.0,19954.0
14166,8.063617392388082e-06,6336.0,19959.0
14167,8.209429804174e-06,6546.0,20533.0
14168,8.209429804174e-06,6444.0,20529.0
14169,8.299209498767077e-06,6661.0,20820.0
14170,8.333593211589957e-06,6497.0,20950.0
14171,8.316401355178518e-06,6527.0,20872.0
14172,8.316401355178518e-06,6557.0,20792.0
14173,8.351421803424044e-06,6514.0,20664.0
14174,8.336776888703188e-06,6469.0,20799.0
14175,8.373707543216652e-06,6486.0,20960.0
14176,8.457756619005915e-06,6619.0,21071.0
14177,8.432923937522724e-06,6655.0,20716.0
14178,8.402360637235719e-06,6428.0,20632.0
14179,8.397266753854551e-06,6491.0,20760.0
14180,8.459666825273852e-06,6552.0,20867.0
14181,8.517609748734632e-06,6517.0,20956.0
14182,8.595291470297435e-06,6699.0,20918.0
14183,8.50869545281759e-06,6484.0,20454.0
14184,8.626491506007086e-06,6793.0,20844.0
14185,8.771030446947712e-06,6921.0,20994.0
14186,8.951863306979159e-06,6979.0,21328.0
14187,9.149888023422042e-06,7108.0,21859.0
14188,9.168353350678774e-06,7235.0,22037.0
14189,9.204010534346946e-06,7241.0,21956.0
14190,9.23330036378866e-06,7302.0,22129.0
14191,9.422410784314502e-06,7433.0,22594.0
14192,9.493725151650846e-06,7259.0,22556.0
14193,9.517284362288745e-06,7405.0,22638.0
14194,9.655455949002913e-06,7630.0,22912.0
14195,9.57459055032688e-06,7533.0,22850.0
14196,9.533202747854894e-06,7570.0,22532.0
14197,9.569496666945712e-06,7409.0,22536.0
14198,9.663096774074664e-06,7462.0,23056.0
14199,9.782803033532099e-06,7604.0,23182.0
14200,9.817823481777625e-06,7814.0,23117.0
14201,9.945170566306812e-06,7896.0,23520.0
14202,1.0016484933643156e-05,7876.0,23626.0
14203,1.0074427857103935e-05,7946.0,23535.0
14204,1.0203048412478415e-05,7971.0,23813.0
14205,1.0177578995572577e-05,7928.0,23857.0
14206,1.0208779031282228e-05,8009.0,23940.0
14207,1.0323391407358496e-05,8001.0,24253.0
14208,1.0306836286369701e-05,8078.0,24001.0
14209,1.0390248626736317e-05,8117.0,24036.0
14210,1.0397252716385423e-05,8019.0,23837.0
14211,1.0497220177740834e-05,8445.0,24116.0
14212,1.048066505675204e-05,8181.0,24049.0
14213,1.0694608158761074e-05,8442.0,24242.0
14214,1.0834689951743179e-05,8470.0,24563.0
14215,1.09251063817589e-05,8460.0,24550.0
14216,1.1086837179110968e-05,8773.0,24653.0
14217,1.1189351582156962e-05,8597.0,24954.0
14218,1.121800467617603e-05,8814.0,25112.0
14219,1.1309057841614398e-05,8887.0,25467.0
14220,1.1476519257770277e-05,9147.0,25477.0
14221,1.1558658127291603e-05,9033.0,25452.0
14222,1.1684731740975498e-05,9136.0,25854.0
14223,1.188785034079955e-05,9310.0,26278.0
14224,1.1915866699395971e-05,9359.0,26285.0
14225,1.2077597496748038e-05,9408.0,26609.0
14226,1.2184569047752555e-05,9602.0,26978.0
14227,1.2244422177481273e-05,9748.0,26943.0
14228,1.2255246679666252e-05,9639.0,27081.0
14229,1.2199213962473411e-05,9588.0,27020.0
14230,1.221640581888485e-05,9547.0,26926.0
14231,1.2253973208820961e-05,9584.0,26941.0
14232,1.217756495810345e-05,9542.0,27155.0
14233,1.1966168797785e-05,9423.0,27330.0
14234,1.2527769440558711e-05,9659.0,27225.0
14235,1.2710512506858094e-05,10001.0,27461.0
14236,1.2890071896044247e-05,10159.0,27815.0
14237,1.299768018247141e-05,10403.0,27998.0
14238,1.3353615283730485e-05,10404.0,28268.0
14239,1.3777681075212677e-05,10740.0,28888.0
14240,1.3833713792405519e-05,10869.0,28932.0
14241,1.398207314588202e-05,10948.0,28984.0
14242,1.4076946723856264e-05,11149.0,29126.0
14243,1.4222122400219536e-05,11153.0,29316.0
14244,1.4315085771925843e-05,11141.0,29439.0
14245,1.4644277985433789e-05,11600.0,30033.0
14246,1.4724506648687176e-05,11671.0,30227.0
14247,1.4737878092562742e-05,11457.0,30101.0
14248,1.4837845553918153e-05,11507.0,30135.0
14249,1.4841665966454028e-05,11723.0,30152.0
14250,1.5029502916134579e-05,11894.0,30244.0
14251,1.5199511273981042e-05,11948.0,30206.0
14252,1.5393078842465407e-05,12126.0,30407.0
14253,1.5640768921874675e-05,12167.0,30762.0
14254,1.5722907791396e-05,12397.0,30991.0
14255,1.586808346775927e-05,12531.0,31294.0
14256,1.5939397835095614e-05,12404.0,31264.0
14257,1.603108773595663e-05,12457.0,31295.0
14258,1.6290239052973524e-05,12784.0,31310.0
14259,1.627368393198473e-05,12686.0,31317.0
14260,1.6339267680517262e-05,12597.0,31291.0
14261,1.6374288128762788e-05,13039.0,31196.0
14262,1.6415039195812128e-05,12951.0,31246.0
14263,1.674932529270124e-05,13041.0,31688.0
14264,1.68263702788414e-05,13295.0,31872.0
14265,1.7169570671647556e-05,13546.0,32854.0
14266,1.7408983190562426e-05,13785.0,33198.0
14267,1.7456101611838227e-05,13666.0,33196.0
14268,1.7711432516319245e-05,13820.0,33503.0
14269,1.7857881663527808e-05,13970.0,33656.0
14270,1.8119579922235288e-05,14234.0,33889.0
14271,1.811575950969941e-05,14064.0,33965.0
14272,1.8313784226142297e-05,14407.0,34336.0
14273,1.8409294539539185e-05,14357.0,34639.0
14274,1.863215193746526e-05,14525.0,34991.0
14275,1.8800250089043786e-05,14631.0,35199.0
14276,1.873721328220184e-05,14794.0,35318.0
14277,1.8759499021994447e-05,14875.0,35230.0
14278,1.8755678609458573e-05,14666.0,34830.0
14279,1.873402960508861e-05,14752.0,34643.0
14280,1.8777327613828535e-05,14815.0,34629.0
14281,1.897216865315819e-05,15157.0,34991.0
14282,1.8959433944705272e-05,14926.0,34773.0
14283,1.9007825836826362e-05,14944.0,34878.0
14284,1.904093607880395e-05,14911.0,34878.0
14285,1.8946062500829705e-05,15053.0,34617.0
14286,1.9221768938835393e-05,15089.0,34918.0
14287,1.9296903718707615e-05,15023.0,34908.0
14288,1.9377132381961002e-05,15327.0,34949.0
14289,1.934147519829283e-05,15255.0,34569.0
14290,1.927843839145088e-05,15459.0,34468.0
14291,1.926952409553384e-05,14991.0,34371.0
14292,1.9232593441020376e-05,15005.0,34151.0
14293,1.9378405852806294e-05,15438.0,34479.0
14294,1.9423614067814156e-05,14898.0,34505.0
14295,1.9516577439520462e-05,15192.0,34962.0
14296,1.9556691771147154e-05,15365.0,35054.0
14297,1.9549050946075404e-05,15480.0,34882.0
14298,1.9486014139233458e-05,15331.0,34630.0
14299,1.958407139432093e-05,15582.0,34772.0
14300,1.968594906194428e-05,15513.0,35011.0
14301,1.9752806281322103e-05,15474.0,35198.0
14302,1.980756552766965e-05,15579.0,35178.0
14303,1.9910716666138293e-05,15408.0,35640.0
14304,1.983112473830755e-05,15471.0,35533.0
14305,1.988779419092304e-05,15510.0,35764.0
14306,1.9753443016744748e-05,15489.0,35605.0
14307,1.9557328506569802e-05,15470.0,35379.0
14308,1.9503205995644895e-05,15349.0,35081.0
14309,1.9526765206282797e-05,15274.0,35052.0
14310,1.9792920612948795e-05,15541.0,35264.0
14311,1.959680610277385e-05,15692.0,35126.0
14312,1.9663026586729025e-05,15455.0,35144.0
14313,1.95808877172077e-05,15381.0,34872.0
14314,1.942106712612357e-05,15179.0,34617.0
14315,1.949047128719198e-05,15169.0,34700.0
14316,1.935548337759104e-05,15243.0,34094.0
14317,1.9497475376841085e-05,15400.0,34436.0
14318,1.9557328506569802e-05,15425.0,34928.0
14319,1.9504479466490187e-05,15140.0,34762.0
14320,1.9603810192422952e-05,15441.0,34938.0
14321,1.9585344865166223e-05,15308.0,34935.0
14322,1.9774455285692062e-05,15512.0,35003.0
14323,2.0113835265962345e-05,15808.0,36215.0
14324,1.9829214532039614e-05,15354.0,36026.0
14325,1.9943826908115883e-05,15779.0,36207.0
14326,1.9887157455500394e-05,15758.0,35980.0
14327,1.9738161366601247e-05,15585.0,35704.0
14328,1.9871239069934246e-05,15463.0,36308.0
14329,1.9683402120253695e-05,15411.0,36396.0
14330,1.941342630105182e-05,15139.0,36092.0
14331,1.9545230533539527e-05,15327.0,36417.0
14332,1.9431891628308554e-05,15331.0,36410.0
14333,1.9521034587478984e-05,15273.0,36443.0
14334,1.942870795119532e-05,15253.0,36325.0
14335,1.950256926022225e-05,15152.0,36679.0
14336,1.927079756637913e-05,15076.0,36285.0
14337,1.9156185190302862e-05,15186.0,36000.0
14338,1.9101425943955314e-05,14948.0,35896.0
14339,1.9000821747177257e-05,14793.0,35794.0
14340,1.904093607880395e-05,14792.0,35950.0
14341,1.8905311433780365e-05,14806.0,35834.0
14342,1.8804707237002308e-05,14798.0,35930.0
14343,1.8697735685997792e-05,14575.0,35849.0
14344,1.8546829390830708e-05,14406.0,35509.0
14345,1.839910677277685e-05,14343.0,35256.0
14346,1.8216363706477468e-05,14258.0,35135.0
14347,1.8207449410560426e-05,14143.0,35384.0
14348,1.8255841302681516e-05,14084.0,35576.0
14349,1.8025979815106333e-05,13873.0,35239.0
14350,1.811130236174089e-05,14298.0,35509.0
14351,1.8055269644548046e-05,14260.0,35332.0
14352,1.8093473769906804e-05,14069.0,35910.0
14353,1.8082012532299177e-05,14092.0,35981.0
14354,1.7766191762666793e-05,13833.0,35515.0
14355,1.7606371171582667e-05,13715.0,35269.0
14356,1.7479024087053478e-05,13734.0,34449.0
14357,1.7282272841455885e-05,13506.0,34141.0
14358,1.73268443210411e-05,13359.0,34465.0
14359,1.7133276752556737e-05,13345.0,34286.0
14360,1.7061325649797748e-05,13396.0,34469.0
14361,1.6812998834965832e-05,13145.0,34169.0
14362,1.680408453904879e-05,13257.0,34128.0
14363,1.6678010925364897e-05,13017.0,33810.0
14364,1.6623888414439993e-05,13072.0,33692.0
14365,1.6648084360500536e-05,13118.0,34019.0
14366,1.6616884324790887e-05,13069.0,33596.0
14367,1.6659545598108163e-05,13139.0,33768.0
14368,1.659014143703976e-05,13057.0,33824.0
14369,1.6443692289831193e-05,12945.0,33937.0
14370,1.6486990298571117e-05,13183.0,33923.0
14371,1.644751270236707e-05,13007.0,33896.0
14372,1.634245135763049e-05,12743.0,33787.0
14373,1.6204916506338967e-05,12844.0,33706.0
14374,1.6058467359130404e-05,12466.0,33481.0
14375,1.60279040588434e-05,12734.0,33203.0
14376,1.6038091825605735e-05,12469.0,33477.0
14377,1.5856622230151645e-05,12103.0,33335.0
14378,1.5793585423309696e-05,12262.0,33493.0
14379,1.5691707755686346e-05,12217.0,33476.0
14380,1.5703168993293973e-05,12093.0,33715.0
14381,1.570253225787133e-05,12411.0,33977.0
14382,1.5698711845335452e-05,12116.0,33924.0
14383,1.56910710202637e-05,12379.0,33993.0
14384,1.5561813729466576e-05,12108.0,34159.0
14385,1.547840138909996e-05,12197.0,34177.0
14386,1.5294384851955286e-05,12046.0,33295.0
14387,1.520460515736221e-05,11893.0,33032.0
14388,1.5165127561158162e-05,12029.0,32925.0
14389,1.527973993723443e-05,11854.0,33554.0
14390,1.5215429659547191e-05,12092.0,33658.0
14391,1.5142205085942908e-05,11967.0,33455.0
14392,1.5134564260871158e-05,11751.0,33692.0
14393,1.5033323328670454e-05,11616.0,33490.0
14394,1.5008490647187263e-05,11771.0,33577.0
14395,1.4834661876804923e-05,11602.0,33500.0
14396,1.4800914899404689e-05,11438.0,33415.0
14397,1.4827021051733172e-05,11558.0,33453.0
14398,1.480409857651792e-05,11406.0,33425.0
14399,1.4797094486868813e-05,11614.0,33416.0
14400,1.485249046863901e-05,11460.0,33697.0
14401,1.4513110488368727e-05,11405.0,33269.0
14402,1.4683118846215192e-05,11407.0,33830.0
14403,1.4558955438799234e-05,11293.0,33663.0
14404,1.4644277985433789e-05,11400.0,33888.0
14405,1.4692033142132235e-05,11535.0,34256.0
14406,1.478372304299325e-05,11610.0,35115.0
14407,1.4871592531318387e-05,11734.0,35724.0
14408,1.4664016783535813e-05,11679.0,35357.0
14409,1.4502922721606392e-05,11394.0,34738.0
14410,1.4508653340410206e-05,11563.0,34785.0
14411,1.437493890165456e-05,11396.0,34517.0
14412,1.460671059549768e-05,11231.0,35307.0
14413,1.4564049322180402e-05,11553.0,35737.0
14414,1.4264146938114168e-05,11052.0,34634.0
14415,1.4413779762435962e-05,11196.0,35152.0
14416,1.4300440857204987e-05,11111.0,35001.0
14417,1.4287069413329421e-05,11326.0,35003.0
14418,1.437493890165456e-05,11214.0,35332.0
14419,1.4259689790155647e-05,11075.0,35252.0
14420,1.4117697790905604e-05,11104.0,35100.0
14421,1.4113877378369729e-05,10905.0,35131.0
14422,1.3986530293840542e-05,11049.0,34757.0
14423,1.4027281360889881e-05,11053.0,34809.0
14424,1.383180358613758e-05,10849.0,34545.0
14425,1.3962334347779997e-05,10928.0,34874.0
14426,1.3850268913394312e-05,10870.0,34900.0
14427,1.3929224105802409e-05,10722.0,35505.0
14428,1.3929860841225053e-05,10862.0,35842.0
14429,1.3969338437429102e-05,10867.0,36218.0
14430,1.3857909738466064e-05,10910.0,35988.0
14431,1.3778954546057967e-05,10757.0,35619.0
14432,1.3822252554797892e-05,10757.0,35793.0
14433,1.3659248286600532e-05,10870.0,36597.0
14434,1.3805697433809097e-05,10590.0,37225.0
14435,1.3774497398099446e-05,10750.0,37314.0
14436,1.396169761235735e-05,10879.0,37648.0
14437,1.3947052697636494e-05,10960.0,37569.0
14438,1.4107510024143269e-05,11199.0,38159.0
14439,1.4034922185961634e-05,10998.0,38125.0
14440,1.4034922185961634e-05,11105.0,38374.0
14441,1.4004358885674629e-05,11125.0,38262.0
14442,1.3997991531448169e-05,11055.0,38298.0
14443,1.4230399960713934e-05,11069.0,38786.0
14444,1.426542040895946e-05,11430.0,38983.0
14445,1.4550041142882192e-05,11415.0,40305.0
14446,1.4638547366629975e-05,11531.0,40785.0
14447,1.4435428766805924e-05,11247.0,40698.0
14448,1.455195134915013e-05,11334.0,41130.0
14449,1.4454530829485302e-05,11429.0,41086.0
14450,1.4472359421319389e-05,11409.0,41222.0
14451,1.4410596085322733e-05,11358.0,41135.0
14452,1.4427151206311526e-05,11350.0,41260.0
14453,1.4704131115162507e-05,11546.0,41903.0
14454,1.47678046574271e-05,11678.0,42045.0
14455,1.5093176458399172e-05,11763.0,43659.0
14456,1.5022498826485473e-05,11965.0,43546.0
14457,1.4945453840345315e-05,11752.0,43327.0
14458,1.4909159921254498e-05,11672.0,43261.0
14459,1.4955004871685005e-05,11713.0,43562.0
14460,1.5160670413199641e-05,12059.0,44432.0
14461,1.508871931044065e-05,11734.0,44425.0
14462,1.5195690861445167e-05,12007.0,44821.0
14463,1.512628670037676e-05,11866.0,44341.0
14464,1.5362515542178402e-05,12208.0,44721.0
14465,1.5515332043613426e-05,12169.0,45513.0
14466,1.5508964689386965e-05,12208.0,45822.0
14467,1.5538891254251325e-05,12250.0,45906.0
14468,1.559747091313475e-05,12364.0,45923.0
14469,1.5712083289211016e-05,12313.0,45579.0
14470,1.591201821192184e-05,12479.0,44331.0
14471,1.6278141079943252e-05,12662.0,48938.0
14472,1.6725129346640695e-05,12963.0,51122.0
14473,1.6856296843705757e-05,13394.0,51455.0
14474,1.6850566224901943e-05,13427.0,51583.0
14475,1.678561921179206e-05,13052.0,51351.0
14476,1.6786892682637352e-05,13393.0,51649.0
14477,1.6713668109033067e-05,13264.0,51703.0
14478,1.7088068537548876e-05,13616.0,53320.0
14479,1.7135186958824674e-05,13322.0,53837.0
14480,1.719249314686281e-05,13551.0,53681.0
14481,1.7491758795506397e-05,13737.0,55496.0
14482,1.7579628283831535e-05,13561.0,56511.0
14483,1.7494305737196982e-05,13923.0,56290.0
14484,1.7457375082683516e-05,13620.0,56195.0
14485,1.739879542380009e-05,13714.0,55847.0
14486,1.7501946562268732e-05,13676.0,56539.0
14487,1.736313824013192e-05,13580.0,56148.0
14488,1.7389244392460403e-05,13612.0,56172.0
14489,1.750576697480461e-05,13852.0,56518.0
14490,1.7689783511949283e-05,13865.0,57169.0
14491,1.7869342901135435e-05,13906.0,57968.0
14492,1.811130236174089e-05,14308.0,59164.0
14493,1.795466544776999e-05,14230.0,58753.0
14494,1.797822465840789e-05,13920.0,58944.0
14495,1.7985228748056993e-05,13956.0,59294.0
14496,1.801770225461194e-05,14099.0,59709.0
14497,1.793747359135855e-05,14098.0,59528.0
14498,1.7930469501709445e-05,14074.0,59136.0
14499,1.802534307968369e-05,13905.0,59532.0
14500,1.8267302540289143e-05,14350.0,60605.0
14501,1.852263344477016e-05,14375.0,61935.0
14502,1.8649980529299347e-05,14578.0,62638.0
14503,1.8694552008884563e-05,14635.0,63255.0
14504,1.8875384868916008e-05,14650.0,64522.0
14505,1.908487082296652e-05,15046.0,65552.0
14506,1.920203014073337e-05,15137.0,66430.0
14507,1.9366944615198667e-05,15342.0,67539.0
14508,1.9466275341131432e-05,15259.0,68868.0
14509,1.9374585440270417e-05,15146.0,68675.0
14510,1.926634041842061e-05,15236.0,68097.0
14511,1.945099369098793e-05,15353.0,68959.0
14512,1.9452267161833224e-05,15262.0,69511.0
14513,1.972478992272568e-05,15431.0,71373.0
14514,1.9696136828706615e-05,15303.0,71711.0
14515,1.9801198173443193e-05,15507.0,72511.0
14516,1.9962292235372613e-05,15718.0,72734.0
14517,2.0188333310411918e-05,15884.0,73879.0
14518,2.012911691610585e-05,15571.0,73679.0
14519,2.0395272322771846e-05,16012.0,74941.0
14520,2.030421915733348e-05,15840.0,74710.0
14521,2.046658669010819e-05,16069.0,75683.0
14522,2.0610488895626173e-05,16098.0,76929.0
14523,2.0552545972165392e-05,16184.0,76940.0
14524,2.0411827443760643e-05,16098.0,76544.0
14525,2.0337329399311066e-05,15874.0,76190.0
14526,2.031631713036375e-05,16030.0,76139.0
14527,2.0343696753537527e-05,15750.0,76313.0
14528,2.054808882420687e-05,16183.0,77673.0
14529,2.049842346124049e-05,16067.0,77689.0
14530,2.04653132192629e-05,16253.0,77579.0
14531,2.0452578510809983e-05,16001.0,77600.0
14532,2.0636595047954656e-05,16205.0,78388.0
14533,2.1152987475720507e-05,16542.0,80068.0
14534,2.184129846760076e-05,17023.0,84438.0
14535,2.2175584564489872e-05,17412.0,87511.0
14536,2.1931078162193833e-05,17289.0,86946.0
14537,2.1810735167313754e-05,17051.0,86511.0
14538,2.1796090252592898e-05,17150.0,86778.0
14539,2.1866767884506595e-05,17448.0,87933.0
14540,2.1839388261332822e-05,17075.0,87916.0
14541,2.1816465786117568e-05,17132.0,88097.0
14542,2.2060972188413607e-05,17337.0,89502.0
14543,2.2125282466100845e-05,17272.0,90424.0
14544,2.2248809138094154e-05,17445.0,91948.0
14545,2.213865390997641e-05,17480.0,92081.0
14546,2.1852759705208386e-05,17223.0,91299.0
14547,2.19444496060694e-05,17100.0,91703.0
14548,2.19915680273452e-05,17465.0,92077.0
14549,2.209790284292707e-05,17276.0,92799.0
14550,2.1981380260582864e-05,17019.0,92547.0
14551,2.1945723076914693e-05,17073.0,92633.0
14552,2.2060972188413607e-05,17506.0,93291.0
14553,2.2059061982145667e-05,17305.0,93641.0
14554,2.2007486412911347e-05,17352.0,93687.0
14555,2.2025315004745433e-05,17227.0,94656.0
14556,2.187568218042364e-05,17137.0,94225.0
14557,2.2169217210263414e-05,17677.0,96339.0
14558,2.217940497702575e-05,17587.0,96666.0
14559,2.2095992636659133e-05,17133.0,97325.0
14560,2.1925984278812668e-05,17197.0,97450.0
14561,2.1670016638909e-05,16997.0,95662.0
14562,2.1242130434890937e-05,16885.0,93762.0
14563,2.0858815710458085e-05,16255.0,92823.0
14564,2.072701147797038e-05,16136.0,92733.0
14565,2.074547680522711e-05,16438.0,93055.0
14566,2.069071755887956e-05,16349.0,92987.0
14567,2.072510127170244e-05,16058.0,93649.0
14568,2.082379526221256e-05,16295.0,94414.0
14569,2.0697721648528666e-05,16425.0,93724.0
14570,2.069517470683808e-05,16220.0,94346.0
14571,2.05359908511766e-05,16000.0,94327.0
14572,2.020679863766865e-05,15791.0,92632.0
14573,1.9991582064814325e-05,15450.0,91543.0
14574,1.9971206531289655e-05,15585.0,91539.0
14575,2.0031059661018373e-05,15819.0,92413.0
14576,2.007881481771682e-05,15683.0,93033.0
14577,1.993618608304413e-05,15521.0,92572.0
14578,2.0004953508689892e-05,15808.0,93446.0
14579,1.9968659589599074e-05,15860.0,93801.0
14580,1.9880790101273933e-05,15532.0,93744.0
14581,1.9699320505819844e-05,15585.0,93443.0
14582,1.942870795119532e-05,15292.0,92792.0
14583,1.922113220341275e-05,15010.0,92124.0
14584,1.9163826015374616e-05,14890.0,92121.0
14585,1.910015247311002e-05,14950.0,92183.0
14586,1.8944152294561768e-05,14705.0,91492.0
14587,1.8771596995024722e-05,14583.0,90654.0
14588,1.868245403585429e-05,14535.0,90258.0
14589,1.8557017157593043e-05,14749.0,90292.0
14590,1.8468510933845258e-05,14614.0,90316.0
14591,1.8194714702107506e-05,14370.0,89387.0
14592,1.7871253107403372e-05,14186.0,88158.0
14593,1.764775897405465e-05,14017.0,87443.0
14594,1.730965246462966e-05,13441.0,85946.0
14595,1.6827007014264044e-05,13053.0,84285.0
14596,1.6611790441409718e-05,13049.0,83390.0
14597,1.6322712559528465e-05,12796.0,81965.0
14598,1.608584698230418e-05,12626.0,80877.0
14599,1.5891005942974524e-05,12503.0,79560.0
14600,1.5875724292831023e-05,12716.0,79571.0
14601,1.5848344669657247e-05,12433.0,79738.0
14602,1.558473620468183e-05,12272.0,78729.0
14603,1.540326660922774e-05,12020.0,78086.0
14604,1.5046694772546018e-05,11880.0,76175.0
14605,1.4990025319930531e-05,11889.0,75707.0
14606,1.493399260273769e-05,11728.0,75168.0
14607,1.4636000424939393e-05,11350.0,74551.0
14608,1.4458987977443823e-05,11287.0,73649.0
14609,1.4408049143632148e-05,11404.0,73257.0
14610,1.4182008068592843e-05,11259.0,71644.0
14611,1.4495918631957288e-05,11424.0,71571.0
14612,1.4762710774045933e-05,11690.0,71060.0
14613,1.6241210425429786e-05,12738.0,70164.0
14614,1.6245030837965663e-05,12719.0,70320.0
14615,1.615015725999142e-05,12527.0,69929.0
14616,1.600116117109227e-05,12589.0,69629.0
14617,1.5948312131012657e-05,12328.0,69579.0
14618,1.576365885844534e-05,12422.0,69075.0
14619,1.549240956839817e-05,12117.0,67742.0
14620,1.532494815224229e-05,12043.0,67060.0
14621,1.5279103201811785e-05,12046.0,67294.0
14622,1.523134804511334e-05,11973.0,67198.0
14623,1.501358453056843e-05,11648.0,66606.0
14624,1.439531443517923e-05,11224.0,64823.0
14625,1.3395639821625118e-05,10575.0,59463.0
14626,1.2914267842104792e-05,9998.0,56113.0
14627,1.2788194228420897e-05,9818.0,55245.0
14628,1.2732798246650701e-05,9934.0,55072.0
14629,1.2674218587767276e-05,9773.0,54690.0
14630,1.2439899952233574e-05,9837.0,53795.0
14631,1.2318920221930846e-05,9691.0,53380.0
14632,1.2222136437688664e-05,9687.0,52994.0
14633,1.1885940134531612e-05,9215.0,51247.0
14634,1.1667539884564057e-05,9163.0,50065.0
14635,1.1019979959733144e-05,8674.0,47627.0
14636,1.0926379852604193e-05,8468.0,47287.0
14637,1.0769742938633294e-05,8482.0,46370.0
14638,1.0557710042892198e-05,8359.0,45451.0
14639,1.04634732003406e-05,8324.0,44987.0
14640,1.0243799479527754e-05,8105.0,43870.0
14641,1.0154656520357323e-05,7954.0,43458.0
14642,9.933709328699184e-06,7796.0,42497.0
14643,9.744598908173343e-06,7736.0,41689.0
14644,9.601333438078008e-06,7531.0,40828.0
14645,9.524925187360497e-06,7549.0,40618.0
14646,9.162622731874962e-06,7127.0,38957.0
14647,9.071569566436593e-06,7124.0,38444.0
14648,8.692711989962263e-06,6712.0,35959.0
14649,8.555177138670741e-06,6724.0,35048.0
14650,8.46794438576825e-06,6560.0,34116.0
14651,8.39280960589603e-06,6536.0,33702.0
14652,8.35969936391844e-06,6575.0,33567.0
14653,8.29411561538591e-06,6519.0,33324.0
14654,8.113919490777111e-06,6206.0,32160.0
14655,8.02796020871991e-06,6231.0,31875.0
14656,7.888515151160451e-06,6159.0,31068.0
14657,7.799372191990021e-06,6092.0,30616.0
14658,7.621723009071806e-06,6021.0,29453.0
14659,7.48800857031616e-06,5727.0,28561.0
14660,7.280432822533586e-06,5727.0,27655.0
14661,7.100873433347433e-06,5568.0,26403.0
14662,6.988171263539103e-06,5509.0,25727.0
14663,6.8684650040816685e-06,5458.0,25207.0
14664,6.807975138930305e-06,5334.0,24962.0
14665,6.72265259229575e-06,5201.0,24569.0
14666,6.565378942902204e-06,5221.0,23552.0
14667,6.385819553716052e-06,5094.0,22562.0
14668,6.30941130299854e-06,4901.0,22183.0
14669,6.1470437702238275e-06,4814.0,21058.0
14670,6.018423214849349e-06,4565.0,20385.0
14671,5.938831287018608e-06,4641.0,19983.0
14672,5.843320973621718e-06,4609.0,19452.0
14673,5.6211003111182875e-06,4431.0,18786.0
14674,2.6367213851768042e-06,2046.0,17734.0
14675,2.5685906949536894e-06,2047.0,17329.0
14676,2.46989670444357e-06,1976.0,16805.0
14677,2.422778283167771e-06,1910.0,16618.0
14678,2.387121099499599e-06,1872.0,16503.0
14679,2.3005250820197524e-06,1759.0,15973.0
14680,2.257863808702475e-06,1804.0,15715.0
14681,2.1190554865656616e-06,1733.0,14878.0
14682,2.0802146257842598e-06,1608.0,14660.0
14683,2.0280023211272935e-06,1686.0,14177.0
14684,1.9987124916855805e-06,1568.0,13905.0
14685,1.9694226622438675e-06,1619.0,13726.0
14686,1.9172103575869013e-06,1504.0,13320.0
14687,1.7720346812236286e-06,1405.0,12973.0
14688,1.7707612103783367e-06,1402.0,12702.0
14689,1.7650305915745235e-06,1389.0,12475.0
14690,1.7389244392460402e-06,1316.0,12298.0
14691,1.6338630945094614e-06,1235.0,11653.0
14692,1.582287525275141e-06,1264.0,11160.0
14693,1.5186139830105478e-06,1154.0,10828.0
14694,1.4721322971573948e-06,1234.0,10434.0
14695,1.4555771761686005e-06,1139.0,10317.0
14696,1.4224669341910121e-06,1108.0,10159.0
14697,1.3454219480508542e-06,1033.0,9782.0
14698,1.2772912578277396e-06,1015.0,9454.0
14699,1.1715931776685149e-06,926.0,8718.0
14700,1.1302053751965293e-06,857.0,8456.0
14701,1.0881808373018979e-06,818.0,8138.0
14702,1.039152209758161e-06,803.0,7926.0
14703,9.525561922783143e-07,705.0,7417.0
14704,9.162622731874961e-07,733.0,7191.0
14705,8.557724080361326e-07,667.0,6748.0
14706,8.2329890148119e-07,650.0,6473.0
14707,8.041968388018121e-07,618.0,6360.0
14708,7.634457717524724e-07,585.0,6144.0
14709,7.449804444957404e-07,558.0,6000.0
14710,7.156906150540275e-07,583.0,5749.0
14711,6.730293417367501e-07,534.0,5441.0
14712,6.303680684194727e-07,473.0,5040.0
14713,5.80065970030444e-07,452.0,4624.0
14714,5.558700239698986e-07,431.0,4327.0
14715,5.501394051660852e-07,400.0,4232.0
14716,5.367679612905207e-07,403.0,4069.0
14717,5.246699882602479e-07,400.0,3996.0
14718,5.138454860752671e-07,398.0,3919.0
14719,5.087516026940997e-07,397.0,3867.0
14720,4.921964817053055e-07,398.0,3704.0
14721,4.6418012310888443e-07,371.0,3536.0
14722,4.412576478936309e-07,348.0,3357.0
14723,4.1642496641043954e-07,309.0,3184.0
14724,4.106943476066261e-07,307.0,3112.0
14725,4.081474059160424e-07,286.0,3055.0
14726,3.998698454216453e-07,328.0,2997.0
14727,3.8140451816491323e-07,295.0,2846.0
14728,3.6166572006288936e-07,302.0,2668.0
14729,4.361637645124634e-07,326.0,2618.0
14730,4.157882309877936e-07,326.0,2527.0
14731,4.1133108302927206e-07,341.0,2494.0
14732,4.0305352253487496e-07,330.0,2450.0
14733,3.782208410516836e-07,286.0,2154.0
14734,3.7312695767051613e-07,308.0,2054.0
14735,3.6739633886670277e-07,304.0,1994.0
14736,3.6484939717611903e-07,302.0,1992.0
14737,3.603922492175975e-07,301.0,1976.0
14738,3.55935101259076e-07,284.0,1930.0
14739,3.406534511155736e-07,276.0,1836.0
14740,3.3428609688911427e-07,251.0,1812.0
14741,3.228248592814875e-07,274.0,1731.0
14742,2.7952685054156414e-07,212.0,1580.0
14743,2.6806561293393737e-07,188.0,1513.0
14744,2.5023702109985125e-07,206.0,1276.0
14745,2.464166085639757e-07,180.0,1223.0
14746,2.4577987314132976e-07,181.0,1168.0
14747,1.2301728365519407e-06,944.0,3433.0
14748,1.2040666842234573e-06,956.0,2948.0
14749,1.206613625914041e-06,980.0,2966.0
14750,1.2155279218310842e-06,984.0,2971.0
14751,1.2314463073972325e-06,981.0,2981.0
14752,1.2429075450048592e-06,971.0,2991.0
14753,1.2530953117671941e-06,966.0,2993.0
14754,1.2594626659936535e-06,979.0,2996.0
14755,1.2626463431068831e-06,963.0,2999.0
14756,1.2620096076842372e-06,1025.0,3004.0
14757,1.2626463431068831e-06,1081.0,3006.0
14758,1.2626463431068831e-06,1022.0,3003.0
14759,1.2651932847974669e-06,980.0,3017.0
14760,1.2804749349409693e-06,962.0,3062.0
14761,1.3148586477638496e-06,1036.0,3113.0
14762,1.3237729436808927e-06,1087.0,3130.0
14763,1.3403280646696868e-06,1109.0,3150.0
14764,1.3435117417829164e-06,1049.0,3156.0
14765,1.3447852126282083e-06,1152.0,3153.0
14766,1.3447852126282083e-06,1071.0,3148.0
14767,1.3810791317190264e-06,1054.0,3184.0
14768,1.3880832213681316e-06,1094.0,3197.0
14769,1.395087311017237e-06,1064.0,3205.0
14770,1.4065485486248638e-06,1073.0,3217.0
14771,1.413552638273969e-06,1091.0,3218.0
14772,1.4326547009533469e-06,1152.0,3250.0
14773,1.4422057322930359e-06,1152.0,3260.0
14774,1.4492098219421412e-06,1125.0,3267.0
14775,1.460034324127122e-06,1116.0,3279.0
14776,1.4753159742706245e-06,1164.0,3307.0
14777,1.4937813015273564e-06,1241.0,3333.0
14778,1.4988751849085239e-06,1175.0,3333.0
14779,1.517977247587902e-06,1217.0,3353.0
14780,1.53389563315405e-06,1185.0,3392.0
14781,1.554907902101366e-06,1228.0,3446.0
14782,1.5625487271731171e-06,1232.0,3466.0
14783,1.581014054429849e-06,1284.0,3478.0
14784,1.591201821192184e-06,1225.0,3498.0
14785,1.6077569421809783e-06,1182.0,3542.0
14786,1.6332263590868155e-06,1283.0,3577.0
14787,1.6402304487359208e-06,1300.0,3601.0
14788,1.6593325114152988e-06,1312.0,3627.0
14789,1.6784345740946766e-06,1383.0,3658.0
14790,1.6918060179702413e-06,1274.0,3692.0
14791,1.6988101076193465e-06,1311.0,3716.0
14792,1.7242795245251837e-06,1362.0,3781.0
14793,1.750385676853667e-06,1370.0,3811.0
14794,1.7745816229142124e-06,1372.0,3846.0
14795,1.777128564604796e-06,1406.0,3852.0
14796,1.8217000441900113e-06,1466.0,3918.0
14797,1.83443475264293e-06,1408.0,3951.0
14798,1.845259254827911e-06,1389.0,3968.0
14799,1.854173550744954e-06,1457.0,3993.0
14800,1.8974715594848773e-06,1481.0,4070.0
14801,1.9356756848436332e-06,1490.0,4133.0
14802,1.9433165099153844e-06,1502.0,4152.0
14803,1.9579614246362407e-06,1470.0,4211.0
14804,2.019724760632896e-06,1610.0,4272.0
14805,2.0286390565499393e-06,1575.0,4289.0
14806,2.0566554151463604e-06,1563.0,4340.0
14807,2.0821248320521974e-06,1619.0,4374.0
14808,2.019724760632896e-06,1527.0,4382.0
14809,1.787953066789777e-06,1366.0,3969.0
14810,1.497601714063232e-06,1160.0,3212.0
14811,1.4288342884174713e-06,1131.0,2898.0
14812,1.393813840171945e-06,1116.0,2668.0
14813,1.3409648000923327e-06,1041.0,2305.0
14814,1.3651607461528782e-06,1087.0,2322.0
14815,1.3562464502358351e-06,1060.0,2251.0
14816,1.367707687843462e-06,1098.0,2242.0
14817,1.3702546295340457e-06,1107.0,2251.0
14818,1.3912668984813613e-06,1057.0,2285.0
14819,1.40400160693428e-06,1101.0,2287.0
14820,1.4256506113042418e-06,1134.0,2334.0
14821,1.451756763632725e-06,1127.0,2376.0
14822,1.4562139115912465e-06,1202.0,2389.0
14823,1.4689486200441651e-06,1210.0,2399.0
14824,1.4899608889914808e-06,1225.0,2425.0
14825,1.506516009980275e-06,1197.0,2466.0
14826,1.5211609247011316e-06,1189.0,2489.0
14827,1.5288017497728826e-06,1232.0,2523.0
14828,1.563185462595763e-06,1242.0,2564.0
14829,1.5765569064713275e-06,1238.0,2572.0
14830,1.6090304130262702e-06,1254.0,2621.0
14831,1.6536018926114854e-06,1334.0,2714.0
14832,1.667610071909696e-06,1287.0,2752.0
14833,1.68416519289849e-06,1345.0,2811.0
14834,1.6898958117023035e-06,1240.0,2837.0
14835,1.730646878751643e-06,1365.0,2928.0
14836,1.7726714166462746e-06,1426.0,3013.0
14837,1.8025979815106335e-06,1471.0,3081.0
14838,1.8688184654658103e-06,1471.0,3179.0
14839,1.8898307344131261e-06,1467.0,3209.0
14840,1.9153001513189633e-06,1528.0,3229.0
14841,1.922304240968069e-06,1489.0,3254.0
14842,1.98470431238737e-06,1588.0,3394.0
14843,2.0076267876026236e-06,1611.0,3433.0
14844,2.0082635230252694e-06,1566.0,3451.0
14845,2.0273655857046474e-06,1582.0,3496.0
14846,2.0929493342371785e-06,1625.0,3577.0
14847,2.160443289037647e-06,1713.0,3648.0
14848,2.2062882394681544e-06,1718.0,3730.0
14849,2.234304598064575e-06,1753.0,3757.0
14850,2.276329135959207e-06,1728.0,3831.0
14851,2.28524343187625e-06,1721.0,3837.0
14852,2.3081659070915036e-06,1891.0,3908.0
14853,2.3183536738538385e-06,1790.0,3919.0
14854,2.349553709563489e-06,1744.0,3996.0
14855,2.394125189148704e-06,1952.0,4102.0
14856,2.413227251828082e-06,1974.0,4149.0
14857,2.4482477000736084e-06,2000.0,4195.0
14858,2.518925331987307e-06,2013.0,4303.0
14859,2.54503148431579e-06,2031.0,4365.0
14860,2.5978805243954024e-06,2122.0,4451.0
14861,2.64054179771268e-06,2058.0,4523.0
14862,2.6730153042676223e-06,2079.0,4596.0
14863,2.694664308637584e-06,2068.0,4596.0
14864,2.713766371316962e-06,2181.0,4608.0
14865,2.7933582991477037e-06,2305.0,4753.0
14866,2.8321991599291056e-06,2190.0,4806.0
14867,2.8430236621140862e-06,2169.0,4823.0
14868,2.8799543166275504e-06,2250.0,4909.0
14869,2.904150262688096e-06,2216.0,5008.0
14870,2.9251625316354116e-06,2171.0,5042.0
14871,2.9347135629751004e-06,2356.0,5040.0
14872,2.9729176883338565e-06,2342.0,5108.0
14873,3.114272952161253e-06,2508.0,5404.0
14874,3.156297490055885e-06,2428.0,5480.0
14875,3.1919546737240572e-06,2567.0,5535.0
14876,3.219334296897832e-06,2563.0,5611.0
14877,3.2339792116186885e-06,2555.0,5694.0
14878,3.249260861762191e-06,2569.0,5724.0
14879,3.2600853639471716e-06,2630.0,5761.0
14880,3.258175157679234e-06,2544.0,5763.0
14881,3.275367014090674e-06,2582.0,5806.0
14882,3.3084772560682626e-06,2603.0,5850.0
14883,3.3651467086837506e-06,2607.0,5924.0
14884,3.4199059550313006e-06,2721.0,6037.0
14885,3.4370978114427406e-06,2728.0,6071.0
14886,3.4784856139147266e-06,2704.0,6234.0
14887,3.4606570220806404e-06,2733.0,6245.0
14888,3.526877506035817e-06,2681.0,6462.0
14889,3.579089810692784e-06,2859.0,6561.0
14890,3.5981918733721615e-06,2807.0,6590.0
14891,3.6274817028138745e-06,2916.0,6663.0
14892,3.612200052670372e-06,2840.0,6658.0
14893,3.6542245905650037e-06,2830.0,6741.0
14894,3.6841511554293625e-06,2845.0,6776.0
14895,3.657408267678233e-06,2923.0,6766.0
14896,3.772657379177147e-06,2942.0,6968.0
14897,3.7955798543924004e-06,2977.0,7012.0
14898,3.7955798543924004e-06,2870.0,7041.0
14899,3.808314562845319e-06,2997.0,7058.0
14900,3.872624840532559e-06,3016.0,7180.0
14901,3.896820786593104e-06,3061.0,7242.0
14902,3.912739172159252e-06,3019.0,7324.0
14903,3.942665737023611e-06,3040.0,7466.0
14904,3.923563674344233e-06,3085.0,7500.0
14905,3.8611636029249315e-06,3140.0,7631.0
14906,4.007612750133496e-06,3110.0,7680.0
14907,4.032445431616687e-06,3064.0,7721.0
14908,4.063645467326338e-06,3310.0,7789.0
14909,4.054731171409295e-06,3219.0,7812.0
14910,4.0852944716963e-06,3255.0,7926.0
14911,4.117767978251242e-06,3150.0,8024.0
14912,4.104396534375677e-06,3232.0,7993.0
14913,4.156608839032644e-06,3186.0,8128.0
14914,4.196723170659338e-06,3286.0,8212.0
14915,4.208821143689611e-06,3307.0,8256.0
14916,4.240657914821907e-06,3358.0,8333.0
14917,4.293506954901519e-06,3306.0,8411.0
14918,4.309425340467668e-06,3305.0,8497.0
14919,4.290323277788289e-06,3450.0,8454.0
14920,4.336804963641443e-06,3293.0,8514.0
14921,4.380739707804012e-06,3438.0,8654.0
14922,4.423400981121289e-06,3377.0,8777.0
14923,4.465425519015921e-06,3545.0,8870.0
14924,4.4698826669744426e-06,3483.0,8842.0
14925,4.4864377879632364e-06,3476.0,8899.0
14926,4.488347994231175e-06,3535.0,8907.0
14927,4.527825590435222e-06,3568.0,8999.0
14928,4.622699168409466e-06,3594.0,9178.0
14929,4.637344083130322e-06,3631.0,9273.0
14930,4.719482952651648e-06,3665.0,9421.0
14931,4.725213571455461e-06,3734.0,9447.0
14932,4.7685115801953845e-06,3642.0,9545.0
14933,4.771695257308614e-06,3736.0,9579.0
14934,4.7997116159050355e-06,3725.0,9639.0
14935,4.821997355697643e-06,3774.0,9659.0
14936,4.874209660354609e-06,3794.0,9698.0
14937,4.9226015524757e-06,3896.0,9877.0
14938,4.911777050290719e-06,3850.0,9892.0
14939,4.8856708979622365e-06,3800.0,9836.0
14940,4.946797498536245e-06,3889.0,10038.0
14941,4.952528117340059e-06,3851.0,10045.0
14942,5.020658807563174e-06,4015.0,10211.0
14943,4.99455265523469e-06,3906.0,10124.0
14944,5.018748601295236e-06,3869.0,10257.0
14945,5.102160941661853e-06,3881.0,10366.0
14946,5.123809946031815e-06,4101.0,10471.0
14947,5.135907919062087e-06,3923.0,10484.0
14948,5.140365067020609e-06,3964.0,10492.0
14949,5.078601731023954e-06,3977.0,10401.0
14950,5.0881527623636425e-06,4021.0,10413.0
14951,5.05249557869547e-06,3918.0,10337.0
14952,5.023842484676404e-06,3991.0,10300.0
14953,5.015564924182006e-06,3905.0,10244.0
14954,5.013654717914069e-06,4005.0,10264.0
14955,5.077328260178661e-06,4015.0,10412.0
14956,5.009834305378193e-06,3962.0,10305.0
14957,5.0467649598916565e-06,3882.0,10462.0
14958,5.062046610035159e-06,3942.0,10523.0
14959,5.037850663974614e-06,3906.0,10452.0
14960,5.082422143559829e-06,4041.0,10499.0
14961,5.05249557869547e-06,3927.0,10454.0
14962,5.15118956920559e-06,4029.0,10724.0
14963,5.2256876136551635e-06,4261.0,10976.0
14964,5.1091650313109585e-06,3978.0,10671.0
14965,5.112985443846834e-06,4048.0,10661.0
14966,5.120626268918585e-06,4002.0,10618.0
14967,5.1123487084241876e-06,4137.0,10609.0
14968,5.128267093990336e-06,4023.0,10619.0
14969,5.1397283315979626e-06,4071.0,10599.0
14970,5.17156510273026e-06,4162.0,10607.0
14971,5.1887569591417e-06,4132.0,10632.0
14972,5.286177478806527e-06,4079.0,10893.0
14973,5.399516384037503e-06,4263.0,11189.0
14974,5.361312258678747e-06,4246.0,11221.0
14975,5.3154673082482405e-06,4106.0,11132.0
14976,5.344120402267307e-06,4246.0,11248.0
14977,5.312920366557657e-06,4248.0,11113.0
14978,5.396332706924273e-06,4282.0,11269.0
14979,5.3702265545957905e-06,4279.0,11251.0
14980,5.375957173399603e-06,4218.0,11237.0
14981,5.416071505026298e-06,4334.0,11302.0
14982,5.378504115090187e-06,4181.0,11183.0
14983,5.435810303128322e-06,4297.0,11300.0
14984,5.444724599045364e-06,4399.0,11332.0
14985,5.474014428487077e-06,4234.0,11424.0
14986,5.456822572075637e-06,4281.0,11429.0
14987,5.347940814803183e-06,4159.0,11204.0
14988,5.333295900082326e-06,4138.0,11130.0
14989,5.3326591646596806e-06,4172.0,11131.0
14990,5.3734102317090196e-06,4115.0,11292.0
14991,5.347304079380537e-06,4218.0,11208.0
14992,5.351124491916412e-06,4028.0,11177.0
14993,5.361312258678747e-06,4351.0,11202.0
14994,5.354308169029642e-06,4181.0,11226.0
14995,5.438357244818905e-06,4234.0,11442.0
14996,5.442814392777427e-06,4190.0,11461.0
14997,5.441540921932134e-06,4326.0,11472.0
14998,5.451728688694469e-06,4345.0,11510.0
14999,5.432626626015092e-06,4175.0,11471.0
15000,5.428806213479216e-06,4316.0,11462.0
15001,5.415434769603652e-06,4276.0,11444.0
15002,5.3937857652336895e-06,4284.0,11433.0
15003,5.413524563335714e-06,4197.0,11475.0
15004,5.394422500656336e-06,4228.0,11406.0
15005,5.400789854882795e-06,4206.0,11431.0
15006,5.493116491166455e-06,4185.0,11672.0
15007,5.488022607785288e-06,4296.0,11671.0
15008,5.44536133446801e-06,4286.0,11624.0
15009,5.454912365807699e-06,4293.0,11630.0
15010,5.467010338837972e-06,4316.0,11692.0
15011,5.444087863622718e-06,4260.0,11683.0
15012,5.379140850512833e-06,4170.0,11535.0
15013,5.3320224292370344e-06,4341.0,11443.0
15014,5.309099954021781e-06,4134.0,11373.0
15015,5.341573460576723e-06,4312.0,11505.0
15016,5.3702265545957905e-06,4181.0,11630.0
15017,5.3562183752975795e-06,4221.0,11665.0
15018,5.297001980991508e-06,4153.0,11535.0
15019,5.195124313368159e-06,3919.0,11335.0
15020,5.151826304628236e-06,4128.0,11217.0
15021,5.0951568520127475e-06,4100.0,11188.0
15022,5.123809946031815e-06,3943.0,11280.0
15023,5.103434412507145e-06,4018.0,11221.0
15024,5.13399771279415e-06,3932.0,11306.0
15025,5.112985443846834e-06,4015.0,11290.0
15026,5.1155323855374175e-06,3916.0,11332.0
15027,5.027026161789633e-06,3959.0,11297.0
15028,4.941066879732432e-06,3966.0,11133.0
15029,4.908593373177489e-06,3877.0,11084.0
15030,4.918144404517179e-06,3849.0,11101.0
15031,4.872936189509318e-06,3798.0,10984.0
15032,4.817540207739122e-06,3831.0,10937.0
15033,4.777425876112428e-06,3871.0,10880.0
15034,4.770421786463322e-06,3740.0,10886.0
15035,4.744952369557485e-06,3747.0,10756.0
15036,4.635433876862385e-06,3712.0,10574.0
15037,4.6653604417267435e-06,3589.0,10596.0
15038,4.695287006591102e-06,3776.0,10721.0
15039,4.688282916941997e-06,3759.0,10722.0
15040,4.727123777723399e-06,3713.0,10846.0
15041,4.729670719413983e-06,3641.0,10873.0
15042,4.784429965761533e-06,3750.0,11086.0
15043,4.801621822172973e-06,3811.0,11173.0
15044,4.811172853512662e-06,3707.0,11239.0
15045,4.811172853512662e-06,3721.0,11259.0
15046,4.746225840402777e-06,3731.0,11104.0
15047,4.826454503656164e-06,3835.0,11461.0
15048,4.8340953287279156e-06,3744.0,11512.0
15049,4.832821857882624e-06,3722.0,11572.0
15050,4.846193301758188e-06,3734.0,11610.0
15051,4.799074880482389e-06,3733.0,11540.0
15052,4.809262647244724e-06,3809.0,11570.0
15053,4.714389069270481e-06,3685.0,11306.0
15054,4.66281350003616e-06,3715.0,11165.0
15055,4.6755482084890784e-06,3756.0,11223.0
15056,4.6755482084890784e-06,3668.0,11249.0
15057,4.678095150179662e-06,3746.0,11301.0
15058,4.690193123209935e-06,3695.0,11311.0
15059,4.693376800323165e-06,3747.0,11519.0
15060,4.751956459206591e-06,3871.0,11758.0
15061,4.727123777723399e-06,3757.0,11848.0
15062,4.716936010961064e-06,3716.0,11809.0
15063,4.66599717714939e-06,3605.0,11760.0
15064,4.555205213608997e-06,3590.0,11503.0
15065,4.55329500734106e-06,3637.0,11471.0
15066,4.548201123959892e-06,3549.0,11494.0
15067,4.531646002971098e-06,3593.0,11442.0
15068,4.556478684454289e-06,3577.0,11583.0
15069,4.489621465076466e-06,3511.0,11471.0
15070,4.4864377879632364e-06,3550.0,11512.0
15071,4.446323456336543e-06,3447.0,11480.0
15072,4.41703362689483e-06,3494.0,11431.0
15073,4.501719438106739e-06,3567.0,11669.0
15074,4.450780604295065e-06,3516.0,11566.0
15075,4.483254110850007e-06,3521.0,11797.0
15076,4.4488703980271265e-06,3428.0,11765.0
15077,4.499172496416155e-06,3499.0,12033.0
15078,4.4972622901482176e-06,3609.0,12033.0
15079,4.484527581695299e-06,3556.0,12059.0
15080,4.502356173529385e-06,3570.0,12127.0
15081,4.482617375427361e-06,3608.0,12106.0
15082,4.504903115219969e-06,3588.0,12300.0
15083,4.485164317117945e-06,3551.0,12292.0
15084,4.50617658606526e-06,3579.0,12498.0
15085,4.489621465076466e-06,3523.0,12414.0
15086,4.398568299638098e-06,3502.0,12231.0
15087,4.371825411886969e-06,3262.0,12103.0
15088,4.35909070343405e-06,3401.0,12133.0
15089,4.4144866852042465e-06,3457.0,12414.0
15090,4.423400981121289e-06,3504.0,12517.0
15091,4.456511223098878e-06,3480.0,12689.0
15092,4.487074523385883e-06,3567.0,12792.0
15093,4.499172496416155e-06,3553.0,12865.0
15094,4.482617375427361e-06,3479.0,12902.0
15095,4.459694900212108e-06,3470.0,12914.0
15096,4.426584658234519e-06,3449.0,12864.0
15097,4.329164138569692e-06,3527.0,12594.0
15098,4.30751513419973e-06,3307.0,12503.0
15099,4.3011477799732705e-06,3332.0,12454.0
15100,4.310062075890313e-06,3336.0,12499.0
15101,4.3629111159699255e-06,3511.0,12645.0
15102,4.346355994981132e-06,3351.0,12627.0
15103,4.3730988827322605e-06,3317.0,12816.0
15104,4.401751976751328e-06,3402.0,12858.0
15105,4.389017268298409e-06,3453.0,12853.0
15106,4.384560120339888e-06,3423.0,12825.0
15107,4.382013178649304e-06,3449.0,12973.0
15108,4.374372353577553e-06,3454.0,13021.0
15109,4.392837680834285e-06,3555.0,13119.0
15110,4.409392801823079e-06,3444.0,13198.0
15111,4.457147958521524e-06,3581.0,13360.0
15112,4.458421429366815e-06,3424.0,13325.0
15113,4.445049985491251e-06,3480.0,13270.0
15114,4.466698989861213e-06,3657.0,13465.0
15115,4.419580568585414e-06,3504.0,13353.0
15116,4.464788783593275e-06,3548.0,13619.0
15117,4.473703079510318e-06,3411.0,13665.0
15118,4.470519402397089e-06,3555.0,13672.0
15119,4.540560298888141e-06,3578.0,13947.0
15120,4.602960370307442e-06,3587.0,14285.0
15121,4.625882845522696e-06,3611.0,14441.0
15122,4.611874666224485e-06,3678.0,14420.0
15123,4.644348172779428e-06,3552.0,14611.0
15124,4.65962982292293e-06,3702.0,14652.0
15125,4.73794827990838e-06,3728.0,14943.0
15126,4.7958912033691595e-06,3721.0,15203.0
15127,4.836005534995853e-06,3857.0,15351.0
15128,4.778062611535073e-06,3742.0,15228.0
15129,4.765327903082155e-06,3739.0,15201.0
15130,4.764054432236863e-06,3784.0,15241.0
15131,4.758960548855696e-06,3751.0,15293.0
15132,4.753229930051882e-06,3732.0,15324.0
15133,4.72075642349694e-06,3716.0,15220.0
15134,4.741768692444256e-06,3822.0,15227.0
15135,4.799074880482389e-06,3783.0,15479.0
15136,4.814993266048538e-06,3843.0,15626.0
15137,4.829638180769394e-06,3769.0,15686.0
15138,4.762780961391571e-06,3741.0,15374.0
15139,4.704201302508146e-06,3715.0,15165.0
15140,4.729670719413983e-06,3756.0,15287.0
15141,4.710568656734605e-06,3696.0,15255.0
15142,4.756413607165112e-06,3657.0,15599.0
15143,4.834732064150562e-06,3820.0,16024.0
15144,4.857654539365815e-06,3761.0,16079.0
15145,4.836005534995853e-06,3751.0,16067.0
15146,4.814993266048538e-06,3610.0,16009.0
15147,4.825817768233518e-06,3839.0,16052.0
15148,4.825817768233518e-06,3804.0,16226.0
15149,4.793980997101222e-06,3707.0,16138.0
15150,4.771058521885968e-06,3708.0,15965.0
15151,4.70038088997227e-06,3667.0,15728.0
15152,4.811809588935308e-06,3782.0,16132.0
15153,4.955075059030643e-06,3919.0,17015.0
15154,4.900315812683093e-06,3905.0,16841.0
15155,4.946160763113599e-06,3879.0,17147.0
15156,4.927058700434222e-06,3841.0,17089.0
15157,4.928332171279514e-06,3913.0,17065.0
15158,4.911777050290719e-06,3864.0,17116.0
15159,4.9162341982492405e-06,3817.0,17154.0
15160,4.927058700434222e-06,3796.0,17303.0
15161,4.910503579445428e-06,3757.0,17240.0
15162,4.913687256558657e-06,3864.0,17254.0
15163,4.982454682204418e-06,3928.0,17649.0
15164,4.9028627543736765e-06,3900.0,17504.0
15165,4.8926749876113416e-06,3882.0,17524.0
15166,4.879940279158423e-06,3922.0,17484.0
15167,4.890764781343403e-06,3828.0,17484.0
15168,4.855744333097877e-06,3809.0,17276.0
15169,4.886944368807528e-06,3906.0,17398.0
15170,4.958258736143873e-06,3934.0,17728.0
15171,4.9646260903703316e-06,3867.0,17833.0
15172,4.981817946781772e-06,3981.0,17938.0
15173,4.966536296638269e-06,4028.0,18003.0
15174,4.988185301008231e-06,3912.0,18085.0
15175,4.99773633234792e-06,4023.0,18109.0
15176,5.011107776223485e-06,3881.0,18249.0
15177,5.051858843272824e-06,4015.0,18405.0
15178,5.080511937291891e-06,3927.0,18637.0
15179,5.108528295888312e-06,4006.0,18927.0
15180,5.032756780593446e-06,3976.0,18654.0
15181,5.0333935160160925e-06,3946.0,18588.0
15182,5.037213928551968e-06,3861.0,18565.0
15183,5.077328260178661e-06,4021.0,18789.0
15184,5.093883381167456e-06,4086.0,18899.0
15185,5.092609910322164e-06,4039.0,18897.0
15186,5.219320259428705e-06,4112.0,19439.0
15187,5.240969263798666e-06,4045.0,19696.0
15188,5.2944550393009245e-06,4095.0,19845.0
15189,5.302095864372676e-06,4141.0,20024.0
15190,5.349851021071121e-06,4199.0,20258.0
15191,5.326928545855867e-06,4069.0,20241.0
15192,5.2772631828894845e-06,4123.0,20063.0
15193,5.298912187259446e-06,4196.0,20060.0
15194,5.327565281278513e-06,4188.0,20112.0
15195,5.311010160289718e-06,4137.0,20076.0
15196,5.384234733894001e-06,4324.0,20387.0
15197,5.354944904452288e-06,4180.0,20306.0
15198,5.382961263048709e-06,4208.0,20517.0
15199,5.458096042920929e-06,4142.0,20742.0
15200,5.48292872440412e-06,4377.0,20886.0
15201,5.465100132570034e-06,4310.0,20883.0
15202,5.411614357067776e-06,4351.0,20720.0
15203,5.382324527626063e-06,4294.0,20693.0
15204,5.356855110720226e-06,4126.0,20614.0
15205,5.364495935791977e-06,4195.0,20626.0
15206,5.352397962761704e-06,4226.0,20569.0
15207,5.360675523256102e-06,4190.0,20704.0
15208,5.355581639874934e-06,4175.0,20774.0
15209,5.348577550225828e-06,4149.0,20744.0
15210,5.261981532745982e-06,3948.0,20419.0
15211,5.224414142809872e-06,4067.0,20190.0
15212,5.2568876493648145e-06,4208.0,20336.0
15213,5.265165209859212e-06,4043.0,20358.0
15214,5.267712151549796e-06,4183.0,20241.0
15215,5.268985622395087e-06,4075.0,20271.0
15216,5.27789991831213e-06,4222.0,20349.0
15217,5.286814214229173e-06,4080.0,20343.0
15218,5.252430501406293e-06,4176.0,20215.0
15219,5.302732599795322e-06,4154.0,20363.0
15220,5.27789991831213e-06,4155.0,20319.0
15221,5.3320224292370344e-06,4230.0,20404.0
15222,5.371500025441082e-06,4321.0,20442.0
15223,5.4186184467168816e-06,4383.0,20702.0
15224,5.426896007211278e-06,4241.0,20702.0
15225,5.421802123830111e-06,4401.0,20582.0
15226,5.360675523256102e-06,4202.0,20303.0
15227,5.424349065520694e-06,4244.0,20508.0
15228,5.4319898905924456e-06,4223.0,20480.0
15229,5.46255319087945e-06,4293.0,20538.0
15230,5.493116491166455e-06,4468.0,20654.0
15231,5.561883916812216e-06,4344.0,20930.0
15232,5.605181925552139e-06,4301.0,21155.0
15233,5.57525536068778e-06,4379.0,20933.0
15234,5.517312437227e-06,4397.0,20626.0
15235,5.554243091740465e-06,4359.0,20759.0
15236,5.5644308585028e-06,4437.0,20780.0
15237,5.579075773223656e-06,4391.0,20775.0
15238,5.577802302378364e-06,4252.0,20896.0
15239,5.591173746253929e-06,4285.0,20829.0
15240,5.61600642773712e-06,4487.0,20932.0
15241,5.597541100480388e-06,4398.0,20833.0
15242,5.7274351267001584e-06,4484.0,21302.0
15243,5.611549279778599e-06,4348.0,20871.0
15244,5.5071246704646654e-06,4333.0,20085.0
15245,5.647206463446771e-06,4410.0,20573.0
15246,5.6274676653447465e-06,4444.0,20412.0
15247,5.671402409507316e-06,4401.0,20548.0
15248,5.707696328598135e-06,4555.0,20604.0
15249,5.749720866492766e-06,4468.0,20668.0
15250,5.7828311084703545e-06,4618.0,20777.0
15251,5.752904543605996e-06,4635.0,20624.0
15252,5.818488292138526e-06,4376.0,20819.0
15253,5.852872004961407e-06,4491.0,20964.0
15254,5.871337332218138e-06,4522.0,21034.0
15255,5.8649699779916795e-06,4641.0,20988.0
15256,5.959206820543277e-06,4679.0,21245.0
15257,5.999957887592617e-06,4669.0,21379.0
15258,5.977035412377363e-06,4675.0,21302.0
15259,6.02924771703433e-06,4739.0,21456.0
15260,5.9955007396340955e-06,4816.0,21378.0
15261,6.0502599859816455e-06,4650.0,21529.0
15262,6.020970156539933e-06,4842.0,21361.0
15263,6.0165130085814115e-06,4675.0,21394.0
15264,6.0267007753437465e-06,4750.0,21281.0
15265,6.015239537736119e-06,4725.0,21349.0
15266,5.963663968501799e-06,4609.0,21098.0
15267,5.9993211521699715e-06,4576.0,21052.0
15268,5.9955007396340955e-06,4685.0,20961.0
15269,5.996774210479388e-06,4708.0,20861.0
15270,5.949655789203588e-06,4562.0,20510.0
15271,5.968757851882967e-06,4613.0,20529.0
15272,5.980855824913239e-06,4731.0,20565.0
15273,6.0610844881666266e-06,4753.0,20750.0
15274,6.020970156539933e-06,4827.0,20503.0
15275,6.065541636125148e-06,4872.0,20661.0
15276,6.0712722549289615e-06,4667.0,20739.0
15277,5.970031322728258e-06,4718.0,20207.0
15278,5.95411293716211e-06,4638.0,19979.0
15279,5.900627161659852e-06,4648.0,19839.0
15280,5.968757851882967e-06,4622.0,20011.0
15281,6.009508918932306e-06,4819.0,20077.0
15282,6.013966066890828e-06,4674.0,20078.0
15283,6.0228803628078705e-06,4687.0,20077.0
15284,6.00887218350966e-06,4810.0,20102.0
15285,5.9955007396340955e-06,4665.0,19969.0
15286,6.0368885421060815e-06,4714.0,20239.0
15287,6.0228803628078705e-06,4742.0,20200.0
15288,6.045802838023124e-06,4748.0,20252.0
15289,5.99168032709822e-06,4594.0,19752.0
15290,5.920365959761876e-06,4570.0,19436.0
15291,5.948382318358297e-06,4666.0,19419.0
15292,6.049623250559e-06,4662.0,19738.0
15293,6.061721223589273e-06,4762.0,19760.0
15294,6.071908990351608e-06,4862.0,19763.0
15295,6.083370227959234e-06,4774.0,19769.0
15296,6.084643698804526e-06,4776.0,19649.0
15297,6.102472290638612e-06,4820.0,19726.0
15298,6.097378407257445e-06,4752.0,19683.0
15299,6.097378407257445e-06,4642.0,19623.0
15300,6.1056559677518416e-06,4958.0,19665.0
15301,6.166145832903205e-06,4820.0,19791.0
15302,6.148953976491765e-06,4809.0,19743.0
15303,6.10438249690655e-06,4886.0,19503.0
15304,6.215174460446942e-06,4714.0,19863.0
15305,6.224725491786631e-06,4855.0,19823.0
15306,6.2018030165713775e-06,4989.0,19688.0
15307,6.176970335088186e-06,4772.0,19506.0
15308,6.178880541356124e-06,4872.0,19561.0
15309,6.225998962631923e-06,4959.0,19666.0
15310,6.172513187129665e-06,4856.0,19523.0
15311,6.197345868612856e-06,4844.0,19563.0
15312,6.171876451707019e-06,4717.0,19463.0
15313,6.17951727677877e-06,4984.0,19446.0
15314,6.1979826040355015e-06,4827.0,19390.0
15315,6.2018030165713775e-06,4895.0,19463.0
15316,6.175060128820249e-06,4904.0,19499.0
15317,6.33297051363644e-06,4904.0,19948.0
15318,6.269933706794492e-06,4992.0,19633.0
15319,6.320872540606167e-06,4976.0,19839.0
15320,6.336790926172315e-06,4925.0,19848.0
15321,6.313868450957061e-06,4999.0,19717.0
15322,6.23109284601309e-06,4934.0,19284.0
15323,6.216447931292234e-06,4903.0,19186.0
15324,6.258472469186865e-06,4888.0,19331.0
15325,6.212627518756359e-06,4917.0,19192.0
15326,6.034978335838143e-06,4631.0,18627.0
15327,6.210080577065775e-06,4906.0,19062.0
15328,6.298586800813559e-06,5000.0,19334.0
15329,6.324056217719396e-06,4979.0,19290.0
15330,6.3361541907496695e-06,4847.0,19248.0
15331,6.371811374417841e-06,4945.0,19359.0
15332,6.402374674704846e-06,4933.0,19407.0
15333,6.305590890462665e-06,4908.0,18971.0
15334,6.313868450957061e-06,4915.0,18884.0
15335,6.348252163779942e-06,5011.0,18968.0
15336,6.2775745318662435e-06,4888.0,18617.0
15337,6.275664325598306e-06,4968.0,18537.0
15338,6.308137832153248e-06,4922.0,18425.0
15339,6.292856182009746e-06,4984.0,18437.0
15340,6.255288792073636e-06,4942.0,18298.0
15341,6.187794837273167e-06,4913.0,17979.0
15342,6.219631608405464e-06,4879.0,18002.0
15343,6.2673867651039086e-06,4832.0,18098.0
15344,6.238733671084841e-06,4838.0,17962.0
15345,6.1706029808617265e-06,4838.0,17590.0
15346,6.276301061020951e-06,4973.0,17790.0
15347,6.307501096730602e-06,4952.0,17920.0
15348,6.247647967001885e-06,4785.0,17706.0
15349,6.3533460471611096e-06,4945.0,17892.0
15350,6.369264432727257e-06,5069.0,17993.0
15351,6.447582889712707e-06,5045.0,18133.0
15352,6.345068486666712e-06,4928.0,17792.0
15353,6.379452199489592e-06,4946.0,17900.0
15354,6.371174638995196e-06,4924.0,17724.0
15355,6.355892988851693e-06,5095.0,17650.0
15356,6.460954333588272e-06,5178.0,17846.0
15357,6.656432108340573e-06,5099.0,18438.0
15358,6.693362762854037e-06,5251.0,18630.0
15359,6.682538260669056e-06,5172.0,18533.0
15360,6.853820089360812e-06,5396.0,19010.0
15361,6.996448824033501e-06,5452.0,19534.0
15362,7.051208070381051e-06,5480.0,19569.0
15363,7.042293774464008e-06,5510.0,19549.0
15364,7.001542707414668e-06,5485.0,19436.0
15365,6.9716161425503095e-06,5478.0,19333.0
15366,6.903485452327195e-06,5368.0,18915.0
15367,6.927044662965094e-06,5404.0,18813.0
15368,6.9302283400783235e-06,5465.0,18809.0
15369,7.032742743124318e-06,5521.0,18952.0
15370,7.154359208849692e-06,5717.0,19358.0
15371,7.139714294128835e-06,5656.0,19352.0
15372,7.087501989471869e-06,5495.0,19117.0
15373,7.080497899822763e-06,5539.0,19036.0
15374,7.151175531736462e-06,5549.0,19173.0
15375,7.219306221959577e-06,5706.0,19369.0
15376,7.227583782453974e-06,5698.0,19357.0
15377,7.221216428227514e-06,5673.0,19143.0
15378,7.165820446457318e-06,5701.0,18863.0
15379,7.195747011321678e-06,5711.0,18872.0
15380,7.2568736118956865e-06,5585.0,19001.0
15381,7.31736347704705e-06,5716.0,19183.0
15382,7.430702382278026e-06,5738.0,19458.0
15383,7.4147839967118775e-06,5898.0,19243.0
15384,7.45362485749328e-06,5768.0,19307.0
15385,7.444073826153591e-06,5881.0,19247.0
15386,7.479731009821763e-06,5793.0,19293.0
15387,7.524302489406978e-06,5986.0,19362.0
15388,7.510294310108767e-06,5765.0,19262.0
15389,7.452351386647988e-06,5903.0,18930.0
15390,7.502653485037017e-06,5950.0,18915.0
15391,7.686033286759044e-06,6149.0,19191.0
15392,7.881511061511345e-06,6107.0,19769.0
15393,7.930539689055083e-06,6216.0,19903.0
15394,7.910164155530413e-06,6250.0,19853.0
15395,7.807013017061772e-06,6169.0,19442.0
15396,7.931813159900374e-06,6140.0,19680.0
15397,7.987845877093216e-06,6124.0,19864.0
15398,8.070621482037188e-06,6347.0,20025.0
15399,8.078262307108939e-06,6450.0,19927.0
15400,8.087813338448627e-06,6351.0,19937.0
15401,8.127290934652677e-06,6314.0,19977.0
15402,8.150850145290576e-06,6376.0,20021.0
15403,8.238082898193067e-06,6319.0,20292.0
15404,8.268646198480072e-06,6471.0,20290.0
15405,8.2329890148119e-06,6478.0,20098.0
15406,8.224711454317503e-06,6497.0,19948.0
15407,8.323405444827624e-06,6502.0,20079.0
15408,8.237446162770423e-06,6434.0,19714.0
15409,8.301119705035015e-06,6508.0,19787.0
15410,8.330409534476728e-06,6687.0,19824.0
15411,8.33805035954848e-06,6407.0,19832.0
15412,8.355242215959919e-06,6598.0,19863.0
15413,8.376891220329881e-06,6597.0,19779.0
15414,8.3896259287828e-06,6572.0,19692.0
15415,8.425919847873618e-06,6709.0,19492.0
15416,8.48195256506646e-06,6547.0,19521.0
15417,8.67297319186024e-06,6737.0,19778.0
15418,8.75893247391744e-06,6925.0,19910.0
15419,8.72454876109456e-06,6775.0,19737.0
15420,8.84807543308787e-06,6938.0,19852.0
15421,8.897740796054253e-06,7112.0,20036.0
15422,9.030818499387254e-06,7176.0,20137.0
15423,9.063928741364841e-06,7136.0,20175.0
15424,9.152434965112627e-06,7192.0,20354.0
15425,9.24285139512835e-06,7389.0,20509.0
15426,9.275961637105937e-06,7239.0,20437.0
15427,9.277871843373875e-06,7264.0,20419.0
15428,9.333267825144072e-06,7309.0,20469.0
15429,9.260043251539788e-06,7288.0,20350.0
15430,9.299520847743836e-06,7301.0,20348.0
15431,9.407765869593645e-06,7462.0,20425.0
15432,9.619162029912095e-06,7583.0,20684.0
15433,9.837562279879648e-06,7548.0,21186.0
15434,9.82037042346821e-06,7773.0,21074.0
15435,9.822280629736146e-06,7649.0,21010.0
15436,9.855390871713736e-06,7665.0,21000.0
15437,9.85475413629109e-06,7800.0,20930.0
15438,1.003304005463195e-05,7864.0,20899.0
15439,1.0223423946003085e-05,7998.0,21235.0
15440,1.0159113668315844e-05,8047.0,21094.0
15441,1.0189676968602849e-05,8021.0,20900.0
15442,1.018012593726316e-05,7810.0,20790.0
15443,1.0453285433578266e-05,8182.0,21094.0
15444,1.0503587531967294e-05,8408.0,21100.0
15445,1.0639848912413524e-05,8302.0,21167.0
15446,1.0719440840244265e-05,8483.0,21259.0
15447,1.077037967405594e-05,8481.0,21037.0
15448,1.1039718757835168e-05,8596.0,21012.0
15449,1.1086837179110968e-05,8916.0,20876.0
15450,1.1193171994692839e-05,8875.0,20954.0
15451,1.0991963601136724e-05,8633.0,20494.0
15452,1.0699702042142241e-05,8387.0,20372.0
15453,1.103016772649548e-05,8638.0,20399.0
15454,1.1165792371519063e-05,8897.0,20482.0
15455,1.132115581464467e-05,8939.0,20500.0
15456,1.1425580423958603e-05,8954.0,20625.0
15457,1.1635066378009115e-05,9131.0,20943.0
15458,1.1721025660066316e-05,9171.0,21018.0
15459,1.2005646393989047e-05,9582.0,21423.0
15460,1.2071230142521578e-05,9457.0,21514.0
15461,1.2045123990193095e-05,9542.0,21190.0
15462,1.2198577227050765e-05,9624.0,21022.0
15463,1.2385140705886024e-05,9590.0,21277.0
15464,1.277354931370004e-05,10130.0,22008.0
15465,1.2952471967463549e-05,10248.0,22188.0
15466,1.3098284379249467e-05,10372.0,22266.0
15467,1.3126300737845887e-05,10262.0,22179.0
15468,1.34453051845915e-05,10457.0,22569.0
15469,1.3761125954223882e-05,10913.0,23123.0
15470,1.3894203657556881e-05,10840.0,23265.0
15471,1.408395081350537e-05,11078.0,23558.0
15472,1.4226579548178058e-05,11254.0,23569.0
15473,1.425459590677448e-05,11241.0,23335.0
15474,1.4614988155992076e-05,11551.0,23792.0
15475,1.4777992424189436e-05,11417.0,24053.0
15476,1.5061339687266874e-05,11691.0,24494.0
15477,1.5084262162482129e-05,11809.0,24473.0
15478,1.53001154707591e-05,12025.0,24590.0
15479,1.559110355890829e-05,12340.0,24872.0
15480,1.5867446732336625e-05,12253.0,25242.0
15481,1.636919424538162e-05,12721.0,25972.0
15482,1.6285145169592355e-05,12874.0,25688.0
15483,1.6807904951584667e-05,13245.0,26166.0
15484,1.732557085019581e-05,13589.0,26845.0
15485,1.761783240919029e-05,13783.0,27135.0
15486,1.8036804317291316e-05,14086.0,27945.0
15487,1.8157784047594043e-05,14301.0,27978.0
15488,1.8343710791006654e-05,14452.0,28111.0
15489,1.8321425051214047e-05,14085.0,27920.0
15490,1.8587580457880048e-05,14501.0,28094.0
15491,1.9063858554019203e-05,14983.0,28701.0
15492,1.9528038677128086e-05,15372.0,29357.0
15493,1.9878879895005996e-05,15552.0,29893.0
15494,2.0035516808976897e-05,15774.0,29992.0
15495,2.023863540880095e-05,15957.0,30152.0
15496,2.0445574421160877e-05,15909.0,30421.0
15497,2.1012268947315754e-05,16557.0,31225.0
15498,2.1128154794237315e-05,16651.0,31494.0
15499,2.1252954937075916e-05,16426.0,31614.0
15500,2.1727959562369782e-05,16973.0,32057.0
15501,2.194763328318263e-05,16988.0,32135.0
15502,2.2766475036705297e-05,18163.0,33363.0
15503,2.3397479840547416e-05,18583.0,34210.0
15504,2.4269170634149697e-05,19250.0,35661.0
15505,2.5114755275423495e-05,19727.0,37295.0
15506,2.5752127433492073e-05,20273.0,38552.0
15507,2.5741302931307094e-05,20128.0,38530.0
15508,2.6330919932677225e-05,20549.0,39307.0
15509,2.637421794141715e-05,20662.0,39306.0
15510,2.6896340987986814e-05,21096.0,40095.0
15511,2.7063802404142694e-05,21233.0,40326.0
15512,2.732550066285017e-05,21347.0,40525.0
15513,2.738153338004301e-05,21651.0,40591.0
15514,2.7548358060776248e-05,21537.0,40658.0
15515,2.783297879469898e-05,22029.0,41034.0
15516,2.9886450532732108e-05,23264.0,44058.0
15517,3.083327610620661e-05,24206.0,45929.0
15518,3.1507578918788655e-05,24748.0,47302.0
15519,3.16565750076878e-05,24606.0,47616.0
15520,3.198322027950516e-05,25017.0,48043.0
15521,3.308222561899204e-05,25832.0,49743.0
15522,3.365719770564132e-05,26357.0,50923.0
15523,3.4286929038638144e-05,27080.0,52331.0
15524,3.451488031994539e-05,27353.0,52486.0
15525,3.480905208520781e-05,27793.0,52651.0
15526,3.5487812045748374e-05,27930.0,53493.0
15527,3.6714164469764435e-05,28845.0,55325.0
15528,3.819584779826152e-05,30193.0,58113.0
15529,3.884404445851508e-05,30459.0,59476.0
15530,3.8844681193937726e-05,30385.0,59410.0
15531,3.931650214211836e-05,31018.0,60074.0
15532,3.979851085706133e-05,31506.0,60915.0
15533,4.060780157924431e-05,31533.0,62214.0
15534,4.069376086130151e-05,31832.0,62418.0
15535,4.181568867600365e-05,32903.0,64325.0
15536,4.1888276514185284e-05,32857.0,64597.0
15537,4.3527870227498554e-05,34431.0,67002.0
15538,4.3851968557625335e-05,34338.0,67550.0
15539,4.437218139792706e-05,34990.0,68548.0
15540,4.497962699113128e-05,35196.0,69761.0
15541,4.5078957717064045e-05,35358.0,69968.0
15542,4.5713146198019397e-05,36108.0,71043.0
15543,4.75431238027038e-05,36891.0,74162.0
15544,4.8165851046051526e-05,37973.0,75221.0
15545,4.8584822954152545e-05,38227.0,75770.0
15546,4.876310887249341e-05,38206.0,76197.0
15547,4.924830126454961e-05,38590.0,76916.0
15548,4.96405302848995e-05,39070.0,77966.0
15549,5.03071922724098e-05,39330.0,78978.0
15550,5.088853171328553e-05,39941.0,80290.0
15551,5.1332336302869744e-05,40186.0,81173.0
15552,5.2083684101591946e-05,40643.0,81810.0
15553,5.4404584717136366e-05,42956.0,85437.0
15554,5.546538593126449e-05,43307.0,87842.0
15555,5.5876080278871114e-05,43833.0,88532.0
15556,5.638610535241051e-05,44365.0,89237.0
15557,5.781684984709592e-05,45099.0,92126.0
15558,5.817278494835499e-05,46005.0,92936.0
15559,5.8962973607858596e-05,46322.0,95565.0
15560,5.92278555436793e-05,46713.0,95789.0
15561,6.082351451283001e-05,47761.0,99016.0
15562,6.0999253489480285e-05,47787.0,99466.0
15563,6.113360466365858e-05,47847.0,99977.0
15564,6.340993379961778e-05,49881.0,104592.0
15565,6.387220371645873e-05,50265.0,106071.0
15566,6.617973288812759e-05,52127.0,111347.0
15567,6.710618292807742e-05,52751.0,112969.0
15568,6.776265714882538e-05,53442.0,114279.0
15569,6.902785043362284e-05,54526.0,116858.0
15570,6.997785968421058e-05,55061.0,118534.0
15571,7.078396672928032e-05,55647.0,120659.0
15572,7.137103678895986e-05,56204.0,122347.0
15573,7.159962480568976e-05,55958.0,123058.0
15574,7.277885880843002e-05,57296.0,125483.0
15575,7.402686023681605e-05,58087.0,127739.0
15576,7.523474733357539e-05,59454.0,130392.0
15577,7.612999733781557e-05,59823.0,132671.0
15578,7.727803130484618e-05,60453.0,134252.0
15579,7.883293920694755e-05,62113.0,137649.0
15580,8.238974327784772e-05,64464.0,145258.0
15581,8.243877190539147e-05,64945.0,145718.0
15582,8.551993461557512e-05,67168.0,150781.0
15583,8.615093941941724e-05,67473.0,152957.0
15584,8.732062239081782e-05,68649.0,155389.0
15585,8.803949668298508e-05,68941.0,157446.0
15586,8.8512591102011e-05,69764.0,158636.0
15587,9.33091190408028e-05,73392.0,170541.0
15588,9.381978084976484e-05,74003.0,171727.0
15589,9.56739544005098e-05,74948.0,176175.0
15590,9.752812795125475e-05,76694.0,180427.0
15591,9.919955843570032e-05,77850.0,183991.0
15592,9.965418752746952e-05,78065.0,185235.0
15593,0.00010035204955068947,78601.0,187317.0
15594,0.00010095885840847103,79021.0,188899.0
15595,0.00010162488366055868,80313.0,190012.0
15596,0.00010467675654130063,82354.0,195363.0
15597,0.00010503651205509558,82366.0,195744.0
15598,0.00010802216445188236,85103.0,203748.0
15599,0.00010866972437671327,85554.0,204864.0
15600,0.0001112860702283654,87281.0,210057.0
15601,0.00011355221159756228,89537.0,218616.0
15602,0.0001146836904436041,89943.0,222940.0
15603,0.00011580561825830624,90669.0,224870.0
15604,0.0001190033035508341,92925.0,233857.0
15605,0.00012032962343620558,94677.0,240016.0
15606,0.00012005901088158106,94778.0,242808.0
15607,0.00011631691680269092,91610.0,242095.0
15608,0.00012595836457239562,98832.0,246720.0
15609,0.0001278768484008278,100432.0,248117.0
15610,0.00012934133987291344,101468.0,250541.0
15611,0.00013141646061531654,102784.0,255572.0
15612,0.00013275869888625417,104084.0,259654.0
15613,0.00013330692808515232,104960.0,260954.0
15614,0.0001378774149489048,108485.0,272086.0
15615,0.0001391648939734949,110067.0,275925.0
15616,0.00014229890572375816,111033.0,283781.0
15617,0.00014469939826713333,112977.0,289815.0
15618,0.00014428679371325878,112959.0,288878.0
15619,0.00014686557217497478,115094.0,298009.0
15620,0.0001484211168124988,116592.0,302799.0
15621,0.00014941315060098116,117260.0,305309.0
15622,0.00015107885046662293,119020.0,308048.0
15623,0.0001531565181507166,119816.0,312572.0
15624,0.00015703360013920767,123771.0,318799.0
15625,0.0001596193826905728,124890.0,325025.0
15626,0.00016193646289358135,127265.0,332323.0
15627,0.0001635715994589361,128073.0,335991.0
15628,0.00016352448103766032,128544.0,337727.0
15629,0.00016543214036390753,129734.0,343032.0
15630,0.00016633375772237417,130821.0,344403.0
15631,0.00016868012775482442,131978.0,348054.0
15632,0.00017076416279314456,133839.0,352610.0
15633,0.00017397649300039328,136292.0,362628.0
15634,0.00017694686374703655,139525.0,369387.0
15635,0.00017840817154200897,139971.0,372857.0
15636,0.00018199299197150558,142866.0,383884.0
15637,0.00018608083338489246,145559.0,394005.0
15638,0.00018688312001742633,146944.0,396071.0
15639,0.00018899071426638437,148724.0,400781.0
15640,0.00019250167338685404,151217.0,412393.0
15641,0.00019599544065091227,154074.0,421069.0
15642,0.00019645771056775322,154109.0,421580.0
15643,0.00019747075662518288,154247.0,424907.0
15644,0.00019672195576815127,153897.0,425239.0
15645,0.00019704223368574217,155149.0,424121.0
15646,0.00020132236919676814,157231.0,435377.0
15647,0.00020580817024930872,161016.0,448640.0
15648,0.0002086301816424755,163631.0,456287.0
15649,0.00021082628211518132,165448.0,460940.0
15650,0.0002140074122867204,167404.0,469743.0
15651,0.00021935216942441034,171908.0,485078.0
15652,0.0002198895741211235,172270.0,486310.0
15653,0.0002224677158474169,174493.0,492835.0
15654,0.0002241786239280665,176250.0,497408.0
15655,0.00022391374199224578,175345.0,497779.0
15656,0.00022568195626093354,176886.0,500480.0
15657,0.00022817986932397355,179668.0,507540.0
15658,0.00023204994722281552,182606.0,521390.0
15659,0.00023646889105597828,186199.0,533611.0
15660,0.00023877578349222448,187525.0,543495.0
15661,0.0002386318812867065,187541.0,545062.0
15662,0.00023859240369050248,187376.0,545378.0
15663,0.00023828295027509655,186851.0,544030.0
15664,0.00024183848087515144,190049.0,555026.0
15665,0.00024373276875752308,191308.0,560863.0
15666,0.00024385056481071257,190986.0,560594.0
15667,0.0002436207033231374,190896.0,559757.0
15668,0.0002463573921696696,193448.0,568364.0
15669,0.0002466343720785206,193007.0,571091.0
15670,0.00024694318875850385,193544.0,570996.0
15671,0.00024433448373192346,191737.0,566411.0
15672,0.0002472704707657439,194343.0,572272.0
15673,0.000249640400008832,195154.0,583436.0
15674,0.00025126089165946594,197634.0,585249.0
15675,0.0002526846320645022,198066.0,590440.0
15676,0.0002622038266330589,204761.0,616696.0
15677,0.0002685584461510653,210518.0,641798.0
15678,0.00026478578877188816,208720.0,631987.0
15679,0.00026475522547160117,208140.0,632679.0
15680,0.0002678911474281324,210496.0,641585.0
15681,0.0002687978586699802,210421.0,645199.0
15682,0.00027062847301008723,211777.0,649525.0
15683,0.0002736905336575915,215275.0,657808.0
15684,0.0002756325766966616,215415.0,665752.0
15685,0.000276031173071238,216050.0,666257.0
15686,0.00027520405375722093,215698.0,665427.0
15687,0.0002754211805363432,215791.0,669621.0
15688,0.0002763393530157986,217115.0,672030.0
15689,0.0002790938704541649,219112.0,681945.0
15690,0.0002816732856513036,221079.0,689825.0
15691,0.0002812906076622934,220772.0,692347.0
15692,0.00027975161814575817,219785.0,686193.0
15693,0.0002794988341829677,219095.0,683882.0
15694,0.00028268887865042386,222118.0,695638.0
15695,0.0002810435543183067,219634.0,692343.0
15696,0.0002814287792490075,220867.0,694170.0
15697,0.0002801323859285004,218919.0,694913.0
15698,0.0002783297879469898,218006.0,701738.0
15699,0.0002812288443262967,219768.0,711220.0
15700,0.0002820559636403138,221156.0,715717.0
15701,0.00028142304863020375,220612.0,715895.0
15702,0.0002822724536840134,220393.0,720249.0
15703,0.00028090092558363404,220394.0,717471.0
15704,0.0002822832781861984,220880.0,724470.0
15705,0.0002778299506402127,217988.0,714782.0
15706,0.00027874493944255493,218465.0,718107.0
15707,0.0002769506190215387,218690.0,714601.0
15708,0.000276788251488764,217027.0,717096.0
15709,0.00027709197428536607,217509.0,718885.0
15710,0.00027545110710120753,216063.0,714185.0
15711,0.0002756504052884957,217275.0,717630.0
15712,0.00027562175219447666,216542.0,718901.0
15713,0.00027422984856057263,214967.0,717807.0
15714,0.00027244889958343195,213604.0,714711.0
15715,0.0002710022367031804,212156.0,715403.0
15716,0.0002711754287381401,213234.0,718777.0
15717,0.0002687717525176517,210796.0,713278.0
15718,0.0002682368947626291,210585.0,713310.0
15719,0.0002674295142467141,209041.0,711213.0
15720,0.00026761926140266256,210247.0,713221.0
15721,0.0002674492530448161,210731.0,716296.0
15722,0.0002659459207119491,208306.0,716690.0
15723,0.00026593191253265086,209539.0,717291.0
15724,0.000262529198434031,205350.0,707447.0
15725,0.0002602617835939888,204056.0,705994.0
15726,0.00025884695748486957,203734.0,703306.0
15727,0.00025696858798806405,201437.0,699216.0
15728,0.0002546247648973044,200059.0,697189.0
15729,0.0002540357846313569,198897.0,697303.0
15730,0.00025199186392466344,197427.0,692773.0
15731,0.0002494723018572535,195824.0,684995.0
15732,0.0002468699641848996,193297.0,681516.0
15733,0.0002473831729355522,194249.0,686251.0
15734,0.0002462682492104992,193748.0,684255.0
15735,0.00024518834593369166,192410.0,682735.0
15736,0.00024381172394993117,191785.0,681790.0
15737,0.00023992763787179097,187812.0,672246.0
15738,0.0002351342936101124,184257.0,658920.0
15739,0.00023251030693338852,182775.0,654124.0
15740,0.00023044282701605717,180690.0,650860.0
15741,0.00022709741910547545,179021.0,641302.0
15742,0.00022367687641502152,175939.0,634599.0
15743,0.00022230916872717805,175059.0,633111.0
15744,0.00021958776153078934,171755.0,626289.0
15745,0.00021795771884881575,171433.0,621831.0
15746,0.000216425096686507,169405.0,619009.0
15747,0.00021449133120793128,168375.0,616319.0
15748,0.00020990810963572587,164593.0,605004.0
15749,0.00020573494567570444,161748.0,592636.0
15750,0.00020098044227480726,157875.0,579797.0
15751,0.00019768915687515043,155604.0,568257.0
15752,0.0001968416620276087,154680.0,564969.0
15753,0.00019759237309090825,155068.0,569193.0
15754,0.00019746375253553377,154639.0,570726.0
15755,0.00019390885867090154,151786.0,559883.0
15756,0.00019057172832081422,149821.0,551859.0
15757,0.00018900153876856934,148217.0,550394.0
15758,0.00018832468901429673,147464.0,550043.0
15759,0.00018456667654984042,145301.0,539202.0
15760,0.0001836262183305924,143269.0,537961.0
15761,0.00018348549980218764,144474.0,540131.0
15762,0.000182972291051535,143259.0,539274.0
15763,0.0001801744756044288,141078.0,535323.0
15764,0.00017510287796305393,137196.0,521889.0
15765,0.000172572491393459,135286.0,518353.0
15766,0.00016990456997257255,133349.0,511035.0
15767,0.00016025102422983757,126126.0,485616.0
15768,0.00015331188159384222,119920.0,460172.0
15769,0.00015257899912237674,119695.0,458847.0
15770,0.0001520403209548183,118803.0,458102.0
15771,0.00014751758924776422,115714.0,447643.0
15772,0.00014483247597046634,113363.0,440748.0
15773,0.00014114132072538785,110633.0,434231.0
15774,0.0001373463776064181,107876.0,424531.0
15775,0.00013398123089773437,105218.0,414156.0
15776,0.00013260906606193238,103908.0,411667.0
15777,0.00013222320439580895,104106.0,411217.0
15778,0.00012848747767114525,101261.0,401939.0
15779,0.0001267746593842277,99932.0,398918.0
15780,0.00012109434267880335,94898.0,381214.0
15781,0.00011732932612469795,92069.0,371707.0
15782,0.00011512049094353921,89984.0,365071.0
15783,0.0001142303348226802,89285.0,363302.0
15784,0.00011299188442563386,89024.0,360917.0
15785,0.00010844877718505514,85072.0,347177.0
15786,0.00010672704460222054,84253.0,341406.0
15787,0.00010496901810029511,82168.0,334628.0
15788,0.00010367517172147859,80930.0,330733.0
15789,0.00010127213223641283,78980.0,322416.0
15790,9.590636282977557e-05,75201.0,307226.0
15791,9.331293945333868e-05,73211.0,300084.0
15792,9.22623260059729e-05,72633.0,297054.0
15793,8.94218492855494e-05,69778.0,288519.0
15794,8.843363590960291e-05,69514.0,285949.0
15795,8.582365741217724e-05,67458.0,276359.0
15796,8.511306068050437e-05,66636.0,273930.0
15797,8.264252724063815e-05,65059.0,266925.0
15798,8.108889280938208e-05,63458.0,262715.0
15799,7.820129766768279e-05,61150.0,253380.0
15800,7.712330459714322e-05,60568.0,250967.0
15801,7.464067318424673e-05,58291.0,243654.0
15802,7.20867274040139e-05,56806.0,233909.0
15803,7.104757519425574e-05,55588.0,230470.0
15804,7.020453749467252e-05,55132.0,228052.0
15805,6.941052842263304e-05,54412.0,226090.0
15806,6.620392883418813e-05,51900.0,218027.0
15807,6.313932124499326e-05,49393.0,207716.0
15808,6.2123728245873e-05,48627.0,204184.0
15809,6.0814600216912966e-05,47085.0,200233.0
15810,6.0002125817616754e-05,47080.0,198555.0
15811,5.744563309569334e-05,45045.0,190863.0
15812,5.5782480171742166e-05,43891.0,184924.0
15813,5.424349065520694e-05,42566.0,179749.0
15814,5.1963341106711863e-05,40916.0,174189.0
15815,5.1574932498897846e-05,40397.0,173221.0
15816,4.893757437829839e-05,38516.0,164694.0
15817,4.8197051081761176e-05,37897.0,162741.0
15818,4.601113837581769e-05,36218.0,155105.0
15819,4.3937927839682536e-05,34228.0,146724.0
15820,4.326999238132695e-05,34180.0,144304.0
15821,4.2604603864661956e-05,32920.0,143030.0
15822,4.084912430442712e-05,32004.0,138101.0
15823,3.918915505758918e-05,30863.0,131105.0
15824,3.767818189965038e-05,29811.0,124705.0
15825,3.728595287930048e-05,29060.0,122786.0
15826,3.688035241507503e-05,28919.0,120150.0
15827,3.677847474745168e-05,28866.0,119388.0
15828,3.558968971337172e-05,27854.0,116260.0
15829,3.512041570688167e-05,27379.0,115055.0
15830,3.3354111644461857e-05,26291.0,109071.0
15831,3.267535168392129e-05,25494.0,106763.0
15832,3.167058318698601e-05,24782.0,104756.0
15833,2.9179037478172478e-05,23015.0,95209.0
15834,2.8244946613150898e-05,21932.0,92104.0
15835,2.7880097215974776e-05,21798.0,91264.0
15836,2.7404455855258266e-05,21579.0,90203.0
15837,2.67104142445742e-05,20785.0,87941.0
15838,2.5924045997606475e-05,19965.0,85644.0
15839,2.5398102538500934e-05,19692.0,84029.0
15840,2.4460191260943477e-05,19227.0,80415.0
15841,2.4027211173544243e-05,18824.0,79499.0
15842,2.3473251355842282e-05,18342.0,78257.0
15843,2.321664698051597e-05,18115.0,77669.0
15844,2.1468171509930243e-05,16722.0,70944.0
15845,2.0689444088034268e-05,16281.0,68034.0
15846,2.0322047749167565e-05,15779.0,67055.0
15847,1.9806928792247007e-05,15427.0,65292.0
15848,1.9377769117383647e-05,15253.0,63456.0
15849,1.878114802636441e-05,14891.0,61403.0
15850,1.8408021068693892e-05,14434.0,60304.0
15851,1.7629293646797918e-05,13835.0,57090.0
15852,1.5812687485989073e-05,12373.0,51482.0
15853,1.5294384851955286e-05,11960.0,49502.0
15854,1.4700947438049277e-05,11601.0,46785.0
15855,1.3896750599247465e-05,10892.0,43676.0
15856,1.3552276735596017e-05,10685.0,42515.0
15857,1.3163231392359352e-05,10310.0,41421.0
15858,1.2259067092202129e-05,9527.0,37858.0
15859,1.2061042375759243e-05,9783.0,37062.0
15860,1.1554837714755728e-05,9255.0,36023.0
15861,1.104735958290692e-05,8631.0,34179.0
15862,1.0352044501377562e-05,8131.0,30892.0
15863,1.0059782942383079e-05,7844.0,29962.0
15864,9.701937634856065e-06,7550.0,28475.0
15865,9.687929455557855e-06,7687.0,28414.0
15866,9.50709659552641e-06,7600.0,27739.0
15867,9.220565655335741e-06,7365.0,27224.0
15868,8.858899935272852e-06,6894.0,25965.0
15869,8.402360637235719e-06,6491.0,24001.0
15870,8.075715365418356e-06,6440.0,22640.0
15871,7.894245769964265e-06,6192.0,22043.0
15872,7.593069915052739e-06,5942.0,21147.0
15873,7.325004302118801e-06,5699.0,20228.0
15874,6.934685488036845e-06,5398.0,18731.0
15875,6.859550708164625e-06,5393.0,18430.0
15876,6.76021998223186e-06,5343.0,18130.0
15877,6.692089292008745e-06,5339.0,17886.0
15878,6.515076844513176e-06,5113.0,17567.0
15879,6.37053790357255e-06,4990.0,17326.0
15880,6.068725313238378e-06,4822.0,16230.0
15881,5.8070270545309e-06,4505.0,15198.0
15882,5.65675749478646e-06,4477.0,14782.0
15883,5.623647252808871e-06,4414.0,14704.0
15884,5.384871469316647e-06,4162.0,13727.0
15885,5.2123161697795995e-06,4115.0,13025.0
15886,5.077328260178661e-06,3973.0,12619.0
15887,3.7452777560033718e-06,3007.0,10508.0
15888,1.6918060179702413e-06,1337.0,4367.0
15889,1.6255855340150643e-06,1204.0,4094.0
15890,1.6867121345890738e-06,1323.0,4161.0
15891,1.7300101433289971e-06,1324.0,4175.0
15892,1.7522958831216048e-06,1342.0,4272.0
15893,1.7300101433289971e-06,1329.0,4261.0
15894,1.7172754348760786e-06,1354.0,4181.0
15895,1.7102713452269734e-06,1364.0,4160.0
15896,1.7013570493099303e-06,1302.0,4132.0
15897,1.7019937847325762e-06,1269.0,4191.0
15898,1.68416519289849e-06,1324.0,4154.0
15899,1.675250896981447e-06,1341.0,4185.0
15900,1.6733406907135092e-06,1377.0,4178.0
15901,1.6656998656417581e-06,1272.0,4162.0
15902,1.6606059822605907e-06,1248.0,4197.0
15903,1.6453243321170882e-06,1325.0,4185.0
15904,1.6586957759926529e-06,1310.0,4212.0
15905,1.6453243321170882e-06,1316.0,4217.0
15906,1.6255855340150643e-06,1233.0,4182.0
15907,1.6217651214791886e-06,1286.0,4162.0
15908,1.6083936776036242e-06,1277.0,4128.0
15909,1.5950222337280596e-06,1193.0,4129.0
15910,1.5988426462639352e-06,1247.0,4161.0
15911,1.5650956688637009e-06,1234.0,4070.0
15912,1.5587283146372415e-06,1214.0,4038.0
15913,1.55427116667872e-06,1199.0,4033.0
15914,1.5408997228031554e-06,1232.0,4017.0
15915,1.544720135339031e-06,1192.0,4049.0
15916,1.5001486557538157e-06,1212.0,3936.0
15917,1.5046058037123373e-06,1175.0,3963.0
15918,1.5007853911764617e-06,1201.0,3964.0
15919,1.4918710952594186e-06,1181.0,3948.0
15920,1.507789480825567e-06,1184.0,3963.0
15921,1.4918710952594186e-06,1160.0,3957.0
15922,1.4842302701876674e-06,1203.0,3935.0
15923,1.4721322971573948e-06,1173.0,3886.0
15924,1.461307794972414e-06,1213.0,3832.0
15925,1.4657649429309355e-06,1171.0,3839.0
15926,1.4587608532818302e-06,1183.0,3844.0
15927,1.4498465573647871e-06,1153.0,3861.0
15928,1.4294710238401172e-06,1114.0,3869.0
15929,1.4301077592627631e-06,1160.0,3815.0
15930,1.430744494685409e-06,1177.0,3779.0
15931,1.4269240821495337e-06,1108.0,3772.0
15932,1.4301077592627631e-06,1158.0,3776.0
15933,1.4294710238401172e-06,1164.0,3768.0
15934,1.4186465216551365e-06,1150.0,3769.0
15935,1.4097322257380934e-06,1037.0,3760.0
15936,1.3957240464398829e-06,1079.0,3740.0
15937,1.3613403336170026e-06,1066.0,3640.0
15938,1.3536995085452514e-06,1109.0,3644.0
15939,1.3556097148131892e-06,1044.0,3660.0
15940,1.3390545938243949e-06,1107.0,3643.0
15941,1.3333239750205815e-06,1059.0,3629.0
15942,1.3275933562167683e-06,1031.0,3622.0
15943,1.3231362082582467e-06,1019.0,3618.0
15944,1.31167497065062e-06,1078.0,3583.0
15945,1.3091280289600362e-06,1057.0,3581.0
15946,1.290662701703304e-06,991.0,3561.0
15947,1.2836586120541988e-06,980.0,3540.0
15948,1.272834109869218e-06,1013.0,3508.0
15949,1.2187115989443138e-06,932.0,3247.0
15950,1.2027932133781655e-06,961.0,3202.0
15951,1.149944173298553e-06,948.0,3076.0
15952,1.1302053751965293e-06,937.0,2990.0
15953,1.2779279932503856e-06,1058.0,3149.0
15954,3.0747953559572056e-06,2427.0,5169.0
15955,3.2053261175996216e-06,2492.0,5296.0
15956,3.1696689339314493e-06,2601.0,5214.0
15957,3.1696689339314493e-06,2516.0,5208.0
15958,3.1747628173126168e-06,2337.0,5243.0
15959,3.1703056693540954e-06,2473.0,5246.0
15960,3.1582076963238225e-06,2506.0,5234.0
15961,3.1766730235805548e-06,2444.0,5319.0
15962,3.1906812028787653e-06,2488.0,5383.0
15963,3.275367014090674e-06,2578.0,5686.0
15964,3.2836445745850714e-06,2688.0,5708.0
15965,3.275367014090674e-06,2571.0,5692.0
15966,3.247350655494253e-06,2522.0,5622.0
15967,3.2556282159886503e-06,2639.0,5618.0
15968,3.240346565845148e-06,2453.0,5568.0
15969,3.2358894178866265e-06,2476.0,5545.0
15970,3.237799624154564e-06,2580.0,5535.0
15971,3.2384363595772102e-06,2514.0,5523.0
15972,3.2371628887319184e-06,2573.0,5504.0
15973,3.2346159470413346e-06,2588.0,5504.0
15974,3.2237914448563535e-06,2472.0,5438.0
15975,3.209783265558143e-06,2526.0,5373.0
15976,3.1951383508372867e-06,2456.0,5311.0
15977,3.193864879991995e-06,2469.0,5294.0
15978,3.192591409146703e-06,2490.0,5271.0
15979,3.1919546737240572e-06,2495.0,5270.0
15980,3.1919546737240572e-06,2612.0,5258.0
15981,3.184313848652306e-06,2496.0,5212.0
15982,3.1773097590032005e-06,2498.0,5164.0
15983,3.163938315127636e-06,2524.0,5133.0
15984,3.1556607546332387e-06,2443.0,5119.0
15985,3.1575709609011767e-06,2493.0,5110.0
15986,3.1594811671691143e-06,2522.0,5110.0
15987,3.1505668712520712e-06,2471.0,5093.0
15988,3.1282811314594637e-06,2442.0,5020.0
15989,3.1327382794179855e-06,2460.0,4998.0
15990,3.1047219208215644e-06,2474.0,4934.0
15991,3.1002647728630426e-06,2376.0,4915.0
15992,3.089440270678062e-06,2428.0,4897.0
15993,3.0786157684930812e-06,2368.0,4865.0
15994,3.080525974761019e-06,2486.0,4853.0
15995,3.069064737153392e-06,2436.0,4826.0
15996,3.0652443246175164e-06,2358.0,4810.0
15997,3.0525096161645977e-06,2448.0,4800.0
15998,3.049962674474014e-06,2501.0,4793.0
15999,3.05059940989666e-06,2416.0,4784.0
16000,3.051872880741952e-06,2394.0,4779.0
16001,3.0391381722890333e-06,2448.0,4717.0
16002,3.0467789973607845e-06,2419.0,4709.0
16003,3.032770818062574e-06,2399.0,4668.0
16004,3.0276769346814065e-06,2325.0,4651.0
16005,3.0276769346814065e-06,2319.0,4645.0
16006,3.024493257568177e-06,2403.0,4614.0
16007,3.0321340826399282e-06,2413.0,4628.0
16008,3.024493257568177e-06,2455.0,4578.0
16009,3.022583051300239e-06,2347.0,4567.0
16010,3.015578961651134e-06,2277.0,4535.0
16011,3.011121813692612e-06,2318.0,4501.0
16012,3.012395284537904e-06,2389.0,4489.0
16013,3.005391194888799e-06,2346.0,4470.0
16014,2.8786808457822586e-06,2284.0,4322.0
16015,1.4740425034253326e-06,1097.0,2972.0
16016,1.150580908721199e-06,852.0,2618.0
16017,9.067112418478072e-07,692.0,2271.0
16018,8.23935636903836e-07,655.0,2118.0
16019,7.723600676695155e-07,580.0,1983.0
16020,7.252416463937165e-07,598.0,1804.0
16021,7.099599962502142e-07,518.0,1764.0
16022,6.92131404416128e-07,530.0,1717.0
16023,6.813069022311472e-07,538.0,1682.0
16024,5.635108490416498e-07,462.0,1036.0
16025,5.424985800943341e-07,409.0,1004.0
16026,5.450455217849177e-07,421.0,975.0
16027,5.386781675584585e-07,432.0,957.0
16028,5.284904007961235e-07,432.0,942.0
16029,5.214863111470182e-07,386.0,921.0
16030,5.259434591055398e-07,405.0,905.0
16031,5.253067236828939e-07,393.0,891.0
16032,5.284904007961235e-07,406.0,884.0
16033,5.291271362187695e-07,388.0,879.0
16034,5.24033252837602e-07,425.0,872.0
16035,5.297638716414154e-07,406.0,871.0
16036,5.399516384037504e-07,458.0,867.0
16037,5.354944904452288e-07,413.0,831.0
16038,5.514128760113771e-07,386.0,833.0
16039,5.660577907322336e-07,408.0,841.0
16040,5.635108490416498e-07,449.0,821.0
16041,5.609639073510661e-07,425.0,809.0
16042,5.756088220719225e-07,409.0,821.0
16043,5.781557637625062e-07,444.0,818.0
16044,5.826129117210278e-07,446.0,807.0
16045,5.864333242569034e-07,470.0,795.0
16046,5.870700596795493e-07,493.0,786.0
16047,5.98531297287176e-07,467.0,793.0
16048,6.055353869362813e-07,500.0,787.0
16049,6.201803016571377e-07,455.0,794.0
16050,6.189068308118458e-07,438.0,788.0
16051,6.233639787703674e-07,492.0,779.0
16052,6.208170370797836e-07,500.0,752.0
16053,6.373721580685779e-07,502.0,754.0
16054,6.501068665214965e-07,507.0,750.0
16055,6.984987586425874e-07,544.0,778.0
16056,7.067763191369845e-07,553.0,777.0
16057,7.411600319598648e-07,557.0,796.0
16058,7.430702382278026e-07,578.0,788.0
16059,7.475273861863241e-07,588.0,783.0
16060,7.558049466807213e-07,585.0,783.0
16061,7.666294488657021e-07,607.0,790.0
16062,7.844580406997882e-07,628.0,798.0
16063,7.946458074621231e-07,616.0,805.0
16064,8.022866325338743e-07,622.0,807.0
16065,8.252091077491279e-07,686.0,820.0
16066,8.264825785944197e-07,648.0,813.0
16067,8.443111704285058e-07,658.0,814.0
16068,8.436744350058599e-07,618.0,794.0
16069,8.646867039531756e-07,615.0,803.0
16070,8.742377352928646e-07,676.0,799.0
16071,8.920663271269507e-07,696.0,811.0
16072,9.124418606516205e-07,717.0,821.0
16073,9.410949546706875e-07,750.0,839.0
16074,9.64654165308587e-07,739.0,856.0
16075,9.773888737615056e-07,786.0,861.0
16076,9.977644072861753e-07,773.0,876.0
16077,1.0423358868713906e-06,800.0,904.0
16078,1.1009155457548163e-06,820.0,928.0
16079,1.1372094648456346e-06,917.0,958.0
16080,1.1442135544947397e-06,868.0,967.0
16081,1.188785034079955e-06,995.0,989.0
16082,1.226352424016065e-06,935.0,1006.0
16083,1.2314463073972325e-06,985.0,1010.0
16084,1.2862055537447825e-06,1020.0,1033.0
16085,1.2951198496618256e-06,983.0,1039.0
16086,1.3174055894544333e-06,1063.0,1060.0
16087,1.3619770690396485e-06,1059.0,1087.0
16088,1.38362607340961e-06,1081.0,1101.0
16089,1.4224669341910121e-06,1170.0,1120.0
16090,1.4383853197571603e-06,1147.0,1127.0
16091,1.4664016783535814e-06,1186.0,1158.0
16092,1.4791363868065e-06,1149.0,1161.0
16093,1.5147935704746722e-06,1199.0,1220.0
16094,1.5848344669657246e-06,1210.0,1250.0
16095,1.6332263590868155e-06,1290.0,1263.0
16096,1.6962631659287628e-06,1348.0,1307.0
16097,1.7255529953704756e-06,1362.0,1333.0
16098,1.7822224479859636e-06,1522.0,1349.0
16099,1.807691864891801e-06,1408.0,1385.0
16100,1.824883721303241e-06,1452.0,1402.0
16101,1.8624511112393511e-06,1448.0,1425.0
16102,1.8885572635678343e-06,1586.0,1426.0
16103,1.9324920077304038e-06,1540.0,1432.0
16104,1.96751245597593e-06,1547.0,1482.0
16105,2.0063533167573318e-06,1546.0,1488.0
16106,2.0560186797237143e-06,1632.0,1531.0
16107,2.106320778112743e-06,1595.0,1529.0
16108,2.1782718808717333e-06,1715.0,1505.0
16109,2.1941902664378815e-06,1730.0,1579.0
16110,2.2158392708078432e-06,1712.0,1621.0
16111,2.2597740149704125e-06,1784.0,1642.0
16112,2.304345494555628e-06,1861.0,1677.0
16113,2.340639413646446e-06,1838.0,1709.0
16114,2.413227251828082e-06,1869.0,1726.0
16115,2.4686232335982783e-06,1897.0,1802.0
16116,2.5195620674099526e-06,2031.0,1836.0
16117,2.5501253676969575e-06,1977.0,1864.0
16118,2.6914806315243546e-06,2002.0,1901.0
16119,2.7156765775848997e-06,2143.0,1930.0
16120,2.7296847568831103e-06,2161.0,1949.0
16121,2.788901151189182e-06,2143.0,1957.0
16122,2.826468541125292e-06,2151.0,1969.0
16123,2.8895053479672393e-06,2200.0,1996.0
16124,3.0085748720020284e-06,2361.0,2014.0
16125,3.0085748720020284e-06,2351.0,2034.0
16126,2.976101365447086e-06,2293.0,2048.0
16127,3.1009015082856888e-06,2454.0,2047.0
16128,3.220607767743124e-06,2481.0,2074.0
16129,3.240346565845148e-06,2687.0,2077.0
16130,3.2893751933888846e-06,2526.0,2076.0
16131,3.3931630672801713e-06,2651.0,2107.0
16132,3.5052285016658554e-06,2856.0,2131.0
16133,3.5886408420324727e-06,2870.0,2129.0
16134,3.630665379927104e-06,2839.0,2142.0
16135,3.7026164826860944e-06,2983.0,2151.0
16136,3.787939029320649e-06,2988.0,2177.0
16137,3.83314724432851e-06,2962.0,2205.0
16138,3.9916943645673475e-06,3184.0,2231.0
16139,4.0228944002769985e-06,3204.0,2236.0
16140,4.054094435986649e-06,3188.0,2223.0
16141,4.077016911201902e-06,3261.0,2230.0
16142,4.178894578825252e-06,3201.0,2253.0
16143,4.2699477442636195e-06,3461.0,2283.0
16144,4.4660622544385665e-06,3506.0,2303.0
16145,4.495988819302926e-06,3414.0,2311.0
16146,4.53610315092962e-06,3651.0,2289.0
16147,4.576854217978959e-06,3588.0,2300.0
16148,4.599776693194212e-06,3649.0,2296.0
16149,4.664723706304097e-06,3630.0,2302.0
16150,4.707384979621375e-06,3779.0,2314.0
16151,4.736038073640442e-06,3728.0,2316.0
16152,4.807352440976787e-06,3768.0,2308.0
16153,4.951891381917413e-06,3881.0,2326.0
16154,4.99773633234792e-06,3929.0,2337.0
16155,5.091336439476872e-06,4046.0,2354.0
16156,5.153099775473527e-06,4013.0,2366.0
16157,5.173475308998197e-06,4028.0,2392.0
16158,5.284904007961236e-06,4024.0,2412.0
16159,5.351761227339058e-06,4249.0,2428.0
16160,5.438993980241551e-06,4236.0,2470.0
16161,5.544692060400775e-06,4330.0,2528.0
16162,5.61282275062389e-06,4372.0,2536.0
16163,5.658030965631751e-06,4302.0,2562.0
16164,5.700692238949029e-06,4469.0,2568.0
16165,5.906994515886311e-06,4664.0,2593.0
16166,6.004415035551138e-06,4748.0,2652.0
16167,6.078276344578067e-06,4647.0,2644.0
16168,6.083370227959234e-06,4744.0,2620.0
16169,6.176970335088186e-06,4807.0,2626.0
16170,6.247647967001885e-06,4940.0,2607.0
16171,6.311958244689124e-06,4931.0,2598.0
16172,6.413199176889827e-06,5050.0,2601.0
16173,6.413199176889827e-06,4970.0,2604.0
16174,6.464774746124147e-06,4996.0,2611.0
16175,6.458407391897688e-06,5086.0,2595.0
16176,6.627779014321506e-06,5245.0,2621.0
16177,6.747485273778941e-06,5307.0,2617.0
16178,6.795877165900032e-06,5327.0,2583.0
16179,6.842358851753185e-06,5381.0,2588.0
16180,6.884383389647816e-06,5478.0,2231.0
16181,6.950603873602993e-06,5499.0,2623.0
16182,6.988171263539103e-06,5543.0,2611.0
16183,7.090048931162453e-06,5578.0,2461.0
16184,7.103420375038017e-06,5405.0,2824.0
16185,7.104693845883309e-06,5590.0,2923.0
16186,7.156906150540275e-06,5603.0,2942.0
16187,7.142897971242065e-06,5598.0,2927.0
16188,7.1811020966008205e-06,5590.0,2896.0
16189,7.20466130723872e-06,5631.0,2824.0
16190,7.234587872103079e-06,5686.0,2961.0
16191,7.279159351688294e-06,5664.0,3011.0
16192,7.336465539726429e-06,5760.0,3026.0
16193,7.376579871353122e-06,5662.0,2957.0
16194,7.3874043735381025e-06,5797.0,2790.0
16195,7.399502346568376e-06,5861.0,2827.0
16196,7.5593229376525045e-06,5925.0,2887.0
16197,7.688580228449629e-06,6005.0,3032.0
16198,7.675208784574063e-06,5988.0,3052.0
16199,7.65546998647204e-06,5961.0,3083.0
16200,7.761168066631264e-06,6035.0,3138.0
16201,7.916531509756872e-06,6209.0,3249.0
16202,7.940090720394772e-06,6156.0,3315.0
16203,7.998670379278197e-06,6351.0,3395.0
16204,8.001217320968782e-06,6308.0,3424.0
16205,8.002490791814073e-06,6223.0,3460.0
16206,7.997396908432905e-06,6220.0,3508.0
16207,8.02031938364816e-06,6131.0,3533.0
16208,8.055339831893686e-06,6405.0,3595.0
16209,7.964286666455317e-06,6387.0,3592.0
16210,8.000580585546136e-06,6182.0,3639.0
16211,8.234262485657192e-06,6563.0,3782.0
16212,8.212613481287231e-06,6314.0,3785.0
16213,8.285838054891513e-06,6426.0,3830.0
16214,8.257821696295093e-06,6388.0,3860.0
16215,8.20497265621548e-06,6413.0,3894.0
16216,8.266099256789489e-06,6574.0,3952.0
16217,8.263552315098905e-06,6441.0,3986.0
16218,8.332319740744666e-06,6622.0,4034.0
16219,8.251454342068633e-06,6543.0,4013.0
16220,8.273103346438595e-06,6501.0,4018.0
16221,8.343144242929647e-06,6516.0,4085.0
16222,8.308123794684121e-06,6503.0,4041.0
16223,8.320858503137039e-06,6336.0,3985.0
16224,8.24572372326482e-06,6607.0,4154.0
16225,8.24381351699688e-06,6532.0,4196.0
16226,8.189691006071977e-06,6301.0,4190.0
16227,8.1234705221168e-06,6295.0,4170.0
16228,8.134931759724427e-06,6459.0,4211.0
16229,8.0139520294217e-06,6193.0,4196.0
16230,8.12983787634326e-06,6600.0,4274.0
16231,8.134931759724427e-06,6268.0,4302.0
16232,8.175682826773767e-06,6435.0,4371.0
16233,8.1234705221168e-06,6435.0,4377.0
16234,8.144482791064116e-06,6350.0,4414.0
16235,7.984662199979987e-06,6314.0,4403.0
16236,7.97638463948559e-06,6222.0,4431.0
16237,7.980841787444112e-06,6256.0,4495.0
16238,7.997396908432905e-06,6248.0,4540.0
16239,8.018409177380221e-06,6303.0,4627.0
16240,7.98593567082528e-06,6309.0,4655.0
16241,7.99357649589703e-06,6322.0,4673.0
16242,8.073168423727771e-06,6285.0,4717.0
16243,7.984662199979987e-06,6198.0,4736.0
16244,7.923535599405977e-06,6365.0,4753.0
16245,7.933086630745666e-06,6168.0,4793.0
16246,7.856041644605508e-06,6220.0,4802.0
16247,7.88405800320193e-06,6152.0,4831.0
16248,7.952188693425044e-06,6250.0,4953.0
16249,7.93881724954948e-06,6184.0,5008.0
16250,7.937543778704188e-06,6186.0,5100.0
16251,7.895519240809557e-06,6005.0,5175.0
16252,7.819110990092045e-06,6114.0,5178.0
16253,7.768808891703016e-06,6040.0,5152.0
16254,7.772629304238892e-06,6026.0,5111.0
16255,7.759894595785974e-06,6044.0,4933.0
16256,7.654196515626749e-06,5893.0,5117.0
16257,7.618539331958576e-06,5927.0,5178.0
16258,7.567600498146902e-06,5897.0,5157.0
16259,7.5937066504753845e-06,5938.0,5175.0
16260,7.520482076871102e-06,5878.0,5182.0
16261,7.472726920172657e-06,5854.0,5198.0
16262,7.447257503266821e-06,5824.0,5213.0
16263,7.353657396137869e-06,5866.0,5121.0
16264,7.364481898322849e-06,5749.0,5167.0
16265,7.3804002838889975e-06,5700.0,5191.0
16266,7.4077799070627724e-06,5736.0,5198.0
16267,7.302718562326194e-06,5752.0,5156.0
16268,7.253053199359811e-06,5645.0,5161.0
16269,7.2294939887219116e-06,5712.0,5139.0
16270,7.202751100970783e-06,5653.0,5168.0
16271,7.177281684064945e-06,5671.0,5144.0
16272,7.128889791943854e-06,5517.0,5162.0
16273,7.137804087860898e-06,5698.0,5187.0
16274,7.098326491656849e-06,5514.0,5178.0
16275,7.139077558706189e-06,5623.0,5217.0
16276,7.155632679694984e-06,5695.0,5244.0
16277,7.066489720524553e-06,5348.0,5209.0
16278,7.092595872853037e-06,5555.0,5106.0
16279,7.174734742374362e-06,5489.0,5336.0
16280,7.190016392517864e-06,5593.0,5493.0
16281,7.18746945082728e-06,5628.0,5471.0
16282,7.195747011321678e-06,5615.0,5553.0
16283,7.171551065261132e-06,5492.0,5543.0
16284,7.138440823283543e-06,5697.0,5536.0
16285,7.198293953012261e-06,5638.0,5535.0
16286,7.208481719774596e-06,5667.0,5591.0
16287,7.101510168770079e-06,5618.0,5599.0
16288,6.908579335708362e-06,5364.0,5479.0
16289,6.929591604655677e-06,5393.0,5492.0
16290,7.019371299248754e-06,5465.0,5582.0
16291,6.942326313108596e-06,5468.0,5588.0
16292,6.8308976141455585e-06,5331.0,5514.0
16293,6.751942421737463e-06,5326.0,5456.0
16294,6.42211347280687e-06,4989.0,5397.0
16295,6.418929795693641e-06,4950.0,5420.0
16296,6.420203266538932e-06,4991.0,5427.0
16297,6.653885166649989e-06,5149.0,5397.0
16298,6.708644412997539e-06,5234.0,5404.0
16299,6.750668950892171e-06,5395.0,5401.0
16300,6.788873076250926e-06,5337.0,5419.0
16301,6.824530259919099e-06,5261.0,5418.0
16302,6.653248431227343e-06,5087.0,5350.0
16303,6.720105650605166e-06,5345.0,5413.0
16304,6.636056574815903e-06,5190.0,5363.0
16305,6.690815821163453e-06,5071.0,5365.0
16306,6.68190152524641e-06,5248.0,5332.0
16307,6.598489184879793e-06,5198.0,5296.0
16308,6.653248431227343e-06,5182.0,5295.0
16309,6.633509633125319e-06,5054.0,5331.0
16310,6.768497542726257e-06,5259.0,5444.0
16311,6.824530259919099e-06,5337.0,5475.0
16312,6.774864896952716e-06,5198.0,5433.0
16313,6.841722116330539e-06,5287.0,5406.0
16314,6.801607784703845e-06,5251.0,5442.0
16315,6.846815999711706e-06,5412.0,5486.0
16316,6.903485452327195e-06,5498.0,5531.0
16317,6.932775281768907e-06,5385.0,5608.0
16318,6.986261057271166e-06,5614.0,5642.0
16319,7.000905971992022e-06,5497.0,5678.0
16320,6.977983496776768e-06,5501.0,5664.0
16321,6.925771192119802e-06,5508.0,5635.0
16322,6.963338582055912e-06,5571.0,5716.0
16323,6.897118098100735e-06,5421.0,5678.0
16324,6.678081112710535e-06,5214.0,5713.0
16325,6.83535476210408e-06,5423.0,5668.0
16326,6.9200405733159885e-06,5352.0,5683.0
16327,6.932138546346261e-06,5498.0,5699.0
16328,6.9168568962027595e-06,5509.0,5688.0
16329,6.958244698674745e-06,5530.0,5720.0
16330,6.9168568962027595e-06,5431.0,5644.0
16331,6.902211981481902e-06,5422.0,5630.0
16332,6.970979407127663e-06,5402.0,5652.0
16333,6.939779371418012e-06,5469.0,5687.0
16334,6.960791640365328e-06,5493.0,5708.0
16335,6.9404161068406584e-06,5560.0,5708.0
16336,7.000269236569376e-06,5435.0,5742.0
16337,7.020644770094046e-06,5549.0,5774.0
16338,6.934685488036845e-06,5510.0,5730.0
16339,6.928318133810386e-06,5398.0,5637.0
16340,6.845542528866415e-06,5351.0,5556.0
16341,6.862097649855209e-06,5495.0,5499.0
16342,6.8308976141455585e-06,5315.0,5408.0
16343,6.825166995341745e-06,5399.0,5385.0
16344,6.872285416617544e-06,5420.0,5427.0
16345,6.855093560206104e-06,5371.0,5421.0
16346,6.9716161425503095e-06,5487.0,5587.0
16347,6.857640501896687e-06,5412.0,5483.0
16348,6.872285416617544e-06,5320.0,5545.0
16349,6.934685488036845e-06,5515.0,5603.0
16350,6.92768139838774e-06,5375.0,5614.0
16351,6.90730586486307e-06,5482.0,5602.0
16352,6.927044662965094e-06,5377.0,5584.0
16353,6.916220160780113e-06,5309.0,5561.0
16354,6.942326313108596e-06,5473.0,5629.0
16355,6.948693667335056e-06,5438.0,5638.0
16356,6.931501810923616e-06,5497.0,5623.0
16357,6.93086507550097e-06,5452.0,5608.0
16358,6.902211981481902e-06,5325.0,5635.0
16359,6.883109918802525e-06,5324.0,5593.0
16360,6.863371120700501e-06,5475.0,5603.0
16361,6.898391568946027e-06,5553.0,5603.0
16362,6.894571156410151e-06,5339.0,5594.0
16363,6.899028304368673e-06,5396.0,5567.0
16364,6.9677957300144334e-06,5436.0,5602.0
16365,6.992628411497625e-06,5483.0,5680.0
16366,6.976073290508831e-06,5459.0,5692.0
16367,6.990081469807041e-06,5315.0,5706.0
16368,7.072220339328367e-06,5576.0,5763.0
16369,7.130799998211792e-06,5714.0,5817.0
16370,7.007273326218482e-06,5423.0,5708.0
16371,6.967158994591788e-06,5366.0,5626.0
16372,6.956971227829453e-06,5506.0,5619.0
16373,6.952514079870931e-06,5434.0,5565.0
16374,6.943599783953888e-06,5488.0,5578.0
16375,7.0607591017207395e-06,5589.0,5632.0
16376,6.98562432184852e-06,5623.0,5603.0
16377,6.976073290508831e-06,5402.0,5550.0
16378,6.953150815293577e-06,5468.0,5545.0
16379,6.96524878832385e-06,5387.0,5600.0
16380,6.9786202321994145e-06,5465.0,5645.0
16381,6.870375210349606e-06,5426.0,5536.0
16382,6.986897792693812e-06,5446.0,5576.0
16383,6.991354940652333e-06,5527.0,5616.0
16384,7.046114186999883e-06,5460.0,5669.0
16385,7.018734563826108e-06,5562.0,5675.0
16386,7.016824357558171e-06,5332.0,5629.0
16387,7.006636590795836e-06,5498.0,5626.0
16388,7.135893881592959e-06,5698.0,5729.0
16389,7.142897971242065e-06,5918.0,5722.0
16390,7.1295265273665004e-06,5541.0,5779.0
16391,7.086865254049223e-06,5483.0,5785.0
16392,7.0161876221355245e-06,5562.0,5752.0
16393,7.1091509938418305e-06,5548.0,5851.0
16394,7.127616321098563e-06,5478.0,5903.0
16395,7.21102866146518e-06,5718.0,5989.0
16396,7.169640858993194e-06,5707.0,5984.0
16397,7.174734742374362e-06,5673.0,5995.0
16398,7.4147839967118775e-06,5686.0,6135.0
16399,7.374669665085184e-06,5895.0,6107.0
16400,7.429428911432735e-06,5902.0,6172.0
16401,7.307812445707361e-06,5685.0,6095.0
16402,7.235861342948371e-06,5716.0,6053.0
16403,7.295077737254443e-06,5670.0,6112.0
16404,7.2396817554842465e-06,5740.0,6060.0
16405,7.2842532350694615e-06,5755.0,6092.0
16406,7.272791997461835e-06,5716.0,6085.0
16407,7.216122544846347e-06,5737.0,6050.0
16408,7.34410636479818e-06,5839.0,6095.0
16409,7.309722651975299e-06,5677.0,6056.0
16410,7.3046287685941314e-06,5769.0,6022.0
16411,7.3428328939528875e-06,5748.0,6068.0
16412,7.3600247503643275e-06,5850.0,6144.0
16413,7.407143171640126e-06,5686.0,6146.0
16414,7.449167709534758e-06,5791.0,6178.0
16415,7.461265682565031e-06,5940.0,6173.0
16416,7.541494345818418e-06,5866.0,6276.0
16417,7.559959673075151e-06,5786.0,6311.0
16418,7.663110811543792e-06,6060.0,6348.0
16419,7.68667002218169e-06,6100.0,6372.0
16420,7.632547511256787e-06,5848.0,6371.0
16421,7.745249681065117e-06,6201.0,6433.0
16422,7.754800712404806e-06,6116.0,6444.0
16423,7.683486345068462e-06,5950.0,6457.0
16424,7.68030266795523e-06,6019.0,6406.0
16425,7.711502703664882e-06,6140.0,6441.0
16426,7.786000748114456e-06,6070.0,6505.0
16427,7.773266039661538e-06,5979.0,6478.0
16428,7.910164155530413e-06,6154.0,6540.0
16429,8.056613302738978e-06,6271.0,6616.0
16430,8.033690827523724e-06,6249.0,6602.0
16431,8.0999113114789e-06,6333.0,6621.0
16432,8.094180692675087e-06,6305.0,6621.0
16433,8.152760351558512e-06,6416.0,6652.0
16434,8.188417535226685e-06,6360.0,6671.0
16435,8.185233858113456e-06,6456.0,6639.0
16436,8.313217678065289e-06,6464.0,6766.0
16437,8.411274933152761e-06,6512.0,6723.0
16438,8.623944564316503e-06,6536.0,6864.0
16439,8.64304662699588e-06,6933.0,6879.0
16440,8.6322221248109e-06,6868.0,6863.0
16441,8.66978951474701e-06,6873.0,6883.0
16442,8.735373263279542e-06,6909.0,6912.0
16443,8.766573298989191e-06,6924.0,6946.0
16444,8.80286721808001e-06,6656.0,6957.0
16445,8.787585567936507e-06,6912.0,6915.0
16446,8.932124508877133e-06,6872.0,7029.0
16447,9.186818677935507e-06,7219.0,7241.0
16448,9.387390336068975e-06,7367.0,7376.0
16449,9.399488309099247e-06,7246.0,7355.0
16450,9.492451680805554e-06,7494.0,7477.0
16451,9.514737420598162e-06,7540.0,7503.0
16452,9.519194568556684e-06,7463.0,7503.0
16453,9.556761958492793e-06,7590.0,7543.0
16454,9.568859931523066e-06,7542.0,7586.0
16455,9.470802676435592e-06,7412.0,7541.0
16456,9.468255734745009e-06,7330.0,7542.0
16457,9.652272271889683e-06,7333.0,7668.0
16458,9.686655984712563e-06,7646.0,7714.0
16459,9.855390871713736e-06,7671.0,7784.0
16460,9.863031696785486e-06,7837.0,7800.0
16461,9.883407230310156e-06,7650.0,7888.0
16462,9.977007337439109e-06,7973.0,7922.0
16463,1.0058509471537787e-05,7868.0,7986.0
16464,1.0132370780564716e-05,7945.0,8006.0
16465,1.0196044322829309e-05,8009.0,8022.0
16466,1.0126003426338256e-05,7922.0,7986.0
16467,1.0187766762334912e-05,7977.0,8110.0
16468,1.0392158833004256e-05,8195.0,8253.0
16469,1.0427816016672428e-05,8115.0,8266.0
16470,1.0804126651456174e-05,8397.0,8462.0
16471,1.0820681772444968e-05,8252.0,8433.0
16472,1.0830232803784657e-05,8429.0,8469.0
16473,1.081877156617703e-05,8415.0,8549.0
16474,1.0826412391248782e-05,8693.0,8542.0
16475,1.0985596246910264e-05,8624.0,8650.0
16476,1.101297587008404e-05,8577.0,8674.0
16477,1.106773511643159e-05,8753.0,8797.0
16478,1.1347261966973154e-05,9047.0,9075.0
16479,1.1330070110561713e-05,8768.0,9023.0
16480,1.1466331491007942e-05,8981.0,9163.0
16481,1.1475245786924987e-05,8973.0,9122.0
16482,1.1551654037642497e-05,9084.0,9135.0
16483,1.1868111542697525e-05,9391.0,9395.0
16484,1.1738217516477756e-05,9141.0,9246.0
16485,1.178151552521768e-05,9291.0,9239.0
16486,1.1750952224930675e-05,9240.0,9173.0
16487,1.2093515882314187e-05,9558.0,9383.0
16488,1.2207491522967808e-05,9693.0,9512.0
16489,1.1991638214690837e-05,9374.0,9368.0
16490,1.2292177334179717e-05,9704.0,9533.0
16491,1.2227867056492478e-05,9648.0,9438.0
16492,1.2363491701516061e-05,9729.0,9536.0
16493,1.2446904041882678e-05,9948.0,9593.0
16494,1.266594102727288e-05,10038.0,9825.0
16495,1.2709875771435448e-05,10044.0,9890.0
16496,1.2752537044752726e-05,9795.0,9901.0
16497,1.280984323279086e-05,10054.0,9912.0
16498,1.321990084497484e-05,10369.0,10195.0
16499,1.315877424440083e-05,10440.0,10157.0
16500,1.3222447786665423e-05,10321.0,10246.0
16501,1.3324325454288773e-05,10434.0,10336.0
16502,1.3376537758945738e-05,10558.0,10342.0
16503,1.3495607282980529e-05,10239.0,10380.0
16504,1.3494333812135236e-05,10732.0,10395.0
16505,1.3799966815005283e-05,10803.0,10540.0
16506,1.4086497755195953e-05,11032.0,10734.0
16507,1.4048930365259844e-05,10885.0,10711.0
16508,1.4292800032133235e-05,11172.0,10904.0
16509,1.4137436589007628e-05,10934.0,10801.0
16510,1.4036195656806924e-05,10913.0,10696.0
16511,1.3983346616727313e-05,10949.0,10637.0
16512,1.383817094036404e-05,11010.0,10542.0
16513,1.3777681075212677e-05,10530.0,10501.0
16514,1.3731199389359523e-05,10907.0,10450.0
16515,1.3660521757445825e-05,10889.0,10412.0
16516,1.356119103151306e-05,10443.0,10319.0
16517,1.3420472503108309e-05,10553.0,10192.0
16518,1.3310954010413209e-05,10474.0,10123.0
16519,1.2874153510478098e-05,10127.0,9855.0
16520,1.2870333097942223e-05,10024.0,9856.0
16521,1.2869696362519577e-05,10128.0,9856.0
16522,1.2747443161371559e-05,9929.0,9781.0
16523,1.2678039000303151e-05,9941.0,9727.0
16524,1.2594626659936535e-05,9859.0,9687.0
16525,1.2532863323939879e-05,9825.0,9641.0
16526,1.2466006104562057e-05,9646.0,9601.0
16527,1.2285173244530612e-05,9560.0,9428.0
16528,1.2026658662936363e-05,9359.0,9285.0
16529,1.1802527794164996e-05,9135.0,9141.0
16530,1.1700013391119e-05,9254.0,9004.0
16531,1.1582854073352148e-05,9079.0,8935.0
16532,1.1477155993192924e-05,8973.0,8862.0
16533,1.1372094648456345e-05,8723.0,8784.0
16534,1.1246657770195096e-05,8758.0,8699.0
16535,1.1167065842364355e-05,8635.0,8626.0
16536,1.1090657591646843e-05,8664.0,8581.0
16537,1.0889449198090728e-05,8443.0,8399.0
16538,1.058699987233391e-05,8296.0,8158.0
16539,1.0290281165380906e-05,8017.0,7966.0
16540,1.0232974977342773e-05,8082.0,7932.0
16541,1.0022852287869614e-05,7908.0,7760.0
16542,9.938803212080352e-06,7846.0,7678.0
16543,9.831831661075835e-06,7881.0,7606.0
16544,9.738231553946884e-06,7525.0,7533.0
16545,9.693660074361669e-06,7731.0,7466.0
16546,9.656729419848204e-06,7723.0,7423.0
16547,9.556761958492793e-06,7465.0,7308.0
16548,9.285512668445626e-06,7403.0,7103.0
16549,9.15179822968998e-06,7059.0,6989.0
16550,8.869087702035187e-06,6781.0,6833.0
16551,8.725185496517207e-06,6763.0,6728.0
16552,8.614393532976814e-06,6869.0,6568.0
16553,8.44438517513035e-06,6568.0,6455.0
16554,8.299846234189723e-06,6489.0,6346.0
16555,8.15467055782645e-06,6376.0,6262.0
16556,8.026050002451973e-06,6332.0,6190.0
16557,7.931813159900374e-06,6211.0,6112.0
16558,7.834392640235547e-06,6245.0,5950.0
16559,7.565690291878963e-06,5789.0,5771.0
16560,7.457445270029155e-06,5823.0,5708.0
16561,7.020644770094046e-06,5579.0,5422.0
16562,6.94805693191241e-06,5401.0,5360.0
16563,6.900301775213965e-06,5300.0,5307.0
16564,6.750032215469525e-06,5227.0,5123.0
16565,6.669803552216138e-06,5168.0,5077.0
16566,6.407468558086013e-06,5148.0,4895.0
16567,6.35016237004788e-06,5031.0,4839.0
16568,6.2501949086924685e-06,4905.0,4693.0
16569,5.8993536908145596e-06,4564.0,4357.0
